{
  "type": "FeatureCollection",
  "metadata": {
    "title": "Рыболовные угодья Брестской области",
    "description": "Водоёмы для подводной охоты и лова рыбы на дорожку — Брестская область РБ",
    "total_features": 61,
    "with_polygon": 58,
    "with_point_only": 3,
    "source": "Нормативные документы + контуры из загруженного файла"
  },
  "features": [
    {
      "type": "Feature",
      "geometry": {
        "type": "Polygon",
        "coordinates": [
          [
            [
              26.066739352547756,
              53.352069165049045
            ],
            [
              26.067009223533347,
              53.35199318146494
            ],
            [
              26.067381158205443,
              53.351911399552364
            ],
            [
              26.067771308816184,
              53.35186966094523
            ],
            [
              26.068167675416678,
              53.35186924940335
            ],
            [
              26.07192696895254,
              53.35206278637388
            ],
            [
              26.072361729863744,
              53.35211108251452
            ],
            [
              26.07277241256451,
              53.3522089882438
            ],
            [
              26.07314329355211,
              53.35235275516975
            ],
            [
              26.073460172790856,
              53.352536879024974
            ],
            [
              26.073710917320444,
              53.352754310354534
            ],
            [
              26.0738859258089,
              53.352996724361134
            ],
            [
              26.073978496263933,
              53.35325483958716
            ],
            [
              26.073985082810317,
              53.353518773240545
            ],
            [
              26.073913690367835,
              53.354030368197996
            ],
            [
              26.075884988258142,
              53.35412734671047
            ],
            [
              26.078770349443282,
              53.351698177476834
            ],
            [
              26.079084650695812,
              53.3514851800864
            ],
            [
              26.083104548248578,
              53.34927950271986
            ],
            [
              26.083541037941146,
              53.34909188544161
            ],
            [
              26.08403943701707,
              53.34897115597915
            ],
            [
              26.08593561299171,
              53.34866249470146
            ],
            [
              26.089371137776574,
              53.34469843031924
            ],
            [
              26.08967926785916,
              53.34442879681987
            ],
            [
              26.090086853792616,
              53.3442112388398
            ],
            [
              26.09371869329421,
              53.34270132260521
            ],
            [
              26.094062755596994,
              53.34258358879462
            ],
            [
              26.094435994458163,
              53.34250358097703
            ],
            [
              26.100857087126194,
              53.34149651280775
            ],
            [
              26.101315682332338,
              53.341453995482304
            ],
            [
              26.101779153420797,
              53.341468315325194
            ],
            [
              26.102227948370512,
              53.341538868238736
            ],
            [
              26.102643134119845,
              53.34166267786509
            ],
            [
              26.103007195087127,
              53.34183452111413
            ],
            [
              26.103304771969796,
              53.34204714845275
            ],
            [
              26.103523309682767,
              53.34229158967424
            ],
            [
              26.10365358711116,
              53.34255753226156
            ],
            [
              26.104820870583218,
              53.346351390019045
            ],
            [
              26.104857975081487,
              53.34660657162613
            ],
            [
              26.10481361231825,
              53.34686134001241
            ],
            [
              26.10468938031286,
              53.34710650979816
            ],
            [
              26.10448975686131,
              53.34733324151646
            ],
            [
              26.104221938267866,
              53.34753336034105
            ],
            [
              26.103895580010228,
              53.34769965086812
            ],
            [
              26.103522448671402,
              53.347826117316934
            ],
            [
              26.103115997680867,
              53.347908199759594
            ],
            [
              26.10062428144696,
              53.34825821562145
            ],
            [
              26.099065142722996,
              53.3495376354824
            ],
            [
              26.099320788569518,
              53.35058036044469
            ],
            [
              26.09934059245538,
              53.35085609060642
            ],
            [
              26.099265973231198,
              53.35112845609206
            ],
            [
              26.09842274834734,
              53.35298619867394
            ],
            [
              26.098231967625086,
              53.353272188414465
            ],
            [
              26.0979375287644,
              53.3535249162407
            ],
            [
              26.097554762814713,
              53.35373122150241
            ],
            [
              26.094830808427943,
              53.354892189221026
            ],
            [
              26.094447402586457,
              53.355023845086485
            ],
            [
              26.094028374709907,
              53.35510840746181
            ],
            [
              26.090892617689565,
              53.35554270355946
            ],
            [
              26.086881869130313,
              53.35744312716848
            ],
            [
              26.08645418181364,
              53.35760285408353
            ],
            [
              26.0859777814393,
              53.35770198068734
            ],
            [
              26.085476405816394,
              53.357735567702804
            ],
            [
              26.084027740312017,
              53.35773550239061
            ],
            [
              26.08454006629323,
              53.35853515216356
            ],
            [
              26.084649158999603,
              53.358764326784204
            ],
            [
              26.084688997139565,
              53.35900138089961
            ],
            [
              26.08465833697611,
              53.35923892060448
            ],
            [
              26.084139395576525,
              53.36109532438985
            ],
            [
              26.084010958401805,
              53.361370708453265
            ],
            [
              26.083788168640496,
              53.36162375920639
            ],
            [
              26.08348102896445,
              53.36184311355778
            ],
            [
              26.083103330343242,
              53.36201892137124
            ],
            [
              26.08267203285897,
              53.362143287865486
            ],
            [
              26.07923617693412,
              53.362877679322246
            ],
            [
              26.078788528591865,
              53.36294354934672
            ],
            [
              26.078327794608562,
              53.362953848451944
            ],
            [
              26.07787314245069,
              53.36290814817421
            ],
            [
              26.077443486498424,
              53.3628083497355
            ],
            [
              26.077056700964203,
              53.36265860492737
            ],
            [
              26.076728876141647,
              53.36246514334469
            ],
            [
              26.076473648959073,
              53.362236013165905
            ],
            [
              26.075825548299836,
              53.361501193743344
            ],
            [
              26.075658308125423,
              53.36125567275058
            ],
            [
              26.075574736411856,
              53.36099537691379
            ],
            [
              26.07557805749307,
              53.3607303536786
            ],
            [
              26.075656843765714,
              53.36050338053292
            ],
            [
              26.075320791257198,
              53.36051976110353
            ],
            [
              26.074872282979545,
              53.36048784978225
            ],
            [
              26.071371985166056,
              53.360023428128414
            ],
            [
              26.070975308714008,
              53.359947310722234
            ],
            [
              26.070608785028234,
              53.35982903290501
            ],
            [
              26.066186825388574,
              53.358069567491995
            ],
            [
              26.06321069459817,
              53.3578391071821
            ],
            [
              26.062808177973118,
              53.357785279545546
            ],
            [
              26.06242875684079,
              53.35768868897719
            ],
            [
              26.06208506877905,
              53.35755255271993
            ],
            [
              26.061788560879265,
              53.357381405169484
            ],
            [
              26.059779801138486,
              53.3559885768072
            ],
            [
              26.059526975482303,
              53.35577422050714
            ],
            [
              26.05934838777627,
              53.35553472668124
            ],
            [
              26.059087069074106,
              53.355066304614915
            ],
            [
              26.055774415727186,
              53.35482222541119
            ],
            [
              26.055346818944344,
              53.35476517167344
            ],
            [
              26.051395812269984,
              53.3539914001561
            ],
            [
              26.051104539190494,
              53.35392060483321
            ],
            [
              26.04767250315137,
              53.35291492076848
            ],
            [
              26.047302100834994,
              53.35277850666269
            ],
            [
              26.04698237780237,
              53.35260224214542
            ],
            [
              26.046725191666805,
              53.35239266474621
            ],
            [
              26.046540080176367,
              53.35215754744213
            ],
            [
              26.046433907556416,
              53.35190561032028
            ],
            [
              26.046410610079054,
              53.35164619712697
            ],
            [
              26.04654127207378,
              53.34982854302085
            ],
            [
              26.04660240683851,
              53.34956954527298
            ],
            [
              26.046746121108264,
              53.34932245816683
            ],
            [
              26.046967010885876,
              53.349096570405266
            ],
            [
              26.047256771290403,
              53.34890037360825
            ],
            [
              26.04760450888318,
              53.34874124313874
            ],
            [
              26.047997151224163,
              53.34862516090107
            ],
            [
              26.04841993825745,
              53.34855649052353
            ],
            [
              26.048856977061753,
              53.348537813366335
            ],
            [
              26.049291839131165,
              53.34856983151288
            ],
            [
              26.05596207491272,
              53.34945926282484
            ],
            [
              26.056312183679086,
              53.34952412160806
            ],
            [
              26.056640120452247,
              53.34962191583923
            ],
            [
              26.058523600036544,
              53.350302728609
            ],
            [
              26.061411653551318,
              53.35024005647157
            ],
            [
              26.061838406175113,
              53.35025493989937
            ],
            [
              26.062252829626992,
              53.3503175256673
            ],
            [
              26.062640096561914,
              53.350425574579255
            ],
            [
              26.065944124867475,
              53.35158624334466
            ],
            [
              26.066293226105604,
              53.35173736590753
            ],
            [
              26.066587883651074,
              53.35192531752717
            ],
            [
              26.066739352547756,
              53.352069165049045
            ]
          ],
          [
            [
              26.065793359054794,
              53.35531853249507
            ],
            [
              26.067292058273516,
              53.35543456962514
            ],
            [
              26.067794391407848,
              53.355509133423595
            ],
            [
              26.06825512941453,
              53.355649953572104
            ],
            [
              26.072765167353644,
              53.35744445082724
            ],
            [
              26.07403036121029,
              53.35761232520568
            ],
            [
              26.074070335656696,
              53.3575676129664
            ],
            [
              26.07436367517467,
              53.35735700532938
            ],
            [
              26.07472223889174,
              53.3571860965727
            ],
            [
              26.07513124810045,
              53.35706193061382
            ],
            [
              26.075573845504756,
              53.356989624837254
            ],
            [
              26.076031789866136,
              53.356972159237955
            ],
            [
              26.078738255403916,
              53.357033322594326
            ],
            [
              26.078632374429223,
              53.356868017773984
            ],
            [
              26.078516536731474,
              53.356616581782994
            ],
            [
              26.07850577032784,
              53.35653074552615
            ],
            [
              26.078144719084314,
              53.356692260375866
            ],
            [
              26.077720846159178,
              53.356810107000484
            ],
            [
              26.077265411785778,
              53.356873373200244
            ],
            [
              26.07679791064268,
              53.3568793508785
            ],
            [
              26.071287790577227,
              53.35660825632591
            ],
            [
              26.070851672094907,
              53.356560752173166
            ],
            [
              26.070439480500568,
              53.35646335311734
            ],
            [
              26.07006707436334,
              53.356319806519316
            ],
            [
              26.069748781161902,
              53.35613563518833
            ],
            [
              26.06949684599284,
              53.355917924848164
            ],
            [
              26.069320960482415,
              53.35567505147019
            ],
            [
              26.069227890026237,
              53.35541635897397
            ],
            [
              26.069221213684095,
              53.355151799704956
            ],
            [
              26.069293364381686,
              53.354635195054
            ],
            [
              26.068386389454112,
              53.354588495601206
            ],
            [
              26.065793359054794,
              53.35531853249507
            ]
          ],
          [
            [
              26.08031565523424,
              53.355062113650085
            ],
            [
              26.080743887149787,
              53.35503732828528
            ],
            [
              26.084688585461766,
              53.35503757326492
            ],
            [
              26.088480643162878,
              53.353240792279315
            ],
            [
              26.088903898155394,
              53.353082316161085
            ],
            [
              26.089375144715802,
              53.35298321930175
            ],
            [
              26.09256940059986,
              53.35254083649759
            ],
            [
              26.094271160307652,
              53.35181555828271
            ],
            [
              26.094780567027808,
              53.35069351159367
            ],
            [
              26.094459669286767,
              53.34938405222155
            ],
            [
              26.094438508880177,
              53.34912365785172
            ],
            [
              26.09450165109808,
              53.34886569644387
            ],
            [
              26.094646736218323,
              53.34861980232606
            ],
            [
              26.094868344350893,
              53.34839515897709
            ],
            [
              26.097462958892635,
              53.346266186186476
            ],
            [
              26.097726718318956,
              53.346085856540434
            ],
            [
              26.09803971807328,
              53.34593619932456
            ],
            [
              26.098392100646347,
              53.34582192757221
            ],
            [
              26.098772768572218,
              53.3457466399179
            ],
            [
              26.09998741435751,
              53.34557603343221
            ],
            [
              26.099648932663488,
              53.34447554538336
            ],
            [
              26.09597209234363,
              53.34505217987252
            ],
            [
              26.093128235307432,
              53.346234529778016
            ],
            [
              26.089494163763955,
              53.350428050332404
            ],
            [
              26.08923821805061,
              53.35066082663467
            ],
            [
              26.088907660962803,
              53.350857277961516
            ],
            [
              26.088516575110955,
              53.351009034417004
            ],
            [
              26.088081622532982,
              53.35110963027185
            ],
            [
              26.085758791796476,
              53.35148776110918
            ],
            [
              26.082319529279793,
              53.35337491533747
            ],
            [
              26.08031565523424,
              53.355062113650085
            ]
          ]
        ]
      },
      "properties": {
        "id": 1,
        "name": "Водохранилище Кутовщинское",
        "type": "reservoir",
        "type_ru": "Водохранилище",
        "district": "Барановичский",
        "region": "Брестская область",
        "location_description": "19,2 км севернее г. Барановичи",
        "activities": "подводная охота, лов рыбы на дорожку с судов с двигателями",
        "coordinate_source": "uploaded_geometry",
        "match_distance_km": 6.9
      }
    },
    {
      "type": "Feature",
      "geometry": {
        "type": "Polygon",
        "coordinates": [
          [
            [
              25.917638558017654,
              53.09241511689067
            ],
            [
              25.91803722515998,
              53.092324467101
            ],
            [
              25.918457229399223,
              53.092280676298216
            ],
            [
              25.91888344644607,
              53.09228532137819
            ],
            [
              25.919300528351346,
              53.092338235072965
            ],
            [
              25.91969345602962,
              53.092437511972385
            ],
            [
              25.920048079956654,
              53.09257957711912
            ],
            [
              25.924431134068126,
              53.094722408806895
            ],
            [
              25.924741499987512,
              53.09490701909041
            ],
            [
              25.924986499162046,
              53.0951242090847
            ],
            [
              25.925156866132177,
              53.09536576595489
            ],
            [
              25.925246157235023,
              53.095622555311316
            ],
            [
              25.925250994437203,
              53.0958848665866
            ],
            [
              25.925171193288286,
              53.09614278022303
            ],
            [
              25.925009770124728,
              53.096386542789254
            ],
            [
              25.92477282821758,
              53.09660693584086
            ],
            [
              25.924469327137473,
              53.09679562457239
            ],
            [
              25.92411074403355,
              53.09694547306916
            ],
            [
              25.923710639621376,
              53.097050814227785
            ],
            [
              25.920383863249494,
              53.097703521359115
            ],
            [
              25.919830878663955,
              53.09808588744802
            ],
            [
              25.91977532015686,
              53.09819848944831
            ],
            [
              25.919882325572132,
              53.09908154764254
            ],
            [
              25.92073837950616,
              53.10075184397796
            ],
            [
              25.92083014377003,
              53.101037638591855
            ],
            [
              25.920817669406564,
              53.10132859912659
            ],
            [
              25.920701535055333,
              53.101611180564205
            ],
            [
              25.91980946407875,
              53.10307836084147
            ],
            [
              25.919789368978968,
              53.1031101595652
            ],
            [
              25.919048950265523,
              53.10423867040135
            ],
            [
              25.91965269225657,
              53.10563458857923
            ],
            [
              25.91972115166535,
              53.10589661292512
            ],
            [
              25.919702889564157,
              53.10616161421129
            ],
            [
              25.919598610336436,
              53.106419348264325
            ],
            [
              25.919412343693512,
              53.10665985166147
            ],
            [
              25.919151289113152,
              53.10687382691917
            ],
            [
              25.91782965695633,
              53.107759273457674
            ],
            [
              25.918440980551352,
              53.10816220882662
            ],
            [
              25.918714315478315,
              53.10838434830191
            ],
            [
              25.91890656551966,
              53.10863524785889
            ],
            [
              25.91948843692735,
              53.10965974046277
            ],
            [
              25.91958393910938,
              53.109895499603184
            ],
            [
              25.919607543465652,
              53.11013771469658
            ],
            [
              25.91955848519053,
              53.110378550119876
            ],
            [
              25.919438350144084,
              53.11061021475232
            ],
            [
              25.9192510237005,
              53.110825214029596
            ],
            [
              25.919002565184233,
              53.11101659241986
            ],
            [
              25.917877704808145,
              53.111738402072326
            ],
            [
              25.917550265627575,
              53.111911325851324
            ],
            [
              25.91717334692765,
              53.11204302952534
            ],
            [
              25.916761144558976,
              53.112128552617996
            ],
            [
              25.91632918363191,
              53.11216467397039
            ],
            [
              25.915893733648506,
              53.11215003309499
            ],
            [
              25.915471195560187,
              53.11208518143138
            ],
            [
              25.915077483867734,
              53.11197256157092
            ],
            [
              25.914727427067795,
              53.11181641523399
            ],
            [
              25.913486192872917,
              53.111141173086736
            ],
            [
              25.91319663112818,
              53.110950308684046
            ],
            [
              25.91297294236191,
              53.11072982919189
            ],
            [
              25.91114996848923,
              53.10847120519459
            ],
            [
              25.91099617477772,
              53.10821957274391
            ],
            [
              25.91092829356004,
              53.107954654103146
            ],
            [
              25.910747224138646,
              53.105909885924525
            ],
            [
              25.9101123391603,
              53.10451216100548
            ],
            [
              25.91003752346113,
              53.10424104452136
            ],
            [
              25.91005577903428,
              53.10396645118559
            ],
            [
              25.910459903961282,
              53.10226840498508
            ],
            [
              25.908014035054155,
              53.101050157317005
            ],
            [
              25.907697376881114,
              53.10085706080703
            ],
            [
              25.90745138934143,
              53.1006298604946
            ],
            [
              25.907285998221862,
              53.100377725179385
            ],
            [
              25.90720787641037,
              53.10011082975968
            ],
            [
              25.90722017481804,
              53.0998399445842
            ],
            [
              25.907322395481263,
              53.09957600080277
            ],
            [
              25.907865474873688,
              53.09862113702847
            ],
            [
              25.90802749945609,
              53.09840212146732
            ],
            [
              25.908251509487428,
              53.09820377655928
            ],
            [
              25.90853043463649,
              53.09803236187021
            ],
            [
              25.908855471820956,
              53.09789328700625
            ],
            [
              25.910083478784898,
              53.09746106424586
            ],
            [
              25.910194273640442,
              53.096516778479106
            ],
            [
              25.910314870071208,
              53.09616589926528
            ],
            [
              25.911129487061462,
              53.09476842032163
            ],
            [
              25.911312683353575,
              53.09453096827638
            ],
            [
              25.91156877961042,
              53.09431922453429
            ],
            [
              25.911888137307734,
              53.09414115753291
            ],
            [
              25.912258737689612,
              53.094003468281386
            ],
            [
              25.917638558017654,
              53.09241511689067
            ]
          ],
          [
            [
              25.912451488159963,
              53.09975492073253
            ],
            [
              25.914296373637875,
              53.10067375118574
            ],
            [
              25.91461702415395,
              53.10086979933074
            ],
            [
              25.914864862373967,
              53.10110079047637
            ],
            [
              25.9150296050277,
              53.10135714152322
            ],
            [
              25.915104415818387,
              53.10162821709066
            ],
            [
              25.915086189266635,
              53.101902770709685
            ],
            [
              25.91470770760736,
              53.10349382062313
            ],
            [
              25.91559797245873,
              53.10213713128915
            ],
            [
              25.916221438659147,
              53.101111898509906
            ],
            [
              25.915512684047012,
              53.09972871744404
            ],
            [
              25.915419270452496,
              53.099429858713265
            ],
            [
              25.915264183189745,
              53.098148902901286
            ],
            [
              25.915271302165337,
              53.09790601102278
            ],
            [
              25.91535085622336,
              53.09766782428104
            ],
            [
              25.915661192203228,
              53.09703898450249
            ],
            [
              25.91584536337868,
              53.096773612653514
            ],
            [
              25.91611899956869,
              53.09653770095069
            ],
            [
              25.917399026682517,
              53.09565266139559
            ],
            [
              25.91769011078195,
              53.09548462409873
            ],
            [
              25.918026584759637,
              53.09535058962822
            ],
            [
              25.91839757903941,
              53.09525488773455
            ],
            [
              25.918402187673422,
              53.09525398364071
            ],
            [
              25.91832838273281,
              53.095217898481316
            ],
            [
              25.91506638923764,
              53.096180981094214
            ],
            [
              25.914655139966726,
              53.09688659419513
            ],
            [
              25.914482418426893,
              53.098359948266605
            ],
            [
              25.914409933872125,
              53.09861766006239
            ],
            [
              25.914256042331417,
              53.09886214198787
            ],
            [
              25.91402651944196,
              53.099084216397046
            ],
            [
              25.913729980347835,
              53.0992755466693
            ],
            [
              25.913377556405056,
              53.09942895020934
            ],
            [
              25.912451488159963,
              53.09975492073253
            ]
          ]
        ]
      },
      "properties": {
        "id": 2,
        "name": "Водохранилище Мышанка",
        "type": "reservoir",
        "type_ru": "Водохранилище",
        "district": "Барановичский",
        "region": "Брестская область",
        "location_description": "западная часть г. Барановичи",
        "activities": "подводная охота",
        "coordinate_source": "uploaded_geometry",
        "match_distance_km": 5.5
      }
    },
    {
      "type": "Feature",
      "geometry": {
        "coordinates": [
          [
            [
              26.006584338350763,
              53.17445608368166
            ],
            [
              26.01028447718818,
              53.17614556179066
            ],
            [
              26.019008845042407,
              53.18786526985514
            ],
            [
              26.020858995962186,
              53.197471967832456
            ],
            [
              26.017687895425638,
              53.201430338080144
            ],
            [
              26.017071172564073,
              53.20480775215361
            ],
            [
              26.012133434111945,
              53.20807678591669
            ],
            [
              26.003934502331617,
              53.20796524098333
            ],
            [
              25.994686162426746,
              53.20664344995703
            ],
            [
              25.98817124247566,
              53.20036873840127
            ],
            [
              25.985182268630552,
              53.19166493774023
            ],
            [
              25.982277716556183,
              53.18596923808843
            ],
            [
              25.989671739146473,
              53.182381616786074
            ],
            [
              25.98650284332055,
              53.1764193110773
            ],
            [
              25.994514914149192,
              53.17277647546854
            ],
            [
              25.99838920665576,
              53.172617588326176
            ],
            [
              26.006584338350763,
              53.17445608368166
            ]
          ]
        ],
        "type": "Polygon"
      },
      "properties": {
        "id": 3,
        "name": "Обводненный карьер Разливы",
        "type": "quarry",
        "type_ru": "Карьер",
        "district": "Барановичский",
        "region": "Брестская область",
        "location_description": "0,3 км севернее г. Барановичи",
        "activities": "подводная охота, лов рыбы на дорожку с судов с двигателями",
        "coordinate_source": "uploaded_geometry",
        "match_distance_km": 5.5
      }
    },
    {
      "type": "Feature",
      "geometry": {
        "coordinates": [
          [
            [
              26.055697290705098,
              53.18411765236101
            ],
            [
              26.06334352037254,
              53.18621589267187
            ],
            [
              26.071132675366073,
              53.19109709363261
            ],
            [
              26.072705276069115,
              53.1967911833226
            ],
            [
              26.076207236608155,
              53.199702323700905
            ],
            [
              26.07892155547438,
              53.2041964084886
            ],
            [
              26.08620953898992,
              53.20620767672369
            ],
            [
              26.08628004929406,
              53.20847542837902
            ],
            [
              26.08242075913978,
              53.21070010268363
            ],
            [
              26.078062608693813,
              53.209331105879414
            ],
            [
              26.075490905507138,
              53.20676395132094
            ],
            [
              26.072490118288385,
              53.20479554721908
            ],
            [
              26.068559772605653,
              53.2059509413877
            ],
            [
              26.061985733599613,
              53.2059509413877
            ],
            [
              26.059770558237858,
              53.20556581838048
            ],
            [
              26.051337570148803,
              53.20248488781053
            ],
            [
              26.047764337671936,
              53.19965956372843
            ],
            [
              26.048979566224688,
              53.19302366452919
            ],
            [
              26.048765363289817,
              53.18946997341138
            ],
            [
              26.047765049024747,
              53.186815285104956
            ],
            [
              26.04776511168498,
              53.18570199719744
            ],
            [
              26.055697290705098,
              53.18411765236101
            ]
          ]
        ],
        "type": "Polygon"
      },
      "properties": {
        "id": 4,
        "name": "Обводненный карьер Сочивки",
        "type": "quarry",
        "type_ru": "Карьер",
        "district": "Барановичский",
        "region": "Брестская область",
        "location_description": "1,3 км севернее г. Барановичи",
        "activities": "подводная охота, лов рыбы на дорожку с судов с двигателями",
        "coordinate_source": "uploaded_geometry",
        "match_distance_km": 5.8
      }
    },
    {
      "type": "Feature",
      "geometry": {
        "coordinates": [
          [
            [
              25.95425618544246,
              53.186872369949356
            ],
            [
              25.954171537674995,
              53.18599995194222
            ],
            [
              25.954662494047597,
              53.18435651143699
            ],
            [
              25.95684640354608,
              53.1829260581255
            ],
            [
              25.959419692119923,
              53.18247966580458
            ],
            [
              25.961146504189003,
              53.18287533195965
            ],
            [
              25.962348500824618,
              53.1854927238104
            ],
            [
              25.962365430354396,
              53.18666948359487
            ],
            [
              25.960350816274627,
              53.187775202587005
            ],
            [
              25.957760598171063,
              53.18828240359494
            ],
            [
              25.957151135087713,
              53.18780563481684
            ],
            [
              25.95425618544246,
              53.186872369949356
            ]
          ]
        ],
        "type": "Polygon"
      },
      "properties": {
        "id": 5,
        "name": "Озеро Домашевичское",
        "type": "lake",
        "type_ru": "Озеро",
        "district": "Барановичский",
        "region": "Брестская область",
        "location_description": "2,9 км на северо-запад от г. Барановичи",
        "activities": "подводная охота, лов рыбы на дорожку с судов с двигателями",
        "coordinate_source": "uploaded_geometry",
        "match_distance_km": 7.1
      }
    },
    {
      "type": "Feature",
      "geometry": {
        "coordinates": [
          [
            [
              25.4165514849403,
              52.43775922495283
            ],
            [
              25.41538595669323,
              52.43674670497251
            ],
            [
              25.41596872063826,
              52.435663104709874
            ],
            [
              25.418999093509143,
              52.434224184044496
            ],
            [
              25.423836034252304,
              52.43283851275905
            ],
            [
              25.42648761020203,
              52.43330040802863
            ],
            [
              25.428002796458344,
              52.43452618354169
            ],
            [
              25.42867297499552,
              52.43578745318936
            ],
            [
              25.42884780417873,
              52.43699539591029
            ],
            [
              25.423661205069152,
              52.43886053654239
            ],
            [
              25.417542183647157,
              52.438931587958024
            ],
            [
              25.4165514849403,
              52.43775922495283
            ]
          ]
        ],
        "type": "Polygon"
      },
      "properties": {
        "id": 6,
        "name": "Пруд Октябрьский",
        "type": "pond",
        "type_ru": "Пруд",
        "district": "Берёзовский",
        "region": "Брестская область",
        "location_description": "5 км северо-восточнее аг. Спорово",
        "activities": "подводная охота, лов рыбы на дорожку с судов с двигателями",
        "coordinate_source": "uploaded_geometry",
        "match_distance_km": 7.2
      }
    },
    {
      "type": "Feature",
      "geometry": {
        "coordinates": [
          [
            [
              24.992576868781327,
              52.499906613379466
            ],
            [
              24.9920300250117,
              52.49943104212747
            ],
            [
              24.9920300250117,
              52.499129844320294
            ],
            [
              24.992394587521147,
              52.49816282688758
            ],
            [
              24.993696596488235,
              52.49765553051736
            ],
            [
              24.997446382296147,
              52.497576264935844
            ],
            [
              24.999217114482946,
              52.498178679772394
            ],
            [
              24.999659797529404,
              52.49893961303181
            ],
            [
              24.999373355557935,
              52.49958956642885
            ],
            [
              24.999816038604393,
              52.499906613379466
            ],
            [
              25.0009357663113,
              52.49955786160777
            ],
            [
              25.001065967207722,
              52.49987490878732
            ],
            [
              25.00062328416024,
              52.500382179518965
            ],
            [
              25.001118047566052,
              52.50079433267891
            ],
            [
              25.001118047566052,
              52.50150766555515
            ],
            [
              25.000545163623286,
              52.502379501130065
            ],
            [
              24.999086913586524,
              52.50285504051985
            ],
            [
              24.997941145700935,
              52.50220513539827
            ],
            [
              24.997185980503417,
              52.50150766555515
            ],
            [
              24.99606625279648,
              52.501571072361685
            ],
            [
              24.992576868781327,
              52.499906613379466
            ]
          ]
        ],
        "type": "Polygon"
      },
      "properties": {
        "id": 7,
        "name": "Пруд Солнечное",
        "type": "pond",
        "type_ru": "Пруд",
        "district": "Берёзовский",
        "region": "Брестская область",
        "location_description": "1,2 км севернее аг. Здитово",
        "activities": "подводная охота, лов рыбы на дорожку с судов с двигателями",
        "coordinate_source": "uploaded_geometry",
        "match_distance_km": 7.8
      }
    },
    {
      "type": "Feature",
      "geometry": {
        "coordinates": [
          [
            [
              23.70267836970632,
              51.81767643013097
            ],
            [
              23.703094202042735,
              51.81685706503711
            ],
            [
              23.70522534276563,
              51.816471476308124
            ],
            [
              23.70587508079018,
              51.81574848854791
            ],
            [
              23.707876273908823,
              51.81457561706432
            ],
            [
              23.709175749958916,
              51.8144631483317
            ],
            [
              23.709435645168554,
              51.813724061106484
            ],
            [
              23.709487624211505,
              51.813258108582374
            ],
            [
              23.711202932597985,
              51.812792151240586
            ],
            [
              23.712736314337235,
              51.813386647690976
            ],
            [
              23.71323011523606,
              51.81542715693092
            ],
            [
              23.71252839816961,
              51.81560388960378
            ],
            [
              23.712554387690034,
              51.81606981787351
            ],
            [
              23.712762303857716,
              51.81661607246829
            ],
            [
              23.712632356253437,
              51.81711412235691
            ],
            [
              23.70855200145482,
              51.82153206583496
            ],
            [
              23.70707059875747,
              51.82132322735302
            ],
            [
              23.706576797857707,
              51.82204612566636
            ],
            [
              23.70587508079018,
              51.821981868508345
            ],
            [
              23.7049914370765,
              51.8215641947462
            ],
            [
              23.703821908630687,
              51.82095374151348
            ],
            [
              23.702834306832102,
              51.81913839750342
            ],
            [
              23.702652380185867,
              51.818672500963004
            ],
            [
              23.70267836970632,
              51.81767643013097
            ]
          ]
        ],
        "type": "Polygon"
      },
      "properties": {
        "id": 8,
        "name": "Озеро Белое (Берестье)",
        "type": "lake",
        "type_ru": "Озеро",
        "district": "Брестский",
        "region": "Брестская область",
        "location_description": "1,4 км юго-западнее пос. Берестье",
        "activities": "подводная охота",
        "coordinate_source": "uploaded_geometry",
        "match_distance_km": 23.4
      }
    },
    {
      "type": "Feature",
      "geometry": {
        "coordinates": [
          [
            [
              23.73704253375675,
              51.87285428193036
            ],
            [
              23.73841722944232,
              51.87191322177188
            ],
            [
              23.742298375598295,
              51.870631400556135
            ],
            [
              23.743454661455075,
              51.87165361497625
            ],
            [
              23.744374433870746,
              51.87356817681413
            ],
            [
              23.744558388354108,
              51.87592070474025
            ],
            [
              23.74258744746311,
              51.87762418261386
            ],
            [
              23.7400120846994,
              51.877526842759806
            ],
            [
              23.739223708342422,
              51.87673189272914
            ],
            [
              23.738619286469742,
              51.87502838104976
            ],
            [
              23.73704253375675,
              51.87285428193036
            ]
          ]
        ],
        "type": "Polygon"
      },
      "properties": {
        "id": 9,
        "name": "Озеро Меднянское",
        "type": "lake",
        "type_ru": "Озеро",
        "district": "Брестский",
        "region": "Брестская область",
        "location_description": "0,5 км севернее аг. Медно",
        "activities": "подводная охота",
        "coordinate_source": "uploaded_geometry",
        "match_distance_km": 13
      }
    },
    {
      "type": "Feature",
      "geometry": {
        "coordinates": [
          [
            [
              23.71862982593919,
              51.82444183733705
            ],
            [
              23.71908771258518,
              51.823486677173435
            ],
            [
              23.723552107380357,
              51.82223078762013
            ],
            [
              23.72478267774119,
              51.82302677801957
            ],
            [
              23.7262994272551,
              51.82346898883128
            ],
            [
              23.727587233445433,
              51.8258922270077
            ],
            [
              23.73288154778612,
              51.824795595221275
            ],
            [
              23.7330246373632,
              51.82598066389153
            ],
            [
              23.73245227905599,
              51.828279961932424
            ],
            [
              23.732166099902997,
              51.830791368749175
            ],
            [
              23.730248699573707,
              51.831905539603355
            ],
            [
              23.728417152990914,
              51.83213544444405
            ],
            [
              23.72770170510671,
              51.83137498549132
            ],
            [
              23.728388535076164,
              51.82978328565355
            ],
            [
              23.727644469276072,
              51.82810309701932
            ],
            [
              23.728130973837892,
              51.82744869080244
            ],
            [
              23.727215200545913,
              51.826847336166395
            ],
            [
              23.724095847771707,
              51.827643244995215
            ],
            [
              23.721548853305762,
              51.82711264067186
            ],
            [
              23.72043275460615,
              51.82569766525177
            ],
            [
              23.7198890142148,
              51.825556165265
            ],
            [
              23.71862982593919,
              51.82497247312159
            ],
            [
              23.71862982593919,
              51.82444183733705
            ]
          ]
        ],
        "type": "Polygon"
      },
      "properties": {
        "id": 10,
        "name": "Озеро Рогознянское",
        "type": "lake",
        "type_ru": "Озеро",
        "district": "Брестский",
        "region": "Брестская область",
        "location_description": "0,2 км южнее пос. Берестье",
        "activities": "подводная охота",
        "coordinate_source": "uploaded_geometry",
        "match_distance_km": 24.3
      }
    },
    {
      "type": "Feature",
      "geometry": {
        "coordinates": [
          [
            [
              23.74455965922573,
              51.87781822266052
            ],
            [
              23.74526839466634,
              51.87813907764203
            ],
            [
              23.745000650166446,
              51.87851826694123
            ],
            [
              23.745158146931203,
              51.8787321671862
            ],
            [
              23.7459141314001,
              51.878819671538565
            ],
            [
              23.746323622987376,
              51.87854743521612
            ],
            [
              23.74665436619287,
              51.878897453041986
            ],
            [
              23.74637087201691,
              51.8794224746716
            ],
            [
              23.747252853897123,
              51.87980165314639
            ],
            [
              23.748024588043307,
              51.879791930661185
            ],
            [
              23.748323831895476,
              51.881396112247415
            ],
            [
              23.747552097749207,
              51.88300023659232
            ],
            [
              23.74600862945917,
              51.883301611142514
            ],
            [
              23.744606908255292,
              51.88287385311517
            ],
            [
              23.74290594320047,
              51.88101694722002
            ],
            [
              23.742890193523152,
              51.87985998801244
            ],
            [
              23.742701197406205,
              51.87903357034958
            ],
            [
              23.742606699399573,
              51.87847937579036
            ],
            [
              23.742984691634604,
              51.87788628291156
            ],
            [
              23.743189437428896,
              51.877847391302
            ],
            [
              23.74455965922573,
              51.87781822266052
            ]
          ]
        ],
        "type": "Polygon"
      },
      "properties": {
        "id": 11,
        "name": "Озеро Страдечское",
        "type": "lake",
        "type_ru": "Озеро",
        "district": "Брестский",
        "region": "Брестская область",
        "location_description": "1,2 км севернее аг. Медно",
        "activities": "подводная охота",
        "coordinate_source": "uploaded_geometry",
        "match_distance_km": 27.6
      }
    },
    {
      "type": "Feature",
      "geometry": {
        "coordinates": [
          [
            [
              23.68456472214382,
              51.807056346071164
            ],
            [
              23.686620856076473,
              51.807778456565586
            ],
            [
              23.68667020329113,
              51.80806831456687
            ],
            [
              23.686497488041226,
              51.80841919281124
            ],
            [
              23.686686652303564,
              51.80892262204887
            ],
            [
              23.686587957875588,
              51.809634532576524
            ],
            [
              23.685954668624333,
              51.80979725340413
            ],
            [
              23.684860805371557,
              51.80990403862802
            ],
            [
              23.682870467724598,
              51.809593852277885
            ],
            [
              23.681628562829303,
              51.8089887284998
            ],
            [
              23.681283132328247,
              51.808134422276595
            ],
            [
              23.682228953937084,
              51.807269929258894
            ],
            [
              23.683150101938622,
              51.807213990904245
            ],
            [
              23.68456472214382,
              51.807056346071164
            ]
          ]
        ],
        "type": "Polygon"
      },
      "properties": {
        "id": 13,
        "name": "Озеро Тайное",
        "type": "lake",
        "type_ru": "Озеро",
        "district": "Брестский",
        "region": "Брестская область",
        "location_description": "1,7 км севернее дер. Дубица",
        "activities": "подводная охота, лов рыбы на дорожку с судов с двигателями",
        "coordinate_source": "approximate_point",
        "match_distance_km": null
      }
    },
    {
      "type": "Feature",
      "geometry": {
        "coordinates": [
          [
            [
              26.182430168321957,
              52.629516558368465
            ],
            [
              26.19946282249859,
              52.629429947192506
            ],
            [
              26.201465504569597,
              52.63242731435756
            ],
            [
              26.193878220812337,
              52.64363208734608
            ],
            [
              26.18071072084865,
              52.642677030905304
            ],
            [
              26.17562976235709,
              52.640592748186236
            ],
            [
              26.182430168321957,
              52.629516558368465
            ]
          ]
        ],
        "type": "Polygon"
      },
      "properties": {
        "id": 14,
        "name": "Обводненный карьер Бобрик",
        "type": "quarry",
        "type_ru": "Карьер",
        "district": "Ганцевичский",
        "region": "Брестская область",
        "location_description": "26 км к юго-западу от г. Ганцевичи",
        "activities": "подводная охота, лов рыбы на дорожку с судов с двигателями",
        "coordinate_source": "uploaded_geometry",
        "match_distance_km": 8.7
      }
    },
    {
      "type": "Feature",
      "geometry": {
        "coordinates": [
          [
            [
              26.403585543079657,
              52.569245084722894
            ],
            [
              26.40198280809895,
              52.568306144645646
            ],
            [
              26.401780357376623,
              52.567399296080964
            ],
            [
              26.401881582744863,
              52.56680452539911
            ],
            [
              26.402286484190284,
              52.56674299693722
            ],
            [
              26.403754252015347,
              52.566732742151316
            ],
            [
              26.407988846292596,
              52.56712242104152
            ],
            [
              26.409928999048248,
              52.568486269891906
            ],
            [
              26.408815520075137,
              52.56908101776369
            ],
            [
              26.40910232526565,
              52.569696265695455
            ],
            [
              26.407752653782865,
              52.56995261645301
            ],
            [
              26.405694404772362,
              52.569839822304345
            ],
            [
              26.403585543079657,
              52.569245084722894
            ]
          ]
        ],
        "type": "Polygon"
      },
      "properties": {
        "id": 15,
        "name": "Озеро Покамерское Большое",
        "type": "lake",
        "type_ru": "Озеро",
        "district": "Ганцевичский",
        "region": "Брестская область",
        "location_description": "22 км на юг от г. Ганцевичи",
        "activities": "подводная охота, лов рыбы на дорожку с судов с двигателями",
        "coordinate_source": "uploaded_geometry",
        "match_distance_km": 2.1
      }
    },
    {
      "type": "Feature",
      "geometry": {
        "coordinates": [
          [
            [
              25.15675245480449,
              52.19646986271732
            ],
            [
              25.15726152447195,
              52.19553368946123
            ],
            [
              25.161387853611302,
              52.19607568123939
            ],
            [
              25.163986905082368,
              52.197767310042934
            ],
            [
              25.166157247032146,
              52.197915119209654
            ],
            [
              25.166371601793287,
              52.20011577533279
            ],
            [
              25.16747016994043,
              52.20026357668985
            ],
            [
              25.167979262497255,
              52.20356434559159
            ],
            [
              25.164978295849465,
              52.20502580177032
            ],
            [
              25.162915154169127,
              52.20500939097016
            ],
            [
              25.1587352363386,
              52.20220138102289
            ],
            [
              25.158440498542944,
              52.20064129882499
            ],
            [
              25.1579582003327,
              52.199196121190255
            ],
            [
              25.15876203068413,
              52.19829286130465
            ],
            [
              25.158038583367215,
              52.19681476007668
            ],
            [
              25.15675245480449,
              52.19646986271732
            ]
          ]
        ],
        "type": "Polygon"
      },
      "properties": {
        "id": 16,
        "name": "Водохранилище Дрогичинское",
        "type": "reservoir",
        "type_ru": "Водохранилище",
        "district": "Дрогичинский",
        "region": "Брестская область",
        "location_description": "г. Дрогичин",
        "activities": "подводная охота",
        "coordinate_source": "uploaded_geometry",
        "match_distance_km": 1.4
      }
    },
    {
      "type": "Feature",
      "geometry": {
        "coordinates": [
          [
            [
              25.21470937024671,
              52.063378160333514
            ],
            [
              25.213786159614756,
              52.05805677951588
            ],
            [
              25.228326727070765,
              52.0554549848253
            ],
            [
              25.22982694434745,
              52.05595170278741
            ],
            [
              25.230096214115406,
              52.05980699250523
            ],
            [
              25.219363890516632,
              52.06432411722014
            ],
            [
              25.21470937024671,
              52.063378160333514
            ]
          ]
        ],
        "type": "Polygon"
      },
      "properties": {
        "id": 17,
        "name": "Пруд Белин-Осовцы",
        "type": "pond",
        "type_ru": "Пруд",
        "district": "Дрогичинский",
        "region": "Брестская область",
        "location_description": "возле дер. Белин",
        "activities": "подводная охота, лов рыбы на дорожку с судов с двигателями",
        "coordinate_source": "uploaded_geometry",
        "match_distance_km": 0
      }
    },
    {
      "type": "Feature",
      "geometry": {
        "coordinates": [
          [
            [
              24.842782502755597,
              52.14240826481094
            ],
            [
              24.8433073006766,
              52.141385210360795
            ],
            [
              24.848678761741212,
              52.13842958771454
            ],
            [
              24.855964191691243,
              52.13494321659388
            ],
            [
              24.85846469942797,
              52.13647801141437
            ],
            [
              24.859267331542043,
              52.1405894850964
            ],
            [
              24.84775264776505,
              52.14392385783617
            ],
            [
              24.845560844686617,
              52.143696522170615
            ],
            [
              24.842782502755597,
              52.14240826481094
            ]
          ]
        ],
        "type": "Polygon"
      },
      "properties": {
        "id": 18,
        "name": "Пруд Головчицкое",
        "type": "pond",
        "type_ru": "Пруд",
        "district": "Дрогичинский",
        "region": "Брестская область",
        "location_description": "вблизи аг. Головчицы",
        "activities": "подводная охота, лов рыбы на дорожку с судов с двигателями",
        "coordinate_source": "uploaded_geometry",
        "match_distance_km": 0
      }
    },
    {
      "type": "Feature",
      "geometry": {
        "coordinates": [
          [
            [
              25.17190523698855,
              52.34528958038803
            ],
            [
              25.174502051730002,
              52.34517641761525
            ],
            [
              25.1777512077619,
              52.344797476884764
            ],
            [
              25.18023238145838,
              52.34411176635433
            ],
            [
              25.183688301964082,
              52.34160341881355
            ],
            [
              25.186346702352807,
              52.340989844516855
            ],
            [
              25.191279511963046,
              52.34088156581578
            ],
            [
              25.195089885854458,
              52.341856064578565
            ],
            [
              25.196153246010425,
              52.344725297329546
            ],
            [
              25.19556249036839,
              52.34528468579862
            ],
            [
              25.19544433923903,
              52.346186910350895
            ],
            [
              25.188443884882076,
              52.346186910350895
            ],
            [
              25.182565866244005,
              52.34901977577013
            ],
            [
              25.178223812274638,
              52.35017452232904
            ],
            [
              25.175006704127725,
              52.34934944540046
            ],
            [
              25.173086748271572,
              52.34880815163194
            ],
            [
              25.172141539244933,
              52.346624866037416
            ],
            [
              25.17190523698855,
              52.34528958038803
            ]
          ]
        ],
        "type": "Polygon"
      },
      "properties": {
        "id": 19,
        "name": "Пруд Жабер",
        "type": "pond",
        "type_ru": "Пруд",
        "district": "Дрогичинский",
        "region": "Брестская область",
        "location_description": "18 км на северо-восток от г. Дрогичин",
        "activities": "подводная охота, лов рыбы на дорожку с судов с двигателями",
        "coordinate_source": "uploaded_geometry",
        "match_distance_km": 8.6
      }
    },
    {
      "type": "Feature",
      "geometry": {
        "type": "Polygon",
        "coordinates": [
          [
            23.98743455087157,
            52.19703570267498
          ],
          [
            23.98940747344551,
            52.19910031123405
          ],
          [
            23.989776393927826,
            52.1997884927749
          ],
          [
            23.989648073759383,
            52.20045700178284
          ],
          [
            23.98698543028499,
            52.20195127967477
          ],
          [
            23.98611926915433,
            52.20232484129744
          ],
          [
            23.98368118597324,
            52.20140076208622
          ],
          [
            23.981900743648907,
            52.20028987547337
          ],
          [
            23.980409021702684,
            52.1989331798232
          ],
          [
            23.979751380844675,
            52.1980876818771
          ],
          [
            23.98209322390099,
            52.197527284840504
          ],
          [
            23.984354866851845,
            52.19729132607932
          ],
          [
            23.98743455087157,
            52.19703570267498
          ]
        ]
      },
      "properties": {
        "id": 20,
        "name": "Водохранилище Визжар",
        "type": "reservoir",
        "type_ru": "Водохранилище",
        "district": "Жабинковский",
        "region": "Брестская область",
        "location_description": "г. Жабинка",
        "activities": "подводная охота",
        "coordinate_source": "approximate_point",
        "match_distance_km": null
      }
    },
    {
      "type": "Feature",
      "geometry": {
        "coordinates": [
          [
            [
              24.16811508174422,
              52.101089077120776
            ],
            [
              24.18264855251303,
              52.09241533362737
            ],
            [
              24.211586596275083,
              52.08602982412296
            ],
            [
              24.214912869813617,
              52.09011141509302
            ],
            [
              24.239946667786597,
              52.121404111638896
            ],
            [
              24.247565422515464,
              52.13627519344283
            ],
            [
              24.24327453968513,
              52.13669997877622
            ],
            [
              24.230401675080657,
              52.132961633958814
            ],
            [
              24.22098874654455,
              52.13083715145439
            ],
            [
              24.22112804765888,
              52.13466097223278
            ],
            [
              24.21171544685575,
              52.13703952236992
            ],
            [
              24.18237129519227,
              52.13601635618528
            ],
            [
              24.17379088317776,
              52.13176890411157
            ],
            [
              24.173652332828937,
              52.12973047057645
            ],
            [
              24.177111907098237,
              52.12030028275029
            ],
            [
              24.180849243421477,
              52.11035557125385
            ],
            [
              24.16811508174422,
              52.101089077120776
            ]
          ]
        ],
        "type": "Polygon"
      },
      "properties": {
        "id": 21,
        "name": "Обводненные карьеры (Озяты)",
        "type": "quarry",
        "type_ru": "Карьер",
        "district": "Жабинковский",
        "region": "Брестская область",
        "location_description": "вблизи аг. Озяты и дер. Бараны",
        "activities": "подводная охота, лов рыбы на дорожку с судов с двигателями",
        "coordinate_source": "uploaded_geometry",
        "match_distance_km": 25.6
      }
    },
    {
      "type": "Feature",
      "geometry": {
        "coordinates": [
          [
            [
              25.54816673975506,
              52.36160907890485
            ],
            [
              25.550864012105222,
              52.35526508526854
            ],
            [
              25.553764322072652,
              52.35336971212871
            ],
            [
              25.55996994882878,
              52.35324613248727
            ],
            [
              25.569952571103556,
              52.355718220463075
            ],
            [
              25.57359468675162,
              52.35889026693437
            ],
            [
              25.57217755684337,
              52.36148542036784
            ],
            [
              25.559632699628878,
              52.37079360222717
            ],
            [
              25.566513056724915,
              52.374129494918094
            ],
            [
              25.5633425023303,
              52.37585868424068
            ],
            [
              25.55342720102152,
              52.37071085046534
            ],
            [
              25.548098423613197,
              52.36626318276984
            ],
            [
              25.547828641128802,
              52.36366834439255
            ],
            [
              25.54816673975506,
              52.36160907890485
            ]
          ]
        ],
        "type": "Polygon"
      },
      "properties": {
        "id": 22,
        "name": "Водохранилище Джидинье",
        "type": "reservoir",
        "type_ru": "Водохранилище",
        "district": "Ивановский",
        "region": "Брестская область",
        "location_description": "23 км на север от г. Иваново",
        "activities": "подводная охота, лов рыбы на дорожку с судов с двигателями",
        "coordinate_source": "uploaded_geometry",
        "match_distance_km": 1.9
      }
    },
    {
      "type": "Feature",
      "geometry": {
        "coordinates": [
          [
            [
              25.581729261417905,
              52.41421605851497
            ],
            [
              25.579185974166336,
              52.411113427976005
            ],
            [
              25.579791376341717,
              52.407936804018846
            ],
            [
              25.583121328887984,
              52.404095391411346
            ],
            [
              25.589418847471052,
              52.40261746467675
            ],
            [
              25.598321326195645,
              52.40350356325112
            ],
            [
              25.602559500539,
              52.406311348889204
            ],
            [
              25.60401411260571,
              52.41092873729971
            ],
            [
              25.602136764986682,
              52.414917939570586
            ],
            [
              25.596989505977888,
              52.41713400505327
            ],
            [
              25.590267572587976,
              52.41779868824881
            ],
            [
              25.584393675992743,
              52.41676451665336
            ],
            [
              25.581729261417905,
              52.41421605851497
            ]
          ]
        ],
        "type": "Polygon"
      },
      "properties": {
        "id": 23,
        "name": "Водохранилище Тышковичи",
        "type": "reservoir",
        "type_ru": "Водохранилище",
        "district": "Ивановский",
        "region": "Брестская область",
        "location_description": "28 км на север от г. Иваново",
        "activities": "подводная охота, лов рыбы на дорожку с судов с двигателями",
        "coordinate_source": "uploaded_geometry",
        "match_distance_km": 3.5
      }
    },
    {
      "type": "Feature",
      "geometry": {
        "coordinates": [
          [
            [
              25.68492312779307,
              51.93955336743221
            ],
            [
              25.684239445946986,
              51.93833104541852
            ],
            [
              25.683578553578883,
              51.93644832312614
            ],
            [
              25.683965973327787,
              51.93508540753186
            ],
            [
              25.68756669726804,
              51.93464982789112
            ],
            [
              25.68843269416533,
              51.93566149024065
            ],
            [
              25.68934426984663,
              51.93795169712146
            ],
            [
              25.68995958343163,
              51.93951121894594
            ],
            [
              25.68934426984663,
              51.94145000832151
            ],
            [
              25.686996962467873,
              51.941506203865885
            ],
            [
              25.68581191408188,
              51.94094424525855
            ],
            [
              25.68492312779307,
              51.93955336743221
            ]
          ]
        ],
        "type": "Polygon"
      },
      "properties": {
        "id": 24,
        "name": "Озеро Белое (Мохро)",
        "type": "lake",
        "type_ru": "Озеро",
        "district": "Ивановский",
        "region": "Брестская область",
        "location_description": "9 км юго-восточнее дер. Мохро",
        "activities": "подводная охота, лов рыбы на дорожку с судов с двигателями",
        "coordinate_source": "uploaded_geometry",
        "match_distance_km": 0
      }
    },
    {
      "type": "Feature",
      "geometry": {
        "coordinates": [
          [
            [
              25.67100145067758,
              51.937275457665805
            ],
            [
              25.669985366435697,
              51.93681986264602
            ],
            [
              25.66946808721076,
              51.935874488076536
            ],
            [
              25.669283344630287,
              51.93446208413968
            ],
            [
              25.669726726874416,
              51.933277452937716
            ],
            [
              25.67114924474282,
              51.93263956168113
            ],
            [
              25.67349547550947,
              51.93279903534554
            ],
            [
              25.67515815873128,
              51.93365334889606
            ],
            [
              25.676248139953884,
              51.93504299752371
            ],
            [
              25.676137294405294,
              51.93603395017425
            ],
            [
              25.675638489439507,
              51.937093220185204
            ],
            [
              25.674160548798227,
              51.93801578981865
            ],
            [
              25.672405494286863,
              51.937913283018446
            ],
            [
              25.67100145067758,
              51.937275457665805
            ]
          ]
        ],
        "type": "Polygon"
      },
      "properties": {
        "id": 25,
        "name": "Озеро Безуменник",
        "type": "lake",
        "type_ru": "Озеро",
        "district": "Ивановский",
        "region": "Брестская область",
        "location_description": "7,5 км юго-восточнее дер. Мохро",
        "activities": "подводная охота, лов рыбы на дорожку с судов с двигателями",
        "coordinate_source": "uploaded_geometry",
        "match_distance_km": 0
      }
    },
    {
      "type": "Feature",
      "geometry": {
        "coordinates": [
          [
            [
              25.69358722830563,
              52.004306441299406
            ],
            [
              25.69366073379598,
              52.00371818554879
            ],
            [
              25.691823096533966,
              52.0038991881417
            ],
            [
              25.689875201037182,
              52.003016793587875
            ],
            [
              25.6891401461327,
              52.000460013709414
            ],
            [
              25.689544426330087,
              51.99996221657159
            ],
            [
              25.68895638240764,
              51.99844616391394
            ],
            [
              25.687890550906474,
              51.99740526126212
            ],
            [
              25.691676092268324,
              51.99459922548007
            ],
            [
              25.692852180101283,
              51.99011826022212
            ],
            [
              25.696270193558092,
              51.99005036062576
            ],
            [
              25.700386515926,
              51.99093300849165
            ],
            [
              25.701709620036013,
              51.99097827124328
            ],
            [
              25.704172067062473,
              51.99190616584164
            ],
            [
              25.705605434081406,
              51.99292456615501
            ],
            [
              25.706083233048446,
              51.99654536343925
            ],
            [
              25.701709584999776,
              51.99980382541207
            ],
            [
              25.700570249897794,
              51.99980382541207
            ],
            [
              25.70031298068102,
              52.00059577560421
            ],
            [
              25.700717260878463,
              52.001093565696635
            ],
            [
              25.699320656559706,
              52.00355980767992
            ],
            [
              25.69358722830563,
              52.004306441299406
            ]
          ]
        ],
        "type": "Polygon"
      },
      "properties": {
        "id": 26,
        "name": "Озеро Завищанское",
        "type": "lake",
        "type_ru": "Озеро",
        "district": "Ивановский",
        "region": "Брестская область",
        "location_description": "возле дер. Завышье",
        "activities": "подводная охота",
        "coordinate_source": "uploaded_geometry",
        "match_distance_km": 2.2
      }
    },
    {
      "type": "Feature",
      "geometry": {
        "coordinates": [
          [
            [
              25.59137275724018,
              52.3215516333384
            ],
            [
              25.59123677193037,
              52.320188473590974
            ],
            [
              25.591835107292155,
              52.31895826899043
            ],
            [
              25.59368450750236,
              52.31781115551078
            ],
            [
              25.598525584520445,
              52.31646450609301
            ],
            [
              25.599042328696186,
              52.31711289796482
            ],
            [
              25.605460835305905,
              52.31857590113438
            ],
            [
              25.605977579481646,
              52.31844290284468
            ],
            [
              25.60880607391954,
              52.32082018698779
            ],
            [
              25.608370920928877,
              52.322332937675526
            ],
            [
              25.60611356479143,
              52.3215516333384
            ],
            [
              25.601544458391857,
              52.32304773594211
            ],
            [
              25.59950467874924,
              52.32298124356731
            ],
            [
              25.598416796273057,
              52.322050339827115
            ],
            [
              25.596839366682417,
              52.323180720392145
            ],
            [
              25.59406526636826,
              52.323579671343936
            ],
            [
              25.591971092601966,
              52.32239943102482
            ],
            [
              25.59137275724018,
              52.3215516333384
            ]
          ]
        ],
        "type": "Polygon"
      },
      "properties": {
        "id": 27,
        "name": "Озеро Мотольское",
        "type": "lake",
        "type_ru": "Озеро",
        "district": "Ивановский",
        "region": "Брестская область",
        "location_description": "возле аг. Мотоль",
        "activities": "подводная охота, лов рыбы на дорожку с судов с двигателями",
        "coordinate_source": "uploaded_geometry",
        "match_distance_km": 9.5
      }
    },
    {
      "type": "Feature",
      "geometry": {
        "coordinates": [
          [
            [
              25.62074754702374,
              52.36869058651425
            ],
            [
              25.620978318137105,
              52.36640084091968
            ],
            [
              25.62224755925689,
              52.36432235369935
            ],
            [
              25.62715144540175,
              52.36259607811772
            ],
            [
              25.630122623477376,
              52.36367060451758
            ],
            [
              25.629863005975523,
              52.36458657360191
            ],
            [
              25.631189939874474,
              52.36751050168306
            ],
            [
              25.63110340070679,
              52.36518546619709
            ],
            [
              25.631709174877102,
              52.36726391281124
            ],
            [
              25.630728397648767,
              52.36895478029163
            ],
            [
              25.62821876179771,
              52.370416623966236
            ],
            [
              25.623141797318652,
              52.37009960173532
            ],
            [
              25.62074754702374,
              52.36869058651425
            ]
          ]
        ],
        "type": "Polygon"
      },
      "properties": {
        "id": 28,
        "name": "Озеро Мульное",
        "type": "lake",
        "type_ru": "Озеро",
        "district": "Ивановский",
        "region": "Брестская область",
        "location_description": "25 км на север от г. Иваново",
        "activities": "подводная охота, лов рыбы на дорожку с судов с двигателями",
        "coordinate_source": "uploaded_geometry",
        "match_distance_km": 5.7
      }
    },
    {
      "type": "Feature",
      "geometry": {
        "coordinates": [
          [
            [
              25.61836502692617,
              51.93561605572836
            ],
            [
              25.618079281448814,
              51.93433876591649
            ],
            [
              25.617317293510894,
              51.93206304454418
            ],
            [
              25.618460275418215,
              51.93138764696053
            ],
            [
              25.62115104532583,
              51.93143169493854
            ],
            [
              25.62257977271051,
              51.93278247861525
            ],
            [
              25.623365572771974,
              51.935160933643175
            ],
            [
              25.623770378863924,
              51.93764202705796
            ],
            [
              25.62331794852591,
              51.93937430679807
            ],
            [
              25.62207971812549,
              51.93949174707103
            ],
            [
              25.621674912033484,
              51.938889862421064
            ],
            [
              25.620174748280192,
              51.938082443502026
            ],
            [
              25.61836502692617,
              51.93561605572836
            ]
          ]
        ],
        "type": "Polygon"
      },
      "properties": {
        "id": 29,
        "name": "Озеро Окунино",
        "type": "lake",
        "type_ru": "Озеро",
        "district": "Ивановский",
        "region": "Брестская область",
        "location_description": "21 км на юго-восток от г. Иваново",
        "activities": "подводная охота, лов рыбы на дорожку с судов с двигателями",
        "coordinate_source": "uploaded_geometry",
        "match_distance_km": 7.8
      }
    },
    {
      "type": "Feature",
      "geometry": {
        "coordinates": [
          [
            [
              25.39859460904995,
              52.36233392562022
            ],
            [
              25.41549684050233,
              52.35893102012844
            ],
            [
              25.4368573652759,
              52.359498160699786
            ],
            [
              25.44280122542881,
              52.36176680574053
            ],
            [
              25.443265520027893,
              52.36465915334739
            ],
            [
              25.46304891014708,
              52.36562339135378
            ],
            [
              25.466949737722274,
              52.367608268035696
            ],
            [
              25.467413314415182,
              52.37514972936478
            ],
            [
              25.457939291087484,
              52.3790613506647
            ],
            [
              25.435092485512655,
              52.37764367784621
            ],
            [
              25.429334542713065,
              52.37373169696508
            ],
            [
              25.40026657324296,
              52.37089653856151
            ],
            [
              25.39859460904995,
              52.36233392562022
            ]
          ]
        ],
        "type": "Polygon"
      },
      "properties": {
        "id": 30,
        "name": "Обводненные карьеры (Новинка)",
        "type": "quarry",
        "type_ru": "Карьер",
        "district": "Ивановский",
        "region": "Брестская область",
        "location_description": "возле дер. Новинка",
        "activities": "подводная охота, лов рыбы на дорожку с судов с двигателями",
        "coordinate_source": "uploaded_geometry",
        "match_distance_km": 20.8
      }
    },
    {
      "type": "Feature",
      "geometry": {
        "coordinates": [
          [
            [
              25.535104239903205,
              52.15928409167023
            ],
            [
              25.537265085478168,
              52.160308415258726
            ],
            [
              25.53746152598555,
              52.16476696093599
            ],
            [
              25.534564028509465,
              52.166002019579736
            ],
            [
              25.53368004622945,
              52.1705804744696
            ],
            [
              25.53009500697982,
              52.17446576726405
            ],
            [
              25.52960390571269,
              52.17419471133579
            ],
            [
              25.52935835507867,
              52.16711655527132
            ],
            [
              25.531028099386447,
              52.16470671329614
            ],
            [
              25.531470090526938,
              52.160127653985285
            ],
            [
              25.535104239903205,
              52.15928409167023
            ]
          ]
        ],
        "type": "Polygon"
      },
      "properties": {
        "id": 31,
        "name": "Пруд Лясковичи",
        "type": "pond",
        "type_ru": "Пруд",
        "district": "Ивановский",
        "region": "Брестская область",
        "location_description": "0,2 км к северу от г. Иваново",
        "activities": "подводная охота, лов рыбы на дорожку с судов с двигателями",
        "coordinate_source": "uploaded_geometry",
        "match_distance_km": 22
      }
    },
    {
      "type": "Feature",
      "geometry": {
        "coordinates": [
          [
            [
              25.514164124206502,
              52.64155384317587
            ],
            [
              25.515052710662246,
              52.629494500830674
            ],
            [
              25.52531370079018,
              52.625227767264505
            ],
            [
              25.53315281199633,
              52.6252270964211
            ],
            [
              25.529677676572504,
              52.64253697880406
            ],
            [
              25.514164124206502,
              52.64155384317587
            ]
          ]
        ],
        "type": "Polygon"
      },
      "properties": {
        "id": 32,
        "name": "Водохранилище Козики",
        "type": "reservoir",
        "type_ru": "Водохранилище",
        "district": "Ивацевичский",
        "region": "Брестская область",
        "location_description": "14 км на юго-восток от г. Ивацевичи",
        "activities": "подводная охота, лов рыбы на дорожку с судов с двигателями",
        "coordinate_source": "uploaded_geometry",
        "match_distance_km": 1.2
      }
    },
    {
      "type": "Feature",
      "geometry": {
        "coordinates": [
          [
            [
              25.534679853275293,
              52.53815947679408
            ],
            [
              25.53526643918005,
              52.52868066520753
            ],
            [
              25.546073748499794,
              52.524246287188106
            ],
            [
              25.552021957505957,
              52.52536766644977
            ],
            [
              25.552440845464957,
              52.53505111430542
            ],
            [
              25.54749737058185,
              52.54040135004129
            ],
            [
              25.539371170862523,
              52.53994279876997
            ],
            [
              25.534679853275293,
              52.53815947679408
            ]
          ]
        ],
        "type": "Polygon"
      },
      "properties": {
        "id": 33,
        "name": "Водохранилище Оброво",
        "type": "reservoir",
        "type_ru": "Водохранилище",
        "district": "Ивацевичский",
        "region": "Брестская область",
        "location_description": "30 км на юго-восток от г. Ивацевичи",
        "activities": "подводная охота, лов рыбы на дорожку с судов с двигателями",
        "coordinate_source": "uploaded_geometry",
        "match_distance_km": 1.1
      }
    },
    {
      "type": "Feature",
      "geometry": {
        "coordinates": [
          [
            [
              25.86384963388997,
              52.54040649072357
            ],
            [
              25.863653161231696,
              52.53933102331456
            ],
            [
              25.86244158074436,
              52.53865386355591
            ],
            [
              25.86286727118582,
              52.53747876742182
            ],
            [
              25.864046106401105,
              52.53542725287525
            ],
            [
              25.86846673791041,
              52.53373418336639
            ],
            [
              25.87079166263024,
              52.5341723958538
            ],
            [
              25.87161029809397,
              52.53530774422765
            ],
            [
              25.87223246104793,
              52.53672190904018
            ],
            [
              25.872559915233154,
              52.53895261164385
            ],
            [
              25.87236344272202,
              52.54074505839222
            ],
            [
              25.87118460765248,
              52.54126286271685
            ],
            [
              25.870398717606633,
              52.542437857568274
            ],
            [
              25.868237519980084,
              52.543373847910374
            ],
            [
              25.86427532433146,
              52.54235819789437
            ],
            [
              25.863489434285555,
              52.54138235515538
            ],
            [
              25.86384963388997,
              52.54040649072357
            ]
          ]
        ],
        "type": "Polygon"
      },
      "properties": {
        "id": 34,
        "name": "Озеро Вульковское",
        "type": "lake",
        "type_ru": "Озеро",
        "district": "Ивацевичский",
        "region": "Брестская область",
        "location_description": "39 км на юго-восток от г. Ивацевичи",
        "activities": "подводная охота",
        "coordinate_source": "uploaded_geometry",
        "match_distance_km": 0
      }
    },
    {
      "type": "Feature",
      "geometry": {
        "coordinates": [
          [
            [
              25.925893709027036,
              52.53577265039567
            ],
            [
              25.92637405431296,
              52.53469689220012
            ],
            [
              25.926832565721696,
              52.53326250662613
            ],
            [
              25.928666611357016,
              52.531828074331344
            ],
            [
              25.932378370380917,
              52.53160227979464
            ],
            [
              25.934736429054823,
              52.532385914680475
            ],
            [
              25.93554428248919,
              52.533063282720605
            ],
            [
              25.93595912614532,
              52.53396642385388
            ],
            [
              25.936417637553717,
              52.53524141500796
            ],
            [
              25.935806289008923,
              52.536131230649005
            ],
            [
              25.935107604956954,
              52.53759208289381
            ],
            [
              25.934321585398692,
              52.53905288653314
            ],
            [
              25.932924217295607,
              52.5397168721195
            ],
            [
              25.93002031170701,
              52.53973015172903
            ],
            [
              25.92805526281137,
              52.53930520223881
            ],
            [
              25.926985402858094,
              52.5379108078333
            ],
            [
              25.925893709027036,
              52.53577265039567
            ]
          ]
        ],
        "type": "Polygon"
      },
      "properties": {
        "id": 35,
        "name": "Озеро Соминское",
        "type": "lake",
        "type_ru": "Озеро",
        "district": "Ивацевичский",
        "region": "Брестская область",
        "location_description": "45 км на юго-восток от г. Ивацевичи",
        "activities": "подводная охота, лов рыбы на дорожку с судов с двигателями",
        "coordinate_source": "uploaded_geometry",
        "match_distance_km": 0.1
      }
    },
    {
      "type": "Feature",
      "geometry": {
        "coordinates": [
          [
            [
              25.665424083983112,
              52.42457576106099
            ],
            [
              25.66531033707588,
              52.42230982966021
            ],
            [
              25.667168203242113,
              52.42036751004889
            ],
            [
              25.669746466496065,
              52.41944256587357
            ],
            [
              25.67338636755798,
              52.42002065825673
            ],
            [
              25.673841355191485,
              52.42173176729051
            ],
            [
              25.675812968266484,
              52.42163927660826
            ],
            [
              25.677367509346197,
              52.42226358494921
            ],
            [
              25.67827748461164,
              52.42448327634503
            ],
            [
              25.677253762437402,
              52.425315631805574
            ],
            [
              25.67714001552872,
              52.426194212186914
            ],
            [
              25.677519171890197,
              52.428344348200085
            ],
            [
              25.674865077365723,
              52.43051749738035
            ],
            [
              25.672210982839744,
              52.43005513418743
            ],
            [
              25.66845733486906,
              52.427558289131895
            ],
            [
              25.665424083983112,
              52.42457576106099
            ]
          ]
        ],
        "type": "Polygon"
      },
      "properties": {
        "id": 36,
        "name": "Пруд Гоща",
        "type": "pond",
        "type_ru": "Пруд",
        "district": "Ивацевичский",
        "region": "Брестская область",
        "location_description": "возле дер. Гоща",
        "activities": "подводная охота, лов рыбы на дорожку с судов с двигателями",
        "coordinate_source": "uploaded_geometry",
        "match_distance_km": 0
      }
    },
    {
      "type": "Feature",
      "geometry": {
        "coordinates": [
          [
            [
              25.388063668911798,
              52.70930660155517
            ],
            [
              25.38835235400839,
              52.708233322911724
            ],
            [
              25.38966455899245,
              52.707152067362244
            ],
            [
              25.396212461865417,
              52.708368477971504
            ],
            [
              25.396527391062136,
              52.70913964883363
            ],
            [
              25.395871288569566,
              52.70917939953935
            ],
            [
              25.39524143017715,
              52.710546801775024
            ],
            [
              25.394952745080616,
              52.71126228586695
            ],
            [
              25.38866728320511,
              52.70971205550558
            ],
            [
              25.388063668911798,
              52.70930660155517
            ]
          ]
        ],
        "type": "Polygon"
      },
      "properties": {
        "id": 37,
        "name": "Пруд Яглевичский",
        "type": "pond",
        "type_ru": "Пруд",
        "district": "Ивацевичский",
        "region": "Брестская область",
        "location_description": "1 км северо-восточнее дер. Яглевичи",
        "activities": "подводная охота",
        "coordinate_source": "uploaded_geometry",
        "match_distance_km": 0
      }
    },
    {
      "type": "Feature",
      "geometry": {
        "coordinates": [
          [
            [
              24.63911217259391,
              52.043816072101805
            ],
            [
              24.638214751620694,
              52.04232198116108
            ],
            [
              24.638301372342056,
              52.03515940501518
            ],
            [
              24.640473158731908,
              52.034500289669666
            ],
            [
              24.648465332646623,
              52.034500289669666
            ],
            [
              24.653648662830477,
              52.035070335941555
            ],
            [
              24.659208435988518,
              52.03811639751311
            ],
            [
              24.661582922441568,
              52.03947013603681
            ],
            [
              24.660945865100558,
              52.04305022059816
            ],
            [
              24.65608106358718,
              52.04490249009393
            ],
            [
              24.645048388727133,
              52.04479563047906
            ],
            [
              24.63911217259391,
              52.043816072101805
            ]
          ]
        ],
        "type": "Polygon"
      },
      "properties": {
        "id": 38,
        "name": "Водохранилище Днепровско-Бугское",
        "type": "reservoir",
        "type_ru": "Водохранилище",
        "district": "Кобринский",
        "region": "Брестская область",
        "location_description": "27 км на юго-восток от г. Кобрин",
        "activities": "подводная охота, лов рыбы на дорожку с судов с двигателями",
        "coordinate_source": "uploaded_geometry",
        "match_distance_km": 6.3
      }
    },
    {
      "type": "Feature",
      "geometry": {
        "coordinates": [
          [
            [
              24.60978182424566,
              51.99729985338607
            ],
            [
              24.60491877891127,
              51.993617681789544
            ],
            [
              24.600450034549198,
              51.98605007089225
            ],
            [
              24.60183008795491,
              51.98285267453727
            ],
            [
              24.607678885722777,
              51.978319265725844
            ],
            [
              24.614579152751418,
              51.976578638671384
            ],
            [
              24.619310764427098,
              51.97807639159214
            ],
            [
              24.62272803952706,
              51.984147849930935
            ],
            [
              24.624042376104057,
              51.98819503165433
            ],
            [
              24.616682091274328,
              51.995640890480246
            ],
            [
              24.60978182424566,
              51.99729985338607
            ]
          ]
        ],
        "type": "Polygon"
      },
      "properties": {
        "id": 39,
        "name": "Озеро Любань",
        "type": "lake",
        "type_ru": "Озеро",
        "district": "Кобринский",
        "region": "Брестская область",
        "location_description": "30 км на юго-восток от г. Кобрин",
        "activities": "подводная охота",
        "coordinate_source": "uploaded_geometry",
        "match_distance_km": 6.3
      }
    },
    {
      "type": "Feature",
      "geometry": {
        "coordinates": [
          [
            [
              24.57533678621388,
              52.1626283592565
            ],
            [
              24.57749411337747,
              52.16171082534143
            ],
            [
              24.579593911877197,
              52.161393213024695
            ],
            [
              24.581319773657953,
              52.16183434062995
            ],
            [
              24.583016871076268,
              52.16513383644741
            ],
            [
              24.58195258964406,
              52.16635123568497
            ],
            [
              24.577781757008154,
              52.166421808532306
            ],
            [
              24.57533678621388,
              52.1626283592565
            ]
          ]
        ],
        "type": "Polygon"
      },
      "properties": {
        "id": 40,
        "name": "Пруд Гирск",
        "type": "pond",
        "type_ru": "Пруд",
        "district": "Кобринский",
        "region": "Брестская область",
        "location_description": "2 км северо-восточнее дер. Гирск",
        "activities": "подводная охота",
        "coordinate_source": "uploaded_geometry",
        "match_distance_km": 15.4
      }
    },
    {
      "type": "Feature",
      "geometry": {
        "coordinates": [
          [
            [
              26.733961061043146,
              52.506342029773776
            ],
            [
              26.740805428985112,
              52.49514451604071
            ],
            [
              26.74294429396582,
              52.49371207018132
            ],
            [
              26.74807756992149,
              52.49345162046649
            ],
            [
              26.773850892949753,
              52.500092606349426
            ],
            [
              26.77855639590888,
              52.515974816992895
            ],
            [
              26.775668928183876,
              52.52000954628949
            ],
            [
              26.747328967178305,
              52.52475963971139
            ],
            [
              26.74294429396582,
              52.523263090355414
            ],
            [
              26.733961061043146,
              52.506342029773776
            ]
          ]
        ],
        "type": "Polygon"
      },
      "properties": {
        "id": 41,
        "name": "Водохранилище Велута",
        "type": "reservoir",
        "type_ru": "Водохранилище",
        "district": "Лунинецкий",
        "region": "Брестская область",
        "location_description": "26 км на север от г. Лунинец",
        "activities": "подводная охота, лов рыбы на дорожку с судов с двигателями",
        "coordinate_source": "uploaded_geometry",
        "match_distance_km": 4.6
      }
    },
    {
      "type": "Feature",
      "geometry": {
        "coordinates": [
          [
            [
              27.000574322151806,
              52.43308705486368
            ],
            [
              27.029962492450466,
              52.432296593822656
            ],
            [
              27.029953849401437,
              52.44434767547526
            ],
            [
              27.00111458639492,
              52.44421911082631
            ],
            [
              27.000574322151806,
              52.43308705486368
            ]
          ]
        ],
        "type": "Polygon"
      },
      "properties": {
        "id": 42,
        "name": "Водохранилище Собельское",
        "type": "reservoir",
        "type_ru": "Водохранилище",
        "district": "Лунинецкий",
        "region": "Брестская область",
        "location_description": "22 км на северо-восток от г. Лунинец",
        "activities": "подводная охота, лов рыбы на дорожку с судов с двигателями",
        "coordinate_source": "uploaded_geometry",
        "match_distance_km": 5.1
      }
    },
    {
      "type": "Feature",
      "geometry": {
        "coordinates": [
          [
            [
              26.64059137767896,
              52.38481821492681
            ],
            [
              26.63983503393169,
              52.384047634420824
            ],
            [
              26.63947749482631,
              52.38363684734685
            ],
            [
              26.639729875387133,
              52.38198082317214
            ],
            [
              26.641054075145746,
              52.38071024407307
            ],
            [
              26.643262405121448,
              52.3803636163442
            ],
            [
              26.64547073489527,
              52.38118524757999
            ],
            [
              26.646354066806055,
              52.38250752824723
            ],
            [
              26.646417161942736,
              52.382866976340665
            ],
            [
              26.64673263762475,
              52.38519048091371
            ],
            [
              26.644082641893903,
              52.3854472142481
            ],
            [
              26.64307311971129,
              52.3857552922785
            ],
            [
              26.64059137767896,
              52.38481821492681
            ]
          ]
        ],
        "type": "Polygon"
      },
      "properties": {
        "id": 43,
        "name": "Озеро Белое (Бостынь)",
        "type": "lake",
        "type_ru": "Озеро",
        "district": "Лунинецкий",
        "region": "Брестская область",
        "location_description": "17 км на северо-запад от г. Лунинец",
        "activities": "подводная охота",
        "coordinate_source": "uploaded_geometry",
        "match_distance_km": 4.5
      }
    },
    {
      "type": "Feature",
      "geometry": {
        "coordinates": [
          [
            [
              26.98015451140847,
              52.34999287826997
            ],
            [
              26.978025192666166,
              52.34916705121296
            ],
            [
              26.97696053329568,
              52.34802119061703
            ],
            [
              26.97726472168739,
              52.347133386311015
            ],
            [
              26.980678391415694,
              52.34690627071768
            ],
            [
              26.98579889600876,
              52.34855799387364
            ],
            [
              26.987387435387802,
              52.34956964383079
            ],
            [
              26.986745259893524,
              52.350096105567104
            ],
            [
              26.98262181725198,
              52.350447076574994
            ],
            [
              26.98015451140847,
              52.34999287826997
            ]
          ]
        ],
        "type": "Polygon"
      },
      "properties": {
        "id": 44,
        "name": "Озеро Вульковское (Вулька-2)",
        "type": "lake",
        "type_ru": "Озеро",
        "district": "Лунинецкий",
        "region": "Брестская область",
        "location_description": "в пределах аг. Вулька-2",
        "activities": "подводная охота",
        "coordinate_source": "uploaded_geometry",
        "match_distance_km": 10.3
      }
    },
    {
      "type": "Feature",
      "geometry": {
        "type": "Polygon",
        "coordinates": [
          [
            [
              26.232471485458078,
              53.16357287418776
            ],
            [
              26.232171343691526,
              53.163354158200036
            ],
            [
              26.2319539906255,
              53.16310269063876
            ],
            [
              26.23182900636651,
              53.16282955700402
            ],
            [
              26.23180189873444,
              53.16254679768869
            ],
            [
              26.231873860759,
              53.16226687717043
            ],
            [
              26.232041718422654,
              53.16200213454912
            ],
            [
              26.23677736610639,
              53.15639014616565
            ],
            [
              26.236800947345397,
              53.15636296767613
            ],
            [
              26.23964972334126,
              53.15316846682652
            ],
            [
              26.239894011248275,
              53.152949175215824
            ],
            [
              26.241410850570194,
              53.1518399235987
            ],
            [
              26.24171564815885,
              53.15165626534219
            ],
            [
              26.242073374124175,
              53.151510942074104
            ],
            [
              26.24247083039821,
              53.15140931521361
            ],
            [
              26.242893353502915,
              53.151355134054
            ],
            [
              26.243325355422606,
              53.15135039747595
            ],
            [
              26.243750898540547,
              53.15139528022351
            ],
            [
              26.249226112336817,
              53.15230485924538
            ],
            [
              26.249739911947728,
              53.15243303211893
            ],
            [
              26.253957346560256,
              53.153875012452886
            ],
            [
              26.25429840880793,
              53.15401820978136
            ],
            [
              26.254589625197447,
              53.154196644764475
            ],
            [
              26.254821020088208,
              53.15440420551181
            ],
            [
              26.254984666546644,
              53.15463378240034
            ],
            [
              26.255074957951873,
              53.15487751156471
            ],
            [
              26.255088800174608,
              53.15512704423483
            ],
            [
              26.254903918697153,
              53.156990509116014
            ],
            [
              26.254829401140583,
              53.157263608827265
            ],
            [
              26.25466351067252,
              53.157521844144064
            ],
            [
              26.25441322708364,
              53.15775434746028
            ],
            [
              26.254089082249035,
              53.15795133391293
            ],
            [
              26.250722443941907,
              53.159615110772314
            ],
            [
              26.25034185291174,
              53.1597670789441
            ],
            [
              26.249917874390903,
              53.159869767993676
            ],
            [
              26.249468022918197,
              53.15991893578034
            ],
            [
              26.249010882144354,
              53.1599125511454
            ],
            [
              26.248565336929786,
              53.159850877843326
            ],
            [
              26.245261703144738,
              53.15917524842022
            ],
            [
              26.242189107232132,
              53.16139932040745
            ],
            [
              26.238123197218254,
              53.16473757273515
            ],
            [
              26.2378385709305,
              53.1649297301616
            ],
            [
              26.237498323998643,
              53.1650860405254
            ],
            [
              26.23711480492606,
              53.16520083064543
            ],
            [
              26.23670193312597,
              53.165269934251306
            ],
            [
              26.236274693638066,
              53.16529084323403
            ],
            [
              26.23584859311888,
              53.16526279870166
            ],
            [
              26.235439096874604,
              53.16518681853086
            ],
            [
              26.235061067396753,
              53.165065660412886
            ],
            [
              26.234728224806332,
              53.164903721737396
            ],
            [
              26.232471485458078,
              53.16357287418776
            ]
          ],
          [
            [
              26.23955052697493,
              53.159079888644214
            ],
            [
              26.242786587934123,
              53.156737534389094
            ],
            [
              26.243108504997537,
              53.15654720159128
            ],
            [
              26.24348738345904,
              53.15639930524109
            ],
            [
              26.24390792362686,
              53.15629981742314
            ],
            [
              26.244353143921142,
              53.15625275544138
            ],
            [
              26.244805066449434,
              53.15626001964237
            ],
            [
              26.245245442760137,
              53.156321316700584
            ],
            [
              26.248829572208617,
              53.157054354658925
            ],
            [
              26.25047074934549,
              53.15624331589772
            ],
            [
              26.25051442421587,
              53.15580357263813
            ],
            [
              26.24775491903795,
              53.154860036752744
            ],
            [
              26.2439611154631,
              53.1542298027944
            ],
            [
              26.243513076301344,
              53.15455746353497
            ],
            [
              26.240780736877536,
              53.157621706303686
            ],
            [
              26.23955052697493,
              53.159079888644214
            ]
          ]
        ]
      },
      "properties": {
        "id": 45,
        "name": "Обводненный карьер (Гиричь-Поль)",
        "type": "quarry",
        "type_ru": "Карьер",
        "district": "Ляховичский",
        "region": "Брестская область",
        "location_description": "0,9 км восточнее дер. Гиричь-Поль",
        "activities": "подводная охота",
        "coordinate_source": "uploaded_geometry",
        "match_distance_km": 0
      }
    },
    {
      "type": "Feature",
      "geometry": {
        "coordinates": [
          [
            [
              24.253999103529793,
              51.90054597748346
            ],
            [
              24.25835143268756,
              51.90147730129149
            ],
            [
              24.242184291868142,
              51.898080128470525
            ],
            [
              24.238273894480415,
              51.893914451033
            ],
            [
              24.240849308065805,
              51.88974722680851
            ],
            [
              24.25213443345936,
              51.89035047567555
            ],
            [
              24.25089042264682,
              51.886237204133494
            ],
            [
              24.25346734582476,
              51.88135562326818
            ],
            [
              24.2659965237506,
              51.87943575526407
            ],
            [
              24.279147717601575,
              51.88475633105392
            ],
            [
              24.28207899889435,
              51.89106336638682
            ],
            [
              24.278427778391716,
              51.89961451452365
            ],
            [
              24.266078963544203,
              51.90202520118481
            ],
            [
              24.253999103529793,
              51.90054597748346
            ]
          ]
        ],
        "type": "Polygon"
      },
      "properties": {
        "id": 46,
        "name": "Водохранилище Луковское",
        "type": "reservoir",
        "type_ru": "Водохранилище",
        "district": "Малоритский",
        "region": "Брестская область",
        "location_description": "16 км на северо-восток от г. Малорита",
        "activities": "подводная охота",
        "coordinate_source": "uploaded_geometry",
        "match_distance_km": 28.2
      }
    },
    {
      "type": "Feature",
      "geometry": {
        "coordinates": [
          [
            [
              23.951446118388418,
              51.68248879459492
            ],
            [
              23.951253681410833,
              51.68380124516784
            ],
            [
              23.965734741806244,
              51.69277864327867
            ],
            [
              23.967274136956433,
              51.693047029083885
            ],
            [
              23.969102219968875,
              51.69507485419126
            ],
            [
              23.968476845966507,
              51.696208028254944
            ],
            [
              23.962751974019767,
              51.70127721444561
            ],
            [
              23.95967292335328,
              51.70136665426105
            ],
            [
              23.954717566164135,
              51.697430650653644
            ],
            [
              23.941198718841065,
              51.68615762350262
            ],
            [
              23.94134308015626,
              51.68278712705745
            ],
            [
              23.948944403999604,
              51.679714666944875
            ],
            [
              23.94899251364751,
              51.67998313939404
            ],
            [
              23.951446118388418,
              51.68248879459492
            ]
          ]
        ],
        "type": "Polygon"
      },
      "properties": {
        "id": 47,
        "name": "Водохранилище Олтушское",
        "type": "reservoir",
        "type_ru": "Водохранилище",
        "district": "Малоритский",
        "region": "Брестская область",
        "location_description": "13 км на юго-запад от г. Малорита",
        "activities": "подводная охота",
        "coordinate_source": "uploaded_geometry",
        "match_distance_km": 2.1
      }
    },
    {
      "type": "Feature",
      "geometry": {
        "coordinates": [
          [
            [
              23.911318695413797,
              51.65418119478966
            ],
            [
              23.910638004156,
              51.65344215457904
            ],
            [
              23.90816104388594,
              51.651752874407464
            ],
            [
              23.908198860072588,
              51.6509668684441
            ],
            [
              23.91258553764436,
              51.65084955295197
            ],
            [
              23.914362898383217,
              51.65167075501938
            ],
            [
              23.91776635512045,
              51.65171768040233
            ],
            [
              23.919468083487544,
              51.65311368832772
            ],
            [
              23.920640385252256,
              51.65422811757364
            ],
            [
              23.91211283531962,
              51.65435715497941
            ],
            [
              23.911318695413797,
              51.65418119478966
            ]
          ]
        ],
        "type": "Polygon"
      },
      "properties": {
        "id": 48,
        "name": "Обводненный карьер Ореховский-1",
        "type": "quarry",
        "type_ru": "Карьер",
        "district": "Малоритский",
        "region": "Брестская область",
        "location_description": "19 км на юг от г. Малорита",
        "activities": "подводная охота, лов рыбы на дорожку с судов с двигателями",
        "coordinate_source": "uploaded_geometry",
        "match_distance_km": 10.1
      }
    },
    {
      "type": "Feature",
      "geometry": {
        "coordinates": [
          [
            [
              23.98719176060834,
              51.70420902641442
            ],
            [
              23.987259321372534,
              51.70317276050821
            ],
            [
              23.98855986608558,
              51.70165495447216
            ],
            [
              23.991616990671645,
              51.700273183324555
            ],
            [
              23.993542472454493,
              51.700513949514885
            ],
            [
              23.994893687741097,
              51.70170729345904
            ],
            [
              23.995079479842957,
              51.70348678298609
            ],
            [
              23.993795825320603,
              51.704857988935885
            ],
            [
              23.991498759334007,
              51.70511966473853
            ],
            [
              23.98859364646833,
              51.7049417253572
            ],
            [
              23.98719176060834,
              51.70420902641442
            ]
          ]
        ],
        "type": "Polygon"
      },
      "properties": {
        "id": 49,
        "name": "Озеро Дворищанское",
        "type": "lake",
        "type_ru": "Озеро",
        "district": "Малоритский",
        "region": "Брестская область",
        "location_description": "11 км на юго-запад от г. Малорита",
        "activities": "подводная охота, лов рыбы на дорожку с судов с двигателями",
        "coordinate_source": "uploaded_geometry",
        "match_distance_km": 9.2
      }
    },
    {
      "type": "Feature",
      "geometry": {
        "coordinates": [
          [
            [
              23.914492115323952,
              51.64494141059296
            ],
            [
              23.917299105002144,
              51.6419895096075
            ],
            [
              23.927040658170455,
              51.639464861850286
            ],
            [
              23.93397428543537,
              51.63900244212917
            ],
            [
              23.942913599390437,
              51.64106497972091
            ],
            [
              23.95030611976901,
              51.646683263059714
            ],
            [
              23.95574950597762,
              51.656673767131366
            ],
            [
              23.954947104275817,
              51.658486699255235
            ],
            [
              23.942912538722766,
              51.66083218835166
            ],
            [
              23.932713289628992,
              51.65962373652775
            ],
            [
              23.92274290586414,
              51.65464745703238
            ],
            [
              23.918731856597987,
              51.65173213873726
            ],
            [
              23.91529352092803,
              51.64849670127899
            ],
            [
              23.914492115323952,
              51.64494141059296
            ]
          ]
        ],
        "type": "Polygon"
      },
      "properties": {
        "id": 50,
        "name": "Озеро Ореховское",
        "type": "lake",
        "type_ru": "Озеро",
        "district": "Малоритский",
        "region": "Брестская область",
        "location_description": "17 км на юго-запад от г. Малорита",
        "activities": "подводная охота, лов рыбы на дорожку с судов с двигателями",
        "coordinate_source": "uploaded_geometry",
        "match_distance_km": 24.6
      }
    },
    {
      "type": "Feature",
      "geometry": {
        "coordinates": [
          [
            [
              26.255468791052067,
              52.298678267395644
            ],
            [
              26.260987152097073,
              52.29466387796637
            ],
            [
              26.28015558050339,
              52.290905293442904
            ],
            [
              26.29296861821365,
              52.2891210476719
            ],
            [
              26.30734540887994,
              52.28912033997872
            ],
            [
              26.314742475484195,
              52.29606537032615
            ],
            [
              26.321614446249697,
              52.300143228836816
            ],
            [
              26.325883062115025,
              52.3040288453536
            ],
            [
              26.336407808401958,
              52.31058918421644
            ],
            [
              26.337547656555188,
              52.31383609874888
            ],
            [
              26.32900597009737,
              52.3205213959061
            ],
            [
              26.322866344953866,
              52.324025687391526
            ],
            [
              26.315677964020807,
              52.324343754673606
            ],
            [
              26.30026041647818,
              52.32402519046744
            ],
            [
              26.29650724133674,
              52.3247846757927
            ],
            [
              26.288385100145774,
              52.32389812530789
            ],
            [
              26.266928197774774,
              52.31842001813817
            ],
            [
              26.25536305265871,
              52.315938594262434
            ],
            [
              26.2504767514651,
              52.314025196991594
            ],
            [
              26.25026020407455,
              52.30880564725672
            ],
            [
              26.25307071342135,
              52.30097119741356
            ],
            [
              26.255468791052067,
              52.298678267395644
            ]
          ]
        ],
        "type": "Polygon"
      },
      "properties": {
        "id": 51,
        "name": "Водохранилище Погост",
        "type": "reservoir",
        "type_ru": "Водохранилище",
        "district": "Пинский",
        "region": "Брестская область",
        "location_description": "22 км на северо-восток от г. Пинск",
        "activities": "подводная охота, лов рыбы на дорожку с судов с двигателями",
        "coordinate_source": "uploaded_geometry",
        "match_distance_km": 6
      }
    },
    {
      "type": "Feature",
      "geometry": {
        "coordinates": [
          [
            [
              26.332139785805964,
              52.31897890747513
            ],
            [
              26.33819188883362,
              52.31413110217457
            ],
            [
              26.33865101389091,
              52.31418213446989
            ],
            [
              26.34065446868766,
              52.31548343810945
            ],
            [
              26.34374312816331,
              52.315024158841
            ],
            [
              26.350630004022605,
              52.31459039071075
            ],
            [
              26.352424765611033,
              52.31612131807654
            ],
            [
              26.352341288328063,
              52.31908096082708
            ],
            [
              26.356348197918265,
              52.31813695834401
            ],
            [
              26.358268175431988,
              52.31882582700666
            ],
            [
              26.35709949346682,
              52.32063724527865
            ],
            [
              26.353969095348873,
              52.32122402684624
            ],
            [
              26.344703116920243,
              52.31933609317659
            ],
            [
              26.340946639177304,
              52.32140261099599
            ],
            [
              26.336355389890855,
              52.321963869167234
            ],
            [
              26.334685862901893,
              52.32247408174007
            ],
            [
              26.33301629727822,
              52.32155568255118
            ],
            [
              26.33293281999525,
              52.320433145517995
            ],
            [
              26.333350206411808,
              52.32033109528439
            ],
            [
              26.332139785805964,
              52.31897890747513
            ]
          ]
        ],
        "type": "Polygon"
      },
      "properties": {
        "id": 52,
        "name": "Водохранилище Малое Погостское",
        "type": "reservoir",
        "type_ru": "Водохранилище",
        "district": "Пинский",
        "region": "Брестская область",
        "location_description": "25 км на северо-восток от г. Пинск",
        "activities": "подводная охота, лов рыбы на дорожку с судов с двигателями",
        "coordinate_source": "uploaded_geometry",
        "match_distance_km": 5
      }
    },
    {
      "type": "Feature",
      "geometry": {
        "coordinates": [
          [
            [
              25.81932090856904,
              52.06191882675094
            ],
            [
              25.819172407635534,
              52.06084603920425
            ],
            [
              25.82028615864735,
              52.05901996765266
            ],
            [
              25.822476512114577,
              52.05721667223523
            ],
            [
              25.827042789380613,
              52.05726234887257
            ],
            [
              25.829827041655278,
              52.05584709298341
            ],
            [
              25.83346514928627,
              52.05682867235171
            ],
            [
              25.836732209548984,
              52.05863194197886
            ],
            [
              25.835210376884902,
              52.06214705519142
            ],
            [
              25.831943403728985,
              52.06248942778231
            ],
            [
              25.826671626000888,
              52.06164490597439
            ],
            [
              25.82355315635982,
              52.06242095408274
            ],
            [
              25.81932090856904,
              52.06191882675094
            ]
          ]
        ],
        "type": "Polygon"
      },
      "properties": {
        "id": 53,
        "name": "Озеро Кончицкое",
        "type": "lake",
        "type_ru": "Озеро",
        "district": "Пинский",
        "region": "Брестская область",
        "location_description": "18 км на юго-запад от г. Пинск",
        "activities": "подводная охота, лов рыбы на дорожку с судов с двигателями",
        "coordinate_source": "uploaded_geometry",
        "match_distance_km": 29.4
      }
    },
    {
      "type": "Feature",
      "geometry": {
        "coordinates": [
          [
            [
              26.239005816196567,
              52.14539088550194
            ],
            [
              26.247594543246805,
              52.14536578760348
            ],
            [
              26.248535213351317,
              52.14569205918065
            ],
            [
              26.248044428949385,
              52.15402372322262
            ],
            [
              26.2449770264316,
              52.15367241947766
            ],
            [
              26.237983348690108,
              52.147750024803
            ],
            [
              26.237942449989163,
              52.14644498446603
            ],
            [
              26.239005816196567,
              52.14539088550194
            ]
          ]
        ],
        "type": "Polygon"
      },
      "properties": {
        "id": 54,
        "name": "Пруд Кривичи-1",
        "type": "pond",
        "type_ru": "Пруд",
        "district": "Пинский",
        "region": "Брестская область",
        "location_description": "3 км юго-восточнее дер. Почапово",
        "activities": "подводная охота, лов рыбы на дорожку с судов с двигателями",
        "coordinate_source": "uploaded_geometry",
        "match_distance_km": 29.7
      }
    },
    {
      "type": "Feature",
      "geometry": {
        "coordinates": [
          [
            [
              24.515213028109002,
              52.66971055748061
            ],
            [
              24.51742773154797,
              52.6762650420244
            ],
            [
              24.51621855240012,
              52.67768962398452
            ],
            [
              24.512659047657593,
              52.67728228385053
            ],
            [
              24.510510161039946,
              52.677037905064424
            ],
            [
              24.50721982608914,
              52.680171138650735
            ],
            [
              24.50480282608524,
              52.68171699286586
            ],
            [
              24.50070804678836,
              52.68248927492269
            ],
            [
              24.498761600446016,
              52.683383916036064
            ],
            [
              24.49741939963971,
              52.68261091859347
            ],
            [
              24.497150998695673,
              52.681634625936994
            ],
            [
              24.50010421916238,
              52.680211049235425
            ],
            [
              24.50218528949651,
              52.678054779384354
            ],
            [
              24.50205128962628,
              52.67630499509002
            ],
            [
              24.504468291335485,
              52.67455506688651
            ],
            [
              24.50433413874606,
              52.6739445498647
            ],
            [
              24.501447476740793,
              52.67378172242147
            ],
            [
              24.501716176308207,
              52.672479242494745
            ],
            [
              24.512728277165166,
              52.66971066094237
            ],
            [
              24.515213028109002,
              52.66971055748061
            ]
          ]
        ],
        "type": "Polygon"
      },
      "properties": {
        "id": 55,
        "name": "Водохранилище Паперня",
        "type": "reservoir",
        "type_ru": "Водохранилище",
        "district": "Пружанский",
        "region": "Брестская область",
        "location_description": "44 км на северо-восток от г. Пружаны",
        "activities": "подводная охота, лов рыбы на дорожку с судов с двигателями",
        "coordinate_source": "uploaded_geometry",
        "match_distance_km": 6.3
      }
    },
    {
      "type": "Feature",
      "geometry": {
        "coordinates": [
          [
            [
              24.515213028109002,
              52.66971055748061
            ],
            [
              24.51742773154797,
              52.6762650420244
            ],
            [
              24.51621855240012,
              52.67768962398452
            ],
            [
              24.512659047657593,
              52.67728228385053
            ],
            [
              24.510510161039946,
              52.677037905064424
            ],
            [
              24.50721982608914,
              52.680171138650735
            ],
            [
              24.50480282608524,
              52.68171699286586
            ],
            [
              24.50070804678836,
              52.68248927492269
            ],
            [
              24.498761600446016,
              52.683383916036064
            ],
            [
              24.49741939963971,
              52.68261091859347
            ],
            [
              24.497150998695673,
              52.681634625936994
            ],
            [
              24.50010421916238,
              52.680211049235425
            ],
            [
              24.50218528949651,
              52.678054779384354
            ],
            [
              24.50205128962628,
              52.67630499509002
            ],
            [
              24.504468291335485,
              52.67455506688651
            ],
            [
              24.50433413874606,
              52.6739445498647
            ],
            [
              24.501447476740793,
              52.67378172242147
            ],
            [
              24.501716176308207,
              52.672479242494745
            ],
            [
              24.512728277165166,
              52.66971066094237
            ],
            [
              24.515213028109002,
              52.66971055748061
            ]
          ]
        ],
        "type": "Polygon"
      },
      "properties": {
        "id": 56,
        "name": "Пруд Рудники",
        "type": "pond",
        "type_ru": "Пруд",
        "district": "Пружанский",
        "region": "Брестская область",
        "location_description": "14 км на север от г. Пружаны",
        "activities": "подводная охота, лов рыбы на дорожку с судов с двигателями",
        "coordinate_source": "uploaded_geometry",
        "match_distance_km": 3.3
      }
    },
    {
      "type": "Feature",
      "geometry": {
        "coordinates": [
          [
            [
              24.3097288774415,
              52.48362929826425
            ],
            [
              24.3097288774415,
              52.48359244661481
            ],
            [
              24.30977930485787,
              52.48350338833524
            ],
            [
              24.310243237076065,
              52.48348496246163
            ],
            [
              24.310757596709067,
              52.48358630467038
            ],
            [
              24.31057101527452,
              52.483884187993084
            ],
            [
              24.310283579007262,
              52.483902613699456
            ],
            [
              24.30988015968748,
              52.48377977551152
            ],
            [
              24.3097288774415,
              52.48362929826425
            ]
          ]
        ],
        "type": "Polygon"
      },
      "properties": {
        "id": 57,
        "name": "Обводненные карьеры (Середнее)",
        "type": "quarry",
        "type_ru": "Карьер",
        "district": "Пружанский",
        "region": "Брестская область",
        "location_description": "южнее дер. Середнее",
        "activities": "подводная охота",
        "coordinate_source": "uploaded_geometry",
        "match_distance_km": 10.9
      }
    },
    {
      "type": "Feature",
      "geometry": {
        "type": "MultiPolygon",
        "coordinates": [
          [
            26.969517015184636,
            52.04268848871794
          ],
          [
            26.975981168135434,
            52.04441295679723
          ],
          [
            26.987118202737776,
            52.05083122545611
          ],
          [
            26.986183626407723,
            52.05207645438472
          ],
          [
            26.971386167846163,
            52.05581193295376
          ],
          [
            26.968582438854668,
            52.05068754296224
          ],
          [
            26.969049727020433,
            52.04537096586904
          ],
          [
            26.969517015184636,
            52.04268848871794
          ]
        ]
      },
      "properties": {
        "id": 58,
        "name": "Водохранилище Великие Орлы",
        "type": "reservoir",
        "type_ru": "Водохранилище",
        "district": "Столинский",
        "region": "Брестская область",
        "location_description": "3 км севернее дер. Дубенец",
        "activities": "подводная охота, лов рыбы на дорожку с судов с двигателями",
        "coordinate_source": "uploaded_geometry",
        "match_distance_km": 8.7
      }
    },
    {
      "type": "Feature",
      "geometry": {
        "coordinates": [
          [
            [
              26.454284426938642,
              51.90686737321229
            ],
            [
              26.457427228879908,
              51.9076893013322
            ],
            [
              26.46774381785775,
              51.91373738667576
            ],
            [
              26.46856367923334,
              51.9163713155545
            ],
            [
              26.468017104982522,
              51.91748805475547
            ],
            [
              26.445231790914733,
              51.91750912503943
            ],
            [
              26.441713219177643,
              51.91559168870458
            ],
            [
              26.44154241472401,
              51.91512812037644
            ],
            [
              26.448067144840024,
              51.91034465861492
            ],
            [
              26.454284426938642,
              51.90686737321229
            ]
          ]
        ],
        "type": "Polygon"
      },
      "properties": {
        "id": 59,
        "name": "Водохранилище Морочно",
        "type": "reservoir",
        "type_ru": "Водохранилище",
        "district": "Столинский",
        "region": "Брестская область",
        "location_description": "2,5 км юго-восточнее дер. Нечатово",
        "activities": "подводная охота, лов рыбы на дорожку с судов с двигателями",
        "coordinate_source": "uploaded_geometry",
        "match_distance_km": 23.8
      }
    },
    {
      "type": "Feature",
      "geometry": {
        "type": "Polygon",
        "coordinates": [
          [
            [
              26.893413935252227,
              51.845080547260864
            ],
            [
              26.89347187134004,
              51.844758415138244
            ],
            [
              26.895094081832752,
              51.84469876078842
            ],
            [
              26.89727634118617,
              51.845104408807856
            ],
            [
              26.899188232123862,
              51.84598727715465
            ],
            [
              26.900540074202354,
              51.8474427790554
            ],
            [
              26.90409348766201,
              51.848767006287375
            ],
            [
              26.90509771320481,
              51.849279984745124
            ],
            [
              26.90098425088445,
              51.849482788569645
            ],
            [
              26.899922089252442,
              51.84923226606551
            ],
            [
              26.899419976481028,
              51.84880279567156
            ],
            [
              26.898261254699634,
              51.84763366105969
            ],
            [
              26.898106758462546,
              51.84694170994297
            ],
            [
              26.895924499109157,
              51.846273609116
            ],
            [
              26.894244352527153,
              51.84576059639366
            ],
            [
              26.893413935252227,
              51.845080547260864
            ]
          ]
        ]
      },
      "properties": {
        "id": 60,
        "name": "Озеро Лишня",
        "type": "lake",
        "type_ru": "Озеро",
        "district": "Столинский",
        "region": "Брестская область",
        "location_description": "вблизи аг. Струга",
        "activities": "подводная охота, лов рыбы на дорожку с судов с двигателями",
        "coordinate_source": "approximate_point",
        "match_distance_km": null
      }
    },
    {
      "type": "Feature",
      "geometry": {
        "coordinates": [
          [
            [
              26.5960879464819,
              51.99050084687579
            ],
            [
              26.596055450810837,
              51.98944027392332
            ],
            [
              26.596185433481708,
              51.988950000552904
            ],
            [
              26.59714405558404,
              51.98699885952732
            ],
            [
              26.599646221749794,
              51.98655859031044
            ],
            [
              26.601498474625572,
              51.98700886559533
            ],
            [
              26.603253240508707,
              51.98868985332774
            ],
            [
              26.60265207071575,
              51.990650925935455
            ],
            [
              26.601465978961755,
              51.99193158005866
            ],
            [
              26.59953248692392,
              51.99223172807041
            ],
            [
              26.597534003558508,
              51.992081654316024
            ],
            [
              26.5960879464819,
              51.99050084687579
            ]
          ]
        ],
        "type": "Polygon"
      },
      "properties": {
        "id": 61,
        "name": "Озеро Рухчанское",
        "type": "lake",
        "type_ru": "Озеро",
        "district": "Столинский",
        "region": "Брестская область",
        "location_description": "вблизи дер. Рухча-2",
        "activities": "подводная охота, лов рыбы на дорожку с судов с двигателями",
        "coordinate_source": "uploaded_geometry",
        "match_distance_km": 11.3
      }
    }
  ]
}