{
  "type": "FeatureCollection",
  "metadata": {
    "title": "Рыболовные угодья Гомельской области",
    "description": "Водоёмы для подводной охоты и лова рыбы на дорожку — Гомельская область РБ",
    "total_features": 64,
    "source": "Решение Гомельского облисполкома от 22 июня 2023 г. № 472 (изменение решения от 30 мая 2022 г. № 405)",
    "coordinate_note": "Координаты не заполнены (placeholder). Требуется проставить вручную по данным OSM/топокартам.",
    "updated_from_osm": "2026-03-03"
  },
  "features": [
    {
      "type": "Feature",
      "geometry": {
        "type": "Polygon",
        "coordinates": [
          [
            [
              30.58822900360019,
              51.39582469557854
            ],
            [
              30.588311952373004,
              51.39556592099467
            ],
            [
              30.590286133148453,
              51.39330934458539
            ],
            [
              30.590053876587262,
              51.39276071056449
            ],
            [
              30.586935002755922,
              51.391891163922594
            ],
            [
              30.58642072036784,
              51.39062822151041
            ],
            [
              30.587382926124633,
              51.390483291462516
            ],
            [
              30.588112875319013,
              51.391466736345535
            ],
            [
              30.59104926185242,
              51.39207749673727
            ],
            [
              30.59184557006475,
              51.39351637458137
            ],
            [
              30.59144741595796,
              51.39456186175022
            ],
            [
              30.590020697077648,
              51.39506906968984
            ],
            [
              30.59041885118441,
              51.39615592491012
            ],
            [
              30.589605953217273,
              51.396497502646156
            ],
            [
              30.58822900360019,
              51.39582469557854
            ]
          ]
        ]
      },
      "properties": {
        "id": 1,
        "name": "Озеро Избище",
        "type": "lake",
        "type_ru": "Озеро",
        "district": "Брагинский",
        "region": "Гомельская область",
        "location_description": "в 0,2 км на восток от д. Кирово",
        "activities": "подводная охота, лов рыбы на дорожку с судов с двигателями",
        "coordinate_source": "placeholder"
      }
    },
    {
      "type": "Feature",
      "geometry": {
        "type": "Polygon",
        "coordinates": [
          [
            [
              30.594555538695403,
              51.399797753727285
            ],
            [
              30.595415913268738,
              51.39929241273245
            ],
            [
              30.600210998292255,
              51.39473679194549
            ],
            [
              30.6012402463399,
              51.394721681337444
            ],
            [
              30.60055004470786,
              51.39720730927533
            ],
            [
              30.595403804455316,
              51.400214058663465
            ],
            [
              30.594555538695403,
              51.399797753727285
            ]
          ]
        ]
      },
      "properties": {
        "id": 2,
        "name": "Озеро Тростянец",
        "type": "lake",
        "type_ru": "Озеро",
        "district": "Брагинский",
        "region": "Гомельская область",
        "location_description": "в 1,2 км на северо-восток от д. Кирово",
        "activities": "подводная охота, лов рыбы на дорожку с судов с двигателями",
        "coordinate_source": "placeholder"
      }
    },
    {
      "type": "Feature",
      "geometry": {
        "type": "Polygon",
        "coordinates": [
          [
            [
              30.580378535080627,
              51.41135622748061
            ],
            [
              30.58040840840951,
              51.41043388408883
            ],
            [
              30.581020821479456,
              51.40697725803108
            ],
            [
              30.582096278194115,
              51.40668841748564
            ],
            [
              30.58190209850227,
              51.40898045561639
            ],
            [
              30.58182741402453,
              51.41079723347457
            ],
            [
              30.582902870510623,
              51.41176615214846
            ],
            [
              30.582619069493376,
              51.4127257340584
            ],
            [
              30.580378535080627,
              51.41135622748061
            ]
          ]
        ]
      },
      "properties": {
        "id": 3,
        "name": "Озеро Подборня",
        "type": "lake",
        "type_ru": "Озеро",
        "district": "Брагинский",
        "region": "Гомельская область",
        "location_description": "в 2,7 км на юго-восток от г.п. Комарин",
        "activities": "подводная охота, лов рыбы на дорожку с судов с двигателями",
        "coordinate_source": "placeholder"
      }
    },
    {
      "type": "Feature",
      "geometry": {
        "type": "Polygon",
        "coordinates": [
          [
            [
              30.588539236811954,
              51.4219896667922
            ],
            [
              30.58710136604327,
              51.42141602669588
            ],
            [
              30.58530288702174,
              51.4166772832304
            ],
            [
              30.586295454636883,
              51.41367916545855
            ],
            [
              30.589442223510815,
              51.413115975743466
            ],
            [
              30.589633765926408,
              51.41357676751218
            ],
            [
              30.58733525693188,
              51.41449833711661
            ],
            [
              30.587143714515236,
              51.41589772210244
            ],
            [
              30.58862132748692,
              51.41855984844469
            ],
            [
              30.589141228331954,
              51.41987378955295
            ],
            [
              30.58878550670164,
              51.42086348648564
            ],
            [
              30.58971585557981,
              51.42188728834702
            ],
            [
              30.588539236811954,
              51.4219896667922
            ]
          ]
        ]
      },
      "properties": {
        "id": 4,
        "name": "Озеро Студеное",
        "type": "lake",
        "type_ru": "Озеро",
        "district": "Брагинский",
        "region": "Гомельская область",
        "location_description": "в 2,5 км на юго-восток от г.п. Комарин",
        "activities": "подводная охота, лов рыбы на дорожку с судов с двигателями",
        "coordinate_source": "placeholder"
      }
    },
    {
      "type": "Feature",
      "geometry": {
        "type": "Polygon",
        "coordinates": [
          [
            [
              30.560035035867173,
              51.45097149147253
            ],
            [
              30.559126854361125,
              51.450392048186416
            ],
            [
              30.56107295758997,
              51.44607968109855
            ],
            [
              30.565700358604175,
              51.443788570422896
            ],
            [
              30.569549318325727,
              51.4430473041225
            ],
            [
              30.571646785141212,
              51.44318208070848
            ],
            [
              30.575020030503083,
              51.44618749534112
            ],
            [
              30.57452269278764,
              51.447198240526774
            ],
            [
              30.57173327815866,
              51.44640312285293
            ],
            [
              30.57043587600387,
              51.44421984719213
            ],
            [
              30.567300487467207,
              51.44457025649058
            ],
            [
              30.563365034268287,
              51.44706347579364
            ],
            [
              30.5620243853773,
              51.44948918013259
            ],
            [
              30.560035035867173,
              51.45097149147253
            ]
          ]
        ]
      },
      "properties": {
        "id": 5,
        "name": "Озеро Комаринское",
        "type": "lake",
        "type_ru": "Озеро",
        "district": "Брагинский",
        "region": "Гомельская область",
        "location_description": "в 0,2 км на север от г.п. Комарин",
        "activities": "подводная охота, лов рыбы на дорожку с судов с двигателями",
        "coordinate_source": "placeholder"
      }
    },
    {
      "type": "Feature",
      "geometry": {
        "type": "Polygon",
        "coordinates": [
          [
            [
              30.54439117761393,
              51.50223354218724
            ],
            [
              30.538647124555496,
              51.49562365399257
            ],
            [
              30.5383618935075,
              51.486352078544854
            ],
            [
              30.537783832689655,
              51.479297147337235
            ],
            [
              30.548233170855355,
              51.47391578834427
            ],
            [
              30.556827485954614,
              51.47299111661147
            ],
            [
              30.56628109356376,
              51.477808722608415
            ],
            [
              30.572765805981845,
              51.482139266818166
            ],
            [
              30.570656323265837,
              51.484036791746206
            ],
            [
              30.550967817914426,
              51.477516760296055
            ],
            [
              30.546267388157332,
              51.49167332282818
            ],
            [
              30.548376832009836,
              51.494932377857
            ],
            [
              30.54868921328756,
              51.50427094299553
            ],
            [
              30.54439117761393,
              51.50223354218724
            ]
          ]
        ]
      },
      "properties": {
        "id": 6,
        "name": "Озеро Куличевка",
        "type": "lake",
        "type_ru": "Озеро",
        "district": "Брагинский",
        "region": "Гомельская область",
        "location_description": "в 0,5 км на юго-восток от д. Новая Иолча",
        "activities": "подводная охота, лов рыбы на дорожку с судов с двигателями",
        "coordinate_source": "placeholder"
      }
    },
    {
      "type": "Feature",
      "geometry": {
        "type": "Polygon",
        "coordinates": [
          [
            [
              30.54754425987082,
              51.50680692083881
            ],
            [
              30.55103894642852,
              51.501528206117115
            ],
            [
              30.55280958757774,
              51.49523355470498
            ],
            [
              30.560264918729445,
              51.49503048695965
            ],
            [
              30.566928120946017,
              51.50524077259644
            ],
            [
              30.560824068565864,
              51.51263599965776
            ],
            [
              30.556071294956553,
              51.51344795145215
            ],
            [
              30.54754425987082,
              51.50680692083881
            ]
          ]
        ]
      },
      "properties": {
        "id": 7,
        "name": "Озеро Мочалище",
        "type": "lake",
        "type_ru": "Озеро",
        "district": "Брагинский",
        "region": "Гомельская область",
        "location_description": "в 0,3 км на восток от аг. Красное",
        "activities": "подводная охота, лов рыбы на дорожку с судов с двигателями",
        "coordinate_source": "placeholder"
      }
    },
    {
      "type": "Feature",
      "geometry": {
        "type": "Polygon",
        "coordinates": [
          [
            [
              30.498635342312667,
              51.61264032262514
            ],
            [
              30.498600098015203,
              51.610342253000056
            ],
            [
              30.5023359936028,
              51.60929166813659
            ],
            [
              30.517550597815017,
              51.61141966880621
            ],
            [
              30.51279261758677,
              51.61001891683162
            ],
            [
              30.517585842113874,
              51.60673573502123
            ],
            [
              30.51963001139646,
              51.60537861718575
            ],
            [
              30.526467405206148,
              51.60491893904492
            ],
            [
              30.532141738475218,
              51.610150238827
            ],
            [
              30.531613074269245,
              51.611091371123564
            ],
            [
              30.523295419944816,
              51.61023778686027
            ],
            [
              30.519911967337464,
              51.61236077444619
            ],
            [
              30.516211316048697,
              51.61238266039919
            ],
            [
              30.50401678894403,
              51.61242643227354
            ],
            [
              30.500562847741662,
              51.612295116524336
            ],
            [
              30.498635342312667,
              51.61264032262514
            ]
          ]
        ]
      },
      "properties": {
        "id": 8,
        "name": "Озеро Кривое",
        "type": "lake",
        "type_ru": "Озеро",
        "district": "Брагинский",
        "region": "Гомельская область",
        "location_description": "в 1,7 км на северо-восток от д. Асаревичи",
        "activities": "подводная охота, лов рыбы на дорожку с судов с двигателями",
        "coordinate_source": "placeholder"
      }
    },
    {
      "type": "Feature",
      "geometry": {
        "type": "Polygon",
        "coordinates": [
          [
            [
              30.470841751915998,
              52.059668170088855
            ],
            [
              30.458996483307118,
              52.057274489479084
            ],
            [
              30.45427061589905,
              52.05638097369888
            ],
            [
              30.447363557681854,
              52.04027293367815
            ],
            [
              30.44590142111184,
              52.033334072021574
            ],
            [
              30.438983036197158,
              52.0263953092994
            ],
            [
              30.434983849761323,
              52.021246999722194
            ],
            [
              30.414811975911448,
              52.00987390818068
            ],
            [
              30.410820993711866,
              52.00315938145482
            ],
            [
              30.39445871079903,
              52.0029361571809
            ],
            [
              30.386822980026835,
              51.9935314152568
            ],
            [
              30.365367941677846,
              51.99174017347954
            ],
            [
              30.339573206165795,
              51.965298194404454
            ],
            [
              30.333743792059664,
              51.9496054533428
            ],
            [
              30.333049871985537,
              51.930459897961924
            ],
            [
              30.32941397372886,
              51.92590370833858
            ],
            [
              30.33924566337356,
              51.90840741396141
            ],
            [
              30.34579564543202,
              51.869793173923
            ],
            [
              30.333794052137677,
              51.86170560323575
            ],
            [
              30.341121538170427,
              51.84116030722413
            ],
            [
              30.33420406011402,
              51.820252537092216
            ],
            [
              30.320738763366762,
              51.81912795022197
            ],
            [
              30.30364642051225,
              51.810808305053285
            ],
            [
              30.274547433559462,
              51.80810991750309
            ],
            [
              30.262327050384954,
              51.782008945148846
            ],
            [
              30.283050868217657,
              51.76964522099669
            ],
            [
              30.277869678561444,
              51.759574449688245
            ],
            [
              30.28897258042639,
              51.75041213805602
            ],
            [
              30.287492196939553,
              51.72749409818675
            ],
            [
              30.233467745831092,
              51.718766905589376
            ],
            [
              30.246049377730458,
              51.69308393083847
            ],
            [
              30.275649546455924,
              51.68345506672867
            ],
            [
              30.33633693092594,
              51.67198000655179
            ],
            [
              30.398510530035736,
              51.645351614847186
            ],
            [
              30.380009508289504,
              51.62951953986803
            ],
            [
              30.380748504612143,
              51.610219494927094
            ],
            [
              30.390555734345156,
              51.57971128426556
            ],
            [
              30.4149784228467,
              51.56407944704358
            ],
            [
              30.409060381951008,
              51.530489076965296
            ],
            [
              30.39203685842736,
              51.49778512013984
            ],
            [
              30.400919822565754,
              51.39257636522797
            ],
            [
              30.40017785396003,
              51.35978063448755
            ],
            [
              30.403880111990674,
              51.31446711998845
            ],
            [
              30.41720141104051,
              51.310303721557915
            ],
            [
              30.420901771887316,
              51.376872769201015
            ],
            [
              30.40239996765166,
              51.418890860392935
            ],
            [
              30.40906061717652,
              51.45303096715776
            ],
            [
              30.40535949212702,
              51.486683961680285
            ],
            [
              30.437183359615318,
              51.527220641762625
            ],
            [
              30.419186773566025,
              51.541810561083736
            ],
            [
              30.42146041929192,
              51.54469816582636
            ],
            [
              30.42844116644787,
              51.5573512079018
            ],
            [
              30.42783237994678,
              51.56980883452988
            ],
            [
              30.406578099982028,
              51.57981074036056
            ],
            [
              30.39200398292826,
              51.61621050446908
            ],
            [
              30.41112250489786,
              51.64259640369053
            ],
            [
              30.41021348860278,
              51.64824791295851
            ],
            [
              30.392299269996414,
              51.65728904303137
            ],
            [
              30.37195750523503,
              51.66783445286393
            ],
            [
              30.30881174589561,
              51.69077312772055
            ],
            [
              30.28507424027424,
              51.6901301939437
            ],
            [
              30.266535289191182,
              51.68891079144015
            ],
            [
              30.258182679344344,
              51.69856335179861
            ],
            [
              30.250321510304587,
              51.70811549204549
            ],
            [
              30.25089371233912,
              51.71513146328783
            ],
            [
              30.29669549619834,
              51.7231032888981
            ],
            [
              30.300185248666537,
              51.72587297304776
            ],
            [
              30.29658537143297,
              51.75626006818473
            ],
            [
              30.286661854702686,
              51.758690094427266
            ],
            [
              30.298328756810974,
              51.771917251172965
            ],
            [
              30.296509050508945,
              51.77569611210211
            ],
            [
              30.290865437966488,
              51.77863367168467
            ],
            [
              30.275995618854722,
              51.78279017140915
            ],
            [
              30.2744724097237,
              51.79099137763646
            ],
            [
              30.280976234991783,
              51.80094156664762
            ],
            [
              30.27766323853612,
              51.80443087821274
            ],
            [
              30.287873859836935,
              51.80664611714431
            ],
            [
              30.306595023668677,
              51.805317509521984
            ],
            [
              30.312056353174313,
              51.80985791665739
            ],
            [
              30.319048863700317,
              51.81168123493302
            ],
            [
              30.339306086172485,
              51.813957359951075
            ],
            [
              30.34708772086509,
              51.82344432072108
            ],
            [
              30.350361862880135,
              51.84152754380975
            ],
            [
              30.344424131825804,
              51.85518049516057
            ],
            [
              30.355049609373282,
              51.86693129820381
            ],
            [
              30.350665953487834,
              51.8998623026672
            ],
            [
              30.335105638612816,
              51.92397489656972
            ],
            [
              30.34165534409337,
              51.92649936477588
            ],
            [
              30.34308710477231,
              51.932051230406955
            ],
            [
              30.33776554735121,
              51.93845577710326
            ],
            [
              30.34697658360514,
              51.96368036503941
            ],
            [
              30.370285874627086,
              51.985478513364455
            ],
            [
              30.393595561701744,
              51.98850074276308
            ],
            [
              30.398096340242517,
              51.996182348504675
            ],
            [
              30.400550343751092,
              51.99618234850479
            ],
            [
              30.416713364697983,
              51.999206238010544
            ],
            [
              30.41875180098765,
              52.00449221980091
            ],
            [
              30.424692187388644,
              52.00789495303698
            ],
            [
              30.440056127172767,
              52.01769896269653
            ],
            [
              30.454789045286248,
              52.029912093842654
            ],
            [
              30.452546895522516,
              52.03822183649072
            ],
            [
              30.457252616812468,
              52.04023579388078
            ],
            [
              30.460318490119732,
              52.045143880869375
            ],
            [
              30.45459209642999,
              52.04678134347887
            ],
            [
              30.45663594651117,
              52.0523178612811
            ],
            [
              30.46808715573644,
              52.05395021073801
            ],
            [
              30.473198451368575,
              52.058729314163855
            ],
            [
              30.470841751915998,
              52.059668170088855
            ]
          ]
        ]
      },
      "properties": {
        "id": 9,
        "name": "Участок реки Брагинка",
        "type": "river",
        "type_ru": "Река",
        "district": "Брагинский",
        "region": "Гомельская область",
        "location_description": "в пределах Брагинского района от д. Лубеники вниз по течению до д. Малейки",
        "activities": "подводная охота",
        "coordinate_source": "placeholder"
      }
    },
    {
      "type": "Feature",
      "geometry": {
        "type": "Polygon",
        "coordinates": [
          [
            [
              30.53698371344379,
              52.98633416866505
            ],
            [
              30.537090290854962,
              52.982899185651405
            ],
            [
              30.536432585997233,
              52.970880916900796
            ],
            [
              30.53300243722569,
              52.96925773779097
            ],
            [
              30.538883198686847,
              52.96597403058291
            ],
            [
              30.544273551157318,
              52.96737607556284
            ],
            [
              30.54329313149293,
              52.97331541920434
            ],
            [
              30.541577944382112,
              52.98021261805496
            ],
            [
              30.541822938747856,
              52.98382673242409
            ],
            [
              30.540597896692475,
              52.98965296283157
            ],
            [
              30.538760250415294,
              52.98987416654333
            ],
            [
              30.53698371344379,
              52.98633416866505
            ]
          ]
        ]
      },
      "properties": {
        "id": 10,
        "name": "Пруд Чечера",
        "type": "pond",
        "type_ru": "Пруд",
        "district": "Буда-Кошелевский",
        "region": "Гомельская область",
        "location_description": "в 26 км на север от г. Буда-Кошелево у д. Выдрица",
        "activities": "подводная охота, лов рыбы на дорожку с судов с двигателями",
        "coordinate_source": "placeholder"
      }
    },
    {
      "type": "Feature",
      "geometry": {
        "type": "Polygon",
        "coordinates": [
          [
            [
              30.250083187378323,
              52.551478662314594
            ],
            [
              30.24580833850436,
              52.54840000104198
            ],
            [
              30.244217593335094,
              52.54550537528269
            ],
            [
              30.232113484900566,
              52.53866920682265
            ],
            [
              30.23398668744585,
              52.53568925296145
            ],
            [
              30.24764063609581,
              52.52859325671312
            ],
            [
              30.261898503403415,
              52.522551665620085
            ],
            [
              30.266940936549844,
              52.51475015174623
            ],
            [
              30.273137194364722,
              52.51001567813006
            ],
            [
              30.27111935009927,
              52.500981478778414
            ],
            [
              30.278755615452326,
              52.49238518859957
            ],
            [
              30.2888400823482,
              52.4886136632384
            ],
            [
              30.303823827586314,
              52.489052207447884
            ],
            [
              30.307135218033324,
              52.48510535931891
            ],
            [
              30.31203456432351,
              52.486859500221414
            ],
            [
              30.312322587966605,
              52.490982627164215
            ],
            [
              30.301663824115906,
              52.491244949223756
            ],
            [
              30.286968318556518,
              52.492823744692686
            ],
            [
              30.27846956249161,
              52.49843613412935
            ],
            [
              30.278761522985377,
              52.50711752730561
            ],
            [
              30.273139783843334,
              52.51281933192499
            ],
            [
              30.264491227269446,
              52.524832356659545
            ],
            [
              30.256277623402724,
              52.53009081754013
            ],
            [
              30.23841792444142,
              52.5357830707967
            ],
            [
              30.248066246002196,
              52.54095640793594
            ],
            [
              30.251380036982795,
              52.548059250005394
            ],
            [
              30.250083187378323,
              52.551478662314594
            ]
          ]
        ]
      },
      "properties": {
        "id": 11,
        "name": "Участок реки Днепр",
        "type": "river",
        "type_ru": "Река",
        "district": "Буда-Кошелевский",
        "region": "Гомельская область",
        "location_description": "в пределах Буда-Кошелевского района",
        "activities": "подводная охота, лов рыбы на дорожку с судов с двигателями",
        "coordinate_source": "placeholder"
      }
    },
    {
      "type": "Feature",
      "geometry": {
        "type": "Polygon",
        "coordinates": [
          [
            [
              30.391598043368845,
              52.87786544478129
            ],
            [
              30.390174638501037,
              52.877875354760505
            ],
            [
              30.389815347991686,
              52.87648757226856
            ],
            [
              30.401456386533795,
              52.865947630673446
            ],
            [
              30.408067342263138,
              52.85635970109823
            ],
            [
              30.413312992213548,
              52.8503715933376
            ],
            [
              30.415899858634106,
              52.8444261054357
            ],
            [
              30.419923918499194,
              52.83973854253114
            ],
            [
              30.418414891881525,
              52.836743452675705
            ],
            [
              30.419780197907272,
              52.83361791407316
            ],
            [
              30.422295235323446,
              52.83227212679719
            ],
            [
              30.42739716836809,
              52.83266284352774
            ],
            [
              30.43364887813624,
              52.829146251649036
            ],
            [
              30.439183453153248,
              52.824934006786634
            ],
            [
              30.448817516516783,
              52.81503015427262
            ],
            [
              30.45183779624898,
              52.811293660171344
            ],
            [
              30.45536069233333,
              52.80881683762709
            ],
            [
              30.45773011408275,
              52.80450176248846
            ],
            [
              30.457372251276297,
              52.80199229307175
            ],
            [
              30.46125400429571,
              52.79612503929795
            ],
            [
              30.46007071589142,
              52.791141227575935
            ],
            [
              30.462094672187362,
              52.78776689870324
            ],
            [
              30.46511380045689,
              52.78398437796295
            ],
            [
              30.468995470715498,
              52.78146257162612
            ],
            [
              30.474674075792933,
              52.777984065197245
            ],
            [
              30.478982227293614,
              52.77907415361213
            ],
            [
              30.486889613146815,
              52.77468209958883
            ],
            [
              30.50148170129259,
              52.769158939549385
            ],
            [
              30.521768177982523,
              52.764658206891056
            ],
            [
              30.575005430823694,
              52.7592173099122
            ],
            [
              30.57974807533273,
              52.75452088174276
            ],
            [
              30.584491037648462,
              52.755695073957156
            ],
            [
              30.593689052381762,
              52.754390366227625
            ],
            [
              30.598216121297924,
              52.750997938044776
            ],
            [
              30.60425193319216,
              52.75069352260596
            ],
            [
              30.60633609861884,
              52.7479096911411
            ],
            [
              30.614384150879516,
              52.74442986564142
            ],
            [
              30.62559332835687,
              52.74573478862044
            ],
            [
              30.629688981030768,
              52.74560429569681
            ],
            [
              30.631341583612056,
              52.744560353430046
            ],
            [
              30.634647046657307,
              52.743255375616116
            ],
            [
              30.638960004416788,
              52.739676574532666
            ],
            [
              30.652253623871985,
              52.733977178504574
            ],
            [
              30.661236106934098,
              52.731757996876695
            ],
            [
              30.67726555880543,
              52.7228366055283
            ],
            [
              30.683949007338413,
              52.720486051228676
            ],
            [
              30.70881124112873,
              52.71430498122851
            ],
            [
              30.721890294674154,
              52.717308860670556
            ],
            [
              30.74552658794795,
              52.72344539921184
            ],
            [
              30.75630718272103,
              52.72018061339736
            ],
            [
              30.767880464184913,
              52.72065938272516
            ],
            [
              30.77312737304152,
              52.72209614932464
            ],
            [
              30.77291670426598,
              52.73132490203821
            ],
            [
              30.776869799152877,
              52.73249978026101
            ],
            [
              30.783049301869966,
              52.7314119869753
            ],
            [
              30.788294704430513,
              52.730193595709636
            ],
            [
              30.797348675137727,
              52.72897514748763
            ],
            [
              30.800294960081573,
              52.72880101972976
            ],
            [
              30.8119357382036,
              52.73132492916807
            ],
            [
              30.823476801410322,
              52.73523774047399
            ],
            [
              30.837846236981875,
              52.73645509289764
            ],
            [
              30.856959411708573,
              52.739326467190864
            ],
            [
              30.8719585905923,
              52.736284230558766
            ],
            [
              30.887113583272736,
              52.73985019289191
            ],
            [
              30.90299433411232,
              52.743156501935744
            ],
            [
              30.90917218896675,
              52.737762257952625
            ],
            [
              30.913834293874828,
              52.727281786417905
            ],
            [
              30.923529855812717,
              52.721799907356626
            ],
            [
              30.929422133837505,
              52.72027652293937
            ],
            [
              30.930931164687905,
              52.720450619671766
            ],
            [
              30.931160423926343,
              52.72269111309291
            ],
            [
              30.935184245425773,
              52.72190772070181
            ],
            [
              30.936693392175187,
              52.718817483923004
            ],
            [
              30.943375933192698,
              52.716902367973915
            ],
            [
              30.944957199086076,
              52.71476928966251
            ],
            [
              30.950203517049857,
              52.71415960872193
            ],
            [
              30.950403538844824,
              52.71161128456387
            ],
            [
              30.952560367712806,
              52.70882423147802
            ],
            [
              30.95579483632767,
              52.7092594965263
            ],
            [
              30.956368937564747,
              52.713396211292746
            ],
            [
              30.95967538475483,
              52.713396057865054
            ],
            [
              30.961257262465494,
              52.711523598044806
            ],
            [
              30.964635515191333,
              52.712481408732515
            ],
            [
              30.965138268633808,
              52.713961858485646
            ],
            [
              30.964491341848344,
              52.71387480260037
            ],
            [
              30.961184964722804,
              52.713091190016115
            ],
            [
              30.960465767290657,
              52.71457163240544
            ],
            [
              30.956009175554584,
              52.71505074198046
            ],
            [
              30.95370957877671,
              52.712917381505946
            ],
            [
              30.953782004779868,
              52.71026120098392
            ],
            [
              30.952056715945957,
              52.711437017401806
            ],
            [
              30.952056008474244,
              52.7150944381834
            ],
            [
              30.946449793078074,
              52.71622658510029
            ],
            [
              30.93947830843004,
              52.71975277350472
            ],
            [
              30.93832854551232,
              52.71927399191918
            ],
            [
              30.93811271687383,
              52.72210314975007
            ],
            [
              30.930855409430933,
              52.72384404272748
            ],
            [
              30.928555838484414,
              52.722494754337475
            ],
            [
              30.924675200227,
              52.72258181444491
            ],
            [
              30.91533229161419,
              52.72958899555954
            ],
            [
              30.91763285391673,
              52.73202582019047
            ],
            [
              30.916411806522973,
              52.733505154028876
            ],
            [
              30.913248100621928,
              52.73224356366251
            ],
            [
              30.91174080356936,
              52.73724727033965
            ],
            [
              30.903763859471297,
              52.744643552561826
            ],
            [
              30.885691997976295,
              52.741017824777515
            ],
            [
              30.88003438864331,
              52.73948718739928
            ],
            [
              30.87710164514621,
              52.738267410116435
            ],
            [
              30.871771702616883,
              52.737325533415714
            ],
            [
              30.865141131476662,
              52.738483566962316
            ],
            [
              30.86322847267428,
              52.73922469785717
            ],
            [
              30.857413989915102,
              52.74025917199327
            ],
            [
              30.856011373460518,
              52.740058455050786
            ],
            [
              30.849859201649963,
              52.73923684782309
            ],
            [
              30.825623184172315,
              52.73661510648196
            ],
            [
              30.82174686233259,
              52.73607466742712
            ],
            [
              30.816952464268013,
              52.73423712452106
            ],
            [
              30.80882804720983,
              52.731520080013496
            ],
            [
              30.803727623737416,
              52.73040818244198
            ],
            [
              30.79906073625986,
              52.72969778859229
            ],
            [
              30.792736186558955,
              52.73074791370482
            ],
            [
              30.790415493879664,
              52.73091778745635
            ],
            [
              30.78781427790844,
              52.73168993253083
            ],
            [
              30.78564659793213,
              52.73210688518503
            ],
            [
              30.78597812545803,
              52.73280179741414
            ],
            [
              30.78406546665562,
              52.73303343236225
            ],
            [
              30.781744801789984,
              52.73235394456336
            ],
            [
              30.78003615992651,
              52.733048852854466
            ],
            [
              30.7774094418383,
              52.733774634132345
            ],
            [
              30.774683618304607,
              52.73348585932041
            ],
            [
              30.77085830054483,
              52.731509222031775
            ],
            [
              30.771265750583495,
              52.727567932641364
            ],
            [
              30.771673784461342,
              52.72296531077089
            ],
            [
              30.770296683527363,
              52.72200763122339
            ],
            [
              30.76858804166386,
              52.72186861525486
            ],
            [
              30.76560429393183,
              52.721636920989454
            ],
            [
              30.756576544385638,
              52.72084915128002
            ],
            [
              30.748466861696727,
              52.72455618961291
            ],
            [
              30.74561062455166,
              52.72484964916342
            ],
            [
              30.73446873802149,
              52.72205472677405
            ],
            [
              30.72106222371775,
              52.71839231984481
            ],
            [
              30.719379083971262,
              52.71746546152815
            ],
            [
              30.70986617210886,
              52.71542931684303
            ],
            [
              30.698160705389313,
              52.718426235816196
            ],
            [
              30.68778133561196,
              52.72078964489742
            ],
            [
              30.681584382496794,
              52.72248873576564
            ],
            [
              30.667224962998972,
              52.72982969196033
            ],
            [
              30.662882028214852,
              52.73239794555741
            ],
            [
              30.658640898979627,
              52.73335331033633
            ],
            [
              30.654416716318764,
              52.734257279793525
            ],
            [
              30.64781748810111,
              52.73729777332338
            ],
            [
              30.642592394688677,
              52.73950610218375
            ],
            [
              30.639844131271133,
              52.7409645650111
            ],
            [
              30.636434258728087,
              52.74371701369404
            ],
            [
              30.635908356469486,
              52.74396349406467
            ],
            [
              30.63185381220677,
              52.74513426077988
            ],
            [
              30.630937724400923,
              52.74625364484507
            ],
            [
              30.627205514821156,
              52.747003308003485
            ],
            [
              30.62176137126596,
              52.74634255687627
            ],
            [
              30.615806800527224,
              52.74542856840182
            ],
            [
              30.607764366463186,
              52.748396691937955
            ],
            [
              30.605609863659282,
              52.750912509995345
            ],
            [
              30.604098020849847,
              52.751651029320186
            ],
            [
              30.599314006752905,
              52.75168183383306
            ],
            [
              30.596813191961218,
              52.75454599198375
            ],
            [
              30.59451402049922,
              52.755679867727935
            ],
            [
              30.584848736820305,
              52.756942533101665
            ],
            [
              30.58029285420446,
              52.75601486414908
            ],
            [
              30.57718463522403,
              52.75951928764297
            ],
            [
              30.573352610369398,
              52.760549992921455
            ],
            [
              30.56441115629599,
              52.76176098590119
            ],
            [
              30.537713791204396,
              52.76395101778317
            ],
            [
              30.51424458631925,
              52.7690717271048
            ],
            [
              30.49432767212835,
              52.77596401923125
            ],
            [
              30.481113626547625,
              52.78045312174902
            ],
            [
              30.475840755889124,
              52.780059412016016
            ],
            [
              30.46900531358429,
              52.78494207707885
            ],
            [
              30.46480580132163,
              52.7971399537804
            ],
            [
              30.46187735400153,
              52.80469421948712
            ],
            [
              30.454784698382753,
              52.811695603078505
            ],
            [
              30.448796867907134,
              52.8205828705365
            ],
            [
              30.436356487577598,
              52.830047667748374
            ],
            [
              30.427962034241602,
              52.833821845586215
            ],
            [
              30.422300658735594,
              52.83350734329076
            ],
            [
              30.420608753412523,
              52.83555156750714
            ],
            [
              30.422495878580406,
              52.8386963399804
            ],
            [
              30.421194453410635,
              52.84219465787427
            ],
            [
              30.41709483666503,
              52.84577127160122
            ],
            [
              30.41676947025752,
              52.8507623169628
            ],
            [
              30.413841172581556,
              52.854966925572484
            ],
            [
              30.409741606270074,
              52.86203921034314
            ],
            [
              30.40401515748212,
              52.86710695047458
            ],
            [
              30.396528636347142,
              52.87351000145867
            ],
            [
              30.392495743548835,
              52.87795009727358
            ],
            [
              30.391598043368845,
              52.87786544478129
            ]
          ]
        ]
      },
      "properties": {
        "id": 12,
        "name": "Участок реки Липа",
        "type": "river",
        "type_ru": "Река",
        "district": "Буда-Кошелевский",
        "region": "Гомельская область",
        "location_description": "в пределах Буда-Кошелевского района, за исключением зон радиоактивного загрязнения",
        "activities": "подводная охота, лов рыбы на дорожку с судов с двигателями",
        "coordinate_source": "placeholder"
      }
    },
    {
      "type": "Feature",
      "geometry": {
        "type": "Polygon",
        "coordinates": [
          [
            [
              31.37163268431337,
              52.93018798039145
            ],
            [
              31.35487605560499,
              52.928265921962804
            ],
            [
              31.35384658236137,
              52.91893149237592
            ],
            [
              31.36278392342976,
              52.914273801338055
            ],
            [
              31.367359124933074,
              52.90786415688163
            ],
            [
              31.3504863190102,
              52.89723660396271
            ],
            [
              31.36351251212764,
              52.89344770717568
            ],
            [
              31.359415520462875,
              52.88703688546087
            ],
            [
              31.34540263573723,
              52.88499732973668
            ],
            [
              31.337618167764873,
              52.87865005382318
            ],
            [
              31.33592401613143,
              52.868298075540764
            ],
            [
              31.337372075682453,
              52.863777925945186
            ],
            [
              31.33906042176443,
              52.85561176878474
            ],
            [
              31.3414843645171,
              52.84569274381727
            ],
            [
              31.330384384014877,
              52.839853288774464
            ],
            [
              31.330223280646834,
              52.82218441282487
            ],
            [
              31.339151882271835,
              52.81706967464416
            ],
            [
              31.33553902014276,
              52.8088923700889
            ],
            [
              31.327559385293483,
              52.809476291642966
            ],
            [
              31.323687872319084,
              52.80743107685737
            ],
            [
              31.32369104783359,
              52.792242574862456
            ],
            [
              31.329497232959056,
              52.7821609818713
            ],
            [
              31.335781280013578,
              52.773097102249636
            ],
            [
              31.34302240233788,
              52.771927531424126
            ],
            [
              31.337470527890787,
              52.76988053706182
            ],
            [
              31.331409698864462,
              52.750429682604704
            ],
            [
              31.335516111286353,
              52.74458069578009
            ],
            [
              31.343499522358968,
              52.73844029079984
            ],
            [
              31.360429768317744,
              52.73566226084424
            ],
            [
              31.370801317085323,
              52.73346636698284
            ],
            [
              31.37201910465467,
              52.72702842015633
            ],
            [
              31.36086154514919,
              52.71883861116493
            ],
            [
              31.35961414294775,
              52.70907750458301
            ],
            [
              31.356522829676067,
              52.68861396503698
            ],
            [
              31.335751421907787,
              52.68714959837351
            ],
            [
              31.33479144131448,
              52.680712526096045
            ],
            [
              31.321770746914723,
              52.674418585493555
            ],
            [
              31.31525480807528,
              52.66709823547234
            ],
            [
              31.309692210655157,
              52.66768374257572
            ],
            [
              31.30678815208472,
              52.67792950197614
            ],
            [
              31.285038967217844,
              52.6837785863805
            ],
            [
              31.273950872227488,
              52.682025514719555
            ],
            [
              31.249088245604895,
              52.679204333088336
            ],
            [
              31.218432955015146,
              52.67550376470629
            ],
            [
              31.202480689882037,
              52.66716153481386
            ],
            [
              31.204040032509482,
              52.659127248425705
            ],
            [
              31.19341119772858,
              52.659125670157806
            ],
            [
              31.188303878580314,
              52.65304538785253
            ],
            [
              31.189501483895725,
              52.64797542042592
            ],
            [
              31.192882149386236,
              52.642558406290476
            ],
            [
              31.18731849133539,
              52.64167844684965
            ],
            [
              31.187570318445097,
              52.63684729935514
            ],
            [
              31.1818044220592,
              52.63230722144641
            ],
            [
              31.16756587158477,
              52.62761863724339
            ],
            [
              31.152364977366346,
              52.62893676648346
            ],
            [
              31.15018360247447,
              52.6358231632384
            ],
            [
              31.141502810379393,
              52.63406548749222
            ],
            [
              31.14029846076582,
              52.63040181272484
            ],
            [
              31.143920640579523,
              52.62776368369981
            ],
            [
              31.15647380055421,
              52.622634139477526
            ],
            [
              31.170445695019566,
              52.62176007146118
            ],
            [
              31.189758780401547,
              52.63083709067294
            ],
            [
              31.199895645205032,
              52.63816398173961
            ],
            [
              31.20206823407304,
              52.64460849435781
            ],
            [
              31.194585912599877,
              52.65266291997352
            ],
            [
              31.203762793160507,
              52.65222318783643
            ],
            [
              31.211005121069547,
              52.65764303224003
            ],
            [
              31.212474649118008,
              52.66497379904814
            ],
            [
              31.22331079385927,
              52.66905996463646
            ],
            [
              31.235863955701916,
              52.670084270286935
            ],
            [
              31.257590234431632,
              52.6708134044452
            ],
            [
              31.2882316170882,
              52.67774420055437
            ],
            [
              31.29692121497385,
              52.675987584897996
            ],
            [
              31.303916986502855,
              52.66223275986175
            ],
            [
              31.319855855490772,
              52.662372188182985
            ],
            [
              31.340911609783234,
              52.675080769590835
            ],
            [
              31.359752939486214,
              52.683138769051084
            ],
            [
              31.362628759810946,
              52.693984586173656
            ],
            [
              31.368171505867366,
              52.71110852691123
            ],
            [
              31.374177292431426,
              52.717262651233625
            ],
            [
              31.37899652801704,
              52.73261032505144
            ],
            [
              31.3674252052991,
              52.740211873817174
            ],
            [
              31.34304980464367,
              52.74459902027934
            ],
            [
              31.34111296178645,
              52.74796060470351
            ],
            [
              31.339197287158868,
              52.75731130701658
            ],
            [
              31.34642556992071,
              52.764906155857034
            ],
            [
              31.352941385454358,
              52.77045558675371
            ],
            [
              31.331461875837448,
              52.786688829030425
            ],
            [
              31.32734682363599,
              52.796476208178035
            ],
            [
              31.33556237294445,
              52.80348430089384
            ],
            [
              31.34446295304636,
              52.810053552560134
            ],
            [
              31.35141715883961,
              52.81792814109758
            ],
            [
              31.334832469671085,
              52.82348145330013
            ],
            [
              31.338040232601145,
              52.8358336279062
            ],
            [
              31.34623766748433,
              52.844739836639405
            ],
            [
              31.344056806078157,
              52.852765641075734
            ],
            [
              31.348654570775636,
              52.86137462511584
            ],
            [
              31.34116388890854,
              52.866188839700186
            ],
            [
              31.34406821162264,
              52.87654298238121
            ],
            [
              31.35301787414764,
              52.88120772628665
            ],
            [
              31.365087550405974,
              52.882086171421946
            ],
            [
              31.372543377454434,
              52.89477336350467
            ],
            [
              31.36797172560341,
              52.89520934764042
            ],
            [
              31.366022684845092,
              52.90001911952206
            ],
            [
              31.37452784864098,
              52.90978532954509
            ],
            [
              31.36800812068148,
              52.91823952718735
            ],
            [
              31.360990978536734,
              52.91838353845347
            ],
            [
              31.35736694459854,
              52.92202678263311
            ],
            [
              31.375756240984344,
              52.92698666407816
            ],
            [
              31.37163268431337,
              52.93018798039145
            ]
          ]
        ]
      },
      "properties": {
        "id": 13,
        "name": "Участок реки Беседь",
        "type": "river",
        "type_ru": "Река",
        "district": "Ветковский",
        "region": "Гомельская область",
        "location_description": "в пределах Ветковского района, за исключением зон радиоактивного загрязнения",
        "activities": "подводная охота, лов рыбы на дорожку с судов с двигателями",
        "coordinate_source": "placeholder"
      }
    },
    {
      "type": "Feature",
      "geometry": {
        "type": "Polygon",
        "coordinates": [
          [
            [
              31.104676397265223,
              52.48048379599766
            ],
            [
              31.106844170246717,
              52.47767756500954
            ],
            [
              31.113641268986783,
              52.47965829021007
            ],
            [
              31.12477877271158,
              52.47866723838689
            ],
            [
              31.132130219196142,
              52.485609446693246
            ],
            [
              31.136478760676397,
              52.48478188076044
            ],
            [
              31.139725192416506,
              52.478831068935676
            ],
            [
              31.146517186340077,
              52.47833496595402
            ],
            [
              31.158761397076347,
              52.48461742907972
            ],
            [
              31.15686260212621,
              52.492063403382815
            ],
            [
              31.145718567724032,
              52.49537308762655
            ],
            [
              31.145718567724032,
              52.49735859631582
            ],
            [
              31.161745778037755,
              52.49487806823342
            ],
            [
              31.16391858919718,
              52.49868340937135
            ],
            [
              31.159034251160506,
              52.50678859022182
            ],
            [
              31.172328646723486,
              52.51406542243359
            ],
            [
              31.1753172791002,
              52.52464656168834
            ],
            [
              31.17531835524855,
              52.542662068846624
            ],
            [
              31.170656030840775,
              52.558547944469865
            ],
            [
              31.15245316171655,
              52.56664851618592
            ],
            [
              31.143750814475368,
              52.57144280358111
            ],
            [
              31.135315042655975,
              52.575078542724356
            ],
            [
              31.133952601075947,
              52.579870644381145
            ],
            [
              31.120630354215734,
              52.58251650807429
            ],
            [
              31.11328417711391,
              52.58135813208929
            ],
            [
              31.106755898195928,
              52.58598383656212
            ],
            [
              31.111384258849966,
              52.59144095945075
            ],
            [
              31.109534674883207,
              52.604349333881856
            ],
            [
              31.104330494976068,
              52.607064420372325
            ],
            [
              31.10677813316056,
              52.613174516169295
            ],
            [
              31.11086023892304,
              52.616971672376366
            ],
            [
              31.120382327629102,
              52.61531976020342
            ],
            [
              31.127726185159474,
              52.61350312484285
            ],
            [
              31.142944482372798,
              52.613175064558305
            ],
            [
              31.138333979371964,
              52.61895280480161
            ],
            [
              31.139149354141807,
              52.6278689608242
            ],
            [
              31.14484006615848,
              52.6389242822419
            ],
            [
              31.1369551143936,
              52.64469908763533
            ],
            [
              31.12663032907446,
              52.64569165733349
            ],
            [
              31.12254819527783,
              52.6546011408536
            ],
            [
              31.106241197678145,
              52.65756977455459
            ],
            [
              31.085293990491948,
              52.657900145459024
            ],
            [
              31.085025842523606,
              52.66515816939858
            ],
            [
              31.080123967054163,
              52.670839156813116
            ],
            [
              31.08066481792224,
              52.68039868626181
            ],
            [
              31.07305114614661,
              52.686000462995025
            ],
            [
              31.069518460689892,
              52.68484987153951
            ],
            [
              31.067072319525778,
              52.681720143006544
            ],
            [
              31.05728358387981,
              52.68287402803384
            ],
            [
              31.052661467407006,
              52.6881463251012
            ],
            [
              31.043144837845063,
              52.68732335427595
            ],
            [
              31.03988217899169,
              52.68913606401702
            ],
            [
              31.041242341815888,
              52.691441924447815
            ],
            [
              31.034989017315183,
              52.69407845319546
            ],
            [
              31.027919197013546,
              52.695068134645624
            ],
            [
              31.03417337064576,
              52.70215198020091
            ],
            [
              31.027918438345154,
              52.70544938599636
            ],
            [
              31.015684807143572,
              52.70231715084253
            ],
            [
              31.01106253295157,
              52.70956583689292
            ],
            [
              31.001819719975686,
              52.71055287864664
            ],
            [
              30.9917610928033,
              52.70478669928244
            ],
            [
              30.992848497233126,
              52.70033865385503
            ],
            [
              31.001819719975686,
              52.70692894822028
            ],
            [
              31.00698507964438,
              52.70594091670441
            ],
            [
              31.01160678551244,
              52.69902173637223
            ],
            [
              31.027647095983866,
              52.70132971005614
            ],
            [
              31.02764731396934,
              52.699846545503476
            ],
            [
              31.02084984596405,
              52.69622174754275
            ],
            [
              31.024389766281047,
              52.69242627276614
            ],
            [
              31.03525975290134,
              52.69045476046165
            ],
            [
              31.034990692124126,
              52.68731975706751
            ],
            [
              31.039611678949285,
              52.68517842779079
            ],
            [
              31.04939838470179,
              52.68452181971114
            ],
            [
              31.0529330347033,
              52.67974198346403
            ],
            [
              31.069247594114074,
              52.67759887619192
            ],
            [
              31.073054117153674,
              52.68122532231101
            ],
            [
              31.076317236524687,
              52.6766097142951
            ],
            [
              31.074685342550282,
              52.667211355264755
            ],
            [
              31.079850708029994,
              52.663748291916505
            ],
            [
              31.078213722001607,
              52.65748202639992
            ],
            [
              31.08120159161004,
              52.65303056541251
            ],
            [
              31.120088822125723,
              52.65071945260891
            ],
            [
              31.124702095132932,
              52.642473592481565
            ],
            [
              31.13693994926615,
              52.6393381983718
            ],
            [
              31.135590840295293,
              52.631580329004606
            ],
            [
              31.12987874142263,
              52.62266749234888
            ],
            [
              31.133416916461158,
              52.61705573057614
            ],
            [
              31.12444304072764,
              52.61788098464075
            ],
            [
              31.11193198260048,
              52.62002605642715
            ],
            [
              31.10540221996814,
              52.617714102387026
            ],
            [
              31.10050846915584,
              52.60880056394339
            ],
            [
              31.090996204205794,
              52.606489242703276
            ],
            [
              31.092087461551586,
              52.60236069919432
            ],
            [
              31.10459546262865,
              52.60269094599195
            ],
            [
              31.104592003924182,
              52.59212200845198
            ],
            [
              31.101051455326598,
              52.585360354403804
            ],
            [
              31.10839023229832,
              52.57743209237512
            ],
            [
              31.118457548283004,
              52.57726582892374
            ],
            [
              31.122811462257346,
              52.578752408662325
            ],
            [
              31.126322743205037,
              52.57148645681383
            ],
            [
              31.141011284602627,
              52.568841230107836
            ],
            [
              31.158152176671337,
              52.55793906572717
            ],
            [
              31.165481073499933,
              52.55033493061612
            ],
            [
              31.166841976349673,
              52.54289539186172
            ],
            [
              31.16603063950771,
              52.52337996180307
            ],
            [
              31.160870504259123,
              52.51361663070466
            ],
            [
              31.15132051184881,
              52.50812639396585
            ],
            [
              31.155941301857723,
              52.499523781449625
            ],
            [
              31.141535521630146,
              52.50068228570174
            ],
            [
              31.139361118497675,
              52.495553363489705
            ],
            [
              31.150505084989277,
              52.4894304205167
            ],
            [
              31.148331343884706,
              52.484465350548646
            ],
            [
              31.142624197083364,
              52.48347221949618
            ],
            [
              31.139309447961494,
              52.4892940681886
            ],
            [
              31.13251509386123,
              52.4892940681886
            ],
            [
              31.113762939183744,
              52.48681152919471
            ],
            [
              31.104676397265223,
              52.48048379599766
            ]
          ]
        ]
      },
      "properties": {
        "id": 14,
        "name": "Участок реки Сож",
        "type": "river",
        "type_ru": "Река",
        "district": "Ветковский",
        "region": "Гомельская область",
        "location_description": "в пределах Ветковского района от устья р. Липа (п. Однополье) вниз по течению до границы с Гомельским районом, за исключением зон радиоактивного загрязнения",
        "activities": "подводная охота, лов рыбы на дорожку с судов с двигателями",
        "coordinate_source": "placeholder"
      }
    },
    {
      "type": "Feature",
      "geometry": {
        "type": "Polygon",
        "coordinates": [
          [
            [
              31.09364827368364,
              52.47793883231083
            ],
            [
              31.088502533348247,
              52.475771186823124
            ],
            [
              31.09076442461398,
              52.46957071962461
            ],
            [
              31.0783122861896,
              52.464055467010326
            ],
            [
              31.07643141511022,
              52.454868744397544
            ],
            [
              31.054190341352097,
              52.44705760957174
            ],
            [
              31.054185534880617,
              52.44108344020941
            ],
            [
              31.041370139621478,
              52.441313216061104
            ],
            [
              31.01759417054501,
              52.43555913200208
            ],
            [
              31.009270697173065,
              52.41624862787302
            ],
            [
              30.999161689903303,
              52.40154295597881
            ],
            [
              31.005201529721404,
              52.38750992035699
            ],
            [
              30.99766118864602,
              52.386359431096196
            ],
            [
              30.987857332173547,
              52.38843034486919
            ],
            [
              30.974273742902113,
              52.39717220965352
            ],
            [
              30.95996097200782,
              52.39395215590065
            ],
            [
              30.95241796011669,
              52.379686285305866
            ],
            [
              30.94600895888425,
              52.37600404129279
            ],
            [
              30.946385958956796,
              52.37001973988018
            ],
            [
              30.968251963161947,
              52.36265333270083
            ],
            [
              30.95241796011669,
              52.35966037891424
            ],
            [
              30.950909959827413,
              52.35597646517533
            ],
            [
              30.966743962872613,
              52.349298588746876
            ],
            [
              30.9584461857919,
              52.34654296455693
            ],
            [
              30.94298697580092,
              52.34538983617011
            ],
            [
              30.93055538839465,
              52.341940004982405
            ],
            [
              30.93055031539933,
              52.32604264721007
            ],
            [
              30.920751395145544,
              52.32373961404966
            ],
            [
              30.912080349206292,
              52.319130949031745
            ],
            [
              30.921507387242286,
              52.31429208787404
            ],
            [
              30.938846069827804,
              52.313830423521324
            ],
            [
              30.945989877482276,
              52.31198318318772
            ],
            [
              30.94072830032124,
              52.30599354055093
            ],
            [
              30.90755520199309,
              52.29008613942469
            ],
            [
              30.892853357946535,
              52.26309911943443
            ],
            [
              30.88078832541089,
              52.25596935976631
            ],
            [
              30.880789549079793,
              52.24972629662133
            ],
            [
              30.889290688270762,
              52.23029494177797
            ],
            [
              30.90289077731157,
              52.224394198644006
            ],
            [
              30.91195932484564,
              52.23862477048226
            ],
            [
              30.915925646481924,
              52.23411311790605
            ],
            [
              30.91139082679976,
              52.22647688217344
            ],
            [
              30.914790849060324,
              52.216756757425486
            ],
            [
              30.92669092697085,
              52.213284768686265
            ],
            [
              30.924425129191036,
              52.19904674918786
            ],
            [
              30.924426883919722,
              52.19175211044484
            ],
            [
              30.9385980413698,
              52.18445571630764
            ],
            [
              30.940297573065635,
              52.17785363362259
            ],
            [
              30.928954964069646,
              52.17125295542226
            ],
            [
              30.932355988696514,
              52.16673445789007
            ],
            [
              30.955598098762152,
              52.15977965646721
            ],
            [
              30.951629714374292,
              52.14865412407684
            ],
            [
              30.934619151447293,
              52.139269808501666
            ],
            [
              30.941423227678797,
              52.124658065791266
            ],
            [
              30.93632432337435,
              52.11352299368278
            ],
            [
              30.943691038270856,
              52.10029734861814
            ],
            [
              30.909102668715775,
              52.10623802466387
            ],
            [
              30.904575919545124,
              52.10101157586118
            ],
            [
              30.915916653851127,
              52.097868923099355
            ],
            [
              30.928389751497605,
              52.093684257261145
            ],
            [
              30.952757764298923,
              52.09542375371231
            ],
            [
              30.957291127311635,
              52.10134162110893
            ],
            [
              30.948793595854625,
              52.11073716189412
            ],
            [
              30.95273843512166,
              52.12501659667603
            ],
            [
              30.945951664971403,
              52.13996554228396
            ],
            [
              30.95558553176403,
              52.140312877014736
            ],
            [
              30.961824175150355,
              52.14448362575175
            ],
            [
              30.96747426411426,
              52.164305231724086
            ],
            [
              30.94143061581255,
              52.169165174037516
            ],
            [
              30.950494415496735,
              52.17646433500832
            ],
            [
              30.947662019061028,
              52.186888261190575
            ],
            [
              30.935195111877647,
              52.19314154903171
            ],
            [
              30.937457664127862,
              52.208076276718685
            ],
            [
              30.94482241338207,
              52.21154852646919
            ],
            [
              30.95048144541917,
              52.21744999855707
            ],
            [
              30.94820908368203,
              52.22439152338052
            ],
            [
              30.92045755282652,
              52.22022847478334
            ],
            [
              30.920458755879963,
              52.229948173501185
            ],
            [
              30.944243412813762,
              52.232373866404856
            ],
            [
              30.9510506659592,
              52.2393160557217
            ],
            [
              30.948224401284875,
              52.245910749524256
            ],
            [
              30.90119076001949,
              52.245563790793426
            ],
            [
              30.90232410077303,
              52.23272441036519
            ],
            [
              30.8960907266287,
              52.23376557958929
            ],
            [
              30.890423711328594,
              52.249033046598726
            ],
            [
              30.89665739700544,
              52.25284935440081
            ],
            [
              30.914219984399836,
              52.28128274092535
            ],
            [
              30.936890878631004,
              52.294804681933726
            ],
            [
              30.95103366307302,
              52.30171733965699
            ],
            [
              30.956116985490183,
              52.313136020410354
            ],
            [
              30.95386101428818,
              52.3197245882065
            ],
            [
              30.924990915840567,
              52.31905837382885
            ],
            [
              30.93909617292053,
              52.3291436728598
            ],
            [
              30.936980914917797,
              52.33874850287157
            ],
            [
              30.945966784756905,
              52.342625412850964
            ],
            [
              30.959199283193612,
              52.341868043636595
            ],
            [
              30.969275833428895,
              52.34639111001803
            ],
            [
              30.971933081172182,
              52.35145861947535
            ],
            [
              30.959394580060092,
              52.35555746229406
            ],
            [
              30.958334988416624,
              52.35760674116008
            ],
            [
              30.97475865888819,
              52.361812857960814
            ],
            [
              30.97334587003016,
              52.36580290637417
            ],
            [
              30.953213628807276,
              52.37270376104408
            ],
            [
              30.95974920698862,
              52.376908801052906
            ],
            [
              30.961451120540232,
              52.382864474782025
            ],
            [
              30.964630128762735,
              52.390733141083956
            ],
            [
              30.970634164399996,
              52.39170232128566
            ],
            [
              30.977874506535954,
              52.38696049183412
            ],
            [
              31.000830824371064,
              52.38189468604381
            ],
            [
              31.007362750402052,
              52.38415823691062
            ],
            [
              31.013538705252188,
              52.38728351316436
            ],
            [
              31.009656274514953,
              52.39428783999145
            ],
            [
              31.006294619937023,
              52.40398107106449
            ],
            [
              31.01526256089926,
              52.41230704704253
            ],
            [
              31.025147873046507,
              52.43124782866943
            ],
            [
              31.036454113364442,
              52.43598864942362
            ],
            [
              31.039454428502097,
              52.42877456481045
            ],
            [
              31.054293437506203,
              52.4273756356948
            ],
            [
              31.061696006428548,
              52.44147465204341
            ],
            [
              31.058161199529593,
              52.444053943947154
            ],
            [
              31.081288151478446,
              52.453092571924316
            ],
            [
              31.08393574068154,
              52.4637424084373
            ],
            [
              31.095408002951785,
              52.467183993474464
            ],
            [
              31.099805320409445,
              52.470085745568724
            ],
            [
              31.096463620403256,
              52.47492565659937
            ],
            [
              31.096991367239127,
              52.47621537696102
            ],
            [
              31.09364827368364,
              52.47793883231083
            ]
          ]
        ]
      },
      "properties": {
        "id": 15,
        "name": "Участок реки Сож",
        "type": "river",
        "type_ru": "Река",
        "district": "Гомельский",
        "region": "Гомельская область",
        "location_description": "в пределах Гомельского района от границы с Ветковским районом вниз по течению до урочища Холодное вблизи аг. Новая Гута",
        "activities": "подводная охота, лов рыбы на дорожку с судов с двигателями",
        "coordinate_source": "placeholder"
      }
    },
    {
      "type": "Feature",
      "geometry": {
        "type": "Polygon",
        "coordinates": [
          [
            [
              31.189930205527048,
              52.40928969728037
            ],
            [
              31.187342389643106,
              52.40870281369945
            ],
            [
              31.184601942455373,
              52.41021588830577
            ],
            [
              31.183819812839175,
              52.412445887031794
            ],
            [
              31.181861687584245,
              52.412445796498446
            ],
            [
              31.177683291134116,
              52.411250982100995
            ],
            [
              31.17742359009597,
              52.414596097038554
            ],
            [
              31.175595434383865,
              52.41467574184733
            ],
            [
              31.169718219559314,
              52.412286381701335
            ],
            [
              31.163319859172475,
              52.41284390200778
            ],
            [
              31.160315757823867,
              52.41220687054519
            ],
            [
              31.16144615609261,
              52.41762036732493
            ],
            [
              31.153999747574574,
              52.41897515445066
            ],
            [
              31.14943176338906,
              52.41722245726251
            ],
            [
              31.152302809481085,
              52.411249679581175
            ],
            [
              31.145906715990776,
              52.41371785890661
            ],
            [
              31.139116696359253,
              52.413956718583364
            ],
            [
              31.13963832865454,
              52.41722245726251
            ],
            [
              31.144470281333497,
              52.41690369696454
            ],
            [
              31.14642762440897,
              52.4177005804907
            ],
            [
              31.144854881024315,
              52.42120618626012
            ],
            [
              31.13728208929362,
              52.42136550558445
            ],
            [
              31.132331928852267,
              52.419055494542164
            ],
            [
              31.127107342949614,
              52.419772498666106
            ],
            [
              31.12984383441355,
              52.4219232322539
            ],
            [
              31.128266300656207,
              52.426303063100306
            ],
            [
              31.123434151142504,
              52.42725843210539
            ],
            [
              31.121090741034124,
              52.42447170846057
            ],
            [
              31.12253674178004,
              52.42009115225014
            ],
            [
              31.12215009615099,
              52.41786038439756
            ],
            [
              31.11497180728196,
              52.41547018840964
            ],
            [
              31.116270798762116,
              52.41252541119118
            ],
            [
              31.113528808058504,
              52.412843997417355
            ],
            [
              31.10816756748136,
              52.409343064646606
            ],
            [
              31.102553778799603,
              52.40926350624105
            ],
            [
              31.099941238750972,
              52.40791051829217
            ],
            [
              31.09772349803677,
              52.4086263843451
            ],
            [
              31.0990309363128,
              52.41013848437683
            ],
            [
              31.09811933276552,
              52.411570841801364
            ],
            [
              31.093682039410282,
              52.41228664065923
            ],
            [
              31.096426293494034,
              52.41403770482668
            ],
            [
              31.09486021510054,
              52.416745205999376
            ],
            [
              31.085329652834645,
              52.417939003521525
            ],
            [
              31.080091767477427,
              52.41626147966201
            ],
            [
              31.0812603366318,
              52.41244059284753
            ],
            [
              31.0774697358965,
              52.4102917748105
            ],
            [
              31.075250304020244,
              52.41037135695626
            ],
            [
              31.075257826852294,
              52.41458961880511
            ],
            [
              31.069383583450104,
              52.41610218331226
            ],
            [
              31.06559820291207,
              52.41968568808986
            ],
            [
              31.052410401857856,
              52.43035661536854
            ],
            [
              31.050746235153525,
              52.42810722257809
            ],
            [
              31.06250210381171,
              52.41862781428833
            ],
            [
              31.066942339036245,
              52.41480431152374
            ],
            [
              31.071773698580074,
              52.41352983768499
            ],
            [
              31.07294872701516,
              52.412574030260544
            ],
            [
              31.072948174838928,
              52.40914939115581
            ],
            [
              31.077386921860665,
              52.40859194170926
            ],
            [
              31.083761533953407,
              52.41241420292266
            ],
            [
              31.083626462943784,
              52.415759089749
            ],
            [
              31.093160252699164,
              52.414962652598234
            ],
            [
              31.090942759090666,
              52.412573471832104
            ],
            [
              31.09159746355212,
              52.41090121334446
            ],
            [
              31.095515548776063,
              52.410264316604014
            ],
            [
              31.094733394262732,
              52.40891070726897
            ],
            [
              31.09669390315301,
              52.40676116273829
            ],
            [
              31.101655535629646,
              52.40612454024057
            ],
            [
              31.104656889761884,
              52.40803530336129
            ],
            [
              31.10700765608263,
              52.40660242964694
            ],
            [
              31.11849376804051,
              52.410662415659544
            ],
            [
              31.119929666444108,
              52.412493837234706
            ],
            [
              31.117317815827505,
              52.41456442951747
            ],
            [
              31.122541001100643,
              52.41599803375638
            ],
            [
              31.124891429363032,
              52.41806868801373
            ],
            [
              31.126429990118822,
              52.417419002383184
            ],
            [
              31.133878049792827,
              52.417419002383184
            ],
            [
              31.13766612505887,
              52.419729620801974
            ],
            [
              31.142631603103666,
              52.419012587873794
            ],
            [
              31.135706934461297,
              52.41837518330422
            ],
            [
              31.13701325878577,
              52.41215895263227
            ],
            [
              31.144200451009993,
              52.41176034950976
            ],
            [
              31.149164486391527,
              52.40920999687191
            ],
            [
              31.15569770075396,
              52.40960848321512
            ],
            [
              31.15609181359548,
              52.41303556142083
            ],
            [
              31.15334872214669,
              52.416383039409055
            ],
            [
              31.158576335504932,
              52.41590487005078
            ],
            [
              31.157658864174692,
              52.41144154337559
            ],
            [
              31.160010276829553,
              52.40992720533171
            ],
            [
              31.16262509754776,
              52.411202357711744
            ],
            [
              31.170726875914028,
              52.4106443836921
            ],
            [
              31.175432189198716,
              52.41311523389001
            ],
            [
              31.175039272175383,
              52.41128202481494
            ],
            [
              31.17660679163663,
              52.41024585686327
            ],
            [
              31.181832909882928,
              52.41072414171251
            ],
            [
              31.184443843208754,
              52.408173690258906
            ],
            [
              31.189014333998756,
              52.406659513736514
            ],
            [
              31.189930205527048,
              52.40928969728037
            ]
          ]
        ]
      },
      "properties": {
        "id": 16,
        "name": "Участок реки Ипуть",
        "type": "river",
        "type_ru": "Река",
        "district": "Гомельский",
        "region": "Гомельская область",
        "location_description": "в пределах Гомельского района от границы с Добрушским районом вниз по течению до автомобильного моста на автодороге Н-4102 вблизи п. Красный Маяк",
        "activities": "подводная охота, лов рыбы на дорожку с судов с двигателями",
        "coordinate_source": "placeholder"
      }
    },
    {
      "type": "Feature",
      "geometry": {
        "type": "Polygon",
        "coordinates": [
          [
            [
              30.738299777167356,
              52.59188486103048
            ],
            [
              30.730383141632984,
              52.589666537962046
            ],
            [
              30.723843261311174,
              52.58850743179039
            ],
            [
              30.713849834587336,
              52.584201139186945
            ],
            [
              30.7078529137315,
              52.578237276324984
            ],
            [
              30.70983931806404,
              52.559571218637075
            ],
            [
              30.698296316827822,
              52.549958538479274
            ],
            [
              30.69575169253875,
              52.544709879673576
            ],
            [
              30.690005961454517,
              52.54282406066102
            ],
            [
              30.687697540800315,
              52.54004675763264
            ],
            [
              30.688979802760286,
              52.535424877933366
            ],
            [
              30.694977853730904,
              52.528293289896965
            ],
            [
              30.690251318486474,
              52.521879400405595
            ],
            [
              30.68316284819727,
              52.5199441533988
            ],
            [
              30.656812403276206,
              52.515963581906334
            ],
            [
              30.643729770508173,
              52.513476253215
            ],
            [
              30.63691355447446,
              52.516573719028116
            ],
            [
              30.63082481429214,
              52.51502581036681
            ],
            [
              30.62119012642529,
              52.513034569446745
            ],
            [
              30.62246259887121,
              52.506727971448214
            ],
            [
              30.625098232892412,
              52.50114016110683
            ],
            [
              30.62991492325844,
              52.49549674375382
            ],
            [
              30.640912721468084,
              52.49201015643149
            ],
            [
              30.642910966980082,
              52.48636625574969
            ],
            [
              30.649997482072195,
              52.48149567088416
            ],
            [
              30.661906111747697,
              52.4773444740413
            ],
            [
              30.67553696282357,
              52.47435639134838
            ],
            [
              30.686075277912806,
              52.47258631759291
            ],
            [
              30.68816215622786,
              52.46428646526084
            ],
            [
              30.68707228803467,
              52.45930547906195
            ],
            [
              30.688343734785406,
              52.44945165368344
            ],
            [
              30.694518162825716,
              52.44574436631339
            ],
            [
              30.71838933692581,
              52.43639108224468
            ],
            [
              30.72456405969362,
              52.436170788733506
            ],
            [
              30.73019526297523,
              52.438001014313016
            ],
            [
              30.737739098774995,
              52.437114946980444
            ],
            [
              30.74746232994221,
              52.43101860485402
            ],
            [
              30.751732489301617,
              52.42614311722454
            ],
            [
              30.76109269479332,
              52.42204235748457
            ],
            [
              30.765182953203862,
              52.41904934457011
            ],
            [
              30.776439417592172,
              52.40902807744877
            ],
            [
              30.781898199891316,
              52.40409308643996
            ],
            [
              30.799161663317733,
              52.398301890617205
            ],
            [
              30.808158302443474,
              52.39763551835375
            ],
            [
              30.813790366056395,
              52.39558489709853
            ],
            [
              30.822421463245917,
              52.39475360168021
            ],
            [
              30.824420349996274,
              52.39225884328283
            ],
            [
              30.82750970727551,
              52.391648955933164
            ],
            [
              30.83277936657163,
              52.3889871585919
            ],
            [
              30.8346886129477,
              52.38499428616481
            ],
            [
              30.864008755941484,
              52.37818033930287
            ],
            [
              30.871365087603237,
              52.37812579917488
            ],
            [
              30.878360382276185,
              52.37657290532047
            ],
            [
              30.879540840559883,
              52.37113769629789
            ],
            [
              30.885446625581665,
              52.36908514488857
            ],
            [
              30.892078799755353,
              52.36952899519801
            ],
            [
              30.893079326753764,
              52.36425811162184
            ],
            [
              30.8986223586042,
              52.35854250872433
            ],
            [
              30.898834536933407,
              52.35584915716231
            ],
            [
              30.90746957843689,
              52.351629936843466
            ],
            [
              30.90883524142498,
              52.347630882683774
            ],
            [
              30.914469294655476,
              52.347132058788674
            ],
            [
              30.92056043500702,
              52.34235570176779
            ],
            [
              30.929015082494885,
              52.33646801168709
            ],
            [
              30.932106294967923,
              52.33619007108797
            ],
            [
              30.93074289674786,
              52.339022935636194
            ],
            [
              30.92565149585218,
              52.34113376871619
            ],
            [
              30.92074193354469,
              52.34657707682811
            ],
            [
              30.914288927056276,
              52.349574511290484
            ],
            [
              30.905560753746272,
              52.35490572648422
            ],
            [
              30.90137816719016,
              52.35585020603287
            ],
            [
              30.903105955003014,
              52.357515566120014
            ],
            [
              30.895469062995886,
              52.369228946617795
            ],
            [
              30.893014075485297,
              52.37133797522466
            ],
            [
              30.883106855913923,
              52.3723922368857
            ],
            [
              30.88156032497733,
              52.37655438323537
            ],
            [
              30.880560263040337,
              52.377608618984056
            ],
            [
              30.874015900164125,
              52.38016084382883
            ],
            [
              30.866926435501483,
              52.37949486875689
            ],
            [
              30.836943830137272,
              52.38653706368336
            ],
            [
              30.8366693712355,
              52.38919909038938
            ],
            [
              30.83303494799884,
              52.39324673778401
            ],
            [
              30.827221278709118,
              52.3930252365995
            ],
            [
              30.824767394657442,
              52.39596372364406
            ],
            [
              30.80741202112523,
              52.4003984327226
            ],
            [
              30.797693044073696,
              52.40045425477069
            ],
            [
              30.79042475373265,
              52.40294954217396
            ],
            [
              30.78315472965886,
              52.40599863811474
            ],
            [
              30.775687570334327,
              52.414319357059185
            ],
            [
              30.764235015799642,
              52.422411381960075
            ],
            [
              30.752787924340282,
              52.431496990689084
            ],
            [
              30.739977038557356,
              52.43859081744762
            ],
            [
              30.731242926774826,
              52.439811310825206
            ],
            [
              30.72287408282466,
              52.438426551147046
            ],
            [
              30.709695179042086,
              52.4439113819673
            ],
            [
              30.692211841994776,
              52.449557732443566
            ],
            [
              30.690306120838528,
              52.458302673751405
            ],
            [
              30.69157730625838,
              52.46771075935118
            ],
            [
              30.689490246086564,
              52.47446358635486
            ],
            [
              30.669416606728277,
              52.47739594545888
            ],
            [
              30.66151275630105,
              52.47955415390686
            ],
            [
              30.658151327857695,
              52.4814911660026
            ],
            [
              30.64888251804669,
              52.48447911164385
            ],
            [
              30.64485919275944,
              52.49314082170801
            ],
            [
              30.636568693175775,
              52.495093770938325
            ],
            [
              30.631425389984514,
              52.498630245244584
            ],
            [
              30.62737094423082,
              52.503603187990564
            ],
            [
              30.62440509126759,
              52.51196493745135
            ],
            [
              30.634611721009662,
              52.510432831761875
            ],
            [
              30.649924855812685,
              52.5100069867498
            ],
            [
              30.694118231975665,
              52.516781888539015
            ],
            [
              30.69794647248841,
              52.52419200414752
            ],
            [
              30.698643738723064,
              52.54027903826315
            ],
            [
              30.71361071522489,
              52.55826601723709
            ],
            [
              30.7188254752904,
              52.58068567993365
            ],
            [
              30.73795477957688,
              52.58850433123595
            ],
            [
              30.738299777167356,
              52.59188486103048
            ]
          ]
        ]
      },
      "properties": {
        "id": 17,
        "name": "Участок реки Уза",
        "type": "river",
        "type_ru": "Река",
        "district": "Гомельский",
        "region": "Гомельская область",
        "location_description": "в пределах Гомельского района",
        "activities": "подводная охота",
        "coordinate_source": "placeholder"
      }
    },
    {
      "type": "Feature",
      "geometry": {
        "type": "Polygon",
        "coordinates": [
          [
            [
              31.26406951255973,
              52.273748020455315
            ],
            [
              31.261950129723942,
              52.27471644140837
            ],
            [
              31.26148430505367,
              52.2761054999213
            ],
            [
              31.25694478758365,
              52.27596298350758
            ],
            [
              31.25211354893355,
              52.27585610032705
            ],
            [
              31.248504244190485,
              52.27482317496697
            ],
            [
              31.24693259430248,
              52.276034189957414
            ],
            [
              31.241518817771208,
              52.27621227107932
            ],
            [
              31.238724536110993,
              52.27421762116714
            ],
            [
              31.236919932086863,
              52.27450256176172
            ],
            [
              31.235406645475052,
              52.27703140712819
            ],
            [
              31.230516613311323,
              52.27635464843658
            ],
            [
              31.228770449806007,
              52.27788613086224
            ],
            [
              31.224287914874623,
              52.279097102478346
            ],
            [
              31.21992150668521,
              52.27788624400071
            ],
            [
              31.212877518826275,
              52.27813563336281
            ],
            [
              31.20624084983197,
              52.280308153888086
            ],
            [
              31.20036155739723,
              52.277707819671974
            ],
            [
              31.194772626227547,
              52.28191074782899
            ],
            [
              31.188135531498318,
              52.28451106206947
            ],
            [
              31.183012836015337,
              52.28668351308107
            ],
            [
              31.174864896580118,
              52.28789361796197
            ],
            [
              31.169277171531576,
              52.289709258466814
            ],
            [
              31.164711611394935,
              52.28768655127078
            ],
            [
              31.15996313538946,
              52.287715125678346
            ],
            [
              31.156334376859633,
              52.28641546939582
            ],
            [
              31.152086019777585,
              52.28346034304644
            ],
            [
              31.144462788817833,
              52.28655765646735
            ],
            [
              31.13823564898368,
              52.28730518973276
            ],
            [
              31.131570915345208,
              52.28762490249545
            ],
            [
              31.127903202770128,
              52.2864607197983
            ],
            [
              31.124906181706734,
              52.28794461525814
            ],
            [
              31.118726857395444,
              52.28845951509544
            ],
            [
              31.107791010201055,
              52.282406069106116
            ],
            [
              31.094867425716757,
              52.282370202342065
            ],
            [
              31.07816073964551,
              52.27834665005852
            ],
            [
              31.070359615019242,
              52.27720719933825
            ],
            [
              31.067214868701996,
              52.2757832380575
            ],
            [
              31.047840925098683,
              52.27631763247882
            ],
            [
              31.04149820894719,
              52.278204619251085
            ],
            [
              31.035796479896902,
              52.27713595881988
            ],
            [
              31.02700777431187,
              52.27503456326036
            ],
            [
              31.025785566814648,
              52.276672932886186
            ],
            [
              31.018758111827793,
              52.27647934994283
            ],
            [
              31.012241959332897,
              52.27334597608626
            ],
            [
              30.99964343742819,
              52.27302798726886
            ],
            [
              30.996353452069265,
              52.27127093089765
            ],
            [
              30.992836474637272,
              52.27215415036116
            ],
            [
              30.988091733200037,
              52.27590956323729
            ],
            [
              30.98454161151227,
              52.27605206385064
            ],
            [
              30.983551544574823,
              52.27402291403254
            ],
            [
              30.97965282953973,
              52.27416546919102
            ],
            [
              30.976918298361483,
              52.27551826212405
            ],
            [
              30.972438180213572,
              52.27829503689398
            ],
            [
              30.962661435153336,
              52.28092937852492
            ],
            [
              30.954166823642595,
              52.27950547694286
            ],
            [
              30.946428008369566,
              52.27651474079954
            ],
            [
              30.935432988619823,
              52.2727066433859
            ],
            [
              30.92984530566389,
              52.26960795313764
            ],
            [
              30.927284670671213,
              52.26661604913372
            ],
            [
              30.925596967767746,
              52.26145046353753
            ],
            [
              30.926008307836952,
              52.25541356977314
            ],
            [
              30.931247175443872,
              52.255128508068
            ],
            [
              30.94003678351382,
              52.253952595849455
            ],
            [
              30.943936758298776,
              52.25238467709457
            ],
            [
              30.94230700434406,
              52.25049599781747
            ],
            [
              30.93776665255581,
              52.24732423162732
            ],
            [
              30.94085176339223,
              52.24383146275562
            ],
            [
              30.944053293504965,
              52.24365325289048
            ],
            [
              30.947837111282922,
              52.2491915309476
            ],
            [
              30.947429236169512,
              52.254251737086236
            ],
            [
              30.943412163038744,
              52.25656760533272
            ],
            [
              30.928860630763864,
              52.258242658811014
            ],
            [
              30.92993588496188,
              52.26122328390875
            ],
            [
              30.93142858608462,
              52.2653118889948
            ],
            [
              30.935671368019854,
              52.26915926727378
            ],
            [
              30.942266650615068,
              52.27247598531369
            ],
            [
              30.947451724879755,
              52.27411041943651
            ],
            [
              30.952008433393644,
              52.27636980818153
            ],
            [
              30.95907822791824,
              52.278100197828564
            ],
            [
              30.96347623786326,
              52.278724972501465
            ],
            [
              30.96677474901105,
              52.27761973251623
            ],
            [
              30.970702238846656,
              52.27709108717855
            ],
            [
              30.975492318362456,
              52.273439041772235
            ],
            [
              30.984366117354938,
              52.27257376489399
            ],
            [
              30.9886074402271,
              52.27098771597352
            ],
            [
              30.99402697118569,
              52.26795986605174
            ],
            [
              31.001175116874066,
              52.27041022756683
            ],
            [
              31.010837511265578,
              52.27065048735773
            ],
            [
              31.029217150844914,
              52.27334255498377
            ],
            [
              31.04107683328388,
              52.276563602875655
            ],
            [
              31.04869441899814,
              52.27382467885931
            ],
            [
              31.06642773475133,
              52.27428535187116
            ],
            [
              31.069724618452256,
              52.275389058157714
            ],
            [
              31.07341645579217,
              52.27519681175485
            ],
            [
              31.075772772334346,
              52.27644586997155
            ],
            [
              31.083314283321045,
              52.27630147020716
            ],
            [
              31.08755758600256,
              52.27788695063836
            ],
            [
              31.09376716584302,
              52.28086676813683
            ],
            [
              31.110317014381025,
              52.28088961797192
            ],
            [
              31.114165582266423,
              52.283917804576305
            ],
            [
              31.11997460277388,
              52.28723314957895
            ],
            [
              31.123824473187653,
              52.28545558941127
            ],
            [
              31.13022103372144,
              52.285356252307054
            ],
            [
              31.13527621123194,
              52.2864877472436
            ],
            [
              31.144242093343905,
              52.28533628237429
            ],
            [
              31.146036999436376,
              52.283247873123855
            ],
            [
              31.14859405497492,
              52.28306173032831
            ],
            [
              31.152363259833805,
              52.28074755104802
            ],
            [
              31.158017933646818,
              52.28555227877686
            ],
            [
              31.16650070408258,
              52.28636888088255
            ],
            [
              31.169162124843183,
              52.28761260361894
            ],
            [
              31.17008584486871,
              52.28805442978418
            ],
            [
              31.171630811193168,
              52.28758798975591
            ],
            [
              31.17375501109595,
              52.28620775993603
            ],
            [
              31.179771597615115,
              52.28531214048925
            ],
            [
              31.18566404723066,
              52.28324595731297
            ],
            [
              31.190994434414563,
              52.28103690168484
            ],
            [
              31.194191933948332,
              52.27841531626527
            ],
            [
              31.198591238205836,
              52.27606010066995
            ],
            [
              31.202283496376737,
              52.27529101858164
            ],
            [
              31.20526852888605,
              52.277790287638
            ],
            [
              31.211788182860772,
              52.27673285446883
            ],
            [
              31.218150710101156,
              52.27533904591195
            ],
            [
              31.221529166722462,
              52.27692516505894
            ],
            [
              31.22639984700541,
              52.27692519387938
            ],
            [
              31.229855046661953,
              52.27408939227499
            ],
            [
              31.23354803398928,
              52.27538713074756
            ],
            [
              31.235589190442425,
              52.27303196788429
            ],
            [
              31.239987883807174,
              52.27293584585567
            ],
            [
              31.24273756220083,
              52.2748103531662
            ],
            [
              31.245172129286686,
              52.27423359228578
            ],
            [
              31.248156718096055,
              52.27346457524061
            ],
            [
              31.252040897675755,
              52.27430701818329
            ],
            [
              31.257446161326072,
              52.27424490767302
            ],
            [
              31.260085351090027,
              52.27444676651359
            ],
            [
              31.26358735289142,
              52.27343746311536
            ],
            [
              31.26406951255973,
              52.273748020455315
            ]
          ]
        ]
      },
      "properties": {
        "id": 18,
        "name": "Участок реки Уть",
        "type": "river",
        "type_ru": "Река",
        "district": "Гомельский",
        "region": "Гомельская область",
        "location_description": "в пределах Гомельского района",
        "activities": "подводная охота",
        "coordinate_source": "placeholder"
      }
    },
    {
      "type": "Feature",
      "geometry": {
        "type": "Polygon",
        "coordinates": [
          [
            [
              30.956104131848434,
              52.386203856327995
            ],
            [
              30.95954749129217,
              52.38830541284315
            ],
            [
              30.959999903537238,
              52.390238142620774
            ],
            [
              30.959622893332863,
              52.391603273766805
            ],
            [
              30.95429448245082,
              52.3934284955117
            ],
            [
              30.950725452519663,
              52.39546835990214
            ],
            [
              30.94828745320072,
              52.39618919168956
            ],
            [
              30.94690508245219,
              52.395729087652796
            ],
            [
              30.947860174968866,
              52.39230883061805
            ],
            [
              30.948161783132548,
              52.38894966550541
            ],
            [
              30.949267679730525,
              52.387292996805314
            ],
            [
              30.953640998096915,
              52.38631123786598
            ],
            [
              30.956104131848434,
              52.386203856327995
            ]
          ]
        ]
      },
      "properties": {
        "id": 19,
        "name": "Озеро Отолово",
        "type": "lake",
        "type_ru": "Озеро",
        "district": "Гомельский",
        "region": "Гомельская область",
        "location_description": "по ул. Григория Денисенко, г. Гомель",
        "activities": "подводная охота",
        "coordinate_source": "placeholder"
      }
    },
    {
      "type": "Feature",
      "geometry": {
        "type": "Polygon",
        "coordinates": [
          [
            [
              31.03803526629534,
              52.43991643671197
            ],
            [
              31.041810781898903,
              52.44068360605533
            ],
            [
              31.04254746787035,
              52.44186240120925
            ],
            [
              31.03766692330899,
              52.44366795485436
            ],
            [
              31.035288041440026,
              52.44394860416401
            ],
            [
              31.03115953047609,
              52.44396731405763
            ],
            [
              31.029716853781537,
              52.44340601378434
            ],
            [
              31.030254020635624,
              52.4420495085983
            ],
            [
              31.032310602305813,
              52.44040293584166
            ],
            [
              31.03656189426556,
              52.43960769400766
            ],
            [
              31.03803526629534,
              52.43991643671197
            ]
          ]
        ]
      },
      "properties": {
        "id": 20,
        "name": "Озеро Обкомовское",
        "type": "lake",
        "type_ru": "Озеро",
        "district": "Гомельский",
        "region": "Гомельская область",
        "location_description": "по ул. Выратавальная, г. Гомель",
        "activities": "подводная охота",
        "coordinate_source": "placeholder"
      }
    },
    {
      "type": "Feature",
      "geometry": {
        "type": "Polygon",
        "coordinates": [
          [
            [
              31.591546160831996,
              52.516478223984876
            ],
            [
              31.587440733773377,
              52.52000221628688
            ],
            [
              31.576874324691715,
              52.520238525519545
            ],
            [
              31.5680531884166,
              52.52271589373126
            ],
            [
              31.559640234070088,
              52.52234723406244
            ],
            [
              31.557310900563635,
              52.51886302229636
            ],
            [
              31.545379104297666,
              52.517620803058776
            ],
            [
              31.54130501247232,
              52.51614274834273
            ],
            [
              31.524026867749313,
              52.515253872745234
            ],
            [
              31.518783494930773,
              52.52080797392085
            ],
            [
              31.509262027224906,
              52.518564748718205
            ],
            [
              31.501787222514878,
              52.51909628892679
            ],
            [
              31.49528481099813,
              52.52417571371808
            ],
            [
              31.484311121783918,
              52.52689322840956
            ],
            [
              31.472916427518413,
              52.52087862604202
            ],
            [
              31.46535657817134,
              52.52117276724914
            ],
            [
              31.464584868910862,
              52.51716461425525
            ],
            [
              31.460314141993848,
              52.51999286911516
            ],
            [
              31.450526447905503,
              52.51733991961714
            ],
            [
              31.446659085139572,
              52.51333260270914
            ],
            [
              31.441529959855302,
              52.51121223937952
            ],
            [
              31.441631100107628,
              52.508619075903596
            ],
            [
              31.438238746370047,
              52.50808800762741
            ],
            [
              31.432133054067236,
              52.503959001256476
            ],
            [
              31.433005252973174,
              52.50236645292483
            ],
            [
              31.429807704280392,
              52.501422684749116
            ],
            [
              31.42641658846361,
              52.49794214421124
            ],
            [
              31.426804237301837,
              52.49564125842804
            ],
            [
              31.423799914375962,
              52.49452060422246
            ],
            [
              31.423606321846023,
              52.49552329070113
            ],
            [
              31.420358177099672,
              52.496205575934596
            ],
            [
              31.41599369254365,
              52.494138854455656
            ],
            [
              31.41114421661021,
              52.49219011675822
            ],
            [
              31.406487036146956,
              52.48829126640359
            ],
            [
              31.40057007215748,
              52.48823096789101
            ],
            [
              31.398048344807137,
              52.48704936189617
            ],
            [
              31.39064117270442,
              52.48951984218937
            ],
            [
              31.38744366405885,
              52.48851678151732
            ],
            [
              31.385505428612106,
              52.48538964627184
            ],
            [
              31.381146036096595,
              52.48462285939024
            ],
            [
              31.375624839579274,
              52.481968539868774
            ],
            [
              31.378531013157783,
              52.47872240717328
            ],
            [
              31.37785251449168,
              52.477069982383796
            ],
            [
              31.373977081463806,
              52.47889948351576
            ],
            [
              31.372717188269945,
              52.47647981752783
            ],
            [
              31.36729112043301,
              52.47718799721869
            ],
            [
              31.365727419692774,
              52.475575881870384
            ],
            [
              31.36766372892947,
              52.47091212043077
            ],
            [
              31.36340090678857,
              52.46683986881308
            ],
            [
              31.359817865716565,
              52.46642676492365
            ],
            [
              31.355652542420927,
              52.461766834696135
            ],
            [
              31.35904376566134,
              52.45651451721935
            ],
            [
              31.356234099125516,
              52.45220473820049
            ],
            [
              31.351788866491205,
              52.444062171601246
            ],
            [
              31.35033563846619,
              52.44199528050311
            ],
            [
              31.345491037412216,
              52.43904129378282
            ],
            [
              31.341519843396725,
              52.43071448288478
            ],
            [
              31.33870979374683,
              52.432190359976886
            ],
            [
              31.335230136599733,
              52.431603672761014
            ],
            [
              31.333583599441084,
              52.42776383653225
            ],
            [
              31.32418232467353,
              52.43095148044006
            ],
            [
              31.323502440224985,
              52.423685581446904
            ],
            [
              31.318370009662914,
              52.41925557542416
            ],
            [
              31.31585160732712,
              52.41955085358191
            ],
            [
              31.31062364568109,
              52.417839360733495
            ],
            [
              31.310140111660587,
              52.410038338847016
            ],
            [
              31.30393265126898,
              52.407494647058826
            ],
            [
              31.299958002685628,
              52.408970616052414
            ],
            [
              31.28765778724616,
              52.40690318800941
            ],
            [
              31.283589312577334,
              52.40873418300481
            ],
            [
              31.275646646702768,
              52.407907698240194
            ],
            [
              31.26974215896439,
              52.40938460896916
            ],
            [
              31.269362207926577,
              52.404718793184145
            ],
            [
              31.26723094438438,
              52.404718866167315
            ],
            [
              31.262693571850235,
              52.401686608457
            ],
            [
              31.26181251284686,
              52.40717794716127
            ],
            [
              31.255907100519067,
              52.4068235568115
            ],
            [
              31.25281951104867,
              52.40334038875008
            ],
            [
              31.24962047360438,
              52.404580508680766
            ],
            [
              31.244102374098816,
              52.404108205204636
            ],
            [
              31.240135925988454,
              52.40109535739879
            ],
            [
              31.233550072161705,
              52.40056352705304
            ],
            [
              31.236841960829338,
              52.40357732407193
            ],
            [
              31.223873319397484,
              52.41308086340652
            ],
            [
              31.21809898232067,
              52.407183305483386
            ],
            [
              31.21229343889891,
              52.402751081462014
            ],
            [
              31.209088626992354,
              52.408306049672746
            ],
            [
              31.20269317131823,
              52.40824633838352
            ],
            [
              31.200366472466385,
              52.411081620982515
            ],
            [
              31.18651710521496,
              52.40960904950202
            ],
            [
              31.176728884080774,
              52.41729468106263
            ],
            [
              31.16025353281384,
              52.41794464438286
            ],
            [
              31.147270789460066,
              52.41942031915653
            ],
            [
              31.140491358815353,
              52.42160503730739
            ],
            [
              31.13622039448913,
              52.417766690105026
            ],
            [
              31.137965937344006,
              52.41244654183075
            ],
            [
              31.144167339309973,
              52.411619180390375
            ],
            [
              31.150953023548908,
              52.40872201599436
            ],
            [
              31.156185419436184,
              52.409490636145506
            ],
            [
              31.156279053793014,
              52.415226073816626
            ],
            [
              31.15812257382254,
              52.411027969604476
            ],
            [
              31.160642306973017,
              52.410082098293316
            ],
            [
              31.175566038000397,
              52.409727724023185
            ],
            [
              31.180896242331812,
              52.410200605798025
            ],
            [
              31.18622624020577,
              52.407007750461474
            ],
            [
              31.198335113988634,
              52.40877873670618
            ],
            [
              31.199304824466253,
              52.406415157747205
            ],
            [
              31.205893078844724,
              52.405883279675265
            ],
            [
              31.212964082280337,
              52.39849461156143
            ],
            [
              31.216458980027596,
              52.39848391084888
            ],
            [
              31.215564867437195,
              52.40301210596232
            ],
            [
              31.218377389305914,
              52.403189687408656
            ],
            [
              31.221280093824987,
              52.399285416325284
            ],
            [
              31.22574047975513,
              52.39916731087047
            ],
            [
              31.228261012185925,
              52.40289364373933
            ],
            [
              31.231362689223545,
              52.40289291107612
            ],
            [
              31.231266153886907,
              52.39904890532006
            ],
            [
              31.23388298274162,
              52.39863451589946
            ],
            [
              31.24308759770517,
              52.40046640889591
            ],
            [
              31.24705959380111,
              52.402535343778084
            ],
            [
              31.250354538195324,
              52.40093900383613
            ],
            [
              31.255683831428115,
              52.401470981164636
            ],
            [
              31.25848847855974,
              52.40412973504462
            ],
            [
              31.260625672745533,
              52.40034757522065
            ],
            [
              31.263338795200696,
              52.39969715885846
            ],
            [
              31.273235463435753,
              52.40293603729722
            ],
            [
              31.27478490782309,
              52.40618676000986
            ],
            [
              31.28301846602821,
              52.406245708872774
            ],
            [
              31.287669711928487,
              52.40470931941201
            ],
            [
              31.294740432419985,
              52.40571393829231
            ],
            [
              31.300260158470792,
              52.40695475565474
            ],
            [
              31.30278376596064,
              52.40518220006757
            ],
            [
              31.3116049667876,
              52.407604965661136
            ],
            [
              31.318677697400773,
              52.41304369252558
            ],
            [
              31.325452926073893,
              52.41741518790417
            ],
            [
              31.32808767023303,
              52.420842316004894
            ],
            [
              31.32770455066307,
              52.42704249849888
            ],
            [
              31.33497207844829,
              52.42586087412087
            ],
            [
              31.339813016129682,
              52.42816482026569
            ],
            [
              31.343486841376915,
              52.4292865467813
            ],
            [
              31.348037330013568,
              52.43631190426436
            ],
            [
              31.35220508888699,
              52.43979308431457
            ],
            [
              31.357051857099123,
              52.442390912996785
            ],
            [
              31.36344213041164,
              52.44882882880316
            ],
            [
              31.365184180878202,
              52.45396587146689
            ],
            [
              31.36227980401455,
              52.455322715096685
            ],
            [
              31.365183170704455,
              52.45674032997306
            ],
            [
              31.360339561999012,
              52.46163848800657
            ],
            [
              31.365245092324727,
              52.46198416898952
            ],
            [
              31.36669851502691,
              52.46628948937547
            ],
            [
              31.373579459355966,
              52.469354211955476
            ],
            [
              31.38017141597348,
              52.47560885549129
            ],
            [
              31.386859708635853,
              52.483636595550394
            ],
            [
              31.390057217378768,
              52.48646867181958
            ],
            [
              31.397419726837455,
              52.485406946513876
            ],
            [
              31.407405350218795,
              52.48646813874356
            ],
            [
              31.413710407400174,
              52.49065805219064
            ],
            [
              31.421463717489218,
              52.49189735913859
            ],
            [
              31.435596440305886,
              52.49617469648814
            ],
            [
              31.432249756359823,
              52.49913831556253
            ],
            [
              31.437269439790185,
              52.50099032285132
            ],
            [
              31.43757368203083,
              52.50284224302263
            ],
            [
              31.441833272274124,
              52.50636090520652
            ],
            [
              31.44730828945106,
              52.504601368274905
            ],
            [
              31.44867677037638,
              52.50589743345623
            ],
            [
              31.446548466306012,
              52.50987892440523
            ],
            [
              31.451555406457885,
              52.51496167536649
            ],
            [
              31.459616180083543,
              52.51699906153087
            ],
            [
              31.4666222880673,
              52.51524615317362
            ],
            [
              31.46950682891648,
              52.519315904072585
            ],
            [
              31.47544179534546,
              52.5188549357068
            ],
            [
              31.484271926969058,
              52.523794354237
            ],
            [
              31.49569139077397,
              52.51573721476734
            ],
            [
              31.498890027612333,
              52.51332920002932
            ],
            [
              31.51121086240812,
              52.513699240106774
            ],
            [
              31.51698375704234,
              52.51703670781396
            ],
            [
              31.518659539344895,
              52.513794501011546
            ],
            [
              31.529478064236628,
              52.51212895326273
            ],
            [
              31.539823738713693,
              52.511108960509915
            ],
            [
              31.544994956150816,
              52.51120077953556
            ],
            [
              31.545298963001244,
              52.5154590010406
            ],
            [
              31.552748690957287,
              52.515549337878184
            ],
            [
              31.568109808025127,
              52.51684524277246
            ],
            [
              31.57845686950259,
              52.514717769849625
            ],
            [
              31.591549518173252,
              52.51481248983782
            ],
            [
              31.591546160831996,
              52.516478223984876
            ]
          ]
        ]
      },
      "properties": {
        "id": 21,
        "name": "Участок реки Ипуть",
        "type": "river",
        "type_ru": "Река",
        "district": "Добрушский",
        "region": "Гомельская область",
        "location_description": "в пределах Добрушского района, за исключением зон радиоактивного загрязнения",
        "activities": "подводная охота, лов рыбы на дорожку с судов с двигателями",
        "coordinate_source": "placeholder"
      }
    },
    {
      "type": "Feature",
      "geometry": {
        "type": "Polygon",
        "coordinates": [
          [
            [
              29.205220321043925,
              51.78495195428556
            ],
            [
              29.207068235727718,
              51.782693145803364
            ],
            [
              29.23465682102639,
              51.773712216411525
            ],
            [
              29.254085609347044,
              51.77122978190741
            ],
            [
              29.256384381756988,
              51.776166941858065
            ],
            [
              29.235918978204012,
              51.78152183371873
            ],
            [
              29.2109903598988,
              51.78539813679771
            ],
            [
              29.205220321043925,
              51.78495195428556
            ]
          ]
        ]
      },
      "properties": {
        "id": 22,
        "name": "Водохранилище Княжеборское",
        "type": "reservoir",
        "type_ru": "Водохранилище",
        "district": "Ельский",
        "region": "Гомельская область",
        "location_description": "в 5 км на восток от г. Ельска вблизи п. Полесск",
        "activities": "подводная охота, лов рыбы на дорожку с судов с двигателями",
        "coordinate_source": "placeholder"
      }
    },
    {
      "type": "Feature",
      "geometry": {
        "type": "Polygon",
        "coordinates": [
          [
            [
              29.145759047748186,
              51.78501436450057
            ],
            [
              29.148482399406532,
              51.784247280444845
            ],
            [
              29.154056578129797,
              51.78282778205437
            ],
            [
              29.15496049900335,
              51.78300701411271
            ],
            [
              29.1559803071695,
              51.783723935226135
            ],
            [
              29.154044989400347,
              51.78689259008323
            ],
            [
              29.150626314300183,
              51.78675638551587
            ],
            [
              29.145759047748186,
              51.78501436450057
            ]
          ]
        ]
      },
      "properties": {
        "id": 23,
        "name": "Пруд Даниловка",
        "type": "pond",
        "type_ru": "Пруд",
        "district": "Ельский",
        "region": "Гомельская область",
        "location_description": "в 2 км на юг от г. Ельска вблизи д. Даниловка",
        "activities": "подводная охота",
        "coordinate_source": "placeholder"
      }
    },
    {
      "type": "Feature",
      "geometry": {
        "type": "Polygon",
        "coordinates": [
          [
            [
              27.69081474315837,
              52.33557785890446
            ],
            [
              27.693047751123913,
              52.32796184068209
            ],
            [
              27.698442969551195,
              52.323906370361556
            ],
            [
              27.703775372103195,
              52.32341393641008
            ],
            [
              27.705324461065658,
              52.325612572630945
            ],
            [
              27.70526170616941,
              52.32743179698366
            ],
            [
              27.705816517687197,
              52.334744412234414
            ],
            [
              27.702778569176076,
              52.33989571153191
            ],
            [
              27.691123918942196,
              52.347582827345434
            ],
            [
              27.68715666268551,
              52.34792266207185
            ],
            [
              27.68194988483461,
              52.34440182532856
            ],
            [
              27.684863103104448,
              52.34053972567537
            ],
            [
              27.69081474315837,
              52.33557785890446
            ]
          ]
        ]
      },
      "properties": {
        "id": 24,
        "name": "Озеро Белое",
        "type": "lake",
        "type_ru": "Озеро",
        "district": "Житковичский",
        "region": "Гомельская область",
        "location_description": "в 14 км на северо-запад от г. Житковичи у д. Белое",
        "activities": "подводная охота, лов рыбы на дорожку с судов с двигателями",
        "coordinate_source": "placeholder"
      }
    },
    {
      "type": "Feature",
      "geometry": {
        "type": "Polygon",
        "coordinates": [
          [
            [
              27.628450611761593,
              52.52982836279722
            ],
            [
              27.621505049845837,
              52.51905427385611
            ],
            [
              27.613552215210035,
              52.48604878086434
            ],
            [
              27.583073555308005,
              52.432035904671096
            ],
            [
              27.543504917643446,
              52.412266883271656
            ],
            [
              27.526754891627235,
              52.373808982321634
            ],
            [
              27.506741104407666,
              52.34994524146066
            ],
            [
              27.485299969823018,
              52.33131079024972
            ],
            [
              27.45240899462175,
              52.288176507521996
            ],
            [
              27.467198613461363,
              52.28761368291336
            ],
            [
              27.482249517403602,
              52.31040817583448
            ],
            [
              27.497300999746017,
              52.322237689620806
            ],
            [
              27.527396972470967,
              52.34589229872543
            ],
            [
              27.542445207849966,
              52.36952831568257
            ],
            [
              27.551049594994424,
              52.39140089676033
            ],
            [
              27.557502025160403,
              52.40801797018432
            ],
            [
              27.59047255378863,
              52.422443999984296
            ],
            [
              27.594769135023824,
              52.43118389562224
            ],
            [
              27.60838100563697,
              52.43817374767093
            ],
            [
              27.62987898508075,
              52.4831500462858
            ],
            [
              27.640653081119126,
              52.52984097561125
            ],
            [
              27.628450611761593,
              52.52982836279722
            ]
          ]
        ]
      },
      "properties": {
        "id": 25,
        "name": "Участок реки Случь",
        "type": "river",
        "type_ru": "Река",
        "district": "Житковичский",
        "region": "Гомельская область",
        "location_description": "в пределах Житковичского района",
        "activities": "подводная охота",
        "coordinate_source": "placeholder"
      }
    },
    {
      "type": "Feature",
      "geometry": {
        "type": "Polygon",
        "coordinates": [
          [
            [
              27.900511267100967,
              52.06033079306471
            ],
            [
              27.89400910325884,
              52.05845536911562
            ],
            [
              27.885266725353404,
              52.053384030362395
            ],
            [
              27.876359396919042,
              52.054296913824004
            ],
            [
              27.86332830532288,
              52.05216682339832
            ],
            [
              27.853101372676036,
              52.054398344168334
            ],
            [
              27.846173450561963,
              52.051963952346995
            ],
            [
              27.846833252668233,
              52.04425416982514
            ],
            [
              27.818626712628344,
              52.03826802676065
            ],
            [
              27.812492059845255,
              52.04023332060078
            ],
            [
              27.803907954398994,
              52.03596837919548
            ],
            [
              27.787892612737068,
              52.02916315393679
            ],
            [
              27.780624307585953,
              52.02276289756088
            ],
            [
              27.768902283937592,
              52.01839416189219
            ],
            [
              27.761143733536954,
              52.01412772053118
            ],
            [
              27.729463051543405,
              52.01889102102288
            ],
            [
              27.72269874431717,
              52.016860504316014
            ],
            [
              27.718733548545288,
              52.00924623247636
            ],
            [
              27.709499470050787,
              52.00437352581403
            ],
            [
              27.701256942926676,
              52.005795163069706
            ],
            [
              27.688891045525736,
              52.003663313009866
            ],
            [
              27.681469154313476,
              51.999499840476034
            ],
            [
              27.678500186073677,
              52.00285101704043
            ],
            [
              27.660520383857545,
              52.00711565873897
            ],
            [
              27.64781961268426,
              52.0050847715504
            ],
            [
              27.626872851980835,
              52.00853663984424
            ],
            [
              27.61697769477246,
              52.00599828582955
            ],
            [
              27.616812966515653,
              52.004373784260906
            ],
            [
              27.624069619820915,
              52.00295234275066
            ],
            [
              27.643036595961775,
              51.99848449171259
            ],
            [
              27.65062362046595,
              52.00224165430538
            ],
            [
              27.6585409309765,
              52.00427253624892
            ],
            [
              27.65953056438437,
              52.00234322246823
            ],
            [
              27.66576649170449,
              51.99939822911995
            ],
            [
              27.674014712383382,
              51.999296642720594
            ],
            [
              27.672034646384304,
              51.99675766581299
            ],
            [
              27.677311915413526,
              51.995132874582424
            ],
            [
              27.687704141132343,
              51.9956406129466
            ],
            [
              27.693312889272704,
              51.9991951594686
            ],
            [
              27.70712133393269,
              52.00046541325557
            ],
            [
              27.72130011565477,
              52.00581987959694
            ],
            [
              27.726118958210463,
              52.01380979326538
            ],
            [
              27.73066964910271,
              52.01652803256266
            ],
            [
              27.737359568210792,
              52.0158687008759
            ],
            [
              27.741639818369492,
              52.01347992252431
            ],
            [
              27.752874749927884,
              52.01100893195547
            ],
            [
              27.766116723894243,
              52.01043242180455
            ],
            [
              27.7686634858255,
              52.01496175934528
            ],
            [
              27.784586282623366,
              52.01907726938521
            ],
            [
              27.79007682405279,
              52.022369710532246
            ],
            [
              27.789411112548294,
              52.02640401650967
            ],
            [
              27.80065767038721,
              52.03225033715154
            ],
            [
              27.80587905627931,
              52.03257971219125
            ],
            [
              27.831979649847995,
              52.036861542094925
            ],
            [
              27.849246404663432,
              52.04081363484349
            ],
            [
              27.85245882378524,
              52.043539319157446
            ],
            [
              27.850183360799235,
              52.04864327760629
            ],
            [
              27.8493802559114,
              52.05053653339377
            ],
            [
              27.85232497383356,
              52.050948100124316
            ],
            [
              27.864773099595,
              52.04963107324258
            ],
            [
              27.880165943277348,
              52.04954875777358
            ],
            [
              27.89167711333559,
              52.05045421959275
            ],
            [
              27.893952577183967,
              52.05374665335822
            ],
            [
              27.902786730949288,
              52.05893174457279
            ],
            [
              27.900511267100967,
              52.06033079306471
            ]
          ]
        ]
      },
      "properties": {
        "id": 26,
        "name": "Участок реки Ствига",
        "type": "river",
        "type_ru": "Река",
        "district": "Житковичский",
        "region": "Гомельская область",
        "location_description": "в пределах Житковичского района от границы с Лунинецким районом вниз по течению до автомобильного моста на автодороге Р-128",
        "activities": "подводная охота",
        "coordinate_source": "placeholder"
      }
    },
    {
      "type": "Feature",
      "geometry": {
        "type": "Polygon",
        "coordinates": [
          [
            [
              27.522857363066635,
              52.14272410027763
            ],
            [
              27.52691525598607,
              52.117774295053806
            ],
            [
              27.547236189314987,
              52.110286281338176
            ],
            [
              27.58076752838221,
              52.106541746808944
            ],
            [
              27.592960952293936,
              52.09093663957461
            ],
            [
              27.62852510536956,
              52.09093663957461
            ],
            [
              27.655960309169956,
              52.101548706470936
            ],
            [
              27.678314919674563,
              52.09780355935678
            ],
            [
              27.70981459811256,
              52.072203303931985
            ],
            [
              27.744362632528834,
              52.06783106087863
            ],
            [
              27.777894548285673,
              52.07407699132614
            ],
            [
              27.821587650635394,
              52.06720641977884
            ],
            [
              27.893732075446195,
              52.05283726285043
            ],
            [
              27.939439569019157,
              52.06283837221355
            ],
            [
              27.99839229735312,
              52.058460526928116
            ],
            [
              28.0644138686489,
              52.055966553276136
            ],
            [
              28.081701794790916,
              52.07158058316341
            ],
            [
              28.11931041780946,
              52.069704931753705
            ],
            [
              28.162958220235993,
              52.08157580718719
            ],
            [
              28.19754799491031,
              52.1077901008685
            ],
            [
              28.18938674866152,
              52.11964686247117
            ],
            [
              28.126421676298577,
              52.09655523779222
            ],
            [
              28.075610237577138,
              52.0828207240196
            ],
            [
              28.04005157025867,
              52.08032227978461
            ],
            [
              28.00956960260544,
              52.07032953790414
            ],
            [
              28.003472890650187,
              52.07907310662321
            ],
            [
              27.92421563522481,
              52.07969758172047
            ],
            [
              27.900844906060854,
              52.06408308321747
            ],
            [
              27.844958379799408,
              52.09093663957461
            ],
            [
              27.775862310966886,
              52.09093663957461
            ],
            [
              27.692540580905046,
              52.11902190206763
            ],
            [
              27.60617049486501,
              52.122765267417606
            ],
            [
              27.557396799218196,
              52.13898288440117
            ],
            [
              27.54114013938252,
              52.12713220787063
            ],
            [
              27.522857363066635,
              52.14272410027763
            ]
          ]
        ]
      },
      "properties": {
        "id": 27,
        "name": "Участок реки Припять",
        "type": "river",
        "type_ru": "Река",
        "district": "Житковичский",
        "region": "Гомельская область",
        "location_description": "в пределах Житковичского района от границы с Лунинецким районом вниз по течению до автомобильного моста на автодороге Р-88",
        "activities": "подводная охота, лов рыбы на дорожку с судов с двигателями",
        "coordinate_source": "placeholder"
      }
    },
    {
      "type": "Feature",
      "geometry": {
        "type": "Polygon",
        "coordinates": [
          [
            [
              30.057656094747728,
              53.013652734410385
            ],
            [
              30.044175402390465,
              53.00875812633723
            ],
            [
              30.027113807953214,
              52.98757890894214
            ],
            [
              30.04525744031912,
              52.961896655524754
            ],
            [
              30.034573788486796,
              52.92397688811215
            ],
            [
              30.054371748360836,
              52.89295749009594
            ],
            [
              30.063973331547714,
              52.873013187327786
            ],
            [
              30.055446390691316,
              52.84468613709873
            ],
            [
              30.08907519985854,
              52.806008382576096
            ],
            [
              30.101859309427255,
              52.75568070420525
            ],
            [
              30.111457923838543,
              52.711126574172056
            ],
            [
              30.1498513087098,
              52.702728097591034
            ],
            [
              30.169053367946532,
              52.67881357236175
            ],
            [
              30.20852693630033,
              52.656178542284664
            ],
            [
              30.24798289234036,
              52.63288264151183
            ],
            [
              30.23729903850034,
              52.609577035948604
            ],
            [
              30.275713510973873,
              52.59791552442351
            ],
            [
              30.233031675485847,
              52.543475225379865
            ],
            [
              30.262909897789996,
              52.53698239855129
            ],
            [
              30.28318566673849,
              52.54605905457248
            ],
            [
              30.275721173375985,
              52.56551174113659
            ],
            [
              30.295978848065346,
              52.597267450407145
            ],
            [
              30.268235341069754,
              52.62835209985141
            ],
            [
              30.218666392356937,
              52.687159391204005
            ],
            [
              30.18878723721997,
              52.726576222086976
            ],
            [
              30.14188802279267,
              52.72205055016619
            ],
            [
              30.141903760371804,
              52.74400070645328
            ],
            [
              30.13977052970759,
              52.76078233122996
            ],
            [
              30.131235026232986,
              52.79110213243422
            ],
            [
              30.100321549217455,
              52.81624435058802
            ],
            [
              30.12482920738438,
              52.82719909119237
            ],
            [
              30.103511823978607,
              52.86841701177002
            ],
            [
              30.081118246191295,
              52.864554606207264
            ],
            [
              30.091774807691223,
              52.8761394962157
            ],
            [
              30.07150718386805,
              52.88579039783528
            ],
            [
              30.07150416803728,
              52.91601978366202
            ],
            [
              30.054454180557997,
              52.922453947756765
            ],
            [
              30.05979675703807,
              52.93788633170871
            ],
            [
              30.057665015281145,
              52.95138165938707
            ],
            [
              30.074703103006442,
              52.95586566214595
            ],
            [
              30.070437992604525,
              52.97192226170486
            ],
            [
              30.04699121330202,
              52.972572676226946
            ],
            [
              30.056587004228362,
              52.980918958769166
            ],
            [
              30.057656094747728,
              53.013652734410385
            ]
          ]
        ]
      },
      "properties": {
        "id": 28,
        "name": "Участок реки Днепр",
        "type": "river",
        "type_ru": "Река",
        "district": "Жлобинский",
        "region": "Гомельская область",
        "location_description": "в пределах Жлобинского района",
        "activities": "подводная охота, лов рыбы на дорожку с судов с двигателями",
        "coordinate_source": "placeholder"
      }
    },
    {
      "type": "Feature",
      "geometry": {
        "type": "Polygon",
        "coordinates": [
          [
            [
              29.45174368118478,
              52.82844472184783
            ],
            [
              29.427708821057877,
              52.804673122487344
            ],
            [
              29.472827327853537,
              52.79770778883815
            ],
            [
              29.489155183782685,
              52.77506265829277
            ],
            [
              29.522742652014813,
              52.765774555229996
            ],
            [
              29.53618210309608,
              52.74311652769853
            ],
            [
              29.57553591931378,
              52.73498109328696
            ],
            [
              29.590899732318178,
              52.709397714010095
            ],
            [
              29.61490847605367,
              52.68088946002348
            ],
            [
              29.651389757248637,
              52.673322357169354
            ],
            [
              29.69168436396859,
              52.66750641209123
            ],
            [
              29.69744826114882,
              52.64712644382982
            ],
            [
              29.751200588020225,
              52.63372940796796
            ],
            [
              29.780955507875404,
              52.6378073903538
            ],
            [
              29.791516281632767,
              52.624406720446785
            ],
            [
              29.85391458344148,
              52.617995498355015
            ],
            [
              29.889436641937465,
              52.60808525353778
            ],
            [
              29.89903549956196,
              52.61916086188356
            ],
            [
              29.943194044558794,
              52.59759139094484
            ],
            [
              29.975836135359373,
              52.59467514537005
            ],
            [
              29.995040889114875,
              52.57892563632612
            ],
            [
              30.004633112328037,
              52.56375822413847
            ],
            [
              30.015190366794002,
              52.55909055575941
            ],
            [
              30.02959950233617,
              52.570174788950965
            ],
            [
              30.049753020021825,
              52.55675485346137
            ],
            [
              30.091943265343872,
              52.53984318708501
            ],
            [
              30.125547580074482,
              52.55034685177543
            ],
            [
              30.189885381028773,
              52.577182181759895
            ],
            [
              30.196555581429124,
              52.56085562130781
            ],
            [
              30.23886269502694,
              52.54391457968342
            ],
            [
              30.246577983650695,
              52.55383130373545
            ],
            [
              30.211965142568857,
              52.56434657852586
            ],
            [
              30.220659896032316,
              52.59000701094604
            ],
            [
              30.18416507040257,
              52.59700684481564
            ],
            [
              30.139043939757272,
              52.5637554348838
            ],
            [
              30.11311317035981,
              52.57367732659711
            ],
            [
              30.08622925882915,
              52.55675588545657
            ],
            [
              30.0564852090684,
              52.5748411143573
            ],
            [
              29.907700978675678,
              52.63197093442898
            ],
            [
              29.891407382814748,
              52.624389143063866
            ],
            [
              29.828996212663696,
              52.6523552446923
            ],
            [
              29.770444599015917,
              52.65235344816256
            ],
            [
              29.75123334326554,
              52.64828111961501
            ],
            [
              29.702280996056004,
              52.68553722971018
            ],
            [
              29.63988290417541,
              52.700664613608325
            ],
            [
              29.62164397195906,
              52.69426580333891
            ],
            [
              29.623564328166367,
              52.7169488737689
            ],
            [
              29.587087203458907,
              52.746593152113064
            ],
            [
              29.559249940363856,
              52.74078271962864
            ],
            [
              29.55733083804722,
              52.76808616060495
            ],
            [
              29.496863217933452,
              52.809875742494256
            ],
            [
              29.46613806548595,
              52.80930500482637
            ],
            [
              29.45174368118478,
              52.82844472184783
            ]
          ]
        ]
      },
      "properties": {
        "id": 29,
        "name": "Участок реки Березина",
        "type": "river",
        "type_ru": "Река",
        "district": "Жлобинский",
        "region": "Гомельская область",
        "location_description": "в пределах Жлобинского района",
        "activities": "подводная охота",
        "coordinate_source": "placeholder"
      }
    },
    {
      "type": "Feature",
      "geometry": {
        "type": "Polygon",
        "coordinates": [
          [
            [
              29.519516267221633,
              51.868466039948856
            ],
            [
              29.521000071131226,
              51.86809953551088
            ],
            [
              29.519872105426487,
              51.876967370736224
            ],
            [
              29.52088104298403,
              51.878213092071775
            ],
            [
              29.529543946355687,
              51.87890920217299
            ],
            [
              29.53328300165407,
              51.87748028132995
            ],
            [
              29.537911764823292,
              51.87824972930247
            ],
            [
              29.5278091065492,
              51.89023610203938
            ],
            [
              29.525257050332357,
              51.89107639110469
            ],
            [
              29.52424825988578,
              51.8803798149292
            ],
            [
              29.5164731580212,
              51.89056339968823
            ],
            [
              29.49481139197846,
              51.89576402861829
            ],
            [
              29.491191895785647,
              51.88887810847291
            ],
            [
              29.51799695953622,
              51.872432876109855
            ],
            [
              29.519516267221633,
              51.868466039948856
            ]
          ]
        ]
      },
      "properties": {
        "id": 30,
        "name": "Озеро Буяч",
        "type": "lake",
        "type_ru": "Озеро",
        "district": "Калинковичский",
        "region": "Гомельская область",
        "location_description": "в 30 км на юго-восток от г. Калинковичи у д. Обуховщина",
        "activities": "подводная охота",
        "coordinate_source": "placeholder"
      }
    },
    {
      "type": "Feature",
      "geometry": {
        "type": "Polygon",
        "coordinates": [
          [
            [
              29.44138574061884,
              52.00906195587618
            ],
            [
              29.442192528340513,
              52.00819828221782
            ],
            [
              29.445595067865526,
              52.00672999874374
            ],
            [
              29.44833113057635,
              52.00459226462368
            ],
            [
              29.45601315280382,
              52.0036205335409
            ],
            [
              29.464887817750565,
              52.004311544477815
            ],
            [
              29.47050025618978,
              52.00325342941298
            ],
            [
              29.472057949798597,
              52.003253428983555
            ],
            [
              29.471426550711044,
              52.00599583828381
            ],
            [
              29.46346390666838,
              52.00739936858565
            ],
            [
              29.447528512179446,
              52.00879880858295
            ],
            [
              29.444266283410087,
              52.008993134131316
            ],
            [
              29.44138574061884,
              52.00906195587618
            ]
          ]
        ]
      },
      "properties": {
        "id": 31,
        "name": "Озеро Горки",
        "type": "lake",
        "type_ru": "Озеро",
        "district": "Калинковичский",
        "region": "Гомельская область",
        "location_description": "в 16 км на юго-восток от г. Калинковичи у д. Шарейки",
        "activities": "подводная охота",
        "coordinate_source": "placeholder"
      }
    },
    {
      "type": "Feature",
      "geometry": {
        "type": "Polygon",
        "coordinates": [
          [
            [
              29.417589492389084,
              52.00829292641123
            ],
            [
              29.4183828651569,
              52.00734492603786
            ],
            [
              29.42981677172449,
              52.00485991999065
            ],
            [
              29.438567210179627,
              52.00412731967401
            ],
            [
              29.439547259286996,
              52.00463008588807
            ],
            [
              29.433200274594014,
              52.00599470857222
            ],
            [
              29.419712932121058,
              52.00908291153604
            ],
            [
              29.417589492389084,
              52.00829292641123
            ]
          ]
        ]
      },
      "properties": {
        "id": 32,
        "name": "Озеро Дворище (д. Пеница)",
        "type": "lake",
        "type_ru": "Озеро",
        "district": "Калинковичский",
        "region": "Гомельская область",
        "location_description": "в 14 км на юго-восток от г. Калинковичи, в 2,5 км на юго-восток от д. Пеница",
        "activities": "подводная охота",
        "coordinate_source": "placeholder"
      }
    },
    {
      "type": "Feature",
      "geometry": {
        "type": "Polygon",
        "coordinates": [
          [
            [
              29.0175258507289,
              52.14785984503436
            ],
            [
              29.018278783191107,
              52.1473735066688
            ],
            [
              29.01926948404531,
              52.1467534175635
            ],
            [
              29.020517767135118,
              52.14697227353804
            ],
            [
              29.020488046112035,
              52.14750725025675
            ],
            [
              29.01962613641757,
              52.14810301221945
            ],
            [
              29.0175258507289,
              52.14785984503436
            ]
          ]
        ]
      },
      "properties": {
        "id": 33,
        "name": "Озеро Дворище (д. Михновичи)",
        "type": "lake",
        "type_ru": "Озеро",
        "district": "Калинковичский",
        "region": "Гомельская область",
        "location_description": "в 18 км на запад от г. Калинковичи у д. Михновичи",
        "activities": "подводная охота",
        "coordinate_source": "placeholder"
      }
    },
    {
      "type": "Feature",
      "geometry": {
        "type": "Polygon",
        "coordinates": [
          [
            [
              29.468396056757797,
              52.002600111754816
            ],
            [
              29.46854861177019,
              52.00111620554705
            ],
            [
              29.469860581504577,
              52.00090958181687
            ],
            [
              29.482064951127455,
              51.998993570891685
            ],
            [
              29.484414292280235,
              51.99657026315802
            ],
            [
              29.484749912444784,
              51.99702112104063
            ],
            [
              29.483895606178606,
              51.998993571058605
            ],
            [
              29.486611078419543,
              52.001041069922366
            ],
            [
              29.491645380889565,
              52.00075930958087
            ],
            [
              29.49298786154762,
              52.001379179991375
            ],
            [
              29.489967280065855,
              52.00271281146928
            ],
            [
              29.48258363644416,
              52.00316360749022
            ],
            [
              29.481271666709688,
              52.00111620571394
            ],
            [
              29.474406708796636,
              52.00318239055932
            ],
            [
              29.468396056757797,
              52.002600111754816
            ]
          ]
        ]
      },
      "properties": {
        "id": 34,
        "name": "Озеро Песчанка",
        "type": "lake",
        "type_ru": "Озеро",
        "district": "Калинковичский",
        "region": "Гомельская область",
        "location_description": "в 16 км на юго-восток от г. Калинковичи у д. Шарейки",
        "activities": "подводная охота",
        "coordinate_source": "placeholder"
      }
    },
    {
      "type": "Feature",
      "geometry": {
        "type": "Polygon",
        "coordinates": [
          [
            [
              29.408052787699376,
              52.01710772709734
            ],
            [
              29.41094258274316,
              52.013889470165
            ],
            [
              29.418694245721582,
              52.010134668125716
            ],
            [
              29.422134212964806,
              52.008299561671436
            ],
            [
              29.42351022658093,
              52.00937241124052
            ],
            [
              29.41580463278251,
              52.01496220718997
            ],
            [
              29.40809863751076,
              52.01834981015551
            ],
            [
              29.408052787699376,
              52.01710772709734
            ]
          ]
        ]
      },
      "properties": {
        "id": 35,
        "name": "Озеро Тимошище",
        "type": "lake",
        "type_ru": "Озеро",
        "district": "Калинковичский",
        "region": "Гомельская область",
        "location_description": "в 14 км на юго-восток от г. Калинковичи, в 2 км на юго-восток от д. Пеница",
        "activities": "подводная охота",
        "coordinate_source": "placeholder"
      }
    },
    {
      "type": "Feature",
      "geometry": {
        "type": "Polygon",
        "coordinates": [
          [
            [
              29.354054887804637,
              52.00734865723609
            ],
            [
              29.33334078568339,
              51.995241902896254
            ],
            [
              29.403591272068127,
              51.95707083524488
            ],
            [
              29.487365345046896,
              51.92331638176017
            ],
            [
              29.46245699170325,
              51.90102175837262
            ],
            [
              29.481146480170082,
              51.85444462772273
            ],
            [
              29.493539405818694,
              51.78866585607625
            ],
            [
              29.543174287388183,
              51.793122203065366
            ],
            [
              29.526637592520473,
              51.81037653094745
            ],
            [
              29.527665546068135,
              51.8544385797141
            ],
            [
              29.49353882579871,
              51.88506842746722
            ],
            [
              29.513178449682698,
              51.91949292077578
            ],
            [
              29.488368144331588,
              51.9507078249849
            ],
            [
              29.410872638426184,
              51.96853391066455
            ],
            [
              29.354054887804637,
              52.00734865723609
            ]
          ]
        ]
      },
      "properties": {
        "id": 36,
        "name": "Участок реки Припять",
        "type": "river",
        "type_ru": "Река",
        "district": "Калинковичский",
        "region": "Гомельская область",
        "location_description": "в пределах Калинковичского района",
        "activities": "подводная охота, лов рыбы на дорожку с судов с двигателями",
        "coordinate_source": "placeholder"
      }
    },
    {
      "type": "Feature",
      "geometry": {
        "type": "Polygon",
        "coordinates": [
          [
            [
              29.085650576392425,
              52.521681719008456
            ],
            [
              29.082462048257128,
              52.52057925106894
            ],
            [
              29.06908965371059,
              52.48929962433607
            ],
            [
              29.07464198148307,
              52.47095575551924
            ],
            [
              29.071089353902607,
              52.45816164123923
            ],
            [
              29.01161785748377,
              52.450666905181066
            ],
            [
              29.0021117776715,
              52.427232884453815
            ],
            [
              28.96722159646069,
              52.41537484360353
            ],
            [
              28.969597773484054,
              52.40305026474266
            ],
            [
              28.977132403498388,
              52.370861224049804
            ],
            [
              28.960693470875157,
              52.340070577550534
            ],
            [
              28.967873149802386,
              52.34107472618325
            ],
            [
              28.983760143345847,
              52.36534226573255
            ],
            [
              28.98472060392112,
              52.371442136649364
            ],
            [
              28.977616533411037,
              52.38552539052836
            ],
            [
              28.97492703907602,
              52.39392885132804
            ],
            [
              28.975198384369975,
              52.40776985800204
            ],
            [
              28.976506083855952,
              52.41056507491925
            ],
            [
              28.976121340694817,
              52.412524904022604
            ],
            [
              29.008061769107172,
              52.42451534939269
            ],
            [
              29.010868348457706,
              52.438701232838014
            ],
            [
              29.031798475707888,
              52.44810276617875
            ],
            [
              29.083056205464885,
              52.45375433944693
            ],
            [
              29.082419197153143,
              52.46467569174371
            ],
            [
              29.076748883734695,
              52.483052789223336
            ],
            [
              29.087065908116642,
              52.52053401094972
            ],
            [
              29.085650576392425,
              52.521681719008456
            ]
          ]
        ]
      },
      "properties": {
        "id": 37,
        "name": "Участок реки Тремля",
        "type": "river",
        "type_ru": "Река",
        "district": "Калинковичский",
        "region": "Гомельская область",
        "location_description": "в пределах Калинковичского района",
        "activities": "подводная охота",
        "coordinate_source": "placeholder"
      }
    },
    {
      "type": "Feature",
      "geometry": {
        "type": "Polygon",
        "coordinates": [
          [
            [
              31.005511399853788,
              53.294098287972275
            ],
            [
              30.988662863506818,
              53.28558080518076
            ],
            [
              30.95811945608557,
              53.26733831576374
            ],
            [
              30.949949451625685,
              53.24757388299332
            ],
            [
              30.961330765359577,
              53.23489406005004
            ],
            [
              30.94218038021009,
              53.23179837501431
            ],
            [
              30.902848184589345,
              53.225917183944546
            ],
            [
              30.874996780138048,
              53.187551717745606
            ],
            [
              30.859997178978915,
              53.136487718023005
            ],
            [
              30.86624855775014,
              53.08404699792669
            ],
            [
              30.904958950299118,
              52.99736636143459
            ],
            [
              30.925659068861762,
              52.951626737840314
            ],
            [
              30.944247725040412,
              52.95723070017672
            ],
            [
              30.94270694415144,
              52.96470181081949
            ],
            [
              30.928255510255013,
              52.97497425268875
            ],
            [
              30.924113138457187,
              52.99644124890048
            ],
            [
              30.907724473598023,
              53.05451124023503
            ],
            [
              30.893984790053025,
              53.0803301984746
            ],
            [
              30.885745831551645,
              53.0873545214713
            ],
            [
              30.87405315263109,
              53.08528787990619
            ],
            [
              30.881540835121996,
              53.10171785157115
            ],
            [
              30.888859518625026,
              53.101798186224954
            ],
            [
              30.89360788003654,
              53.10464339923021
            ],
            [
              30.88533971814479,
              53.11351017353462
            ],
            [
              30.876531912301203,
              53.11147695563119
            ],
            [
              30.882247511841655,
              53.12783760616662
            ],
            [
              30.890518479430398,
              53.13353155097451
            ],
            [
              30.883604801713204,
              53.142559356629334
            ],
            [
              30.87858907271888,
              53.15573216693855
            ],
            [
              30.875198253696198,
              53.15800809795445
            ],
            [
              30.878723607657406,
              53.159146314598274
            ],
            [
              30.889332567216314,
              53.176266276509324
            ],
            [
              30.887699176039263,
              53.18210862471997
            ],
            [
              30.895026474841757,
              53.18259916122818
            ],
            [
              30.901122136226405,
              53.199155901189414
            ],
            [
              30.899225054279867,
              53.20645741074233
            ],
            [
              30.912089811019854,
              53.21894569343107
            ],
            [
              30.9252290730154,
              53.221380341584165
            ],
            [
              30.929835569657655,
              53.21862405197746
            ],
            [
              30.938777349102423,
              53.21838183161418
            ],
            [
              30.951351079728454,
              53.21553612661907
            ],
            [
              30.962694149445213,
              53.22112156372438
            ],
            [
              30.95904491931796,
              53.22695777496796
            ],
            [
              30.971353875413797,
              53.230780541843956
            ],
            [
              30.971643253817717,
              53.23718418634982
            ],
            [
              30.958372054993816,
              53.242456722619835
            ],
            [
              30.958640034885974,
              53.250569679863474
            ],
            [
              30.971387386069438,
              53.25738431203732
            ],
            [
              30.973149030407995,
              53.26695165327615
            ],
            [
              30.998909240382176,
              53.27944033037542
            ],
            [
              31.010842876517017,
              53.29151810045548
            ],
            [
              31.005511399853788,
              53.294098287972275
            ]
          ]
        ]
      },
      "properties": {
        "id": 38,
        "name": "Участок реки Сож",
        "type": "river",
        "type_ru": "Река",
        "district": "Кормянский",
        "region": "Гомельская область",
        "location_description": "в пределах Кормянского района",
        "activities": "подводная охота, лов рыбы на дорожку с судов с двигателями",
        "coordinate_source": "placeholder"
      }
    },
    {
      "type": "Feature",
      "geometry": {
        "type": "Polygon",
        "coordinates": [
          [
            [
              28.461600345891355,
              52.08521695322895
            ],
            [
              28.461695671405806,
              52.07852378984816
            ],
            [
              28.46072162764804,
              52.073934089348654
            ],
            [
              28.46895146324883,
              52.0588633610422
            ],
            [
              28.498172637864883,
              52.05257457852869
            ],
            [
              28.47869185478754,
              52.04079320706984
            ],
            [
              28.453852316617542,
              52.028709169367886
            ],
            [
              28.43561600871115,
              52.01048000351432
            ],
            [
              28.430917934159652,
              51.99395559955468
            ],
            [
              28.44310232270894,
              51.96783784687372
            ],
            [
              28.481277954366107,
              51.93829736404945
            ],
            [
              28.499937765400432,
              51.92287383449852
            ],
            [
              28.483370364287396,
              51.915565525457964
            ],
            [
              28.47110877611638,
              51.898427898602336
            ],
            [
              28.459209833202635,
              51.886279758715006
            ],
            [
              28.44093177356416,
              51.87679949518014
            ],
            [
              28.44244593234282,
              51.864912957222685
            ],
            [
              28.433932046894284,
              51.84978108574006
            ],
            [
              28.43009123429931,
              51.829454947834506
            ],
            [
              28.417004576523624,
              51.8254443836758
            ],
            [
              28.4117140562943,
              51.811188020836425
            ],
            [
              28.409115292062722,
              51.802953029729565
            ],
            [
              28.373447454423655,
              51.798654028894134
            ],
            [
              28.35915416470175,
              51.789814067456945
            ],
            [
              28.343821512013818,
              51.784750496962175
            ],
            [
              28.334414918678732,
              51.77903192856249
            ],
            [
              28.329607510334228,
              51.771635647975984
            ],
            [
              28.318884100238677,
              51.758805070790174
            ],
            [
              28.313557138570644,
              51.74891203080034
            ],
            [
              28.304000975112842,
              51.74311144274378
            ],
            [
              28.29678887867132,
              51.73832371880377
            ],
            [
              28.27370959224777,
              51.742951403033715
            ],
            [
              28.2718906396137,
              51.737841935765175
            ],
            [
              28.256102111556658,
              51.73422059933242
            ],
            [
              28.253373158703425,
              51.72725857712541
            ],
            [
              28.24070281030967,
              51.7235560393037
            ],
            [
              28.219911380387543,
              51.72057772252984
            ],
            [
              28.202434179100663,
              51.72387797177498
            ],
            [
              28.190479771897287,
              51.717840799276075
            ],
            [
              28.181059055886294,
              51.71961185076947
            ],
            [
              28.16397306199488,
              51.71792162175802
            ],
            [
              28.15353926771718,
              51.71049453048067
            ],
            [
              28.133920132745203,
              51.70747537968609
            ],
            [
              28.119952867782047,
              51.69600076883023
            ],
            [
              28.117224378812722,
              51.70135594936022
            ],
            [
              28.115340422144016,
              51.70791820107925
            ],
            [
              28.105365846989685,
              51.71502701668081
            ],
            [
              28.078258330208115,
              51.71429389003998
            ],
            [
              28.073848678542788,
              51.70189637834093
            ],
            [
              28.06545900819185,
              51.69509606439817
            ],
            [
              28.03544737483432,
              51.68949499437551
            ],
            [
              28.00264714123628,
              51.67869377761585
            ],
            [
              27.97661634214083,
              51.66982251758938
            ],
            [
              27.949616424860153,
              51.6624834048711
            ],
            [
              27.923907386306155,
              51.64860260571939
            ],
            [
              27.919389512482866,
              51.633515733113114
            ],
            [
              27.911967086805845,
              51.617021358805744
            ],
            [
              27.916268776273427,
              51.61214611601932
            ],
            [
              27.92420062434755,
              51.62124303378857
            ],
            [
              27.937001234000576,
              51.646680950274344
            ],
            [
              27.9615269765207,
              51.654823419391136
            ],
            [
              27.989407018746732,
              51.667967499850334
            ],
            [
              28.043703120994167,
              51.68231859707254
            ],
            [
              28.066292515712547,
              51.687653864891985
            ],
            [
              28.074145019591043,
              51.693321898063544
            ],
            [
              28.080345663646057,
              51.69943439289747
            ],
            [
              28.082090110487883,
              51.709058553571964
            ],
            [
              28.091833488920713,
              51.70895309559373
            ],
            [
              28.101360960692062,
              51.708874001152736
            ],
            [
              28.103275597554358,
              51.71222221541129
            ],
            [
              28.10684958620797,
              51.71082495933041
            ],
            [
              28.11046612153598,
              51.70547280549846
            ],
            [
              28.10812600991906,
              51.700726523747306
            ],
            [
              28.11370079760104,
              51.69554855124633
            ],
            [
              28.121742272071288,
              51.693517812989825
            ],
            [
              28.129060439312013,
              51.69320132609286
            ],
            [
              28.131570740865612,
              51.69837033495517
            ],
            [
              28.21050681182973,
              51.7148768157856
            ],
            [
              28.254351927072292,
              51.71623009709194
            ],
            [
              28.260616360757865,
              51.72429305102423
            ],
            [
              28.267910818752867,
              51.732643660625925
            ],
            [
              28.27992960528408,
              51.735859934531874
            ],
            [
              28.284819244557838,
              51.7366784747978
            ],
            [
              28.289937212251772,
              51.73544698390481
            ],
            [
              28.29441511020792,
              51.734664247676676
            ],
            [
              28.298104457052688,
              51.7352178423713
            ],
            [
              28.306347265882607,
              51.740194092727535
            ],
            [
              28.318395371212745,
              51.74371776171202
            ],
            [
              28.32200070103744,
              51.75123538624038
            ],
            [
              28.328737345779928,
              51.758458557766005
            ],
            [
              28.33507006537957,
              51.769573964863156
            ],
            [
              28.337214766568792,
              51.77576253691535
            ],
            [
              28.346540428147676,
              51.78376178919885
            ],
            [
              28.361269448694543,
              51.78776042957449
            ],
            [
              28.373242101135077,
              51.793724577272826
            ],
            [
              28.394327369462303,
              51.79595389829646
            ],
            [
              28.41011679858923,
              51.79831343802732
            ],
            [
              28.418279293678154,
              51.81037148543291
            ],
            [
              28.421564621548924,
              51.82203324754019
            ],
            [
              28.438521555858784,
              51.82609452378037
            ],
            [
              28.43555409235526,
              51.831334339213726
            ],
            [
              28.43512989007081,
              51.841681172105524
            ],
            [
              28.441100306332714,
              51.851517498808505
            ],
            [
              28.453165804706998,
              51.86155984579847
            ],
            [
              28.449495435954873,
              51.87160000865629
            ],
            [
              28.456838248620528,
              51.877914281575755
            ],
            [
              28.478078808478926,
              51.8932915292435
            ],
            [
              28.50220404461774,
              51.91561915235292
            ],
            [
              28.51034791489394,
              51.92467973131107
            ],
            [
              28.501964319398667,
              51.93034332172843
            ],
            [
              28.472864965317996,
              51.95541078056007
            ],
            [
              28.453710233307874,
              51.97109090806467
            ],
            [
              28.439022459333046,
              51.98870778839333
            ],
            [
              28.450044217145432,
              52.01519905466219
            ],
            [
              28.492025920306475,
              52.037801363539046
            ],
            [
              28.505669975803812,
              52.050066404326856
            ],
            [
              28.502521348297194,
              52.05942430342097
            ],
            [
              28.473396543865334,
              52.06878024248854
            ],
            [
              28.4705065855172,
              52.085388214531605
            ],
            [
              28.461600345891355,
              52.08521695322895
            ]
          ]
        ]
      },
      "properties": {
        "id": 39,
        "name": "Участок реки Уборть",
        "type": "river",
        "type_ru": "Река",
        "district": "Лельчицкий",
        "region": "Гомельская область",
        "location_description": "в пределах Лельчицкого района от аг. Милошевичи вниз по течению до д. Свидное",
        "activities": "подводная охота, лов рыбы на дорожку с судов с двигателями",
        "coordinate_source": "placeholder"
      }
    },
    {
      "type": "Feature",
      "geometry": {
        "type": "Polygon",
        "coordinates": [
          [
            [
              28.418002896174585,
              51.951468117717695
            ],
            [
              28.42831331488594,
              51.95577495916322
            ],
            [
              28.427097518511857,
              51.9648368884871
            ],
            [
              28.41714951450976,
              51.96976930721894
            ],
            [
              28.40503254467359,
              51.960438661873724
            ],
            [
              28.40777043523846,
              51.952666541566
            ],
            [
              28.418002896174585,
              51.951468117717695
            ]
          ]
        ]
      },
      "properties": {
        "id": 40,
        "name": "Озеро Свидное",
        "type": "lake",
        "type_ru": "Озеро",
        "district": "Лельчицкий",
        "region": "Гомельская область",
        "location_description": "в 16 км на северо-восток от г.п. Лельчицы, у д. Свидное",
        "activities": "подводная охота, лов рыбы на дорожку с судов с двигателями",
        "coordinate_source": "placeholder"
      }
    },
    {
      "type": "Feature",
      "geometry": {
        "type": "Polygon",
        "coordinates": [
          [
            [
              30.624067985982464,
              52.15143584703796
            ],
            [
              30.636892530789225,
              52.145185724692254
            ],
            [
              30.679315474813137,
              52.12587127224418
            ],
            [
              30.707702955678542,
              52.05738224402509
            ],
            [
              30.732134975960975,
              52.01604157012079
            ],
            [
              30.769077225482107,
              51.98910055834793
            ],
            [
              30.789929286985256,
              51.96550435873641
            ],
            [
              30.799838110951242,
              51.94232866854321
            ],
            [
              30.81319193557107,
              51.922300878110605
            ],
            [
              30.79198899605018,
              51.905844771092944
            ],
            [
              30.761200064660216,
              51.909855196996915
            ],
            [
              30.738966359473523,
              51.90162630083361
            ],
            [
              30.70029741831715,
              51.874822978603675
            ],
            [
              30.683257058570092,
              51.82853971827382
            ],
            [
              30.6476931129867,
              51.82199015782152
            ],
            [
              30.65590226890035,
              51.791746627222466
            ],
            [
              30.632292792314473,
              51.7887835814889
            ],
            [
              30.605619096262387,
              51.77037422225084
            ],
            [
              30.608015380793006,
              51.75703658530915
            ],
            [
              30.637089470935024,
              51.75746003718433
            ],
            [
              30.62443731348114,
              51.738185649952186
            ],
            [
              30.60664746722489,
              51.71233947190217
            ],
            [
              30.62614402227993,
              51.70258983071756
            ],
            [
              30.646347417779367,
              51.73348915041609
            ],
            [
              30.65695338142376,
              51.7515023017483
            ],
            [
              30.65832237230981,
              51.778611616670474
            ],
            [
              30.674064201018666,
              51.78602149451899
            ],
            [
              30.666877714000293,
              51.810994401057144
            ],
            [
              30.699040035763915,
              51.81756412881151
            ],
            [
              30.704869654876063,
              51.838911825240785
            ],
            [
              30.728470586210392,
              51.871679048572844
            ],
            [
              30.73183575897906,
              51.88059853728484
            ],
            [
              30.754424703864345,
              51.8981252113972
            ],
            [
              30.8013036283823,
              51.89390207199466
            ],
            [
              30.829712441491523,
              51.92050499629278
            ],
            [
              30.81430374967519,
              51.93992191649528
            ],
            [
              30.805610857930162,
              51.95753496715369
            ],
            [
              30.81086862098661,
              51.97904695555229
            ],
            [
              30.814907461626433,
              52.01442678227221
            ],
            [
              30.797297827044304,
              52.0345150940239
            ],
            [
              30.745540753795723,
              52.03104951068411
            ],
            [
              30.737274367761046,
              52.06198963185193
            ],
            [
              30.726028445589577,
              52.10279877392986
            ],
            [
              30.71439286844216,
              52.13184526001575
            ],
            [
              30.64118000444057,
              52.161562514861686
            ],
            [
              30.624067985982464,
              52.15143584703796
            ]
          ]
        ]
      },
      "properties": {
        "id": 41,
        "name": "Участок реки Днепр",
        "type": "river",
        "type_ru": "Река",
        "district": "Лоевский",
        "region": "Гомельская область",
        "location_description": "в пределах Лоевского района от границы с Речицким районом вниз по течению до г.п. Лоев",
        "activities": "подводная охота, лов рыбы на дорожку с судов с двигателями",
        "coordinate_source": "placeholder"
      }
    },
    {
      "type": "Feature",
      "geometry": {
        "type": "Polygon",
        "coordinates": [
          [
            [
              30.585012256753345,
              51.747871039335394
            ],
            [
              30.58553077356092,
              51.743777593656745
            ],
            [
              30.587216052459155,
              51.74012522884584
            ],
            [
              30.606078899080643,
              51.73422450057441
            ],
            [
              30.601670585194597,
              51.720292918308274
            ],
            [
              30.606532170110455,
              51.71981085663458
            ],
            [
              30.6130143162799,
              51.722300321393504
            ],
            [
              30.613338768069298,
              51.728925161848736
            ],
            [
              30.613533758902378,
              51.73426460444222
            ],
            [
              30.62137728968912,
              51.73731552260088
            ],
            [
              30.62241405419789,
              51.741610482869504
            ],
            [
              30.61645078171634,
              51.74064721136082
            ],
            [
              30.610681797592633,
              51.739683889715906
            ],
            [
              30.602578789569435,
              51.74060705961867
            ],
            [
              30.59888378210715,
              51.74405877837327
            ],
            [
              30.593633151269785,
              51.75116175245833
            ],
            [
              30.585012256753345,
              51.747871039335394
            ]
          ]
        ]
      },
      "properties": {
        "id": 42,
        "name": "Озеро Лутавское",
        "type": "lake",
        "type_ru": "Озеро",
        "district": "Лоевский",
        "region": "Гомельская область",
        "location_description": "в 0,2 км на юго-восток от д. Старая Лутава",
        "activities": "подводная охота, лов рыбы на дорожку с судов с двигателями",
        "coordinate_source": "placeholder"
      }
    },
    {
      "type": "Feature",
      "geometry": {
        "type": "Polygon",
        "coordinates": [
          [
            [
              30.627702697281933,
              51.78090773656962
            ],
            [
              30.626506975222156,
              51.77879218807092
            ],
            [
              30.627486510153858,
              51.77832388374358
            ],
            [
              30.62884450128331,
              51.778668225377714
            ],
            [
              30.63057451456055,
              51.782616778766226
            ],
            [
              30.63215512718881,
              51.78535740460714
            ],
            [
              30.630129271566403,
              51.785495120105395
            ],
            [
              30.628058891645225,
              51.78404908640704
            ],
            [
              30.627702697281933,
              51.78090773656962
            ]
          ]
        ]
      },
      "properties": {
        "id": 43,
        "name": "Озеро Вира",
        "type": "lake",
        "type_ru": "Озеро",
        "district": "Лоевский",
        "region": "Гомельская область",
        "location_description": "в 1 км на северо-восток от д. Деражичи",
        "activities": "подводная охота, лов рыбы на дорожку с судов с двигателями",
        "coordinate_source": "placeholder"
      }
    },
    {
      "type": "Feature",
      "geometry": {
        "type": "Polygon",
        "coordinates": [
          [
            [
              30.637330428498785,
              51.81025668749143
            ],
            [
              30.639537875471802,
              51.81151647897215
            ],
            [
              30.639254869354943,
              51.816485313149286
            ],
            [
              30.64921668136259,
              51.82061392754707
            ],
            [
              30.64961288979447,
              51.82148858542237
            ],
            [
              30.646330019928484,
              51.821873429508315
            ],
            [
              30.638066244059274,
              51.81994917620531
            ],
            [
              30.632802332031645,
              51.81473578615649
            ],
            [
              30.63416076094194,
              51.81190140827567
            ],
            [
              30.637330428498785,
              51.81025668749143
            ]
          ]
        ]
      },
      "properties": {
        "id": 44,
        "name": "Озеро Круговод",
        "type": "lake",
        "type_ru": "Озеро",
        "district": "Лоевский",
        "region": "Гомельская область",
        "location_description": "в 1,3 км на восток от д. Тесны",
        "activities": "подводная охота, лов рыбы на дорожку с судов с двигателями",
        "coordinate_source": "placeholder"
      }
    },
    {
      "type": "Feature",
      "geometry": {
        "type": "Polygon",
        "coordinates": [
          [
            [
              30.616012160792025,
              52.08473983837118
            ],
            [
              30.616230109016016,
              52.08112945214069
            ],
            [
              30.612313713697716,
              52.0639544449586
            ],
            [
              30.641443430780186,
              52.055510908077906
            ],
            [
              30.663798964381527,
              52.0632572487506
            ],
            [
              30.65453135121325,
              52.06910380261874
            ],
            [
              30.662737766146932,
              52.081090434400465
            ],
            [
              30.648230289174677,
              52.083794467059334
            ],
            [
              30.62551621752874,
              52.09957467508741
            ],
            [
              30.609699939136334,
              52.0912491134402
            ],
            [
              30.616012160792025,
              52.08473983837118
            ]
          ]
        ]
      },
      "properties": {
        "id": 45,
        "name": "Водохранилище Днепро-Брагинское",
        "type": "reservoir",
        "type_ru": "Водохранилище",
        "district": "Лоевский",
        "region": "Гомельская область",
        "location_description": "в 18 км на северо-запад от г.п. Лоев вблизи д. Рекорд и д. Бушатин",
        "activities": "подводная охота, лов рыбы на дорожку с судов с двигателями",
        "coordinate_source": "placeholder"
      }
    },
    {
      "type": "Feature",
      "geometry": {
        "type": "Polygon",
        "coordinates": [
          [
            [
              28.47710296438305,
              52.12112814765172
            ],
            [
              28.487489975357448,
              52.10308739357097
            ],
            [
              28.529068522443538,
              52.085472054645095
            ],
            [
              28.63300963929825,
              52.121577056821764
            ],
            [
              28.76258196030392,
              52.08810802567385
            ],
            [
              28.834978491648712,
              52.111901683131975
            ],
            [
              28.948306004801026,
              52.111901683131975
            ],
            [
              29.105374355505546,
              52.10529194286397
            ],
            [
              29.163359112594463,
              52.08986814147292
            ],
            [
              29.277587677723602,
              52.033173538793875
            ],
            [
              29.475432296157436,
              51.9253337225843
            ],
            [
              29.481465211130455,
              51.8451823298781
            ],
            [
              29.48503394192869,
              51.80131435487405
            ],
            [
              29.519494406512024,
              51.800846872949904
            ],
            [
              29.525952375466943,
              51.85447418308726
            ],
            [
              29.498681566334625,
              51.870424157779325
            ],
            [
              29.517289862400418,
              51.928834877441346
            ],
            [
              29.492196200633828,
              51.94695856390632
            ],
            [
              29.39325783280239,
              51.98141912716923
            ],
            [
              29.34880636291021,
              52.03526036835069
            ],
            [
              29.270653453268437,
              52.06833119166285
            ],
            [
              29.177438804412418,
              52.11635199676482
            ],
            [
              29.0416480212902,
              52.13834568936761
            ],
            [
              28.954477128400185,
              52.13961246537471
            ],
            [
              28.871328938148764,
              52.15720599947966
            ],
            [
              28.76667690559114,
              52.11717062625226
            ],
            [
              28.704315762902382,
              52.1633620941393
            ],
            [
              28.58389403765662,
              52.14663925070292
            ],
            [
              28.47710296438305,
              52.12112814765172
            ]
          ]
        ]
      },
      "properties": {
        "id": 46,
        "name": "Участок реки Припять",
        "type": "river",
        "type_ru": "Река",
        "district": "Мозырский",
        "region": "Гомельская область",
        "location_description": "в пределах Мозырского района",
        "activities": "подводная охота, лов рыбы на дорожку с судов с двигателями",
        "coordinate_source": "placeholder"
      }
    },
    {
      "type": "Feature",
      "geometry": {
        "type": "Polygon",
        "coordinates": [
          [
            [
              29.511379301775037,
              51.79439141625076
            ],
            [
              29.518468191314383,
              51.78911907382647
            ],
            [
              29.560109721066254,
              51.779900731323295
            ],
            [
              29.562784040698716,
              51.7657173587551
            ],
            [
              29.601368093452862,
              51.751293199376136
            ],
            [
              29.66325583069255,
              51.756732296609755
            ],
            [
              29.68235705470522,
              51.74041274638384
            ],
            [
              29.661338795490764,
              51.71344135012248
            ],
            [
              29.678339532522358,
              51.68431898630456
            ],
            [
              29.703546114894664,
              51.65778661625558
            ],
            [
              29.77111132741041,
              51.6064790711834
            ],
            [
              29.809827478031565,
              51.56526028359164
            ],
            [
              29.86864845499008,
              51.51822453694206
            ],
            [
              29.90455680154517,
              51.49659264635986
            ],
            [
              29.946566344121493,
              51.49064692253623
            ],
            [
              29.946564184111253,
              51.480661711272035
            ],
            [
              29.964134209082346,
              51.469002455845214
            ],
            [
              29.979033759114827,
              51.47970429585993
            ],
            [
              29.977123988698253,
              51.48612654634593
            ],
            [
              29.97063076927887,
              51.493499126024744
            ],
            [
              29.95382478960704,
              51.506576575456876
            ],
            [
              29.914483620144864,
              51.52464110083358
            ],
            [
              29.895003961889415,
              51.53913504263633
            ],
            [
              29.86903108421464,
              51.54436123367111
            ],
            [
              29.843058206539865,
              51.569296150589594
            ],
            [
              29.852225104542782,
              51.57879157100405
            ],
            [
              29.851416409009744,
              51.59026464063015
            ],
            [
              29.810551696888297,
              51.61564793732961
            ],
            [
              29.788396928295867,
              51.6113769885433
            ],
            [
              29.792969105293906,
              51.640075095987186
            ],
            [
              29.779959339720307,
              51.65002282410998
            ],
            [
              29.741772220411576,
              51.65048912552419
            ],
            [
              29.740237796763637,
              51.68651006666812
            ],
            [
              29.711588568882462,
              51.690535256763326
            ],
            [
              29.68560423312823,
              51.70876987737472
            ],
            [
              29.71154396580644,
              51.74474829915226
            ],
            [
              29.67527621470714,
              51.772885628097185
            ],
            [
              29.627531629860385,
              51.77477744836381
            ],
            [
              29.602314049542002,
              51.760590231807186
            ],
            [
              29.582445652928186,
              51.76957598669449
            ],
            [
              29.601163654076572,
              51.79628480789529
            ],
            [
              29.58015314562627,
              51.805501122401466
            ],
            [
              29.55264305800597,
              51.79203254943613
            ],
            [
              29.523604373873155,
              51.80360878003742
            ],
            [
              29.511379301775037,
              51.79439141625076
            ]
          ]
        ]
      },
      "properties": {
        "id": 47,
        "name": "Участок реки Припять",
        "type": "river",
        "type_ru": "Река",
        "district": "Наровлянский",
        "region": "Гомельская область",
        "location_description": "в пределах Наровлянского района от границы с Мозырским районом вниз по течению до границы с Полесским государственным радиационно-экологическим заповедником, за исключением зон радиоактивного загрязнения",
        "activities": "подводная охота, лов рыбы на дорожку с судов с двигателями",
        "coordinate_source": "placeholder"
      }
    },
    {
      "type": "Feature",
      "geometry": {
        "type": "Polygon",
        "coordinates": [
          [
            [
              28.770657477472525,
              52.717596565691906
            ],
            [
              28.763317441465347,
              52.713452053723046
            ],
            [
              28.750590172440297,
              52.69802754203451
            ],
            [
              28.738862034288843,
              52.681235366578534
            ],
            [
              28.740609310641986,
              52.65580655618271
            ],
            [
              28.74859641364148,
              52.644146742208875
            ],
            [
              28.766813966654155,
              52.63990536825622
            ],
            [
              28.781966586045513,
              52.61712798630691
            ],
            [
              28.76125365314965,
              52.61182362963379
            ],
            [
              28.74754250434671,
              52.59698243151024
            ],
            [
              28.73632338866784,
              52.58698328820503
            ],
            [
              28.732833628469677,
              52.574030586974374
            ],
            [
              28.735832696655308,
              52.557202377450324
            ],
            [
              28.745393799528614,
              52.54526623619344
            ],
            [
              28.745891826330762,
              52.52932653262695
            ],
            [
              28.759624827707484,
              52.52962799135793
            ],
            [
              28.76484970002045,
              52.54041099590452
            ],
            [
              28.754374370481656,
              52.55831717637787
            ],
            [
              28.745138854423175,
              52.57454808606428
            ],
            [
              28.75786209954586,
              52.58425457620575
            ],
            [
              28.773331143611273,
              52.600777186028125
            ],
            [
              28.798791568871195,
              52.615627415144274
            ],
            [
              28.78063784979588,
              52.643339887338385
            ],
            [
              28.7584358696092,
              52.64545896425176
            ],
            [
              28.75743802780292,
              52.65317759047511
            ],
            [
              28.749952741923636,
              52.67103149606743
            ],
            [
              28.758183203540995,
              52.68539926990485
            ],
            [
              28.76167477979729,
              52.700517614493805
            ],
            [
              28.782629483283927,
              52.713515844253465
            ],
            [
              28.770657477472525,
              52.717596565691906
            ]
          ]
        ]
      },
      "properties": {
        "id": 48,
        "name": "Участок реки Птичь",
        "type": "river",
        "type_ru": "Река",
        "district": "Октябрьский",
        "region": "Гомельская область",
        "location_description": "в пределах Октябрьского района от моста по автодороге Н-4051 вблизи д. Рожанов вниз по течению до границы с Петриковским районом",
        "activities": "подводная охота, лов рыбы на дорожку с судов с двигателями",
        "coordinate_source": "placeholder"
      }
    },
    {
      "type": "Feature",
      "geometry": {
        "type": "Polygon",
        "coordinates": [
          [
            [
              28.434183565064018,
              52.54209968227147
            ],
            [
              28.43312405275148,
              52.539614175412765
            ],
            [
              28.467785241279273,
              52.534826876809916
            ],
            [
              28.52079225119644,
              52.526908283469425
            ],
            [
              28.539106678617344,
              52.527000368430976
            ],
            [
              28.551669467675396,
              52.52865786472472
            ],
            [
              28.567400026011057,
              52.5413614609906
            ],
            [
              28.59445839231614,
              52.54811770072331
            ],
            [
              28.607328933592527,
              52.56090841684838
            ],
            [
              28.63094160765948,
              52.556951823781134
            ],
            [
              28.659699866092268,
              52.559620407517485
            ],
            [
              28.667267811306914,
              52.555847570438885
            ],
            [
              28.683917290780983,
              52.5587922515617
            ],
            [
              28.68906349352801,
              52.56127667253034
            ],
            [
              28.713129559311767,
              52.558332158164205
            ],
            [
              28.734622476119767,
              52.55253456586735
            ],
            [
              28.743097501824934,
              52.55299467586417
            ],
            [
              28.74424713065477,
              52.55450126122918
            ],
            [
              28.737925813688207,
              52.55696254838338
            ],
            [
              28.734250962638782,
              52.55511634821772
            ],
            [
              28.729394759600808,
              52.55730449892707
            ],
            [
              28.725313740804552,
              52.55748088203782
            ],
            [
              28.723747093779508,
              52.55906829812318
            ],
            [
              28.709480821963865,
              52.561797597850386
            ],
            [
              28.704200641247326,
              52.56430191505831
            ],
            [
              28.699262450807055,
              52.56494875841125
            ],
            [
              28.68475973983962,
              52.56407355048583
            ],
            [
              28.680440362085676,
              52.5629118783892
            ],
            [
              28.678031969650874,
              52.559808645569774
            ],
            [
              28.668895785304727,
              52.558885590372626
            ],
            [
              28.660310287993696,
              52.56232522896727
            ],
            [
              28.649708125643485,
              52.56157728036408
            ],
            [
              28.632246843039894,
              52.560240258825104
            ],
            [
              28.627796552671043,
              52.56100414437162
            ],
            [
              28.62452735949745,
              52.56351852689241
            ],
            [
              28.61201419010655,
              52.564377832975424
            ],
            [
              28.60368983109379,
              52.56353553909713
            ],
            [
              28.591137851273572,
              52.55248180194647
            ],
            [
              28.585962053058182,
              52.54894122827733
            ],
            [
              28.566067626952446,
              52.54576101652734
            ],
            [
              28.55517683000099,
              52.53782578916474
            ],
            [
              28.543423278265152,
              52.53080745541973
            ],
            [
              28.523905978783773,
              52.53106984251937
            ],
            [
              28.484661819482938,
              52.535300616507016
            ],
            [
              28.447984046423215,
              52.54025240835594
            ],
            [
              28.439519361894895,
              52.541727997846436
            ],
            [
              28.434183565064018,
              52.54209968227147
            ]
          ]
        ]
      },
      "properties": {
        "id": 49,
        "name": "Участок реки Оресса",
        "type": "river",
        "type_ru": "Река",
        "district": "Октябрьский",
        "region": "Гомельская область",
        "location_description": "в пределах Октябрьского района",
        "activities": "подводная охота",
        "coordinate_source": "placeholder"
      }
    },
    {
      "type": "Feature",
      "geometry": {
        "type": "Polygon",
        "coordinates": [
          [
            [
              29.07792273172322,
              52.46826890370821
            ],
            [
              29.081671151368738,
              52.46992042456955
            ],
            [
              29.07583561556956,
              52.48070830379811
            ],
            [
              29.086048394468264,
              52.50924209507505
            ],
            [
              29.102923446168262,
              52.539286530350324
            ],
            [
              29.129373288339025,
              52.5650019076478
            ],
            [
              29.165608438170068,
              52.595000861957914
            ],
            [
              29.173105604059174,
              52.6114431984866
            ],
            [
              29.185908555742827,
              52.641107370073286
            ],
            [
              29.172830262967295,
              52.65548599768249
            ],
            [
              29.15568253118616,
              52.67487536283065
            ],
            [
              29.150447204146957,
              52.69194940227209
            ],
            [
              29.15814052708845,
              52.70472534526607
            ],
            [
              29.16521931808782,
              52.710133105292044
            ],
            [
              29.159604682020046,
              52.71282363847982
            ],
            [
              29.145258296754747,
              52.701361232659764
            ],
            [
              29.147781355016747,
              52.6792893769946
            ],
            [
              29.158497329094757,
              52.658358169695674
            ],
            [
              29.176309620253363,
              52.639522871337306
            ],
            [
              29.164173927467886,
              52.6158888166824
            ],
            [
              29.151560907631506,
              52.59779290069383
            ],
            [
              29.11029720340838,
              52.56314294327666
            ],
            [
              29.093597515442667,
              52.53916605325392
            ],
            [
              29.08002867024689,
              52.51892361246081
            ],
            [
              29.070721402063953,
              52.48724594890243
            ],
            [
              29.06678515456133,
              52.47235780557247
            ],
            [
              29.07792273172322,
              52.46826890370821
            ]
          ]
        ]
      },
      "properties": {
        "id": 50,
        "name": "Участок реки Тремля",
        "type": "river",
        "type_ru": "Река",
        "district": "Октябрьский",
        "region": "Гомельская область",
        "location_description": "в пределах Октябрьского района",
        "activities": "подводная охота",
        "coordinate_source": "placeholder"
      }
    },
    {
      "type": "Feature",
      "geometry": {
        "type": "Polygon",
        "coordinates": [
          [
            [
              28.766952139487614,
              52.712163634424996
            ],
            [
              28.75863212463622,
              52.70711163430224
            ],
            [
              28.754924401253902,
              52.6996217299577
            ],
            [
              28.750344979741385,
              52.686918856254266
            ],
            [
              28.739222382702792,
              52.67696310595642
            ],
            [
              28.743990432718448,
              52.66025688074626
            ],
            [
              28.744343621786612,
              52.64354426867138
            ],
            [
              28.775598629044424,
              52.63459905462287
            ],
            [
              28.78477424780175,
              52.62323805418467
            ],
            [
              28.78053250364411,
              52.61530745898196
            ],
            [
              28.755293470686752,
              52.60052029055788
            ],
            [
              28.741710830972522,
              52.58840618235732
            ],
            [
              28.733946000319833,
              52.5801473824705
            ],
            [
              28.733429352598307,
              52.55620998834715
            ],
            [
              28.749847315855902,
              52.54364605754387
            ],
            [
              28.74667744243095,
              52.53236701828297
            ],
            [
              28.759578423111407,
              52.524198155042
            ],
            [
              28.771935019647913,
              52.51076528304392
            ],
            [
              28.79138145681742,
              52.50227486464726
            ],
            [
              28.77494320579575,
              52.48108522404485
            ],
            [
              28.78765285861752,
              52.463442311152164
            ],
            [
              28.811865431567696,
              52.449344603536076
            ],
            [
              28.82356508634956,
              52.43345866730769
            ],
            [
              28.83292929024958,
              52.431306604062456
            ],
            [
              28.827441517365116,
              52.41924556656281
            ],
            [
              28.814891679028534,
              52.40600287285099
            ],
            [
              28.782777757161625,
              52.39878368201681
            ],
            [
              28.776591236395177,
              52.37830848407984
            ],
            [
              28.781181361853783,
              52.37065646673972
            ],
            [
              28.807667786994415,
              52.359772796146245
            ],
            [
              28.807311437144335,
              52.34963252738211
            ],
            [
              28.81489977147112,
              52.339601305647165
            ],
            [
              28.836789883159753,
              52.326872530751245
            ],
            [
              28.81454213424678,
              52.31101737430319
            ],
            [
              28.801154404350655,
              52.29385983236028
            ],
            [
              28.798614500254615,
              52.26761268723351
            ],
            [
              28.79526894029044,
              52.24480740409987
            ],
            [
              28.795445536544378,
              52.24156344756955
            ],
            [
              28.789441263940176,
              52.230748546328186
            ],
            [
              28.785379550120552,
              52.21939006379708
            ],
            [
              28.79173958735504,
              52.21517634031082
            ],
            [
              28.81045886952478,
              52.20565366840415
            ],
            [
              28.83500612219632,
              52.190513594850216
            ],
            [
              28.839774264879935,
              52.176112525278114
            ],
            [
              28.852842507793014,
              52.173188430384755
            ],
            [
              28.859906422879448,
              52.16560654845577
            ],
            [
              28.854078692107805,
              52.14718802784688
            ],
            [
              28.862908585206668,
              52.147404760617405
            ],
            [
              28.866440542446895,
              52.153364498416266
            ],
            [
              28.86997249968715,
              52.162681762264754
            ],
            [
              28.860083094634405,
              52.17838669053202
            ],
            [
              28.85019361436349,
              52.18033588051381
            ],
            [
              28.847898073944748,
              52.19581807576918
            ],
            [
              28.826353134782806,
              52.20739913054646
            ],
            [
              28.80162943410292,
              52.22016726192521
            ],
            [
              28.805514587067165,
              52.23022769480116
            ],
            [
              28.801452851690073,
              52.23477037229253
            ],
            [
              28.808693364031626,
              52.24720626789269
            ],
            [
              28.813802606780257,
              52.27325070374371
            ],
            [
              28.812038160486367,
              52.282427416256695
            ],
            [
              28.816982500447608,
              52.295489611863474
            ],
            [
              28.84558891342766,
              52.32439614469851
            ],
            [
              28.841002578800442,
              52.335614134982876
            ],
            [
              28.82069641958327,
              52.346186519214854
            ],
            [
              28.815752320613342,
              52.35168736425197
            ],
            [
              28.824404796638362,
              52.35470796859488
            ],
            [
              28.824581392925353,
              52.363874987700456
            ],
            [
              28.813874365407912,
              52.36796279594847
            ],
            [
              28.78933039837173,
              52.374866053129296
            ],
            [
              28.791801852200365,
              52.38046974090548
            ],
            [
              28.794449567691743,
              52.39609454239937
            ],
            [
              28.81281209295946,
              52.3983590477516
            ],
            [
              28.828693497692655,
              52.40352938589194
            ],
            [
              28.846752947437153,
              52.43295619217636
            ],
            [
              28.830143554936484,
              52.446314251482704
            ],
            [
              28.819888732939063,
              52.451376914978084
            ],
            [
              28.817415703770138,
              52.46031460575338
            ],
            [
              28.800450467846616,
              52.466124797205595
            ],
            [
              28.800097490063933,
              52.471292878587604
            ],
            [
              28.78826027173099,
              52.47893200427541
            ],
            [
              28.793206478225926,
              52.48646468443212
            ],
            [
              28.805924883384023,
              52.503781012503225
            ],
            [
              28.796031062000736,
              52.51560648112695
            ],
            [
              28.773236736687835,
              52.529797212340014
            ],
            [
              28.75911364812066,
              52.53108407427496
            ],
            [
              28.758933176206824,
              52.53699431110837
            ],
            [
              28.7564619539026,
              52.560613497323715
            ],
            [
              28.743749937277613,
              52.569306466463246
            ],
            [
              28.74533857564475,
              52.57263437954103
            ],
            [
              28.74516121913487,
              52.58068235526386
            ],
            [
              28.7589296657558,
              52.58926319492889
            ],
            [
              28.778343879687725,
              52.603732239780555
            ],
            [
              28.799534855068856,
              52.61648363355323
            ],
            [
              28.784004159028513,
              52.638131355463
            ],
            [
              28.753099694311516,
              52.64710955139603
            ],
            [
              28.75362249842641,
              52.65947848457449
            ],
            [
              28.751661516002883,
              52.6712890737017
            ],
            [
              28.747610141938964,
              52.6783417078432
            ],
            [
              28.75845712486486,
              52.68594858678077
            ],
            [
              28.76237749883714,
              52.69783044885756
            ],
            [
              28.760286647404484,
              52.70210710667041
            ],
            [
              28.764337641568943,
              52.70535378729113
            ],
            [
              28.76930428733033,
              52.710659139069094
            ],
            [
              28.766952139487614,
              52.712163634424996
            ]
          ]
        ]
      },
      "properties": {
        "id": 51,
        "name": "Участок реки Птичь",
        "type": "river",
        "type_ru": "Река",
        "district": "Петриковский",
        "region": "Гомельская область",
        "location_description": "в пределах Петриковского района",
        "activities": "подводная охота",
        "coordinate_source": "placeholder"
      }
    },
    {
      "type": "Feature",
      "geometry": {
        "type": "Polygon",
        "coordinates": [
          [
            [
              29.007066551836743,
              52.43988061263315
            ],
            [
              28.99715564024504,
              52.42547880172401
            ],
            [
              28.967474897923296,
              52.4149970032243
            ],
            [
              28.977370399738277,
              52.37084622741884
            ],
            [
              28.943792323138666,
              52.30781721633531
            ],
            [
              28.950673548611263,
              52.25604407390264
            ],
            [
              28.929897476536354,
              52.225888657681764
            ],
            [
              28.921066159337215,
              52.20799147505872
            ],
            [
              28.920297045105002,
              52.200921251040484
            ],
            [
              28.932218315702926,
              52.188192012810106
            ],
            [
              28.9587894635942,
              52.17589498148007
            ],
            [
              28.959678176506827,
              52.17287263998415
            ],
            [
              28.95725441331652,
              52.16558844885273
            ],
            [
              28.961051641637255,
              52.162020246798164
            ],
            [
              28.96589916715203,
              52.16092990577013
            ],
            [
              28.967838177358573,
              52.16167332300506
            ],
            [
              28.96347540439467,
              52.16514243924249
            ],
            [
              28.962990651843768,
              52.17064291201507
            ],
            [
              28.962667539021112,
              52.17708405182293
            ],
            [
              28.948528922933804,
              52.18035380736856
            ],
            [
              28.942307963832747,
              52.186892601842914
            ],
            [
              28.92526086879562,
              52.199868252981645
            ],
            [
              28.92518007670327,
              52.20581003852422
            ],
            [
              28.93455161957945,
              52.2193280014898
            ],
            [
              28.934225138826775,
              52.223041092450956
            ],
            [
              28.935270926815406,
              52.22798974432192
            ],
            [
              28.944640024778153,
              52.23951328484682
            ],
            [
              28.958520659036196,
              52.255329008045294
            ],
            [
              28.951286729268418,
              52.30921948196334
            ],
            [
              28.968855950788424,
              52.34483153343041
            ],
            [
              28.98359228850194,
              52.36693569438083
            ],
            [
              28.984779343592464,
              52.370575118210496
            ],
            [
              28.980516450600703,
              52.3800504605004
            ],
            [
              28.97875159981055,
              52.384784551791284
            ],
            [
              28.974394065323054,
              52.40844642398582
            ],
            [
              28.972670043882886,
              52.41395704022443
            ],
            [
              28.98058509262944,
              52.414638587551366
            ],
            [
              29.007484479558684,
              52.42615080548376
            ],
            [
              29.011125776819853,
              52.43827295267198
            ],
            [
              29.007066551836743,
              52.43988061263315
            ]
          ]
        ]
      },
      "properties": {
        "id": 52,
        "name": "Участок реки Тремля",
        "type": "river",
        "type_ru": "Река",
        "district": "Петриковский",
        "region": "Гомельская область",
        "location_description": "в пределах Петриковского района",
        "activities": "подводная охота",
        "coordinate_source": "placeholder"
      }
    },
    {
      "type": "Feature",
      "geometry": {
        "type": "Polygon",
        "coordinates": [
          [
            [
              30.250179627480435,
              52.55092801210682
            ],
            [
              30.246619086856526,
              52.54876569139677
            ],
            [
              30.23189826915538,
              52.53678347342583
            ],
            [
              30.237391356223668,
              52.53206860335624
            ],
            [
              30.258726266830024,
              52.52292524991071
            ],
            [
              30.273754024166237,
              52.507007028429
            ],
            [
              30.27334110642431,
              52.495228089469975
            ],
            [
              30.28806335381202,
              52.48690912754418
            ],
            [
              30.304511990050372,
              52.4882822809173
            ],
            [
              30.297721631449463,
              52.47140603509092
            ],
            [
              30.31364900248562,
              52.46526194323826
            ],
            [
              30.3347687084501,
              52.45977419750935
            ],
            [
              30.343701533845746,
              52.45579178471087
            ],
            [
              30.350565317231826,
              52.44257904312181
            ],
            [
              30.362877540234336,
              52.43792946789324
            ],
            [
              30.37517790074017,
              52.440389996474266
            ],
            [
              30.367889619779135,
              52.42544092386393
            ],
            [
              30.374862493424416,
              52.411885553127064
            ],
            [
              30.353722048826427,
              52.40969849762794
            ],
            [
              30.349584724757193,
              52.39899673621326
            ],
            [
              30.370612267254643,
              52.392282101036585
            ],
            [
              30.382487938950987,
              52.38922356436939
            ],
            [
              30.39403784817975,
              52.36854443724138
            ],
            [
              30.40623076954276,
              52.37000654803447
            ],
            [
              30.425294590615664,
              52.378187130919656
            ],
            [
              30.432686786367128,
              52.36309391864239
            ],
            [
              30.444436839139115,
              52.35452769683354
            ],
            [
              30.449016667725886,
              52.3390894202964
            ],
            [
              30.475591135035017,
              52.33409899090742
            ],
            [
              30.483535305277314,
              52.31899280426447
            ],
            [
              30.49836100366312,
              52.31432292509339
            ],
            [
              30.51208703771897,
              52.326644175412156
            ],
            [
              30.539545102980128,
              52.31465589342474
            ],
            [
              30.546190327490166,
              52.31385619435491
            ],
            [
              30.52790290626075,
              52.30641843806413
            ],
            [
              30.523803050505165,
              52.2880252983974
            ],
            [
              30.533839789743922,
              52.268506755987715
            ],
            [
              30.508293894724943,
              52.25233802331189
            ],
            [
              30.528803983785537,
              52.23559597379415
            ],
            [
              30.55349883930819,
              52.22075300555139
            ],
            [
              30.573397409783695,
              52.21686074084326
            ],
            [
              30.567300182453778,
              52.20416075279982
            ],
            [
              30.602094534800415,
              52.184021211673155
            ],
            [
              30.606504031309328,
              52.1670834821297
            ],
            [
              30.629717440438128,
              52.15335410918186
            ],
            [
              30.667823139790443,
              52.13318850140416
            ],
            [
              30.689388702227802,
              52.12538275575963
            ],
            [
              30.687716554243707,
              52.1135136799781
            ],
            [
              30.696852477985146,
              52.11486260666689
            ],
            [
              30.7167448438166,
              52.12979293625415
            ],
            [
              30.707903689298433,
              52.14013873931583
            ],
            [
              30.681651608399193,
              52.13793419799106
            ],
            [
              30.638547106447106,
              52.16302570695376
            ],
            [
              30.619207273744507,
              52.17166556451642
            ],
            [
              30.624455439842308,
              52.18369977992623
            ],
            [
              30.581110567804245,
              52.20776539378116
            ],
            [
              30.58884571780365,
              52.22316748393587
            ],
            [
              30.58303862232185,
              52.24057872729185
            ],
            [
              30.557081322707745,
              52.242118942121124
            ],
            [
              30.55875002871761,
              52.22688768633674
            ],
            [
              30.540505160232385,
              52.24533312163473
            ],
            [
              30.549344262404503,
              52.25395944486053
            ],
            [
              30.552941566907066,
              52.26529099678859
            ],
            [
              30.565362861515325,
              52.26613356389828
            ],
            [
              30.569778847208113,
              52.2985858808662
            ],
            [
              30.576969516375016,
              52.32020739950835
            ],
            [
              30.57089151258299,
              52.32577971202747
            ],
            [
              30.53884305684383,
              52.32155760071029
            ],
            [
              30.515360474498408,
              52.33371368182955
            ],
            [
              30.49325967482301,
              52.330844691257255
            ],
            [
              30.48386610831716,
              52.34097206310091
            ],
            [
              30.45872104688135,
              52.341309546609466
            ],
            [
              30.455687854035006,
              52.36004085305581
            ],
            [
              30.440493855198554,
              52.37438017909284
            ],
            [
              30.431929012504497,
              52.38331673678451
            ],
            [
              30.415905864336167,
              52.3824736130064
            ],
            [
              30.39933310724902,
              52.37555479688655
            ],
            [
              30.395462537363727,
              52.389723951343484
            ],
            [
              30.3747428760839,
              52.400175835427774
            ],
            [
              30.36065334463001,
              52.402872764518776
            ],
            [
              30.382754455836164,
              52.40556938950817
            ],
            [
              30.38662093936975,
              52.41770213419082
            ],
            [
              30.383020635305655,
              52.444304999240074
            ],
            [
              30.370873424911963,
              52.447175369047756
            ],
            [
              30.36092962439011,
              52.445999420051095
            ],
            [
              30.352638616420393,
              52.45930012022009
            ],
            [
              30.312860728706795,
              52.47410970760117
            ],
            [
              30.31423567037814,
              52.49193992986824
            ],
            [
              30.283025810203753,
              52.49648237744012
            ],
            [
              30.28247316453917,
              52.50909574411432
            ],
            [
              30.259532848016505,
              52.530953213929536
            ],
            [
              30.244609941603755,
              52.53549323710536
            ],
            [
              30.2548468509909,
              52.54775074326594
            ],
            [
              30.250179627480435,
              52.55092801210682
            ]
          ]
        ]
      },
      "properties": {
        "id": 53,
        "name": "Участок реки Припять",
        "type": "river",
        "type_ru": "Река",
        "district": "Петриковский",
        "region": "Гомельская область",
        "location_description": "в пределах Петриковского района от устья р. Уборть вблизи г. Петриков вниз по течению до границы с Мозырским районом",
        "activities": "подводная охота, лов рыбы на дорожку с судов с двигателями",
        "coordinate_source": "placeholder"
      }
    },
    {
      "type": "Feature",
      "geometry": {
        "type": "Polygon",
        "coordinates": [
          [
            [
              30.250179627480435,
              52.55092801210682
            ],
            [
              30.246619086856526,
              52.54876569139677
            ],
            [
              30.23189826915538,
              52.53678347342583
            ],
            [
              30.237391356223668,
              52.53206860335624
            ],
            [
              30.258726266830024,
              52.52292524991071
            ],
            [
              30.273754024166237,
              52.507007028429
            ],
            [
              30.27334110642431,
              52.495228089469975
            ],
            [
              30.28806335381202,
              52.48690912754418
            ],
            [
              30.304511990050372,
              52.4882822809173
            ],
            [
              30.297721631449463,
              52.47140603509092
            ],
            [
              30.31364900248562,
              52.46526194323826
            ],
            [
              30.3347687084501,
              52.45977419750935
            ],
            [
              30.343701533845746,
              52.45579178471087
            ],
            [
              30.350565317231826,
              52.44257904312181
            ],
            [
              30.362877540234336,
              52.43792946789324
            ],
            [
              30.37517790074017,
              52.440389996474266
            ],
            [
              30.367889619779135,
              52.42544092386393
            ],
            [
              30.374862493424416,
              52.411885553127064
            ],
            [
              30.353722048826427,
              52.40969849762794
            ],
            [
              30.349584724757193,
              52.39899673621326
            ],
            [
              30.370612267254643,
              52.392282101036585
            ],
            [
              30.382487938950987,
              52.38922356436939
            ],
            [
              30.39403784817975,
              52.36854443724138
            ],
            [
              30.40623076954276,
              52.37000654803447
            ],
            [
              30.425294590615664,
              52.378187130919656
            ],
            [
              30.432686786367128,
              52.36309391864239
            ],
            [
              30.444436839139115,
              52.35452769683354
            ],
            [
              30.449016667725886,
              52.3390894202964
            ],
            [
              30.475591135035017,
              52.33409899090742
            ],
            [
              30.483535305277314,
              52.31899280426447
            ],
            [
              30.49836100366312,
              52.31432292509339
            ],
            [
              30.51208703771897,
              52.326644175412156
            ],
            [
              30.539545102980128,
              52.31465589342474
            ],
            [
              30.546190327490166,
              52.31385619435491
            ],
            [
              30.52790290626075,
              52.30641843806413
            ],
            [
              30.523803050505165,
              52.2880252983974
            ],
            [
              30.533839789743922,
              52.268506755987715
            ],
            [
              30.508293894724943,
              52.25233802331189
            ],
            [
              30.528803983785537,
              52.23559597379415
            ],
            [
              30.55349883930819,
              52.22075300555139
            ],
            [
              30.573397409783695,
              52.21686074084326
            ],
            [
              30.567300182453778,
              52.20416075279982
            ],
            [
              30.602094534800415,
              52.184021211673155
            ],
            [
              30.606504031309328,
              52.1670834821297
            ],
            [
              30.629717440438128,
              52.15335410918186
            ],
            [
              30.667823139790443,
              52.13318850140416
            ],
            [
              30.689388702227802,
              52.12538275575963
            ],
            [
              30.687716554243707,
              52.1135136799781
            ],
            [
              30.696852477985146,
              52.11486260666689
            ],
            [
              30.7167448438166,
              52.12979293625415
            ],
            [
              30.707903689298433,
              52.14013873931583
            ],
            [
              30.681651608399193,
              52.13793419799106
            ],
            [
              30.638547106447106,
              52.16302570695376
            ],
            [
              30.619207273744507,
              52.17166556451642
            ],
            [
              30.624455439842308,
              52.18369977992623
            ],
            [
              30.581110567804245,
              52.20776539378116
            ],
            [
              30.58884571780365,
              52.22316748393587
            ],
            [
              30.58303862232185,
              52.24057872729185
            ],
            [
              30.557081322707745,
              52.242118942121124
            ],
            [
              30.55875002871761,
              52.22688768633674
            ],
            [
              30.540505160232385,
              52.24533312163473
            ],
            [
              30.549344262404503,
              52.25395944486053
            ],
            [
              30.552941566907066,
              52.26529099678859
            ],
            [
              30.565362861515325,
              52.26613356389828
            ],
            [
              30.569778847208113,
              52.2985858808662
            ],
            [
              30.576969516375016,
              52.32020739950835
            ],
            [
              30.57089151258299,
              52.32577971202747
            ],
            [
              30.53884305684383,
              52.32155760071029
            ],
            [
              30.515360474498408,
              52.33371368182955
            ],
            [
              30.49325967482301,
              52.330844691257255
            ],
            [
              30.48386610831716,
              52.34097206310091
            ],
            [
              30.45872104688135,
              52.341309546609466
            ],
            [
              30.455687854035006,
              52.36004085305581
            ],
            [
              30.440493855198554,
              52.37438017909284
            ],
            [
              30.431929012504497,
              52.38331673678451
            ],
            [
              30.415905864336167,
              52.3824736130064
            ],
            [
              30.39933310724902,
              52.37555479688655
            ],
            [
              30.395462537363727,
              52.389723951343484
            ],
            [
              30.3747428760839,
              52.400175835427774
            ],
            [
              30.36065334463001,
              52.402872764518776
            ],
            [
              30.382754455836164,
              52.40556938950817
            ],
            [
              30.38662093936975,
              52.41770213419082
            ],
            [
              30.383020635305655,
              52.444304999240074
            ],
            [
              30.370873424911963,
              52.447175369047756
            ],
            [
              30.36092962439011,
              52.445999420051095
            ],
            [
              30.352638616420393,
              52.45930012022009
            ],
            [
              30.312860728706795,
              52.47410970760117
            ],
            [
              30.31423567037814,
              52.49193992986824
            ],
            [
              30.283025810203753,
              52.49648237744012
            ],
            [
              30.28247316453917,
              52.50909574411432
            ],
            [
              30.259532848016505,
              52.530953213929536
            ],
            [
              30.244609941603755,
              52.53549323710536
            ],
            [
              30.2548468509909,
              52.54775074326594
            ],
            [
              30.250179627480435,
              52.55092801210682
            ]
          ]
        ]
      },
      "properties": {
        "id": 54,
        "name": "Участок реки Днепр",
        "type": "river",
        "type_ru": "Река",
        "district": "Речицкий",
        "region": "Гомельская область",
        "location_description": "в пределах Речицкого района",
        "activities": "подводная охота, лов рыбы на дорожку с судов с двигателями",
        "coordinate_source": "placeholder"
      }
    },
    {
      "type": "Feature",
      "geometry": {
        "type": "Polygon",
        "coordinates": [
          [
            [
              29.985309304227314,
              52.59703478711168
            ],
            [
              29.986008520412383,
              52.594424298463906
            ],
            [
              29.991326088059083,
              52.58919828208002
            ],
            [
              29.9889468526942,
              52.578699496377425
            ],
            [
              29.997098731917276,
              52.57616256926619
            ],
            [
              30.014160195964962,
              52.57565266146884
            ],
            [
              30.004070570832084,
              52.56717645294796
            ],
            [
              30.009105115808126,
              52.56517894194499
            ],
            [
              30.018474195433896,
              52.564073912318236
            ],
            [
              30.033087387144718,
              52.57588908600803
            ],
            [
              30.03812169564415,
              52.56560396624232
            ],
            [
              30.054140927131385,
              52.55641219299892
            ],
            [
              30.081777616465928,
              52.549052121151874
            ],
            [
              30.08870282595737,
              52.54969025083932
            ],
            [
              30.094718929921186,
              52.545606587895946
            ],
            [
              30.104091863200154,
              52.54781825995681
            ],
            [
              30.100794237134636,
              52.55726025944969
            ],
            [
              30.113249397844584,
              52.55925964360674
            ],
            [
              30.112763612569637,
              52.55411297568392
            ],
            [
              30.11871228336335,
              52.55181678147079
            ],
            [
              30.12402898651223,
              52.55177444867775
            ],
            [
              30.13046358452715,
              52.55581441240048
            ],
            [
              30.13375181266997,
              52.555048924462795
            ],
            [
              30.155582227773294,
              52.56389606694532
            ],
            [
              30.176084023037134,
              52.57125384291243
            ],
            [
              30.186577534794168,
              52.57996967625323
            ],
            [
              30.193568171034656,
              52.570568548570435
            ],
            [
              30.198373251877285,
              52.56510413957946
            ],
            [
              30.213306417928294,
              52.556435339181775
            ],
            [
              30.23128993361445,
              52.55026008083561
            ],
            [
              30.247094459974164,
              52.54906808171802
            ],
            [
              30.249397278658705,
              52.55130432740961
            ],
            [
              30.244757271815217,
              52.55293441615237
            ],
            [
              30.23310798380419,
              52.555594387445325
            ],
            [
              30.208310095815193,
              52.56438397545139
            ],
            [
              30.21113998370629,
              52.58887443668874
            ],
            [
              30.192737658452756,
              52.59082065539093
            ],
            [
              30.165037412179174,
              52.58465862569179
            ],
            [
              30.157182127345834,
              52.582395107685926
            ],
            [
              30.152848791589918,
              52.56827343993422
            ],
            [
              30.146342160115694,
              52.564631330829144
            ],
            [
              30.13797072655342,
              52.56557359587754
            ],
            [
              30.115337106980775,
              52.57110111612627
            ],
            [
              30.07327583980424,
              52.56890225400926
            ],
            [
              30.064901096278476,
              52.572923459074104
            ],
            [
              30.049291921040407,
              52.57078807084716
            ],
            [
              30.031100634630633,
              52.5793306523737
            ],
            [
              30.023344492072425,
              52.576630406106545
            ],
            [
              30.01828506849577,
              52.586804914077675
            ],
            [
              30.011359057049702,
              52.58824946824052
            ],
            [
              30.003708595488234,
              52.586302413255794
            ],
            [
              29.997092977247462,
              52.59025910534288
            ],
            [
              29.995745526394472,
              52.59578064325555
            ],
            [
              29.987892222103284,
              52.59941689462573
            ],
            [
              29.985309304227314,
              52.59703478711168
            ]
          ]
        ]
      },
      "properties": {
        "id": 55,
        "name": "Участок реки Березина",
        "type": "river",
        "type_ru": "Река",
        "district": "Речицкий",
        "region": "Гомельская область",
        "location_description": "в пределах Речицкого района",
        "activities": "подводная охота",
        "coordinate_source": "placeholder"
      }
    },
    {
      "type": "Feature",
      "geometry": {
        "type": "Polygon",
        "coordinates": [
          [
            [
              30.384095265864573,
              53.27592638810785
            ],
            [
              30.373167703805052,
              53.27310293938362
            ],
            [
              30.373451270021462,
              53.26427819950257
            ],
            [
              30.351684263375546,
              53.26282436086123
            ],
            [
              30.32781605980378,
              53.253357538433704
            ],
            [
              30.29829254931093,
              53.25191358270638
            ],
            [
              30.271382827982904,
              53.25607433746194
            ],
            [
              30.249671391515818,
              53.2461256279922
            ],
            [
              30.235959062900065,
              53.23359573989342
            ],
            [
              30.23383493441858,
              53.2187594049835
            ],
            [
              30.2359892386024,
              53.20157943247989
            ],
            [
              30.246205051504603,
              53.179561702768524
            ],
            [
              30.252076789191307,
              53.16283920093815
            ],
            [
              30.27061366796258,
              53.13790635624068
            ],
            [
              30.246559368776133,
              53.102020879389016
            ],
            [
              30.24174107632649,
              53.088158891537745
            ],
            [
              30.20953739903689,
              53.08702928691221
            ],
            [
              30.1547670946195,
              53.12119606933575
            ],
            [
              30.1246499189414,
              53.13342674241028
            ],
            [
              30.07127457769431,
              53.12425412410076
            ],
            [
              30.062947892973767,
              53.08719144482214
            ],
            [
              30.05516514200525,
              53.08154979268252
            ],
            [
              30.026189810474193,
              53.06204471738343
            ],
            [
              30.015442611626895,
              53.043976675657206
            ],
            [
              30.014350465750283,
              53.019720679858494
            ],
            [
              30.01945144499166,
              53.01182395463175
            ],
            [
              30.042270783094665,
              53.01135043959738
            ],
            [
              30.02935651467007,
              52.98481677935678
            ],
            [
              30.039947885339558,
              52.96710555951836
            ],
            [
              30.05828352916629,
              52.96372293047523
            ],
            [
              30.073500780746855,
              52.966136547948906
            ],
            [
              30.055779293670298,
              52.98041287181405
            ],
            [
              30.06053840856879,
              53.016461932601345
            ],
            [
              30.032535541283153,
              53.02076254255971
            ],
            [
              30.040877062886665,
              53.04280395931633
            ],
            [
              30.061728300752435,
              53.070920958843175
            ],
            [
              30.08020639113741,
              53.08255462142401
            ],
            [
              30.075443691887642,
              53.097052828842465
            ],
            [
              30.09897954297776,
              53.102596821518574
            ],
            [
              30.12907249345679,
              53.11386520067509
            ],
            [
              30.137119077245984,
              53.10957309630663
            ],
            [
              30.153804931822606,
              53.11064625737808
            ],
            [
              30.176166435367378,
              53.09974625578914
            ],
            [
              30.200897619001722,
              53.0777692090285
            ],
            [
              30.23960750246698,
              53.07775345311896
            ],
            [
              30.263141711351523,
              53.083648095734304
            ],
            [
              30.303628856938616,
              53.11280593852345
            ],
            [
              30.308366176488846,
              53.12656939058067
            ],
            [
              30.290264197023617,
              53.14050460822665
            ],
            [
              30.277452936845265,
              53.156764569073346
            ],
            [
              30.261660501136873,
              53.17105270885892
            ],
            [
              30.25778326042601,
              53.186408595810065
            ],
            [
              30.2509357158832,
              53.2062183938894
            ],
            [
              30.26940973712948,
              53.23368979124396
            ],
            [
              30.260770373896435,
              53.24028746390346
            ],
            [
              30.27596489464156,
              53.24117902763342
            ],
            [
              30.3158750103714,
              53.244571453124735
            ],
            [
              30.339689927762635,
              53.23744510300335
            ],
            [
              30.35551034205156,
              53.239930909272886
            ],
            [
              30.35789276452931,
              53.24759702592536
            ],
            [
              30.378744401877384,
              53.24973609223619
            ],
            [
              30.390367828530884,
              53.259182712004105
            ],
            [
              30.38112295143094,
              53.26719955603804
            ],
            [
              30.388878202409643,
              53.27450669079383
            ],
            [
              30.384095265864573,
              53.27592638810785
            ]
          ]
        ]
      },
      "properties": {
        "id": 56,
        "name": "Участок реки Днепр",
        "type": "river",
        "type_ru": "Река",
        "district": "Рогачевский",
        "region": "Гомельская область",
        "location_description": "в пределах Рогачевского района",
        "activities": "подводная охота, лов рыбы на дорожку с судов с двигателями",
        "coordinate_source": "placeholder"
      }
    },
    {
      "type": "Feature",
      "geometry": {
        "type": "Polygon",
        "coordinates": [
          [
            [
              29.93044133297201,
              53.2995504408718
            ],
            [
              29.930125753192186,
              53.293702678541905
            ],
            [
              29.930819882792974,
              53.28435665924866
            ],
            [
              29.927530041993833,
              53.27391323838063
            ],
            [
              29.9316554452852,
              53.25794452205133
            ],
            [
              29.932399638461078,
              53.24703939713868
            ],
            [
              29.945089362446765,
              53.23413580570573
            ],
            [
              29.943275162299187,
              53.22615048778994
            ],
            [
              29.948213010074085,
              53.21786890380733
            ],
            [
              29.936519872682965,
              53.21747483557141
            ],
            [
              29.92724479110396,
              53.20683874313528
            ],
            [
              29.93218379886872,
              53.20141381956856
            ],
            [
              29.950951045404906,
              53.193917012619465
            ],
            [
              29.938928941270717,
              53.180303804024135
            ],
            [
              29.938252470465216,
              53.172414514417625
            ],
            [
              29.951042513910522,
              53.15813613635311
            ],
            [
              29.970595659670153,
              53.15390497876422
            ],
            [
              29.986385230736744,
              53.14778873936524
            ],
            [
              29.983223980797163,
              53.137757488630456
            ],
            [
              29.988822895677146,
              53.13301546158959
            ],
            [
              29.997879963867092,
              53.124518020823984
            ],
            [
              29.995396465592847,
              53.11760919046992
            ],
            [
              30.015331904737593,
              53.10585328214327
            ],
            [
              30.016978382196925,
              53.099427239142386
            ],
            [
              30.02719747795237,
              53.09531889262712
            ],
            [
              30.02621192164051,
              53.08404546546171
            ],
            [
              30.016813912214673,
              53.07466045761612
            ],
            [
              30.019614694753102,
              53.07020790995901
            ],
            [
              30.024220580962776,
              53.057156897721285
            ],
            [
              30.033451506463933,
              53.05832754281951
            ],
            [
              30.032634141841186,
              53.06445694546164
            ],
            [
              30.0257166053631,
              53.0714831390479
            ],
            [
              30.025717175588966,
              53.07454950375703
            ],
            [
              30.031319570063545,
              53.08058230370543
            ],
            [
              30.038058758207796,
              53.082761320194464
            ],
            [
              30.03426259717412,
              53.09195611704166
            ],
            [
              30.036371492312725,
              53.104697245970215
            ],
            [
              30.022411474847956,
              53.10260120042395
            ],
            [
              30.024712734414493,
              53.109814637658474
            ],
            [
              30.019442015332743,
              53.11752256345534
            ],
            [
              30.010726216198066,
              53.121962580612944
            ],
            [
              29.99772726536432,
              53.135982768484354
            ],
            [
              29.993287456684868,
              53.1403223122054
            ],
            [
              29.99459270514933,
              53.151376772858555
            ],
            [
              29.977193584838545,
              53.16091883641084
            ],
            [
              29.962081035990252,
              53.16257594254435
            ],
            [
              29.946283099447612,
              53.17086761542609
            ],
            [
              29.95385324161714,
              53.175892322444554
            ],
            [
              29.9566406037531,
              53.18378484238164
            ],
            [
              29.959430899448535,
              53.19698614182656
            ],
            [
              29.938706973251215,
              53.202296097578994
            ],
            [
              29.93623455166238,
              53.20802096736378
            ],
            [
              29.95844567944684,
              53.21316375545641
            ],
            [
              29.955482868030515,
              53.221543404734604
            ],
            [
              29.951877615396853,
              53.2340594064498
            ],
            [
              29.944474549750794,
              53.24460552969981
            ],
            [
              29.947437958592104,
              53.257617026856934
            ],
            [
              29.939037047471714,
              53.259982532780015
            ],
            [
              29.939674650005003,
              53.276425860075534
            ],
            [
              29.943116054670753,
              53.287549962958906
            ],
            [
              29.943107103820324,
              53.29728701637285
            ],
            [
              29.936361919032663,
              53.300040826112365
            ],
            [
              29.93044133297201,
              53.2995504408718
            ]
          ]
        ]
      },
      "properties": {
        "id": 57,
        "name": "Участок реки Друть",
        "type": "river",
        "type_ru": "Река",
        "district": "Рогачевский",
        "region": "Гомельская область",
        "location_description": "в пределах Рогачевского района",
        "activities": "подводная охота, лов рыбы на дорожку с судов с двигателями",
        "coordinate_source": "placeholder"
      }
    },
    {
      "type": "Feature",
      "geometry": {
        "type": "Polygon",
        "coordinates": [
          [
            [
              29.365244304709876,
              52.94294581949865
            ],
            [
              29.357135746339083,
              52.94057179107378
            ],
            [
              29.343229899985147,
              52.9378207412382
            ],
            [
              29.33428461449887,
              52.9291259892112
            ],
            [
              29.330588203668043,
              52.900505181491866
            ],
            [
              29.326026773978356,
              52.87133232837033
            ],
            [
              29.35025611964943,
              52.857563512668605
            ],
            [
              29.372590493309133,
              52.85087536633813
            ],
            [
              29.39001152020174,
              52.82909834459841
            ],
            [
              29.41498616650989,
              52.82803504845569
            ],
            [
              29.436793345321718,
              52.8272912299814
            ],
            [
              29.41938277514052,
              52.81145550188131
            ],
            [
              29.429231082828863,
              52.80082453486196
            ],
            [
              29.471258330536386,
              52.79550985477778
            ],
            [
              29.483569579261825,
              52.788915846499634
            ],
            [
              29.499747566204036,
              52.77870558592963
            ],
            [
              29.516978008885047,
              52.7498925765243
            ],
            [
              29.538938110688605,
              52.7394697143215
            ],
            [
              29.578647290461674,
              52.74053427048014
            ],
            [
              29.60019956268536,
              52.71691765838219
            ],
            [
              29.602131777220535,
              52.69923420951292
            ],
            [
              29.617856210150734,
              52.68345664741955
            ],
            [
              29.67478306387909,
              52.67184492365078
            ],
            [
              29.70077654108303,
              52.64616676956069
            ],
            [
              29.747699488737766,
              52.63721025884803
            ],
            [
              29.79374091494472,
              52.625265873176374
            ],
            [
              29.88214561753108,
              52.61245939914323
            ],
            [
              29.900443047298836,
              52.61523523801023
            ],
            [
              29.933509275302356,
              52.609789233291195
            ],
            [
              29.95865251801436,
              52.59643786705081
            ],
            [
              29.98661083029654,
              52.594837557943265
            ],
            [
              29.991340699440087,
              52.6019969335963
            ],
            [
              29.961812547406623,
              52.60445187291427
            ],
            [
              29.906100368647856,
              52.63198180206899
            ],
            [
              29.850898609502707,
              52.63635833924715
            ],
            [
              29.80553792194604,
              52.65268039127463
            ],
            [
              29.763672162157633,
              52.658014138654295
            ],
            [
              29.7184913088833,
              52.65140259078916
            ],
            [
              29.704072653339267,
              52.687218663497674
            ],
            [
              29.681399945556905,
              52.688923923782795
            ],
            [
              29.6353423958532,
              52.697121067858774
            ],
            [
              29.614428143966876,
              52.69605623437681
            ],
            [
              29.61495896400288,
              52.70862056404803
            ],
            [
              29.6066961989319,
              52.73299476165556
            ],
            [
              29.581385789108992,
              52.758942972870784
            ],
            [
              29.550990539973355,
              52.76915874141261
            ],
            [
              29.511109104785447,
              52.78084918274109
            ],
            [
              29.499528024726033,
              52.80781940600062
            ],
            [
              29.467058678708042,
              52.81045742113713
            ],
            [
              29.446675410371256,
              52.81332508557492
            ],
            [
              29.43209083044161,
              52.8088641924856
            ],
            [
              29.452470547605174,
              52.82670694889745
            ],
            [
              29.443158571740753,
              52.83413753683621
            ],
            [
              29.427878115109053,
              52.83562121562895
            ],
            [
              29.421546350360757,
              52.84644875643994
            ],
            [
              29.411357601020853,
              52.851223260463826
            ],
            [
              29.38739060507416,
              52.847314763350255
            ],
            [
              29.376142467990576,
              52.85718586691081
            ],
            [
              29.35909808013966,
              52.8601585823634
            ],
            [
              29.3503112525633,
              52.872143470830395
            ],
            [
              29.35681194415929,
              52.879355625523544
            ],
            [
              29.351714398457716,
              52.88455501268979
            ],
            [
              29.335548716874314,
              52.89442519743102
            ],
            [
              29.341170442923072,
              52.90957786733071
            ],
            [
              29.3432788964474,
              52.91996111233877
            ],
            [
              29.341873242201842,
              52.92960080627324
            ],
            [
              29.352593231702514,
              52.93108520017384
            ],
            [
              29.368405917646413,
              52.93987383232928
            ],
            [
              29.365244304709876,
              52.94294581949865
            ]
          ]
        ]
      },
      "properties": {
        "id": 58,
        "name": "Участок реки Березина",
        "type": "river",
        "type_ru": "Река",
        "district": "Светлогорский",
        "region": "Гомельская область",
        "location_description": "в пределах Светлогорского района",
        "activities": "подводная охота, лов рыбы на дорожку с судов с двигателями",
        "coordinate_source": "placeholder"
      }
    },
    {
      "type": "Feature",
      "geometry": {
        "type": "Polygon",
        "coordinates": [
          [
            [
              29.368354922882872,
              52.43147376080938
            ],
            [
              29.371724063852128,
              52.431384556018
            ],
            [
              29.38746727803533,
              52.45134010600586
            ],
            [
              29.40313937563502,
              52.46138045991893
            ],
            [
              29.439280071132657,
              52.475644038618384
            ],
            [
              29.470283821088998,
              52.49787822650899
            ],
            [
              29.48945691832253,
              52.517793115913435
            ],
            [
              29.493598336021336,
              52.54513130862438
            ],
            [
              29.491261427011153,
              52.57101072084038
            ],
            [
              29.46429570818117,
              52.58487677726305
            ],
            [
              29.436587085822225,
              52.60154914685677
            ],
            [
              29.4199881506772,
              52.60199381914529
            ],
            [
              29.407296083024875,
              52.59969577172595
            ],
            [
              29.395214258616534,
              52.613776740915
            ],
            [
              29.3952198213247,
              52.633626351064066
            ],
            [
              29.377522638021503,
              52.650141500711726
            ],
            [
              29.37363271743547,
              52.65532746128798
            ],
            [
              29.376841920232494,
              52.66274461247133
            ],
            [
              29.38226438221477,
              52.668080162035864
            ],
            [
              29.385860816467158,
              52.678212465507556
            ],
            [
              29.389789190983294,
              52.6939092402863
            ],
            [
              29.38940186657203,
              52.69696070648553
            ],
            [
              29.37130913831524,
              52.699475419251684
            ],
            [
              29.354212396238722,
              52.70329755102543
            ],
            [
              29.335566432828017,
              52.70001184731336
            ],
            [
              29.317971382757605,
              52.69716169491602
            ],
            [
              29.298882143156334,
              52.701520641212824
            ],
            [
              29.278299306938464,
              52.706180800441075
            ],
            [
              29.2602068479693,
              52.706180882081384
            ],
            [
              29.248256162747737,
              52.70591272086838
            ],
            [
              29.228504406129048,
              52.7124157575206
            ],
            [
              29.221256587309654,
              52.715700402248046
            ],
            [
              29.212736169929343,
              52.7155998285711
            ],
            [
              29.202057913884744,
              52.71844855975243
            ],
            [
              29.199125528915744,
              52.71931990452137
            ],
            [
              29.19779759358005,
              52.71801287406856
            ],
            [
              29.213787361696774,
              52.71335420938286
            ],
            [
              29.223967598922144,
              52.71332074009743
            ],
            [
              29.23066217273714,
              52.70980124628463
            ],
            [
              29.24779966875448,
              52.70353009486922
            ],
            [
              29.276537959851368,
              52.70425521575481
            ],
            [
              29.28686007341281,
              52.70174298079917
            ],
            [
              29.32047907352961,
              52.69499632045259
            ],
            [
              29.353802809085977,
              52.70102035446814
            ],
            [
              29.386397613144766,
              52.694493858210166
            ],
            [
              29.37728340213144,
              52.667305125246514
            ],
            [
              29.372034019938695,
              52.663394803954816
            ],
            [
              29.369915751571966,
              52.655964238347224
            ],
            [
              29.376484669052104,
              52.642129797540804
            ],
            [
              29.389750379608984,
              52.631060305833586
            ],
            [
              29.384582084072804,
              52.615431519151656
            ],
            [
              29.40243012954616,
              52.595265438384416
            ],
            [
              29.407966423069524,
              52.594004169142494
            ],
            [
              29.42846345412221,
              52.59727838526311
            ],
            [
              29.441634765843077,
              52.590275556715454
            ],
            [
              29.458776729525795,
              52.58145619769644
            ],
            [
              29.466519119185193,
              52.5762475136228
            ],
            [
              29.485590183823092,
              52.56852012737474
            ],
            [
              29.48805050959413,
              52.54110109119779
            ],
            [
              29.484932825793436,
              52.52809876668229
            ],
            [
              29.477250062413958,
              52.52343017392701
            ],
            [
              29.478701097074946,
              52.51711871207684
            ],
            [
              29.476418010978648,
              52.514089311611514
            ],
            [
              29.47413608278569,
              52.51030079943084
            ],
            [
              29.4328878195727,
              52.481375948117005
            ],
            [
              29.4235461477802,
              52.47935443832077
            ],
            [
              29.420224016337784,
              52.475058111510776
            ],
            [
              29.39553172683108,
              52.464563483502616
            ],
            [
              29.382434537914975,
              52.45558805781707
            ],
            [
              29.369995530594167,
              52.43725646651217
            ],
            [
              29.368354922882872,
              52.43147376080938
            ]
          ]
        ]
      },
      "properties": {
        "id": 59,
        "name": "Участок реки Ипа",
        "type": "river",
        "type_ru": "Река",
        "district": "Светлогорский",
        "region": "Гомельская область",
        "location_description": "в пределах Светлогорского района",
        "activities": "подводная охота",
        "coordinate_source": "placeholder"
      }
    },
    {
      "type": "Feature",
      "geometry": {
        "type": "Polygon",
        "coordinates": [
          [
            [
              29.622647861855455,
              52.492642995375405
            ],
            [
              29.64294387986277,
              52.49159740740896
            ],
            [
              29.662757607590407,
              52.49841472999532
            ],
            [
              29.69632857421601,
              52.5071542168246
            ],
            [
              29.695278062656797,
              52.51932341756472
            ],
            [
              29.644858652054893,
              52.51939052560442
            ],
            [
              29.624178832301595,
              52.51735148142345
            ],
            [
              29.62121089709288,
              52.51041802299426
            ],
            [
              29.622647861855455,
              52.492642995375405
            ]
          ]
        ]
      },
      "properties": {
        "id": 60,
        "name": "Водохранилище Светлогорское",
        "type": "reservoir",
        "type_ru": "Водохранилище",
        "district": "Светлогорский",
        "region": "Гомельская область",
        "location_description": "в 11 км на юг от г. Светлогорск у рабочего поселка Сосновый Бор",
        "activities": "подводная охота, лов рыбы на дорожку с судов с двигателями",
        "coordinate_source": "placeholder"
      }
    },
    {
      "type": "Feature",
      "geometry": {
        "type": "Polygon",
        "coordinates": [
          [
            [
              29.99165056036614,
              52.066509430461025
            ],
            [
              30.001218540364135,
              52.065536798333795
            ],
            [
              30.017718226243886,
              52.08078709357821
            ],
            [
              30.018508802743497,
              52.08532889985915
            ],
            [
              30.004451679988733,
              52.09039649713341
            ],
            [
              29.99765504646419,
              52.08958540337724
            ],
            [
              29.996072123200946,
              52.08159819511707
            ],
            [
              29.991386590398804,
              52.07733965412518
            ],
            [
              29.99165056036614,
              52.066509430461025
            ]
          ]
        ]
      },
      "properties": {
        "id": 61,
        "name": "Водохранилище Великоборское",
        "type": "reservoir",
        "type_ru": "Водохранилище",
        "district": "Хойникский",
        "region": "Гомельская область",
        "location_description": "в 14 км на север от г. Хойники у аг. Великий Бор",
        "activities": "подводная охота, лов рыбы на дорожку с судов с двигателями",
        "coordinate_source": "placeholder"
      }
    },
    {
      "type": "Feature",
      "geometry": {
        "type": "Polygon",
        "coordinates": [
          [
            [
              30.913084970934733,
              53.00325033828776
            ],
            [
              30.910404101973143,
              53.00120272472117
            ],
            [
              30.90672646568845,
              52.992273344393595
            ],
            [
              30.91397611230829,
              52.98355119373451
            ],
            [
              30.916950247810945,
              52.94640423415697
            ],
            [
              30.930915147303494,
              52.938797142387955
            ],
            [
              30.9256907060296,
              52.92389662703522
            ],
            [
              30.93180100581384,
              52.90922460171004
            ],
            [
              30.945897469715646,
              52.89522622158992
            ],
            [
              30.95966539953872,
              52.877299335989704
            ],
            [
              30.954782984288585,
              52.8387752342056
            ],
            [
              30.94846845835974,
              52.82431222180722
            ],
            [
              30.934961962776214,
              52.787136980496825
            ],
            [
              30.928093973485858,
              52.74597066862617
            ],
            [
              30.939530446965648,
              52.73458703048078
            ],
            [
              30.951441818986893,
              52.72119616846999
            ],
            [
              30.95981399465822,
              52.71308884608396
            ],
            [
              30.968552648868496,
              52.71252340253611
            ],
            [
              30.973007987478667,
              52.71848999530937
            ],
            [
              30.96779713564112,
              52.7304192820711
            ],
            [
              30.96296724897931,
              52.74256738379569
            ],
            [
              30.94085698790198,
              52.75066389031139
            ],
            [
              30.949774615198407,
              52.75853417323512
            ],
            [
              30.96388781220267,
              52.77123504123307
            ],
            [
              30.950706852650825,
              52.78606662097434
            ],
            [
              30.960542975745,
              52.7960638462705
            ],
            [
              30.976582285274645,
              52.811410542758125
            ],
            [
              30.986270660869366,
              52.8330695925664
            ],
            [
              31.00575959401405,
              52.841390681381085
            ],
            [
              30.99646156430947,
              52.86976461790812
            ],
            [
              30.972734625790707,
              52.88084619140062
            ],
            [
              30.957320936125257,
              52.899006579646795
            ],
            [
              30.948957573299253,
              52.90931949863423
            ],
            [
              30.96248905279637,
              52.92758639525371
            ],
            [
              30.960802351986928,
              52.937103018824786
            ],
            [
              30.94819565179131,
              52.936097577858106
            ],
            [
              30.946690821737036,
              52.95537093439361
            ],
            [
              30.94021536903395,
              52.96073250146085
            ],
            [
              30.925165107476516,
              52.97326719407866
            ],
            [
              30.922261123494053,
              52.99602568533379
            ],
            [
              30.920280070204115,
              53.00548748393959
            ],
            [
              30.913084970934733,
              53.00325033828776
            ]
          ]
        ]
      },
      "properties": {
        "id": 62,
        "name": "Участок реки Сож",
        "type": "river",
        "type_ru": "Река",
        "district": "Чечерский",
        "region": "Гомельская область",
        "location_description": "в пределах Чечерского района, за исключением зон радиоактивного загрязнения",
        "activities": "подводная охота, лов рыбы на дорожку с судов с двигателями",
        "coordinate_source": "placeholder"
      }
    },
    {
      "type": "Feature",
      "geometry": {
        "type": "Polygon",
        "coordinates": [
          [
            [
              30.886134259644678,
              52.84792788378766
            ],
            [
              30.88627365975779,
              52.84573893350776
            ],
            [
              30.886831260204985,
              52.84407609944171
            ],
            [
              30.888643461662298,
              52.843507774462694
            ],
            [
              30.894811916620483,
              52.84405505050111
            ],
            [
              30.899203020149997,
              52.84590731821683
            ],
            [
              30.900492471186112,
              52.848538244476714
            ],
            [
              30.89902877000955,
              52.8502850914368
            ],
            [
              30.89669381813232,
              52.85314724294284
            ],
            [
              30.89069961331458,
              52.852894707754075
            ],
            [
              30.885506959140287,
              52.850958555828015
            ],
            [
              30.886134259644678,
              52.84792788378766
            ]
          ]
        ]
      },
      "properties": {
        "id": 63,
        "name": "Озеро Старое",
        "type": "lake",
        "type_ru": "Озеро",
        "district": "Чечерский",
        "region": "Гомельская область",
        "location_description": "в 9 км на юг от г. Чечерск у д. Чернявские Малыничи",
        "activities": "подводная охота",
        "coordinate_source": "placeholder"
      }
    },
    {
      "type": "Feature",
      "geometry": {
        "type": "Polygon",
        "coordinates": [
          [
            [
              30.906618240320768,
              52.859905673811426
            ],
            [
              30.9064327756179,
              52.85877189235757
            ],
            [
              30.907707842735732,
              52.85727413440651
            ],
            [
              30.910791185986056,
              52.85653223541166
            ],
            [
              30.914059993579002,
              52.857554092961834
            ],
            [
              30.91524232820882,
              52.86043756133287
            ],
            [
              30.915474158527985,
              52.864468496927
            ],
            [
              30.909979779954057,
              52.86591002534598
            ],
            [
              30.907012351863784,
              52.86208917050405
            ],
            [
              30.906618240320768,
              52.859905673811426
            ]
          ]
        ]
      },
      "properties": {
        "id": 64,
        "name": "Озеро Стоячее",
        "type": "lake",
        "type_ru": "Озеро",
        "district": "Чечерский",
        "region": "Гомельская область",
        "location_description": "в 9 км на юг от г. Чечерск на восток от д. Средние Малыничи",
        "activities": "подводная охота",
        "coordinate_source": "placeholder"
      }
    }
  ]
}