{
  "type": "FeatureCollection",
  "metadata": {
    "title": "Рыболовные угодья Гродненской области",
    "description": "Водоёмы для подводной охоты и лова рыбы на дорожку — Гродненская область РБ",
    "source": "Решение Гродненского облисполкома от 12 апреля 2023 г. № 174",
    "total_features": 27,
    "updated_from_osm": "2026-02-26"
  },
  "features": [
    {
      "type": "Feature",
      "geometry": {
        "type": "Polygon",
        "coordinates": [
          [
            [
              25.84794073656238,
              53.61451358879824
            ],
            [
              25.84763444128467,
              53.6143321006824
            ],
            [
              25.847386563947325,
              53.61411230644171
            ],
            [
              25.847215734775087,
              53.613868048039265
            ],
            [
              25.847128517497246,
              53.61360871252714
            ],
            [
              25.847128262334707,
              53.61334426620703
            ],
            [
              25.84721497747975,
              53.613084871602986
            ],
            [
              25.847385329026856,
              53.61284049692124
            ],
            [
              25.84763276931981,
              53.61262053300548
            ],
            [
              25.847947788748264,
              53.61243343250351
            ],
            [
              25.848318281290886,
              53.612286385104056
            ],
            [
              25.848730009743164,
              53.61218504131391
            ],
            [
              25.849167152751374,
              53.612133295379444
            ],
            [
              25.84961291264482,
              53.61213313568447
            ],
            [
              25.850050160734106,
              53.61218456836566
            ],
            [
              25.850462095311457,
              53.61228561707685
            ],
            [
              25.850783288838677,
              53.61238731420811
            ],
            [
              25.851233172325735,
              53.61257438431112
            ],
            [
              25.851594300337474,
              53.61282000348945
            ],
            [
              25.851805204776447,
              53.613004400181104
            ],
            [
              25.851870820076805,
              53.61307341821721
            ],
            [
              25.85208016495135,
              53.61319910116405
            ],
            [
              25.852347233069036,
              53.61339625310865
            ],
            [
              25.852451017042902,
              53.6134307198512
            ],
            [
              25.85287732834273,
              53.613613684560306
            ],
            [
              25.85547259714516,
              53.61502576879428
            ],
            [
              25.856665436961944,
              53.61562300306196
            ],
            [
              25.856746880737546,
              53.61566377420527
            ],
            [
              25.856790130244818,
              53.615685983514844
            ],
            [
              25.858391715195886,
              53.61652953016696
            ],
            [
              25.8611897149304,
              53.61797331407096
            ],
            [
              25.861200064063805,
              53.617978686671506
            ],
            [
              25.863639129309615,
              53.61925257392849
            ],
            [
              25.864245638665505,
              53.61955543556488
            ],
            [
              25.864283087183182,
              53.61957455141054
            ],
            [
              25.866909572954263,
              53.62094491851446
            ],
            [
              25.867149913497336,
              53.621070320192956
            ],
            [
              25.8671679948711,
              53.62106681451297
            ],
            [
              25.867665221609574,
              53.6210384550755
            ],
            [
              25.867723166168005,
              53.621042745845116
            ],
            [
              25.86779887422945,
              53.621007234695824
            ],
            [
              25.868290231836177,
              53.62087329605819
            ],
            [
              25.868355130066206,
              53.62086089643527
            ],
            [
              25.86854634125301,
              53.620834714496404
            ],
            [
              25.868553765971576,
              53.62082721827607
            ],
            [
              25.86878724105712,
              53.62063309966428
            ],
            [
              25.869074691221513,
              53.620466395664884
            ],
            [
              25.869281189529794,
              53.62036619814395
            ],
            [
              25.86955519251592,
              53.62025212465699
            ],
            [
              25.869854457664296,
              53.62016314298
            ],
            [
              25.870169349938433,
              53.62008614525463
            ],
            [
              25.87066936653144,
              53.620001982135
            ],
            [
              25.87118854040771,
              53.6199873492584
            ],
            [
              25.871354011597713,
              53.62000536605235
            ],
            [
              25.87147806535733,
              53.61998989499445
            ],
            [
              25.871737050796952,
              53.61987514742774
            ],
            [
              25.871851848819734,
              53.619833748558335
            ],
            [
              25.872246384400906,
              53.6197249937666
            ],
            [
              25.872312485824565,
              53.61968093852923
            ],
            [
              25.872398243278642,
              53.619642528354575
            ],
            [
              25.872408320104533,
              53.61963178667566
            ],
            [
              25.872523122557386,
              53.619530888480355
            ],
            [
              25.87278039430211,
              53.61934347561402
            ],
            [
              25.873089915080868,
              53.61918629951287
            ],
            [
              25.873441750090507,
              53.61906440485123
            ],
            [
              25.873615546169393,
              53.619016006251215
            ],
            [
              25.87408110458769,
              53.61892125704192
            ],
            [
              25.874570126818902,
              53.61888813835155
            ],
            [
              25.874762220679234,
              53.618887538369904
            ],
            [
              25.875164157513055,
              53.61890749746865
            ],
            [
              25.875553829894045,
              53.61896925730473
            ],
            [
              25.87591898222987,
              53.619070875481384
            ],
            [
              25.876087995259898,
              53.619141880950785
            ],
            [
              25.876191794080594,
              53.619141557295166
            ],
            [
              25.876680975622307,
              53.619205032121435
            ],
            [
              25.87669259554091,
              53.6192073596811
            ],
            [
              25.876964146392602,
              53.6192014140762
            ],
            [
              25.87732303498273,
              53.61921411366941
            ],
            [
              25.87774772354923,
              53.61925327113273
            ],
            [
              25.877969317128567,
              53.61928667009702
            ],
            [
              25.878304160356198,
              53.619358526845375
            ],
            [
              25.878468739489808,
              53.61931464223174
            ],
            [
              25.878919389592333,
              53.61925511364093
            ],
            [
              25.879565169377596,
              53.619209915073256
            ],
            [
              25.88003133315924,
              53.61920582659836
            ],
            [
              25.88048910852275,
              53.619258205906355
            ],
            [
              25.880740937431746,
              53.61932064133317
            ],
            [
              25.880781559275686,
              53.619309520240165
            ],
            [
              25.88101911850753,
              53.619113166720105
            ],
            [
              25.881344761205632,
              53.61893251006241
            ],
            [
              25.881723567631134,
              53.61879301075708
            ],
            [
              25.881999261639297,
              53.6187125130651
            ],
            [
              25.882427769248302,
              53.61861779068767
            ],
            [
              25.882879560681108,
              53.61857583070927
            ],
            [
              25.88333637082459,
              53.61858832949251
            ],
            [
              25.883655783932728,
              53.618636204260206
            ],
            [
              25.883776429835702,
              53.618622058326594
            ],
            [
              25.884239942649653,
              53.61862453582055
            ],
            [
              25.8844137371979,
              53.61863603545452
            ],
            [
              25.884795941521865,
              53.61868125496469
            ],
            [
              25.88515951871537,
              53.618764516947486
            ],
            [
              25.885493792338774,
              53.618883376448196
            ],
            [
              25.885851173808412,
              53.619036579462104
            ],
            [
              25.886147375220407,
              53.61891578396814
            ],
            [
              25.886331468449217,
              53.618867841463455
            ],
            [
              25.886394921046794,
              53.61882827881703
            ],
            [
              25.886825014246337,
              53.61865994090217
            ],
            [
              25.88730795341647,
              53.61855335229885
            ],
            [
              25.8876933893963,
              53.618496751377194
            ],
            [
              25.887946458208358,
              53.6183835521191
            ],
            [
              25.888269691518744,
              53.61826280032723
            ],
            [
              25.888622436580658,
              53.618175841668986
            ],
            [
              25.88899474198859,
              53.618125129326344
            ],
            [
              25.890236003509077,
              53.61802013264475
            ],
            [
              25.890695995857335,
              53.61800913778941
            ],
            [
              25.891150297121776,
              53.61805331601146
            ],
            [
              25.89146946032594,
              53.618104465318986
            ],
            [
              25.891499538229553,
              53.61809779295188
            ],
            [
              25.89184980086895,
              53.61804186406302
            ],
            [
              25.892058691209964,
              53.61782066977883
            ],
            [
              25.892370752464156,
              53.61760930800444
            ],
            [
              25.892749852491,
              53.61744087260013
            ],
            [
              25.893179547071163,
              53.61732266947912
            ],
            [
              25.893631220655035,
              53.61726118388764
            ],
            [
              25.89361120122134,
              53.61720652739799
            ],
            [
              25.893559488259086,
              53.616934766125645
            ],
            [
              25.893601241641758,
              53.616662402915026
            ],
            [
              25.893734743471665,
              53.6164006323216
            ],
            [
              25.893886052303227,
              53.61618553497022
            ],
            [
              25.894113731266856,
              53.61593827065602
            ],
            [
              25.89442302474208,
              53.61572445227601
            ],
            [
              25.89480044057661,
              53.615553406345924
            ],
            [
              25.89494633807672,
              53.6155006077864
            ],
            [
              25.89530793319519,
              53.615394604793146
            ],
            [
              25.895695408975893,
              53.61532816268689
            ],
            [
              25.895753727361072,
              53.61532455883289
            ],
            [
              25.896020912328055,
              53.61518561766539
            ],
            [
              25.8963747963321,
              53.61503455866638
            ],
            [
              25.896770770773074,
              53.614926336442196
            ],
            [
              25.897194281928343,
              53.61486492854156
            ],
            [
              25.89917422061318,
              53.61469493391302
            ],
            [
              25.899747270102655,
              53.61468901800085
            ],
            [
              25.90040465768213,
              53.614731671903286
            ],
            [
              25.900417779988075,
              53.61466464001771
            ],
            [
              25.90056370087906,
              53.614403405675915
            ],
            [
              25.900795953229434,
              53.61416517445507
            ],
            [
              25.901104869979957,
              53.61395986087782
            ],
            [
              25.901477594061536,
              53.613796009393035
            ],
            [
              25.9018986135298,
              53.61368043885093
            ],
            [
              25.902350407072444,
              53.61361795879301
            ],
            [
              25.902814173038372,
              53.61361116935043
            ],
            [
              25.903270611678803,
              53.61366035306787
            ],
            [
              25.903700728088396,
              53.6137634631486
            ],
            [
              25.904086622477774,
              53.61391620860929
            ],
            [
              25.904182103146077,
              53.613973689864075
            ],
            [
              25.90552184769669,
              53.61351637589489
            ],
            [
              25.90562193907153,
              53.613489177125665
            ],
            [
              25.905583848817333,
              53.61327561708103
            ],
            [
              25.905621737955297,
              53.613017579222216
            ],
            [
              25.905742059007963,
              53.61276859369346
            ],
            [
              25.905940374805887,
              53.6125378396194
            ],
            [
              25.906209373138704,
              53.61233382385891
            ],
            [
              25.906539136464943,
              53.61216406743545
            ],
            [
              25.906917507595875,
              53.61203482832286
            ],
            [
              25.907330537863995,
              53.61195087079751
            ],
            [
              25.90769059897655,
              53.61189996365892
            ],
            [
              25.907703151385366,
              53.61189021913737
            ],
            [
              25.90796473998476,
              53.61171961352578
            ],
            [
              25.90827148913288,
              53.61157793520909
            ],
            [
              25.90861443308047,
              53.61146932501324
            ],
            [
              25.909184349865054,
              53.61132447236098
            ],
            [
              25.909365075997446,
              53.61127851682028
            ],
            [
              25.9097981476368,
              53.611197649345144
            ],
            [
              25.910249666590122,
              53.61116943599172
            ],
            [
              25.910701633355345,
              53.61119500146547
            ],
            [
              25.911136030583606,
              53.61127332661719
            ],
            [
              25.911535541131272,
              53.61140128905918
            ],
            [
              25.91261100140133,
              53.611833156953445
            ],
            [
              25.913256006108753,
              53.611999990775644
            ],
            [
              25.914139292340067,
              53.61222833423773
            ],
            [
              25.914415780516855,
              53.61229986769896
            ],
            [
              25.91475468425642,
              53.61232075962287
            ],
            [
              25.914940977969373,
              53.61228231368286
            ],
            [
              25.91532972316144,
              53.61224477579807
            ],
            [
              25.91768464853516,
              53.612140279123096
            ],
            [
              25.91810757696199,
              53.61214491351702
            ],
            [
              25.918521741469192,
              53.61219593796277
            ],
            [
              25.918912811003803,
              53.612291586903225
            ],
            [
              25.91926725343601,
              53.61242855065945
            ],
            [
              25.91957280370922,
              53.61260208992349
            ],
            [
              25.91981888820038,
              53.61280619971272
            ],
            [
              25.920789695143018,
              53.61379423572688
            ],
            [
              25.921150695271436,
              53.61375430676367
            ],
            [
              25.92159322396979,
              53.61375708607161
            ],
            [
              25.922026465525615,
              53.61381065934981
            ],
            [
              25.922549551130476,
              53.61390765638968
            ],
            [
              25.92298677820338,
              53.614019733344534
            ],
            [
              25.923072570056437,
              53.61405589123627
            ],
            [
              25.923274124251158,
              53.61405477798709
            ],
            [
              25.923683552036263,
              53.61407452619743
            ],
            [
              25.924080311717695,
              53.614137646149565
            ],
            [
              25.92445145748565,
              53.614242078326086
            ],
            [
              25.92452256770956,
              53.61427243527532
            ],
            [
              25.92452424642384,
              53.61427261820003
            ],
            [
              25.924980609764447,
              53.61435236205654
            ],
            [
              25.925399018855362,
              53.61448668700607
            ],
            [
              25.925761161100244,
              53.614669714163504
            ],
            [
              25.926051185929914,
              53.61489343304681
            ],
            [
              25.926256398524174,
              53.61514805209468
            ],
            [
              25.926376407420946,
              53.615348549950966
            ],
            [
              25.926454272193364,
              53.61554156508512
            ],
            [
              25.9266864404597,
              53.61567318900391
            ],
            [
              25.926738565140674,
              53.61570370775276
            ],
            [
              25.928078666317365,
              53.616513989614134
            ],
            [
              25.928117316400062,
              53.61653794019823
            ],
            [
              25.928265169197108,
              53.61663184435551
            ],
            [
              25.92854822239126,
              53.616811546656656
            ],
            [
              25.928779902187898,
              53.61698527033089
            ],
            [
              25.92896053231047,
              53.61717914182212
            ],
            [
              25.929311376508537,
              53.61764180808294
            ],
            [
              25.92965078172235,
              53.617633687409736
            ],
            [
              25.930086163805235,
              53.6176737006368
            ],
            [
              25.93050037037489,
              53.61776275805956
            ],
            [
              25.930877856988698,
              53.61789751754891
            ],
            [
              25.931204456878547,
              53.618072921837985
            ],
            [
              25.93146791253711,
              53.61828238826629
            ],
            [
              25.931658335732944,
              53.61851805576601
            ],
            [
              25.931668207206695,
              53.6185341004603
            ],
            [
              25.931694075946286,
              53.61854312504943
            ],
            [
              25.932010077950018,
              53.61867607277176
            ],
            [
              25.932283453827214,
              53.61883890524675
            ],
            [
              25.932506270302795,
              53.619026897449444
            ],
            [
              25.932887741948562,
              53.61941531644151
            ],
            [
              25.932981382810933,
              53.619460006871
            ],
            [
              25.93316653259842,
              53.619422701810535
            ],
            [
              25.933588068706168,
              53.6193874642401
            ],
            [
              25.934013291422144,
              53.61939943837992
            ],
            [
              25.93442730374746,
              53.619458204735295
            ],
            [
              25.934815601312145,
              53.61956170451619
            ],
            [
              25.93516458038609,
              53.619706311744245
            ],
            [
              25.935462014379024,
              53.61988696025168
            ],
            [
              25.935493311605764,
              53.61991492053977
            ],
            [
              25.935758845599814,
              53.61986326907547
            ],
            [
              25.93612510984968,
              53.61983999269552
            ],
            [
              25.936128967467987,
              53.61983847760076
            ],
            [
              25.936531492996917,
              53.61973950076057
            ],
            [
              25.936837452120134,
              53.61970250433491
            ],
            [
              25.93701237909553,
              53.61952898037191
            ],
            [
              25.93730835445349,
              53.61933421774797
            ],
            [
              25.9376622576602,
              53.619177095518026
            ],
            [
              25.938060718210384,
              53.61906354952771
            ],
            [
              25.938488682701102,
              53.61899786933604
            ],
            [
              25.939566949494015,
              53.61889737250842
            ],
            [
              25.93962949457175,
              53.61889206980251
            ],
            [
              25.940414870087,
              53.61883207170387
            ],
            [
              25.94090781081376,
              53.61882637270937
            ],
            [
              25.94139123955123,
              53.61888381940073
            ],
            [
              25.94184243816878,
              53.619001712152425
            ],
            [
              25.942022494899756,
              53.61907993350056
            ],
            [
              25.942337195254762,
              53.61878793492269
            ],
            [
              25.942597926730944,
              53.618589551052374
            ],
            [
              25.942916216666895,
              53.61842332812767
            ],
            [
              25.943280998029685,
              53.61829504545034
            ],
            [
              25.943679587731705,
              53.6182091631551
            ],
            [
              25.944098127540194,
              53.61816866717687
            ],
            [
              25.94452206579261,
              53.61817496546381
            ],
            [
              25.94493666318831,
              53.618227839039896
            ],
            [
              25.94532750509488,
              53.618325449616
            ],
            [
              25.94542181452674,
              53.618355422786934
            ],
            [
              25.945507231272195,
              53.618298869773554
            ],
            [
              25.945849511033526,
              53.618144271126866
            ],
            [
              25.946234747678314,
              53.61803067229982
            ],
            [
              25.946649156119467,
              53.61796213816283
            ],
            [
              25.947077907702642,
              53.6179411210353
            ],
            [
              25.94750566068383,
              53.61796837295919
            ],
            [
              25.94913221188068,
              53.618165666778694
            ],
            [
              25.949553262066765,
              53.618242569863895
            ],
            [
              25.94994141654587,
              53.618366182809126
            ],
            [
              25.95015916538753,
              53.61845261219112
            ],
            [
              25.95280751413323,
              53.618411677885476
            ],
            [
              25.953287886002542,
              53.61843454366657
            ],
            [
              25.953749351599573,
              53.618516933585546
            ],
            [
              25.954171191426436,
              53.61865514842015
            ],
            [
              25.95437592673035,
              53.618761009155534
            ],
            [
              25.954624841805646,
              53.61876375216581
            ],
            [
              25.95504010338012,
              53.61879109585843
            ],
            [
              25.95543992514402,
              53.618863037045166
            ],
            [
              25.955810813777887,
              53.618977147850906
            ],
            [
              25.956140252147257,
              53.61912957723269
            ],
            [
              25.95641712166715,
              53.619315180913425
            ],
            [
              25.956939930186426,
              53.61973837291728
            ],
            [
              25.957006957220486,
              53.619806572066274
            ],
            [
              25.957683246949657,
              53.61964652356938
            ],
            [
              25.957919970192975,
              53.61953478227223
            ],
            [
              25.958275184519394,
              53.61939711350071
            ],
            [
              25.958667329177054,
              53.61930097796091
            ],
            [
              25.959082754790266,
              53.61924972179187
            ],
            [
              25.959507001875778,
              53.6192451290308
            ],
            [
              25.959925303993888,
              53.61928735953438
            ],
            [
              25.96032310156873,
              53.61937494341634
            ],
            [
              25.96068654851844,
              53.61950483219452
            ],
            [
              25.961002994084694,
              53.61967250486991
            ],
            [
              25.961261423109473,
              53.61987212524993
            ],
            [
              25.961452839445684,
              53.620096745046645
            ],
            [
              25.961552177350743,
              53.620246614315384
            ],
            [
              25.961801685676754,
              53.620469473734005
            ],
            [
              25.96182227103702,
              53.62047872551389
            ],
            [
              25.96207936176746,
              53.62049928538032
            ],
            [
              25.96247969913396,
              53.62057789589997
            ],
            [
              25.96284868801579,
              53.62069899240388
            ],
            [
              25.963084684677835,
              53.62079438988369
            ],
            [
              25.96339297986611,
              53.62094734851381
            ],
            [
              25.964641896002448,
              53.62086150417566
            ],
            [
              25.965036899290396,
              53.620697745146764
            ],
            [
              25.965618458526055,
              53.62052408457334
            ],
            [
              25.9664031452965,
              53.62036841086588
            ],
            [
              25.966435059045022,
              53.620331669763324
            ],
            [
              25.966728497119263,
              53.620116889804244
            ],
            [
              25.96697899715885,
              53.61996779316875
            ],
            [
              25.967332591478073,
              53.61979593798735
            ],
            [
              25.967736983424295,
              53.61966949605495
            ],
            [
              25.968271170187393,
              53.619541299854056
            ],
            [
              25.96868450614844,
              53.61946826958614
            ],
            [
              25.969113652675173,
              53.619442833961
            ],
            [
              25.969543178463223,
              53.61946590759517
            ],
            [
              25.969783762372675,
              53.61950697829794
            ],
            [
              25.97022622892215,
              53.61945927093985
            ],
            [
              25.970783564093594,
              53.61944047878017
            ],
            [
              25.971202850779907,
              53.619456978253936
            ],
            [
              25.97164995079139,
              53.619501429131915
            ],
            [
              25.97207330640241,
              53.61959759404208
            ],
            [
              25.97245609760903,
              53.619741652382444
            ],
            [
              25.97278311562056,
              53.61992788071167
            ],
            [
              25.97299024040501,
              53.620105128555
            ],
            [
              25.973392840348453,
              53.620331501550204
            ],
            [
              25.973880480586505,
              53.62041765661305
            ],
            [
              25.974368978334443,
              53.62054245140632
            ],
            [
              25.974795254278597,
              53.620731127146435
            ],
            [
              25.975086453583675,
              53.62089472334933
            ],
            [
              25.975155571393145,
              53.62093674653894
            ],
            [
              25.9752448352471,
              53.62095678914463
            ],
            [
              25.97541116863833,
              53.620944469214535
            ],
            [
              25.97580461263296,
              53.62095595508028
            ],
            [
              25.976188814631325,
              53.621007533817746
            ],
            [
              25.976486906481643,
              53.62106403209729
            ],
            [
              25.976940748279084,
              53.62118382768296
            ],
            [
              25.9773399177182,
              53.621359206360495
            ],
            [
              25.977665373134442,
              53.62158180234968
            ],
            [
              25.97772937440453,
              53.62163670135147
            ],
            [
              25.97796072178147,
              53.621888850183254
            ],
            [
              25.978096878321082,
              53.62216432350263
            ],
            [
              25.978106149030538,
              53.622240604416426
            ],
            [
              25.97815648435799,
              53.62228949548285
            ],
            [
              25.9781679463596,
              53.62230407328335
            ],
            [
              25.978342396357355,
              53.622385166582546
            ],
            [
              25.978481418519547,
              53.622479920779334
            ],
            [
              25.978485328918108,
              53.622481026823145
            ],
            [
              25.97856526592511,
              53.622484127530534
            ],
            [
              25.979055233700038,
              53.62257104682856
            ],
            [
              25.979500075073762,
              53.62272069521833
            ],
            [
              25.979647573275606,
              53.622784293573744
            ],
            [
              25.98002201095235,
              53.62298721059608
            ],
            [
              25.980311322590566,
              53.623234295910294
            ],
            [
              25.980334521883933,
              53.62326839474156
            ],
            [
              25.980414726618747,
              53.62331207530371
            ],
            [
              25.980681978597076,
              53.62353059952396
            ],
            [
              25.980870517690843,
              53.623776308247955
            ],
            [
              25.980972792241662,
              53.62403936182392
            ],
            [
              25.98101710312078,
              53.6242461609903
            ],
            [
              25.981035233795406,
              53.62441117335114
            ],
            [
              25.981036544995924,
              53.62461897332618
            ],
            [
              25.98102259299886,
              53.624714512748
            ],
            [
              25.98102484790746,
              53.62471520987594
            ],
            [
              25.981131556920726,
              53.624768897820246
            ],
            [
              25.981284996601527,
              53.62474170279231
            ],
            [
              25.98168672727132,
              53.624693364117576
            ],
            [
              25.98209656284232,
              53.624688571974595
            ],
            [
              25.982501193861886,
              53.62472748198868
            ],
            [
              25.982887479848245,
              53.6248088305516
            ],
            [
              25.98324287591552,
              53.624929975846115
            ],
            [
              25.983555840082918,
              53.62508698361705
            ],
            [
              25.983891740294926,
              53.62528897908205
            ],
            [
              25.984178342280526,
              53.62550010511139
            ],
            [
              25.984387995492984,
              53.625740948065385
            ],
            [
              25.98451223503029,
              53.626001785308745
            ],
            [
              25.98454604374602,
              53.62627208686759
            ],
            [
              25.98449935281946,
              53.62648856072611
            ],
            [
              25.98461470018971,
              53.626808662054614
            ],
            [
              25.98493124077472,
              53.627629967633034
            ],
            [
              25.985513044146654,
              53.62808528501963
            ],
            [
              25.985656599699553,
              53.628211918175026
            ],
            [
              25.98593003095675,
              53.62848533924144
            ],
            [
              25.98638850009083,
              53.62862923651692
            ],
            [
              25.987031593563877,
              53.628685428030295
            ],
            [
              25.98754249169836,
              53.62876694540543
            ],
            [
              25.98800782068738,
              53.628916242772895
            ],
            [
              25.98860781273904,
              53.62916623623226
            ],
            [
              25.988947427706552,
              53.62933974927323
            ],
            [
              25.98922307213661,
              53.629549386469485
            ],
            [
              25.989424041503515,
              53.629787007431844
            ],
            [
              25.98954253056428,
              53.63004338499306
            ],
            [
              25.989625594824226,
              53.63033240182635
            ],
            [
              25.989753804923264,
              53.630322406315955
            ],
            [
              25.990212387334548,
              53.630341944476946
            ],
            [
              25.990775170148677,
              53.63040024264107
            ],
            [
              25.99122630065452,
              53.63047606309913
            ],
            [
              25.991641635596366,
              53.63060511860706
            ],
            [
              25.992003530131836,
              53.63078192657283
            ],
            [
              25.992296609178265,
              53.63099897568349
            ],
            [
              25.9925084205777,
              53.63124704493864
            ],
            [
              25.992606531451276,
              53.63146382097419
            ],
            [
              25.992820150715108,
              53.631545246118904
            ],
            [
              25.993138845434697,
              53.63169193885728
            ],
            [
              25.99340883208574,
              53.63186970587565
            ],
            [
              25.993439213762215,
              53.63189872608063
            ],
            [
              25.993518461138777,
              53.63189737595331
            ],
            [
              25.993977360953913,
              53.63191715834621
            ],
            [
              25.994420163526737,
              53.63199128760157
            ],
            [
              25.99482875738014,
              53.63211673171208
            ],
            [
              25.99518642986868,
              53.63228835977342
            ],
            [
              25.995478550649327,
              53.632499151796104
            ],
            [
              25.99569317008063,
              53.63274048577739
            ],
            [
              25.996122296429615,
              53.6333702782316
            ],
            [
              25.996254362585073,
              53.63364464525797
            ],
            [
              25.996286154813507,
              53.63392934528788
            ],
            [
              25.99621624883155,
              53.63421164187199
            ],
            [
              25.996047770061722,
              53.63447890583165
            ],
            [
              25.995720864061404,
              53.63486656450113
            ],
            [
              25.99576108725649,
              53.63510097537362
            ],
            [
              25.996034631608627,
              53.63529434413696
            ],
            [
              25.99624977600772,
              53.63552752132836
            ],
            [
              25.996383637462515,
              53.63578118387303
            ],
            [
              25.996434444800506,
              53.635926382929405
            ],
            [
              25.99648161860992,
              53.63617977472916
            ],
            [
              25.996447547062587,
              53.63643390388716
            ],
            [
              25.996333445544266,
              53.63667969447503
            ],
            [
              25.996143387782862,
              53.6369083682125
            ],
            [
              25.996123181008716,
              53.636924222545346
            ],
            [
              25.996134389445054,
              53.636940099452495
            ],
            [
              25.996242599302864,
              53.63715069748924
            ],
            [
              25.99632939829798,
              53.63740569179638
            ],
            [
              25.996332033432033,
              53.63766582265927
            ],
            [
              25.996267709432388,
              53.637867233919515
            ],
            [
              25.996304809372464,
              53.63791038034273
            ],
            [
              25.996557528187036,
              53.63814135710875
            ],
            [
              25.996584742325307,
              53.63813871537556
            ],
            [
              25.99701907633841,
              53.63814617777427
            ],
            [
              25.997443098396477,
              53.63820245489441
            ],
            [
              25.997841345660056,
              53.63830549448403
            ],
            [
              25.998199294967367,
              53.638451538988136
            ],
            [
              25.99837280818707,
              53.638556196990805
            ],
            [
              25.998529001755493,
              53.63853090050033
            ],
            [
              25.99894601873271,
              53.638487569535805
            ],
            [
              25.99936935663207,
              53.63849079230929
            ],
            [
              25.99978435958898,
              53.63854045724901
            ],
            [
              26.000176660212095,
              53.63863484496248
            ],
            [
              26.000532676851044,
              53.638770687745314
            ],
            [
              26.000840083698247,
              53.63894328267982
            ],
            [
              26.001088237467215,
              53.63914665441311
            ],
            [
              26.001268545885203,
              53.63937376198569
            ],
            [
              26.001374765243273,
              53.63961674255757
            ],
            [
              26.00142307442241,
              53.63979374165287
            ],
            [
              26.001450401318994,
              53.64006418159537
            ],
            [
              26.001432899712373,
              53.640318642948046
            ],
            [
              26.00197081364285,
              53.64068025037156
            ],
            [
              26.002251624216637,
              53.64091558411375
            ],
            [
              26.002441685580855,
              53.641180915418396
            ],
            [
              26.002480344720524,
              53.641301720996616
            ],
            [
              26.002568596534037,
              53.641310251333316
            ],
            [
              26.002968715035763,
              53.641396573386686
            ],
            [
              26.00333470363832,
              53.64152557466286
            ],
            [
              26.00365374804515,
              53.641692738591686
            ],
            [
              26.003914677195702,
              53.64189221239791
            ],
            [
              26.004370488750677,
              53.642317605101155
            ],
            [
              26.004564194684203,
              53.6425424402466
            ],
            [
              26.00468384206699,
              53.642784734609975
            ],
            [
              26.004718885067867,
              53.64299743557803
            ],
            [
              26.00490204269991,
              53.643139121215455
            ],
            [
              26.00510679326583,
              53.64339426448518
            ],
            [
              26.005217403914735,
              53.64366909401193
            ],
            [
              26.005229020498252,
              53.643951553524026
            ],
            [
              26.005141131442937,
              53.64422925179409
            ],
            [
              26.005005101344324,
              53.6444991020651
            ],
            [
              26.00561248889057,
              53.644662512403954
            ],
            [
              26.005988091091204,
              53.64479039693327
            ],
            [
              26.00631601536649,
              53.64495815160715
            ],
            [
              26.006584381328256,
              53.64515969915477
            ],
            [
              26.00796841500322,
              53.64643157709701
            ],
            [
              26.008201612999578,
              53.646713142664076
            ],
            [
              26.008318809227305,
              53.647019020304626
            ],
            [
              26.00840968102173,
              53.64752143638545
            ],
            [
              26.008410944585805,
              53.647521761644
            ],
            [
              26.008792813271107,
              53.64764711221484
            ],
            [
              26.009127285087793,
              53.647813371866
            ],
            [
              26.009402055121267,
              53.648014424366686
            ],
            [
              26.009607014300006,
              53.64824287345842
            ],
            [
              26.01023575452294,
              53.64914255648099
            ],
            [
              26.01053002890052,
              53.649361934854184
            ],
            [
              26.010531273120115,
              53.649361589296134
            ],
            [
              26.01097949239883,
              53.649297892184755
            ],
            [
              26.011440171420322,
              53.64928902771312
            ],
            [
              26.011894416842157,
              53.64933535943031
            ],
            [
              26.01232359910256,
              53.6494349871801
            ],
            [
              26.01271011625437,
              53.64958382500876
            ],
            [
              26.013038115710742,
              53.64977576869561
            ],
            [
              26.0134369194947,
              53.650061962864164
            ],
            [
              26.01362203879234,
              53.65023622354157
            ],
            [
              26.014484879678804,
              53.650495755683856
            ],
            [
              26.014766102067654,
              53.650596072733535
            ],
            [
              26.016564510427852,
              53.651347316474066
            ],
            [
              26.01788161833547,
              53.65158911638719
            ],
            [
              26.01827157793228,
              53.65168499854495
            ],
            [
              26.01862495253049,
              53.651821917464694
            ],
            [
              26.01892958398035,
              53.65199516249514
            ],
            [
              26.019174990763126,
              53.65219877313187
            ],
            [
              26.019230068550648,
              53.652254818796855
            ],
            [
              26.01954175688269,
              53.65242636236379
            ],
            [
              26.019732625361982,
              53.65258719707715
            ],
            [
              26.019841920717134,
              53.65261401545466
            ],
            [
              26.020225765471903,
              53.652768573990556
            ],
            [
              26.02054874413675,
              53.6529660600326
            ],
            [
              26.020743646484974,
              53.653112557129965
            ],
            [
              26.021069889813866,
              53.65344718186958
            ],
            [
              26.0211905973536,
              53.653626179743384
            ],
            [
              26.02130283597025,
              53.653844747431485
            ],
            [
              26.021351231137572,
              53.654071405898165
            ],
            [
              26.021386420844113,
              53.65457865570632
            ],
            [
              26.0214818565753,
              53.65459315870999
            ],
            [
              26.02187875758601,
              53.65470517647506
            ],
            [
              26.022231924740307,
              53.65486032141328
            ],
            [
              26.022528185048603,
              53.655052806923194
            ],
            [
              26.02275648760402,
              53.65527545358569
            ],
            [
              26.023033457808328,
              53.65561582412388
            ],
            [
              26.02338896616444,
              53.65574709313233
            ],
            [
              26.023707737650778,
              53.6559226058902
            ],
            [
              26.023964335252046,
              53.6561308579956
            ],
            [
              26.024149382440935,
              53.656364240344956
            ],
            [
              26.02425611663955,
              53.65661422549483
            ],
            [
              26.024358768372835,
              53.65701108027232
            ],
            [
              26.024465869013348,
              53.657067647307265
            ],
            [
              26.02474579042647,
              53.65724472158663
            ],
            [
              26.024967658987237,
              53.65744864764181
            ],
            [
              26.02512429617695,
              53.65767282829401
            ],
            [
              26.025210633505495,
              53.65791001100204
            ],
            [
              26.02521647014494,
              53.65801689358878
            ],
            [
              26.025280083316503,
              53.65804187530909
            ],
            [
              26.02552397732364,
              53.65818966104047
            ],
            [
              26.025583088431034,
              53.65818714093161
            ],
            [
              26.02616286988906,
              53.658194640693296
            ],
            [
              26.026646152846013,
              53.65823181077847
            ],
            [
              26.027105011650836,
              53.658329087492554
            ],
            [
              26.0275184174223,
              53.658482012825026
            ],
            [
              26.02808921189486,
              53.65874740614336
            ],
            [
              26.028425550033646,
              53.658939969671195
            ],
            [
              26.028688387459848,
              53.65916919927006
            ],
            [
              26.028866629971695,
              53.65942542041211
            ],
            [
              26.028952753210863,
              53.65969781921988
            ],
            [
              26.028995327956064,
              53.66000365517077
            ],
            [
              26.02900755772239,
              53.660045252281606
            ],
            [
              26.0291192963952,
              53.66007802432625
            ],
            [
              26.029471432659733,
              53.66023828799573
            ],
            [
              26.029764375198976,
              53.66043600741921
            ],
            [
              26.029957078575066,
              53.66059500445052
            ],
            [
              26.03020346372977,
              53.66085468123909
            ],
            [
              26.030422376177825,
              53.66116017741661
            ],
            [
              26.03054413802739,
              53.66138147512815
            ],
            [
              26.030599888607682,
              53.66161188151917
            ],
            [
              26.030635809009254,
              53.661991380837314
            ],
            [
              26.030600919336905,
              53.66228008294478
            ],
            [
              26.030728965106913,
              53.66251951129494
            ],
            [
              26.030828557439076,
              53.662823064040815
            ],
            [
              26.03080887094833,
              53.66313207964569
            ],
            [
              26.03078528558446,
              53.66322294628423
            ],
            [
              26.03090674791682,
              53.66326128702515
            ],
            [
              26.031276121692546,
              53.663446554754316
            ],
            [
              26.031536622259342,
              53.66360835117955
            ],
            [
              26.031852497520305,
              53.66385638156416
            ],
            [
              26.032064217650507,
              53.66414065597278
            ],
            [
              26.032222131755276,
              53.664442953110566
            ],
            [
              26.03229601516035,
              53.66464490450824
            ],
            [
              26.03238372363996,
              53.66470440383678
            ],
            [
              26.0325939836833,
              53.66491354536739
            ],
            [
              26.032690611281307,
              53.6650672639384
            ],
            [
              26.032862885017348,
              53.66515724304517
            ],
            [
              26.033153182966462,
              53.66539213475481
            ],
            [
              26.033351663748533,
              53.66565846004038
            ],
            [
              26.033534079489932,
              53.66599855674189
            ],
            [
              26.033613738656122,
              53.66619893533519
            ],
            [
              26.03364101026914,
              53.666404162227245
            ],
            [
              26.033642532480204,
              53.6668152621964
            ],
            [
              26.03363015517736,
              53.66695872014064
            ],
            [
              26.033528117002852,
              53.66753600961157
            ],
            [
              26.03426249370002,
              53.668647481652926
            ],
            [
              26.03437906264402,
              53.66888716426602
            ],
            [
              26.034419154538913,
              53.669135464638096
            ],
            [
              26.03441849951947,
              53.66913977445188
            ],
            [
              26.03442980246628,
              53.66915478114576
            ],
            [
              26.034496108948996,
              53.66929097993689
            ],
            [
              26.03457734570279,
              53.66955222190446
            ],
            [
              26.034570597231788,
              53.66981783007371
            ],
            [
              26.03448938437105,
              53.67004105597051
            ],
            [
              26.034606533231827,
              53.670483448991035
            ],
            [
              26.034633667614354,
              53.67066788775066
            ],
            [
              26.03471444465576,
              53.673287846528986
            ],
            [
              26.03476627498011,
              53.67396282173916
            ],
            [
              26.034821214373725,
              53.674678631415624
            ],
            [
              26.034866142491193,
              53.6752635862197
            ],
            [
              26.034903767063515,
              53.675753062016206
            ],
            [
              26.035325067468705,
              53.6812387158401
            ],
            [
              26.03532740771937,
              53.68129546386478
            ],
            [
              26.035334800005874,
              53.68259124193616
            ],
            [
              26.035522010017132,
              53.682709072743926
            ],
            [
              26.035762415829595,
              53.68293920091596
            ],
            [
              26.035920431667606,
              53.68319311682714
            ],
            [
              26.035989697239025,
              53.68346060256677
            ],
            [
              26.035967423460605,
              53.683730893959286
            ],
            [
              26.0357528676373,
              53.684575997979366
            ],
            [
              26.035642942351195,
              53.68483332906301
            ],
            [
              26.035525334242482,
              53.68497942324146
            ],
            [
              26.036003396826942,
              53.685678876858375
            ],
            [
              26.036233396097945,
              53.68579498038961
            ],
            [
              26.03653927175643,
              53.68598248913018
            ],
            [
              26.036778530282664,
              53.68620134072061
            ],
            [
              26.036942234110143,
              53.686443360901826
            ],
            [
              26.03702426734972,
              53.68669950990526
            ],
            [
              26.03706718228639,
              53.686979109093215
            ],
            [
              26.03706684612,
              53.6872255048003
            ],
            [
              26.03699083551025,
              53.687467754110834
            ],
            [
              26.03684168511566,
              53.68769777490457
            ],
            [
              26.03681394725227,
              53.687724594269504
            ],
            [
              26.036981907587588,
              53.68780208891583
            ],
            [
              26.037277083574523,
              53.688005562253636
            ],
            [
              26.03749843997786,
              53.688239598825476
            ],
            [
              26.03763722311933,
              53.688494944867855
            ],
            [
              26.037687943912985,
              53.68876150387111
            ],
            [
              26.037698771398244,
              53.68926970366315
            ],
            [
              26.0376975706915,
              53.68933370313102
            ],
            [
              26.037600759525066,
              53.690978704957686
            ],
            [
              26.037521127827898,
              53.69128826511939
            ],
            [
              26.03712985637439,
              53.69213365382346
            ],
            [
              26.03721774919324,
              53.692588158045375
            ],
            [
              26.03722622832448,
              53.69284196273808
            ],
            [
              26.037154251982255,
              53.693092214063626
            ],
            [
              26.03700436768171,
              53.693330049829534
            ],
            [
              26.03696175720818,
              53.693371609444064
            ],
            [
              26.036976057052385,
              53.69338317852762
            ],
            [
              26.03717362358367,
              53.69364686904498
            ],
            [
              26.037271985342475,
              53.69392940241201
            ],
            [
              26.0372666423244,
              53.6942178586363
            ],
            [
              26.03725856894611,
              53.694238722932305
            ],
            [
              26.037277968536635,
              53.694252737785405
            ],
            [
              26.037501057705445,
              53.69451284115341
            ],
            [
              26.03762449033229,
              53.69479525968404
            ],
            [
              26.037653160561653,
              53.69491160340406
            ],
            [
              26.038539453941887,
              53.695281601425926
            ],
            [
              26.03959208220045,
              53.695419814470334
            ],
            [
              26.040055667455118,
              53.69551254865193
            ],
            [
              26.04193060141304,
              53.69602622666321
            ],
            [
              26.044056446009403,
              53.69652283663971
            ],
            [
              26.045147024696192,
              53.6966981521614
            ],
            [
              26.04560008724802,
              53.696802823257364
            ],
            [
              26.047343764470845,
              53.69733890649278
            ],
            [
              26.048707869223385,
              53.69763673900665
            ],
            [
              26.048948112904032,
              53.6976891931169
            ],
            [
              26.049174779374102,
              53.697562880012
            ],
            [
              26.049519041103895,
              53.697430832025496
            ],
            [
              26.049834934633857,
              53.69733233481844
            ],
            [
              26.050228087678075,
              53.69723630578264
            ],
            [
              26.050644533772573,
              53.697185206284864
            ],
            [
              26.050871464959453,
              53.69718286380607
            ],
            [
              26.051093347269497,
              53.69713695091015
            ],
            [
              26.051249207583677,
              53.69709497845726
            ],
            [
              26.05163890400206,
              53.69701435632571
            ],
            [
              26.052046773553027,
              53.696976685238695
            ],
            [
              26.052459429333453,
              53.69698320161598
            ],
            [
              26.052863327393755,
              53.69703369158062
            ],
            [
              26.05328281576443,
              53.69711018923987
            ],
            [
              26.053686904934278,
              53.69720993394424
            ],
            [
              26.05405131518497,
              53.69735359317019
            ],
            [
              26.054362592929326,
              53.69753586337695
            ],
            [
              26.05460924568197,
              53.697750015525514
            ],
            [
              26.05478216636411,
              53.69798814345127
            ],
            [
              26.05487496962216,
              53.69824145570131
            ],
            [
              26.05488422773138,
              53.69850060007051
            ],
            [
              26.054825580774324,
              53.698701308793844
            ],
            [
              26.055246699443632,
              53.69875274572993
            ],
            [
              26.055648745674578,
              53.69885195379889
            ],
            [
              26.05601156194213,
              53.69899464028067
            ],
            [
              26.056321890767727,
              53.69917559152439
            ],
            [
              26.056502928389918,
              53.699331734312686
            ],
            [
              26.056528624713994,
              53.69932892080521
            ],
            [
              26.05696490806188,
              53.69933121738624
            ],
            [
              26.057392454967072,
              53.6993826998725
            ],
            [
              26.057953615177077,
              53.69948420740043
            ],
            [
              26.05796393132211,
              53.69947257414979
            ],
            [
              26.05823797776238,
              53.69927028134893
            ],
            [
              26.05857233901191,
              53.69910276880346
            ],
            [
              26.058954659753823,
              53.69897622611705
            ],
            [
              26.059370812983996,
              53.69889532900487
            ],
            [
              26.059805421925486,
              53.69886306656962
            ],
            [
              26.06024242806246,
              53.69888063088523
            ],
            [
              26.060665684329557,
              53.698947372962785
            ],
            [
              26.061059551568523,
              53.69906082672361
            ],
            [
              26.062049234635467,
              53.69941931692841
            ],
            [
              26.06238968267394,
              53.69957017355729
            ],
            [
              26.06267685633262,
              53.69975585318658
            ],
            [
              26.062857596908685,
              53.69992863358579
            ],
            [
              26.06371669002095,
              53.699750138617794
            ],
            [
              26.064192162386654,
              53.69968417967346
            ],
            [
              26.06468045509515,
              53.69967971446192
            ],
            [
              26.065159141647293,
              53.69973694806285
            ],
            [
              26.06560623661654,
              53.69985325182379
            ],
            [
              26.06618445015947,
              53.70004986570135
            ],
            [
              26.06631341887426,
              53.70000879799089
            ],
            [
              26.066752665863778,
              53.69993066823668
            ],
            [
              26.067209442985913,
              53.699906194794444
            ],
            [
              26.06744841636547,
              53.69990768741315
            ],
            [
              26.06756308562564,
              53.69985565405761
            ],
            [
              26.067952978119045,
              53.699713102806214
            ],
            [
              26.06838316356298,
              53.69961961826181
            ],
            [
              26.068836244375913,
              53.69957898108579
            ],
            [
              26.06955022158067,
              53.69955798176131
            ],
            [
              26.070029434609175,
              53.6995738478499
            ],
            [
              26.07049240434705,
              53.69964878652271
            ],
            [
              26.07091859129262,
              53.6997794731721
            ],
            [
              26.071289087368683,
              53.69996010992465
            ],
            [
              26.07158745464056,
              53.70018268279833
            ],
            [
              26.071694639610786,
              53.700310819315064
            ],
            [
              26.071887604699434,
              53.700293126631294
            ],
            [
              26.072357089805234,
              53.7003078806139
            ],
            [
              26.072811468412084,
              53.700379359144044
            ],
            [
              26.07342015280521,
              53.70051625504614
            ],
            [
              26.07386990584082,
              53.70065291759717
            ],
            [
              26.074257694868137,
              53.70084492166432
            ],
            [
              26.074676647397013,
              53.70110424319706
            ],
            [
              26.074847914173123,
              53.70110198540276
            ],
            [
              26.07569860370935,
              53.70069079432753
            ],
            [
              26.075795187168694,
              53.700653285108345
            ],
            [
              26.07588979978846,
              53.70054311966487
            ],
            [
              26.076022803315883,
              53.70041712180371
            ],
            [
              26.076333382109972,
              53.70018441720133
            ],
            [
              26.076722346652016,
              53.69999751373921
            ],
            [
              26.077118974868764,
              53.69988073253239
            ],
            [
              26.077138947909024,
              53.6998622848097
            ],
            [
              26.077239234864216,
              53.699666427863534
            ],
            [
              26.077280763670434,
              53.69961928805271
            ],
            [
              26.077041696927076,
              53.6993952247926
            ],
            [
              26.07687946284874,
              53.69914157515556
            ],
            [
              26.07680621563498,
              53.69887383914544
            ],
            [
              26.076824914635452,
              53.69860284011399
            ],
            [
              26.076934802204175,
              53.698339533114705
            ],
            [
              26.077117130950622,
              53.69811238212063
            ],
            [
              26.077115759049892,
              53.69810926089798
            ],
            [
              26.077092085141064,
              53.69783573458599
            ],
            [
              26.077162215489526,
              53.69756501491157
            ],
            [
              26.077328534035246,
              53.6971855179619
            ],
            [
              26.077495864107842,
              53.696921253714784
            ],
            [
              26.077752399412663,
              53.696683385111555
            ],
            [
              26.078086910597055,
              53.69648232311008
            ],
            [
              26.078484756109027,
              53.69632686759284
            ],
            [
              26.078913847192812,
              53.6961950713424
            ],
            [
              26.079319857413566,
              53.6960983938361
            ],
            [
              26.07974959511087,
              53.69604945535899
            ],
            [
              26.0801872083975,
              53.696050061115606
            ],
            [
              26.08039594973082,
              53.69607443257023
            ],
            [
              26.08067658226008,
              53.69601548382076
            ],
            [
              26.080680524304228,
              53.696014900439124
            ],
            [
              26.080725119355623,
              53.69598093828296
            ],
            [
              26.081051789522522,
              53.695811604553704
            ],
            [
              26.081426779212027,
              53.69568203358559
            ],
            [
              26.081836471830012,
              53.695596930217725
            ],
            [
              26.08202455736252,
              53.69556944176226
            ],
            [
              26.08204621844767,
              53.6955494012328
            ],
            [
              26.082383301417398,
              53.6953476677386
            ],
            [
              26.082784200490973,
              53.695192147720114
            ],
            [
              26.083231175709816,
              53.695089722772884
            ],
            [
              26.08346556899,
              53.6950522239338
            ],
            [
              26.083567018866237,
              53.69503604446046
            ],
            [
              26.08400759465766,
              53.69499262527166
            ],
            [
              26.08445401137528,
              53.695000929503095
            ],
            [
              26.084889115092654,
              53.69506063805763
            ],
            [
              26.085296186473713,
              53.69516945657982
            ],
            [
              26.085659583065876,
              53.69532320359454
            ],
            [
              26.085965340267492,
              53.695515971144
            ],
            [
              26.08620170789961,
              53.695740351758225
            ],
            [
              26.086359601774163,
              53.69598772304703
            ],
            [
              26.086432952902655,
              53.69624857898803
            ],
            [
              26.086418940909017,
              53.69651289518943
            ],
            [
              26.08631810264848,
              53.696770514098006
            ],
            [
              26.086134311822853,
              53.69701153535285
            ],
            [
              26.085874630337987,
              53.697226696282556
            ],
            [
              26.085758271633544,
              53.69729139264073
            ],
            [
              26.085695379895647,
              53.69739258647403
            ],
            [
              26.08545821457373,
              53.697620811000206
            ],
            [
              26.085149532138093,
              53.69781677865115
            ],
            [
              26.08478151224917,
              53.69797275657283
            ],
            [
              26.084368676524598,
              53.698082589823656
            ],
            [
              26.084000253867792,
              53.69813213563251
            ],
            [
              26.083879209633302,
              53.69821963885157
            ],
            [
              26.08352468508444,
              53.69839061282036
            ],
            [
              26.083502408894404,
              53.6983975215478
            ],
            [
              26.083418854286226,
              53.698528931185315
            ],
            [
              26.08320394920036,
              53.69873981384099
            ],
            [
              26.082927861434435,
              53.69892404892314
            ],
            [
              26.0826460090648,
              53.69905416058952
            ],
            [
              26.082689916388382,
              53.699154957969824
            ],
            [
              26.082757115279524,
              53.69940259774803
            ],
            [
              26.08274571642378,
              53.69965332194742
            ],
            [
              26.082656112492646,
              53.69989846308097
            ],
            [
              26.082409333962744,
              53.7003605675406
            ],
            [
              26.082212643503613,
              53.70062574176585
            ],
            [
              26.081924873227056,
              53.70085994958992
            ],
            [
              26.081559286435546,
              53.701052395268455
            ],
            [
              26.08146145210717,
              53.70109367827655
            ],
            [
              26.08142907384542,
              53.70113346749608
            ],
            [
              26.081136796566142,
              53.70135694806823
            ],
            [
              26.080772273031823,
              53.70153947000109
            ],
            [
              26.08071153880873,
              53.701558747010985
            ],
            [
              26.080647675646933,
              53.701612894109495
            ],
            [
              26.080171377858456,
              53.70192370080034
            ],
            [
              26.0797912406685,
              53.70211844525631
            ],
            [
              26.0795843507491,
              53.702308959479815
            ],
            [
              26.079224454602592,
              53.70257256478846
            ],
            [
              26.078890860176106,
              53.70277074681109
            ],
            [
              26.0784953788653,
              53.70292392927177
            ],
            [
              26.078092011780623,
              53.703016989091125
            ],
            [
              26.07712335582433,
              53.703485205860325
            ],
            [
              26.076701751458344,
              53.70364670421384
            ],
            [
              26.0762306274755,
              53.703749616761996
            ],
            [
              26.07573286393184,
              53.703788945514056
            ],
            [
              26.074890198003185,
              53.703800057455005
            ],
            [
              26.074415832135855,
              53.70386889205791
            ],
            [
              26.073943408269905,
              53.70390704172183
            ],
            [
              26.073467915006336,
              53.7038861636155
            ],
            [
              26.073010169798934,
              53.70380717179832
            ],
            [
              26.0725902128644,
              53.70367352458093
            ],
            [
              26.072226429601233,
              53.70349107307787
            ],
            [
              26.071762256914354,
              53.7032037575605
            ],
            [
              26.0714372364624,
              53.70328249220604
            ],
            [
              26.070967436476476,
              53.70336274322442
            ],
            [
              26.070479529786354,
              53.70338181564777
            ],
            [
              26.069995982222455,
              53.70333883127915
            ],
            [
              26.06953905884169,
              53.70323576934732
            ],
            [
              26.069129798452327,
              53.70307737534751
            ],
            [
              26.068655694587978,
              53.70284736964793
            ],
            [
              26.06837452758405,
              53.702685062254474
            ],
            [
              26.06831432180111,
              53.70263570780781
            ],
            [
              26.068052948812092,
              53.702769397488375
            ],
            [
              26.067678354281135,
              53.70289712819531
            ],
            [
              26.067269750260362,
              53.702980682076586
            ],
            [
              26.0668418425476,
              53.70301705196735
            ],
            [
              26.066118419443004,
              53.703037452623725
            ],
            [
              26.06561170344504,
              53.70301821451626
            ],
            [
              26.06527538900991,
              53.702959381303906
            ],
            [
              26.065088883173036,
              53.703146447481
            ],
            [
              26.064774344235683,
              53.70335095440391
            ],
            [
              26.06439595679358,
              53.703513188454075
            ],
            [
              26.063925748110343,
              53.703674092918945
            ],
            [
              26.063485984789953,
              53.70378982875276
            ],
            [
              26.063014967383374,
              53.70384831177524
            ],
            [
              26.062533705607045,
              53.70384693334218
            ],
            [
              26.06196648776174,
              53.70380963215681
            ],
            [
              26.061546861080345,
              53.70375803085346
            ],
            [
              26.061168150582024,
              53.70368892873902
            ],
            [
              26.061124472822748,
              53.703677925140084
            ],
            [
              26.06100088916563,
              53.70371858056157
            ],
            [
              26.06061115412142,
              53.70379668305618
            ],
            [
              26.06020404576553,
              53.7038320250342
            ],
            [
              26.06009094215741,
              53.703835725153084
            ],
            [
              26.059555081636947,
              53.703815754023275
            ],
            [
              26.059041990098397,
              53.70372211754421
            ],
            [
              26.058810584648054,
              53.703661415766724
            ],
            [
              26.05840593330184,
              53.703524393227966
            ],
            [
              26.058056855550404,
              53.70334149151085
            ],
            [
              26.057777960019845,
              53.70312036532982
            ],
            [
              26.05775913818495,
              53.70309647584168
            ],
            [
              26.057559111852708,
              53.703111299090146
            ],
            [
              26.05704537401604,
              53.703079990337635
            ],
            [
              26.056714564159293,
              53.70303698899321
            ],
            [
              26.056272156158794,
              53.70295062113064
            ],
            [
              26.05586866398939,
              53.70281279924393
            ],
            [
              26.05552095049203,
              53.702629283374584
            ],
            [
              26.055243546810207,
              53.70240774318324
            ],
            [
              26.05504804509931,
              53.70215743734565
            ],
            [
              26.054975113960943,
              53.70197162798647
            ],
            [
              26.054924509339916,
              53.70195729305639
            ],
            [
              26.054639310542786,
              53.701967038765474
            ],
            [
              26.05421056256099,
              53.70195773905175
            ],
            [
              26.053792359280884,
              53.70190102765877
            ],
            [
              26.053399526673868,
              53.70179891510506
            ],
            [
              26.05304599103766,
              53.70165502144013
            ],
            [
              26.052744285193217,
              53.701474447875015
            ],
            [
              26.05274300925215,
              53.701473323065784
            ],
            [
              26.052452991611702,
              53.70152263928151
            ],
            [
              26.051995962020964,
              53.70154383662229
            ],
            [
              26.051541014479817,
              53.70151044877138
            ],
            [
              26.051106563808855,
              53.70142382716383
            ],
            [
              26.050412747716358,
              53.70123762173212
            ],
            [
              26.050377876046873,
              53.701225683299384
            ],
            [
              26.05031919321006,
              53.70122727007454
            ],
            [
              26.04988700165034,
              53.7011895506361
            ],
            [
              26.0494749132145,
              53.701103697171696
            ],
            [
              26.049098075413358,
              53.70097286551014
            ],
            [
              26.048770339676917,
              53.70080186476643
            ],
            [
              26.048503752136558,
              53.70059698052552
            ],
            [
              26.048477031554913,
              53.70057176914981
            ],
            [
              26.04789299607389,
              53.70033440888235
            ],
            [
              26.047131067363726,
              53.700168052324464
            ],
            [
              26.045632444461397,
              53.69984084599377
            ],
            [
              26.04537079191734,
              53.69977238392026
            ],
            [
              26.04371690612826,
              53.699263902398116
            ],
            [
              26.042740503671798,
              53.6991069388533
            ],
            [
              26.042501314262353,
              53.699059936001255
            ],
            [
              26.040196956260278,
              53.69852161996509
            ],
            [
              26.04007642113415,
              53.69849105913687
            ],
            [
              26.038365222158532,
              53.69802223686169
            ],
            [
              26.037106642377264,
              53.6978569773565
            ],
            [
              26.036678835678284,
              53.6977738194878
            ],
            [
              26.036287006094533,
              53.69764247632036
            ],
            [
              26.03422697895796,
              53.69678245380603
            ],
            [
              26.033878622367336,
              53.69660313883061
            ],
            [
              26.033598461882807,
              53.696385933018675
            ],
            [
              26.033397996294806,
              53.69613975215019
            ],
            [
              26.03328545265326,
              53.69587470119753
            ],
            [
              26.033264194315084,
              53.69578839984931
            ],
            [
              26.033067690726188,
              53.695698984025455
            ],
            [
              26.032778538396045,
              53.69550517596761
            ],
            [
              26.032557161597325,
              53.69528226117362
            ],
            [
              26.03241169460662,
              53.69503843156699
            ],
            [
              26.032347481772256,
              53.694782647525194
            ],
            [
              26.03236688129549,
              53.6945243085683
            ],
            [
              26.032427385857115,
              53.694375616285555
            ],
            [
              26.032256308087536,
              53.69424104178009
            ],
            [
              26.032067956189916,
              53.694014789401194
            ],
            [
              26.03195403818983,
              53.69377173020888
            ],
            [
              26.031918536014835,
              53.69352036296569
            ],
            [
              26.03196268960674,
              53.69326947677898
            ],
            [
              26.03212031336931,
              53.69280297970802
            ],
            [
              26.03226283394762,
              53.69253267436323
            ],
            [
              26.03249751064641,
              53.69228594078274
            ],
            [
              26.032564442525896,
              53.692241045655756
            ],
            [
              26.032552972152775,
              53.69218169670083
            ],
            [
              26.03254491538208,
              53.691924813684295
            ],
            [
              26.03261925646039,
              53.69167168540544
            ],
            [
              26.033056534107462,
              53.69072711719626
            ],
            [
              26.0331281257237,
              53.689512876833724
            ],
            [
              26.03293881905501,
              53.689369804235376
            ],
            [
              26.03272517346556,
              53.68910615392007
            ],
            [
              26.032328203270502,
              53.688439046815475
            ],
            [
              26.032232521959497,
              53.688222255317015
            ],
            [
              26.032028757745593,
              53.68752965150568
            ],
            [
              26.03199561489587,
              53.68726565071282
            ],
            [
              26.032040109302304,
              53.687051371111906
            ],
            [
              26.031989667249874,
              53.6869972886869
            ],
            [
              26.03131450651424,
              53.68600932395699
            ],
            [
              26.031225844567544,
              53.68596538910931
            ],
            [
              26.030953871376262,
              53.685768259109295
            ],
            [
              26.030749278111486,
              53.68554437989546
            ],
            [
              26.030619349680578,
              53.685301724310214
            ],
            [
              26.0305687117366,
              53.685048933722975
            ],
            [
              26.030599166122794,
              53.68479501027054
            ],
            [
              26.030709626906347,
              53.68454899627094
            ],
            [
              26.030896159251412,
              53.684319652229235
            ],
            [
              26.031228691348932,
              53.68399361143061
            ],
            [
              26.030989524026037,
              53.68375508806874
            ],
            [
              26.030835870776563,
              53.68348308591987
            ],
            [
              26.03078278940103,
              53.683197993149264
            ],
            [
              26.030772350671356,
              53.68133288154066
            ],
            [
              26.030353823941113,
              53.67587566396521
            ],
            [
              26.030316252692288,
              53.67538619416712
            ],
            [
              26.030271380611357,
              53.674801146337295
            ],
            [
              26.030216517194177,
              53.67408531937361
            ],
            [
              26.030163355761374,
              53.673392034149664
            ],
            [
              26.030161387212672,
              53.67335537063053
            ],
            [
              26.03008317983243,
              53.670809841419505
            ],
            [
              26.029884488309357,
              53.67005920468035
            ],
            [
              26.02986191172827,
              53.669761648538284
            ],
            [
              26.02988972331387,
              53.66966917802353
            ],
            [
              26.02986142863759,
              53.66960571379486
            ],
            [
              26.029788732043656,
              53.66932812405978
            ],
            [
              26.029792795454306,
              53.6692841527115
            ],
            [
              26.029085617197236,
              53.66821366436436
            ],
            [
              26.028949522159984,
              53.66790267261899
            ],
            [
              26.02894141189157,
              53.667581434135585
            ],
            [
              26.029073745937602,
              53.666833206802934
            ],
            [
              26.028996169555498,
              53.666781546001
            ],
            [
              26.028784763243596,
              53.66657674211697
            ],
            [
              26.028645269341414,
              53.66640983974557
            ],
            [
              26.028599246921303,
              53.6663380415876
            ],
            [
              26.028430165020755,
              53.666256844165574
            ],
            [
              26.02814251060688,
              53.666050818878524
            ],
            [
              26.027999992905194,
              53.665893492062274
            ],
            [
              26.027860514492744,
              53.66587833613141
            ],
            [
              26.027469262979043,
              53.665789580961494
            ],
            [
              26.02711208474792,
              53.665659852391514
            ],
            [
              26.026801074177353,
              53.665493543281066
            ],
            [
              26.02654676197382,
              53.66529628511885
            ],
            [
              26.026357758592596,
              53.66507475729185
            ],
            [
              26.02624046274199,
              53.66483646087514
            ],
            [
              26.026217129301426,
              53.66469798063469
            ],
            [
              26.02620507552417,
              53.6646831961972
            ],
            [
              26.026048690685645,
              53.66442901211208
            ],
            [
              26.025981055906442,
              53.66416145012721
            ],
            [
              26.026004889992347,
              53.663891272488236
            ],
            [
              26.026227581761667,
              53.663033695864
            ],
            [
              26.02608981879567,
              53.66277604407145
            ],
            [
              26.026005204425807,
              53.66255444009992
            ],
            [
              26.02598455708295,
              53.662327564842336
            ],
            [
              26.02600567174441,
              53.662219015545524
            ],
            [
              26.025891962855958,
              53.66218597158672
            ],
            [
              26.025550189828756,
              53.662033937967195
            ],
            [
              26.025262393788797,
              53.66184673348736
            ],
            [
              26.02507619653798,
              53.66170003066496
            ],
            [
              26.024837338544113,
              53.661465587714815
            ],
            [
              26.02471353850035,
              53.66125806347399
            ],
            [
              26.024517892384658,
              53.661245355166244
            ],
            [
              26.02410662870727,
              53.66117037617655
            ],
            [
              26.02372652249967,
              53.661050879932425
            ],
            [
              26.02320971467602,
              53.66084917454204
            ],
            [
              26.022907226413302,
              53.66070801048893
            ],
            [
              26.022649214175512,
              53.660538657449045
            ],
            [
              26.022443058544965,
              53.66034596023681
            ],
            [
              26.022333006473715,
              53.660220801400996
            ],
            [
              26.022177480492715,
              53.660185653135045
            ],
            [
              26.021806907927445,
              53.66004909607252
            ],
            [
              26.02148711808819,
              53.6598731468194
            ],
            [
              26.021229862059887,
              53.65966427124053
            ],
            [
              26.020750776534868,
              53.65918466342067
            ],
            [
              26.020568181691335,
              53.6589549500473
            ],
            [
              26.020461466318753,
              53.658709029060695
            ],
            [
              26.020442036661446,
              53.65852704558919
            ],
            [
              26.020232303924747,
              53.658338889082664
            ],
            [
              26.020075422825336,
              53.65812561404561
            ],
            [
              26.019982715855555,
              53.657899536581716
            ],
            [
              26.019925725141828,
              53.657679123766385
            ],
            [
              26.019886713851488,
              53.65766425610984
            ],
            [
              26.01953549369887,
              53.657453560221796
            ],
            [
              26.019270327217576,
              53.65720252189427
            ],
            [
              26.019257784234245,
              53.65718710636686
            ],
            [
              26.018912242578644,
              53.65721523320618
            ],
            [
              26.018456771678448,
              53.657225013179136
            ],
            [
              26.01800714342453,
              53.65718082318567
            ],
            [
              26.017581384568295,
              53.657084434920485
            ],
            [
              26.017196564615872,
              53.65693971282741
            ],
            [
              26.016868111325863,
              53.656752459123815
            ],
            [
              26.016609192110383,
              53.65653018112266
            ],
            [
              26.01643018615684,
              53.65628179019121
            ],
            [
              26.016181308056932,
              53.65581058568503
            ],
            [
              26.01608199304824,
              53.65549347633502
            ],
            [
              26.01611253105769,
              53.655171459205825
            ],
            [
              26.01624355353988,
              53.65473476165029
            ],
            [
              26.01631674658433,
              53.65457554124523
            ],
            [
              26.01608199849105,
              53.654400311373344
            ],
            [
              26.015842695412637,
              53.654181025597964
            ],
            [
              26.015750061522535,
              53.65404365021623
            ],
            [
              26.015716118520007,
              53.6540159951015
            ],
            [
              26.01487389461954,
              53.653861370521156
            ],
            [
              26.01454270424516,
              53.653783247107015
            ],
            [
              26.01423615690875,
              53.653675435805
            ],
            [
              26.01227812655917,
              53.65285749937602
            ],
            [
              26.011382862100334,
              53.65258820881867
            ],
            [
              26.0108735924464,
              53.6525894687666
            ],
            [
              26.010425931136332,
              53.6525642466915
            ],
            [
              26.009995374598617,
              53.65248735282099
            ],
            [
              26.00959873026091,
              53.65236178884849
            ],
            [
              26.00932035777902,
              53.652226043441104
            ],
            [
              26.00923764952281,
              53.65221745334021
            ],
            [
              26.00882313733505,
              53.65212243111302
            ],
            [
              26.008447686641276,
              53.65198147605837
            ],
            [
              26.008084283049545,
              53.65181347182006
            ],
            [
              26.00770254865164,
              53.651589306134554
            ],
            [
              26.006473862885937,
              53.650673287894556
            ],
            [
              26.0061526898229,
              53.65035000286578
            ],
            [
              26.005751724257063,
              53.649776177451
            ],
            [
              26.005356350302204,
              53.649642729306244
            ],
            [
              26.00499216214551,
              53.64944818870987
            ],
            [
              26.004706718159106,
              53.64921193155723
            ],
            [
              26.004234734056112,
              53.648715923760165
            ],
            [
              26.00404975370511,
              53.64846491886309
            ],
            [
              26.003954128110944,
              53.64819694006727
            ],
            [
              26.003850725049855,
              53.647624910758935
            ],
            [
              26.00312219643825,
              53.646955364186034
            ],
            [
              26.001462303839205,
              53.64650876244592
            ],
            [
              26.00108641288132,
              53.646380743039956
            ],
            [
              26.000758298786852,
              53.646212793205564
            ],
            [
              26.000489868497198,
              53.64601100800351
            ],
            [
              26.000290862563325,
              53.645782710317405
            ],
            [
              26.000168501726893,
              53.64553618505665
            ],
            [
              26.00012722501489,
              53.64528037845896
            ],
            [
              26.000127242866103,
              53.644949578458196
            ],
            [
              26.00021779830375,
              53.64458258188085
            ],
            [
              26.00002551451007,
              53.64449531581643
            ],
            [
              25.99975787020339,
              53.6443227320434
            ],
            [
              25.999544672652462,
              53.644125286054106
            ],
            [
              25.99949093703693,
              53.644064452271145
            ],
            [
              25.999181446446407,
              53.64396332204223
            ],
            [
              25.998842740851696,
              53.643794736948756
            ],
            [
              25.9985654439004,
              53.64359049698479
            ],
            [
              25.997930558662365,
              53.643016486915776
            ],
            [
              25.997732959425807,
              53.642795561579895
            ],
            [
              25.99760754111857,
              53.64255681108035
            ],
            [
              25.99755861220899,
              53.64230843953775
            ],
            [
              25.997587852648966,
              53.64205898153203
            ],
            [
              25.997671393196768,
              53.641869002138726
            ],
            [
              25.997359138659125,
              53.641659073445325
            ],
            [
              25.997020654100684,
              53.64166607182844
            ],
            [
              25.996570161126638,
              53.6416212646683
            ],
            [
              25.996143842821006,
              53.6415240172673
            ],
            [
              25.9957588803552,
              53.64137824887073
            ],
            [
              25.99543078777482,
              53.64118983415715
            ],
            [
              25.995324014870683,
              53.64109735312094
            ],
            [
              25.994962449504918,
              53.64104414116944
            ],
            [
              25.994556015506816,
              53.64093035598493
            ],
            [
              25.99419524070748,
              53.64077142656264
            ],
            [
              25.993894202644572,
              53.64057355463384
            ],
            [
              25.99309961533877,
              53.639934142502184
            ],
            [
              25.993022554609038,
              53.63986809977589
            ],
            [
              25.992422568984367,
              53.63931969022978
            ],
            [
              25.992304348045973,
              53.639198236321555
            ],
            [
              25.992100308515084,
              53.63896091581855
            ],
            [
              25.99189804776096,
              53.638823476528586
            ],
            [
              25.99161876103795,
              53.63858660401345
            ],
            [
              25.991430990634164,
              53.63831989675401
            ],
            [
              25.99134335368931,
              53.63803559699426
            ],
            [
              25.99135042899217,
              53.63791186786295
            ],
            [
              25.991336498873203,
              53.63789875720851
            ],
            [
              25.99118136177643,
              53.63766601921139
            ],
            [
              25.991101404661794,
              53.63742029623662
            ],
            [
              25.991067915433305,
              53.63721769560408
            ],
            [
              25.99106399036524,
              53.63698096592217
            ],
            [
              25.99112992635501,
              53.63674747490259
            ],
            [
              25.991263691542983,
              53.636524413713296
            ],
            [
              25.991444814529835,
              53.636289930187964
            ],
            [
              25.991472017038703,
              53.63621486404805
            ],
            [
              25.991391113305014,
              53.636088207900606
            ],
            [
              25.991317211332436,
              53.63585818104035
            ],
            [
              25.99112717017972,
              53.63474997745231
            ],
            [
              25.991124109476054,
              53.63449627879251
            ],
            [
              25.991127240858713,
              53.634486144292154
            ],
            [
              25.990927251636062,
              53.6344298420925
            ],
            [
              25.990581234349687,
              53.634279597780434
            ],
            [
              25.99028892159246,
              53.634093518567155
            ],
            [
              25.990085160678724,
              53.633901292644595
            ],
            [
              25.989786883385133,
              53.63393145357017
            ],
            [
              25.989309006090778,
              53.6339196257171
            ],
            [
              25.988432178963677,
              53.633842623282085
            ],
            [
              25.987989130241676,
              53.633776200601645
            ],
            [
              25.987577409970196,
              53.63365861407161
            ],
            [
              25.987213631690718,
              53.63349460858132
            ],
            [
              25.986912473920025,
              53.6332908020676
            ],
            [
              25.98668608781402,
              53.63305541840893
            ],
            [
              25.986543606918517,
              53.63279795551956
            ],
            [
              25.98649077878194,
              53.632528802048284
            ],
            [
              25.98649075442983,
              53.63252785567229
            ],
            [
              25.986236997398994,
              53.63236170055394
            ],
            [
              25.985701806681877,
              53.63192099231814
            ],
            [
              25.985449402743384,
              53.6316535752425
            ],
            [
              25.985305300823093,
              53.631359277722915
            ],
            [
              25.985275569605218,
              53.63125579487259
            ],
            [
              25.98496184358511,
              53.63121195474748
            ],
            [
              25.984605810397515,
              53.63112227499449
            ],
            [
              25.98323578252652,
              53.63069226284215
            ],
            [
              25.98288783387436,
              53.63055758811583
            ],
            [
              25.982587000427575,
              53.630387630267485
            ],
            [
              25.98234331844529,
              53.630188059700146
            ],
            [
              25.981809062387395,
              53.62965377984299
            ],
            [
              25.98100959840129,
              53.62902807432074
            ],
            [
              25.98076125228149,
              53.62878375031358
            ],
            [
              25.980605102583773,
              53.628513919346545
            ],
            [
              25.980465231284825,
              53.62815091517033
            ],
            [
              25.98034927008162,
              53.628144081275906
            ],
            [
              25.979942255380546,
              53.62807315108648
            ],
            [
              25.979564529321667,
              53.627958635490124
            ],
            [
              25.97865251464297,
              53.627615026216965
            ],
            [
              25.97828276085331,
              53.6274413558165
            ],
            [
              25.977981356744767,
              53.62722619493082
            ],
            [
              25.97776126137278,
              53.626978795340364
            ],
            [
              25.97767853757923,
              53.626806726514616
            ],
            [
              25.976927560645084,
              53.62655995174534
            ],
            [
              25.976585011431432,
              53.626421811909445
            ],
            [
              25.976290388485967,
              53.62624912002696
            ],
            [
              25.97605346293513,
              53.62604760377464
            ],
            [
              25.975882091918926,
              53.62582394675985
            ],
            [
              25.97568000729763,
              53.62548004314102
            ],
            [
              25.975565278897662,
              53.62517428715896
            ],
            [
              25.97557254658876,
              53.62486108156372
            ],
            [
              25.975599753065993,
              53.624737782075094
            ],
            [
              25.97564088449164,
              53.624631186166845
            ],
            [
              25.975629154676877,
              53.62462535791372
            ],
            [
              25.975599773254732,
              53.62462037935694
            ],
            [
              25.97522291932046,
              53.624508580982976
            ],
            [
              25.97488730585613,
              53.624357473325794
            ],
            [
              25.974726405252344,
              53.62426997126385
            ],
            [
              25.97444839868204,
              53.62408856149476
            ],
            [
              25.97423034026347,
              53.62388030793693
            ],
            [
              25.974079430528253,
              53.623652088243254
            ],
            [
              25.974053937412513,
              53.623574213259
            ],
            [
              25.97303620010582,
              53.623345696059644
            ],
            [
              25.97255798332376,
              53.62319776048734
            ],
            [
              25.97215194745201,
              53.62298719978917
            ],
            [
              25.972027694720655,
              53.62290542714842
            ],
            [
              25.97157325147646,
              53.622825134412714
            ],
            [
              25.971084350127125,
              53.62270019611352
            ],
            [
              25.970657810059155,
              53.62251127606079
            ],
            [
              25.970152626163195,
              53.62222721458775
            ],
            [
              25.97010449327764,
              53.622268480262036
            ],
            [
              25.96980854313677,
              53.62244280127376
            ],
            [
              25.969463894898645,
              53.62258213623732
            ],
            [
              25.969082139617328,
              53.622681798932135
            ],
            [
              25.967373353026353,
              53.623020820244655
            ],
            [
              25.966777257386806,
              53.623267950102495
            ],
            [
              25.9664535988974,
              53.62337980826128
            ],
            [
              25.96610337202582,
              53.62345864078279
            ],
            [
              25.96573607736327,
              53.62350230915287
            ],
            [
              25.964108581356935,
              53.62361418061241
            ],
            [
              25.963652934496334,
              53.62373935311155
            ],
            [
              25.963190299739825,
              53.62383217117193
            ],
            [
              25.9627049190436,
              53.623864272368934
            ],
            [
              25.96221917320127,
              53.62383417652192
            ],
            [
              25.961755459847986,
              53.623743271345305
            ],
            [
              25.961565189583556,
              53.62367648778615
            ],
            [
              25.96126218354696,
              53.6236543234605
            ],
            [
              25.96085281561027,
              53.6235759825987
            ],
            [
              25.960475639100274,
              53.62345333098874
            ],
            [
              25.960333176210543,
              53.623383462956696
            ],
            [
              25.96002420511753,
              53.62334350735346
            ],
            [
              25.959173982378477,
              53.6231717021541
            ],
            [
              25.95885738568431,
              53.6230861319611
            ],
            [
              25.958514480317294,
              53.62321819336714
            ],
            [
              25.958091938426794,
              53.62331708832864
            ],
            [
              25.95764468695658,
              53.62336420935617
            ],
            [
              25.957190566875738,
              53.623357676775065
            ],
            [
              25.95674769322165,
              53.62329775117269
            ],
            [
              25.956076675189134,
              53.62316394711773
            ],
            [
              25.955583440363327,
              53.62302452589379
            ],
            [
              25.954745126834798,
              53.62270921738066
            ],
            [
              25.954553969974725,
              53.6226288404139
            ],
            [
              25.953657961503673,
              53.622209329886836
            ],
            [
              25.95337620019267,
              53.62205262170724
            ],
            [
              25.953096101606477,
              53.62186791775847
            ],
            [
              25.952838081939802,
              53.62166107775681
            ],
            [
              25.952650971012062,
              53.62142894370304
            ],
            [
              25.952616031563064,
              53.62134942268842
            ],
            [
              25.952585016832895,
              53.621343666485366
            ],
            [
              25.952205376615897,
              53.621222681922085
            ],
            [
              25.951955106051507,
              53.621123736929746
            ],
            [
              25.949554581996427,
              53.62116082374782
            ],
            [
              25.94908994306274,
              53.62113967086906
            ],
            [
              25.948642327430562,
              53.62106279117444
            ],
            [
              25.94823052826098,
              53.620933412485684
            ],
            [
              25.948076892764327,
              53.62087243120871
            ],
            [
              25.948048269029265,
              53.62088531388053
            ],
            [
              25.947661593750887,
              53.620998705806734
            ],
            [
              25.94724577625715,
              53.62106675521656
            ],
            [
              25.94681577504896,
              53.62108701410289
            ],
            [
              25.94527348022981,
              53.62107263304641
            ],
            [
              25.94471670691657,
              53.62158925767981
            ],
            [
              25.944435919111182,
              53.62180010941592
            ],
            [
              25.94409024209177,
              53.62197377149828
            ],
            [
              25.94369338996934,
              53.62210335384245
            ],
            [
              25.94326110772002,
              53.62218371518338
            ],
            [
              25.942810546402114,
              53.62221166710843
            ],
            [
              25.942359582514293,
              53.62218610059423
            ],
            [
              25.941926108532098,
              53.62210803002052
            ],
            [
              25.941126066570664,
              53.621910435715975
            ],
            [
              25.940985491471256,
              53.62205814250854
            ],
            [
              25.94069752981671,
              53.62225736166496
            ],
            [
              25.940349984760907,
              53.62241974511655
            ],
            [
              25.940229914618953,
              53.62245613502273
            ],
            [
              25.94000254007954,
              53.62263665359313
            ],
            [
              25.93969257704616,
              53.62280577990027
            ],
            [
              25.939335348339913,
              53.62293810886676
            ],
            [
              25.938943104187647,
              53.6230291024741
            ],
            [
              25.938529295924326,
              53.62307564021191
            ],
            [
              25.937891775819846,
              53.62311154135365
            ],
            [
              25.93742691183485,
              53.623109414063315
            ],
            [
              25.93697248784211,
              53.62305127287566
            ],
            [
              25.93692746262787,
              53.62303943650096
            ],
            [
              25.93682835548596,
              53.62309617855855
            ],
            [
              25.93646727102757,
              53.62323585602302
            ],
            [
              25.936068234139412,
              53.62333261542906
            ],
            [
              25.935645580930327,
              53.62338298047241
            ],
            [
              25.935214496210776,
              53.62338514166374
            ],
            [
              25.934790467799285,
              53.62333902135683
            ],
            [
              25.93438872992754,
              53.62324627653891
            ],
            [
              25.9340237157688,
              53.623110239282944
            ],
            [
              25.933954055822852,
              53.623078442303914
            ],
            [
              25.933591146418877,
              53.62300135575484
            ],
            [
              25.933219313779112,
              53.62287091239248
            ],
            [
              25.933048585608006,
              53.62278131604725
            ],
            [
              25.93298207386877,
              53.62278094204933
            ],
            [
              25.93253895320941,
              53.622725207517654
            ],
            [
              25.932123244437857,
              53.62261849554514
            ],
            [
              25.931995209814524,
              53.6225656519079
            ],
            [
              25.931849068777648,
              53.62256688381333
            ],
            [
              25.93140889052724,
              53.6225185870049
            ],
            [
              25.93099318851913,
              53.62242009075184
            ],
            [
              25.929889365636072,
              53.622080381110806
            ],
            [
              25.92949645010919,
              53.62192694558733
            ],
            [
              25.929165163282626,
              53.62172884807545
            ],
            [
              25.928909677992742,
              53.62149456398812
            ],
            [
              25.928740923433732,
              53.62123411679436
            ],
            [
              25.92866611772484,
              53.620958649116616
            ],
            [
              25.928688459348457,
              53.62067994597218
            ],
            [
              25.928709531352744,
              53.620631943999385
            ],
            [
              25.928658547368556,
              53.62061415684962
            ],
            [
              25.928339510730698,
              53.6204796765543
            ],
            [
              25.928280081143846,
              53.62044408975814
            ],
            [
              25.928131303822326,
              53.62045628362764
            ],
            [
              25.927690540942805,
              53.62046679325902
            ],
            [
              25.92725464858359,
              53.62042663690631
            ],
            [
              25.92684002586538,
              53.62033732533328
            ],
            [
              25.92646227148537,
              53.62020221860795
            ],
            [
              25.926135596738373,
              53.620026399657235
            ],
            [
              25.92562259910961,
              53.61969099245311
            ],
            [
              25.92538268775211,
              53.61950358628546
            ],
            [
              25.925201331893067,
              53.619294303059014
            ],
            [
              25.92508404912299,
              53.619069511071594
            ],
            [
              25.92503440715348,
              53.61883605043396
            ],
            [
              25.925016313603287,
              53.61855474650642
            ],
            [
              25.92496715436833,
              53.6184899107137
            ],
            [
              25.924941505986197,
              53.618473626391356
            ],
            [
              25.924812287905436,
              53.61839155346489
            ],
            [
              25.92351741022673,
              53.61760857931414
            ],
            [
              25.922381184609662,
              53.616964375173275
            ],
            [
              25.922366657198637,
              53.616954397292375
            ],
            [
              25.921980038381292,
              53.61690941297704
            ],
            [
              25.921542252031216,
              53.61679858062997
            ],
            [
              25.92140830912164,
              53.6167426844592
            ],
            [
              25.921084811582798,
              53.616683210719714
            ],
            [
              25.921034456379296,
              53.616667211171084
            ],
            [
              25.920890732898513,
              53.61667232228663
            ],
            [
              25.92050276529184,
              53.61664643590816
            ],
            [
              25.92043167823333,
              53.61663797764079
            ],
            [
              25.919888077349135,
              53.61668746849506
            ],
            [
              25.919465390948712,
              53.61670229266553
            ],
            [
              25.91904539876713,
              53.61667037715039
            ],
            [
              25.91864266214179,
              53.6165928284782
            ],
            [
              25.91827114398704,
              53.616472335293835
            ],
            [
              25.917943724583484,
              53.61631307511726
            ],
            [
              25.917671754950575,
              53.6161205694725
            ],
            [
              25.91746466330013,
              53.61590149241602
            ],
            [
              25.917329628218983,
              53.61566343910943
            ],
            [
              25.917319467769055,
              53.61562008159056
            ],
            [
              25.91660575464691,
              53.61489365732816
            ],
            [
              25.916311914242502,
              53.6149066951476
            ],
            [
              25.91603206970066,
              53.61498513327439
            ],
            [
              25.91554967310741,
              53.61505015645103
            ],
            [
              25.915054986786306,
              53.6150517570871
            ],
            [
              25.913594940880415,
              53.614961754222165
            ],
            [
              25.913251102449287,
              53.6149245366754
            ],
            [
              25.912920940633825,
              53.61485650100773
            ],
            [
              25.91232214040077,
              53.61470157769923
            ],
            [
              25.911438933453457,
              53.614473252182734
            ],
            [
              25.910601127977127,
              53.61425654611973
            ],
            [
              25.91051090117688,
              53.61422708830756
            ],
            [
              25.91053082311544,
              53.61428488713011
            ],
            [
              25.910576392881282,
              53.614526123686474
            ],
            [
              25.91054834410739,
              53.614768299219826
            ],
            [
              25.910447583810168,
              53.61500357171706
            ],
            [
              25.910277373640792,
              53.61522432256802
            ],
            [
              25.910170077149683,
              53.61533572433481
            ],
            [
              25.909890279082028,
              53.61556601716501
            ],
            [
              25.909535431597558,
              53.615756476771274
            ],
            [
              25.909121248441938,
              53.61589866853142
            ],
            [
              25.908666071688174,
              53.61598629532159
            ],
            [
              25.90823087860356,
              53.61601297417722
            ],
            [
              25.908219744308997,
              53.61601662010829
            ],
            [
              25.907771432333963,
              53.61609824353449
            ],
            [
              25.90730442766564,
              53.61612358201704
            ],
            [
              25.907053408144943,
              53.6161063258273
            ],
            [
              25.90644255025242,
              53.61631483926759
            ],
            [
              25.90592756053104,
              53.61668569636105
            ],
            [
              25.905584936722622,
              53.61688515202429
            ],
            [
              25.905179360745766,
              53.617037499876766
            ],
            [
              25.904728906044898,
              53.61713595071455
            ],
            [
              25.904253646543445,
              53.6171761171527
            ],
            [
              25.90377476187436,
              53.617156209196565
            ],
            [
              25.903313593269317,
              53.617077114033876
            ],
            [
              25.903104333038243,
              53.61702649461939
            ],
            [
              25.90197269716872,
              53.61734550128526
            ],
            [
              25.90158000458519,
              53.6174309354424
            ],
            [
              25.901167574977343,
              53.61747226258357
            ],
            [
              25.900749361138452,
              53.61746808457793
            ],
            [
              25.89953989059,
              53.61738961509872
            ],
            [
              25.89851254006588,
              53.61747782371716
            ],
            [
              25.89841684694021,
              53.61752758691347
            ],
            [
              25.898400642143738,
              53.61766327454889
            ],
            [
              25.898277209658552,
              53.61792514055234
            ],
            [
              25.898115898934048,
              53.61816923338825
            ],
            [
              25.89811114468922,
              53.61836513517604
            ],
            [
              25.897991613460587,
              53.61865752895205
            ],
            [
              25.89776579565654,
              53.61892693538051
            ],
            [
              25.897470802814304,
              53.61919804008092
            ],
            [
              25.897224020814004,
              53.61938603368826
            ],
            [
              25.896925325284137,
              53.619545341600116
            ],
            [
              25.896584034344453,
              53.61967099375706
            ],
            [
              25.896575710205173,
              53.61967295808943
            ],
            [
              25.896332204752937,
              53.61981013976508
            ],
            [
              25.89594654249551,
              53.61995332044763
            ],
            [
              25.895520546043446,
              53.62004810181504
            ],
            [
              25.89523200487996,
              53.62007545358922
            ],
            [
              25.895033819512065,
              53.62021537151751
            ],
            [
              25.89468870420236,
              53.62037990884856
            ],
            [
              25.894296376449827,
              53.62050166351096
            ],
            [
              25.893598959167427,
              53.62066906846978
            ],
            [
              25.893165957747197,
              53.620744360970285
            ],
            [
              25.892716416714492,
              53.62076746782268
            ],
            [
              25.892511554655528,
              53.62075376665226
            ],
            [
              25.892378391045476,
              53.620783306505594
            ],
            [
              25.891922995375012,
              53.62085350483444
            ],
            [
              25.891452990807814,
              53.620866618479674
            ],
            [
              25.890988495548473,
              53.62082208612128
            ],
            [
              25.890415289633413,
              53.62073022650822
            ],
            [
              25.890217197788196,
              53.620746982958345
            ],
            [
              25.890060804787446,
              53.620816939382976
            ],
            [
              25.889669232494942,
              53.62095783519108
            ],
            [
              25.889238004848995,
              53.6210493414036
            ],
            [
              25.88915197530671,
              53.6210619752949
            ],
            [
              25.88899639946787,
              53.62116223472162
            ],
            [
              25.888648074585692,
              53.62131372910512
            ],
            [
              25.88858012415412,
              53.62138477997377
            ],
            [
              25.888288413694386,
              53.62158506104201
            ],
            [
              25.887936383601406,
              53.621747704498354
            ],
            [
              25.887723980151872,
              53.62182730664927
            ],
            [
              25.887310877314626,
              53.621949279045865
            ],
            [
              25.886864766317736,
              53.62201928405899
            ],
            [
              25.886404012916167,
              53.62203443966373
            ],
            [
              25.88594758584362,
              53.621994121919755
            ],
            [
              25.884970157536856,
              53.62184641734055
            ],
            [
              25.884615894634,
              53.62177398704057
            ],
            [
              25.884286492696056,
              53.62166803855614
            ],
            [
              25.88371649465466,
              53.62144684154181
            ],
            [
              25.88366041918111,
              53.62151216170721
            ],
            [
              25.88336112042051,
              53.621731459821895
            ],
            [
              25.88331072042056,
              53.621761360497736
            ],
            [
              25.8829071672616,
              53.621951738850896
            ],
            [
              25.88244168008444,
              53.62208330824913
            ],
            [
              25.88193818606498,
              53.62214930557496
            ],
            [
              25.881813682149648,
              53.6221570058193
            ],
            [
              25.88134607092359,
              53.62215726033679
            ],
            [
              25.880996392640625,
              53.62211412801743
            ],
            [
              25.880685242794588,
              53.62217731948863
            ],
            [
              25.880226952709844,
              53.62221186917295
            ],
            [
              25.87976634572152,
              53.62219077935173
            ],
            [
              25.87952984787442,
              53.62215036562313
            ],
            [
              25.879388009643666,
              53.62218316852091
            ],
            [
              25.878715890410916,
              53.6222907718395
            ],
            [
              25.878556881935534,
              53.62231262974082
            ],
            [
              25.878082067597713,
              53.622367331455585
            ],
            [
              25.87779872910658,
              53.62238913051074
            ],
            [
              25.877579822155106,
              53.62239773078414
            ],
            [
              25.87713109434542,
              53.622389019326775
            ],
            [
              25.876693995194,
              53.62232819674801
            ],
            [
              25.876606340317807,
              53.62230446883558
            ],
            [
              25.87636495311493,
              53.622350966833324
            ],
            [
              25.87596594663104,
              53.62238352329277
            ],
            [
              25.87556351402457,
              53.62237382539085
            ],
            [
              25.875476611316678,
              53.62236712517808
            ],
            [
              25.8750686196024,
              53.62231267372412
            ],
            [
              25.87468433482477,
              53.6222148374094
            ],
            [
              25.874462349400567,
              53.622126759276135
            ],
            [
              25.874424687923298,
              53.622140008103294
            ],
            [
              25.87426719229988,
              53.62218469448943
            ],
            [
              25.874241200305715,
              53.62220010190027
            ],
            [
              25.87382249394867,
              53.622356883057876
            ],
            [
              25.87366602562933,
              53.62242853061004
            ],
            [
              25.873318157696655,
              53.62253710367239
            ],
            [
              25.872943963901978,
              53.62260852874976
            ],
            [
              25.87255462248223,
              53.622640672151384
            ],
            [
              25.87249963941987,
              53.622642362323994
            ],
            [
              25.87244120200557,
              53.62265460412337
            ],
            [
              25.872269570959375,
              53.62282298132482
            ],
            [
              25.8720182044515,
              53.62298709189067
            ],
            [
              25.871861276377096,
              53.62318224049656
            ],
            [
              25.871828477298685,
              53.62321414102769
            ],
            [
              25.87155172061071,
              53.623430734672915
            ],
            [
              25.871207379798008,
              53.6236100325407
            ],
            [
              25.870809430335036,
              53.6237447572209
            ],
            [
              25.8703740240941,
              53.62382944039674
            ],
            [
              25.870276421192994,
              53.623842140792924
            ],
            [
              25.869768440978586,
              53.623873130117715
            ],
            [
              25.869723114796276,
              53.62389152324762
            ],
            [
              25.869626013013608,
              53.6239249241711
            ],
            [
              25.86921207327168,
              53.62403618086071
            ],
            [
              25.868769100549528,
              53.624096408276834
            ],
            [
              25.868314780843424,
              53.62410320178628
            ],
            [
              25.868150675641957,
              53.62409590155277
            ],
            [
              25.867688857025634,
              53.62404656778543
            ],
            [
              25.8674095379537,
              53.62397946088675
            ],
            [
              25.867320649580684,
              53.62399730648702
            ],
            [
              25.86689194166746,
              53.62403206812147
            ],
            [
              25.86645989163512,
              53.624018049471985
            ],
            [
              25.866040136648042,
              53.62395575791514
            ],
            [
              25.86564786875308,
              53.623847447960905
            ],
            [
              25.865297284899338,
              53.623697039633136
            ],
            [
              25.86390511613789,
              53.62297064242873
            ],
            [
              25.861297190123075,
              53.62160990878996
            ],
            [
              25.86069028523068,
              53.621306838892785
            ],
            [
              25.860652077022632,
              53.621287325286225
            ],
            [
              25.858199224737692,
              53.62000619019269
            ],
            [
              25.855397696632302,
              53.61856053240861
            ],
            [
              25.85538040568285,
              53.61855151773643
            ],
            [
              25.85379158708253,
              53.617714664002534
            ],
            [
              25.85373194702003,
              53.61768480684916
            ],
            [
              25.852503127103194,
              53.61706953609545
            ],
            [
              25.85243280902438,
              53.61703282943315
            ],
            [
              25.849998195479156,
              53.615708111338684
            ],
            [
              25.849740311615143,
              53.61562246531783
            ],
            [
              25.84938251435429,
              53.6154752996188
            ],
            [
              25.849078558087115,
              53.61529038065742
            ],
            [
              25.848913250237686,
              53.615168343282
            ],
            [
              25.848813067434374,
              53.61513076424726
            ],
            [
              25.848479674710546,
              53.61497836858562
            ],
            [
              25.848199339236817,
              53.614792135198066
            ],
            [
              25.847981664110065,
              53.61457844414895
            ],
            [
              25.84794073656238,
              53.61451358879824
            ]
          ]
        ]
      },
      "properties": {
        "id": 1,
        "name": "Река Неман (Новогрудский район)",
        "type": "river",
        "type_ru": "Река",
        "district": "Новогрудский",
        "region": "Гродненская область",
        "location_description": "от дер. Понемунь до дер. Куписка",
        "activities": "подводная охота, лов рыбы на дорожку с судов с двигателями",
        "coordinate_source": "osm_geometry"
      }
    },
    {
      "type": "Feature",
      "geometry": {
        "type": "Polygon",
        "coordinates": [
          [
            [
              25.859701693551916,
              53.801889311800956
            ],
            [
              25.859747479177678,
              53.802133078301594
            ],
            [
              25.859747483835367,
              53.80221857830157
            ],
            [
              25.85968991860322,
              53.80251956183628
            ],
            [
              25.859540146995727,
              53.802771619412596
            ],
            [
              25.859551634700164,
              53.80279246553587
            ],
            [
              25.859645045954522,
              53.80301856381177
            ],
            [
              25.859707019209207,
              53.80326777615269
            ],
            [
              25.859695711602,
              53.803429852205426
            ],
            [
              25.85981400278682,
              53.80355077759282
            ],
            [
              25.8599617109597,
              53.80381909023085
            ],
            [
              25.86001168631563,
              53.804099678299444
            ],
            [
              25.86001169528882,
              53.80426437829942
            ],
            [
              25.860002323394284,
              53.80438649248907
            ],
            [
              25.859986229022894,
              53.80449109279371
            ],
            [
              25.85994415437956,
              53.80460665629443
            ],
            [
              25.860157695629333,
              53.80472400735557
            ],
            [
              25.86042498448004,
              53.80494535532393
            ],
            [
              25.86046788589712,
              53.804989754615946
            ],
            [
              25.860586591206975,
              53.80515346611375
            ],
            [
              25.860856790673164,
              53.805256776033275
            ],
            [
              25.861024121259373,
              53.805346119130405
            ],
            [
              25.86138891665353,
              53.80547489580092
            ],
            [
              25.8617470086264,
              53.80567360271218
            ],
            [
              25.86180734775457,
              53.80572557757096
            ],
            [
              25.86189341786401,
              53.805754313827485
            ],
            [
              25.862246996394838,
              53.80590656210025
            ],
            [
              25.86227349377039,
              53.80591610103781
            ],
            [
              25.862335505602395,
              53.80593621279351
            ],
            [
              25.86271329221622,
              53.806089750679156
            ],
            [
              25.86291479350992,
              53.80621322182547
            ],
            [
              25.863081711646196,
              53.8062686613791
            ],
            [
              25.863404855902008,
              53.806428448113
            ],
            [
              25.863548278745952,
              53.80653128947251
            ],
            [
              25.8638740067521,
              53.80663887978538
            ],
            [
              25.864226749910653,
              53.806819668480905
            ],
            [
              25.86430715015119,
              53.806870267366854
            ],
            [
              25.86454474984518,
              53.80704746908432
            ],
            [
              25.86464607179934,
              53.80715648011567
            ],
            [
              25.864906845340617,
              53.807283687837646
            ],
            [
              25.86519872197164,
              53.80749869786862
            ],
            [
              25.865205022418024,
              53.80750600227398
            ],
            [
              25.865563811770205,
              53.807606014752466
            ],
            [
              25.865941809753682,
              53.80777538902844
            ],
            [
              25.866027609509914,
              53.80782288791342
            ],
            [
              25.866320066891117,
              53.80801960453275
            ],
            [
              25.866542681277107,
              53.80824596970026
            ],
            [
              25.86655232610389,
              53.80826250163409
            ],
            [
              25.866619444442694,
              53.80825966400919
            ],
            [
              25.86712569338603,
              53.808271518657754
            ],
            [
              25.86761506922874,
              53.80834896697243
            ],
            [
              25.86786176296785,
              53.80840596526439
            ],
            [
              25.86826438229892,
              53.80852734893046
            ],
            [
              25.86861864406614,
              53.808693168389695
            ],
            [
              25.868784943827375,
              53.80878826619142
            ],
            [
              25.868935667539173,
              53.80888319273022
            ],
            [
              25.869026868264925,
              53.80894649141034
            ],
            [
              25.86928719929171,
              53.80916901487714
            ],
            [
              25.869415028913366,
              53.80934571544916
            ],
            [
              25.869493076284492,
              53.80936582060046
            ],
            [
              25.869848023225124,
              53.809509169067645
            ],
            [
              25.86997602026036,
              53.80957207336612
            ],
            [
              25.869984388448636,
              53.809573110108055
            ],
            [
              25.870043386901884,
              53.80958580972409
            ],
            [
              25.87047384960244,
              53.80971004334622
            ],
            [
              25.870850966752045,
              53.80988455598394
            ],
            [
              25.87115815186941,
              53.8101016725203
            ],
            [
              25.871237736704803,
              53.810190658825476
            ],
            [
              25.87150029130409,
              53.810191625686606
            ],
            [
              25.871773882625067,
              53.810207425180685
            ],
            [
              25.872179998853696,
              53.810253067301964
            ],
            [
              25.872565537580194,
              53.81034117457589
            ],
            [
              25.872649370476378,
              53.81037155586662
            ],
            [
              25.87272678774141,
              53.8103783917081
            ],
            [
              25.87279289523211,
              53.810387429988744
            ],
            [
              25.872938149547053,
              53.81036680846844
            ],
            [
              25.87336368697833,
              53.8103544353277
            ],
            [
              25.873605079232604,
              53.81036073512529
            ],
            [
              25.873958052977887,
              53.81038630448475
            ],
            [
              25.87435494097398,
              53.81043380298685
            ],
            [
              25.874737032078375,
              53.810500459031914
            ],
            [
              25.875093702992192,
              53.81060529462777
            ],
            [
              25.87535659847843,
              53.810700292020265
            ],
            [
              25.875520875820932,
              53.810765594854
            ],
            [
              25.875605339489123,
              53.81080240905065
            ],
            [
              25.875890203383054,
              53.81089060644366
            ],
            [
              25.8761531767989,
              53.81098591749705
            ],
            [
              25.876635970538047,
              53.81118861218107
            ],
            [
              25.877016850198174,
              53.811389954896626
            ],
            [
              25.877505052878956,
              53.811713047974564
            ],
            [
              25.877530434894986,
              53.81173013319466
            ],
            [
              25.87827064025624,
              53.812236922543306
            ],
            [
              25.87833549711477,
              53.812283384053856
            ],
            [
              25.878732501959227,
              53.81258107812693
            ],
            [
              25.87887453833322,
              53.81270031446006
            ],
            [
              25.87906234332193,
              53.81287761143444
            ],
            [
              25.879221483832733,
              53.81305634841419
            ],
            [
              25.879333654326206,
              53.813247108253336
            ],
            [
              25.87937295861216,
              53.8133346075314
            ],
            [
              25.879433033419673,
              53.81351969706188
            ],
            [
              25.879461040770355,
              53.81365749653339
            ],
            [
              25.87947190001953,
              53.81376470803859
            ],
            [
              25.879504482284997,
              53.813824316507684
            ],
            [
              25.879559850688086,
              53.81403615100556
            ],
            [
              25.879579766522205,
              53.81419566363012
            ],
            [
              25.87965372550849,
              53.81457308521039
            ],
            [
              25.879668699849628,
              53.814711876093426
            ],
            [
              25.87967315160106,
              53.81493010469126
            ],
            [
              25.87968224820869,
              53.815156534840334
            ],
            [
              25.879648926645643,
              53.81542024850658
            ],
            [
              25.87952910181773,
              53.815675056953026
            ],
            [
              25.879327377126643,
              53.8159111677855
            ],
            [
              25.87905150376849,
              53.816119507009546
            ],
            [
              25.878712083007503,
              53.816292067797804
            ],
            [
              25.878322158835406,
              53.816422218259326
            ],
            [
              25.877896716661283,
              53.81650495637178
            ],
            [
              25.877452107302553,
              53.81653710226941
            ],
            [
              25.877005418432272,
              53.81651742048702
            ],
            [
              25.87657381766815,
              53.81644666745599
            ],
            [
              25.876173892584752,
              53.81632756242415
            ],
            [
              25.87582101304926,
              53.81616468291872
            ],
            [
              25.875528740418343,
              53.81596428877552
            ],
            [
              25.87530830632285,
              53.81573408150579
            ],
            [
              25.875168181079474,
              53.81548290825876
            ],
            [
              25.875113748309445,
              53.815220421767975
            ],
            [
              25.875104361071664,
              53.814986121589286
            ],
            [
              25.87510388606088,
              53.81497038058484
            ],
            [
              25.87510071107542,
              53.81481390415608
            ],
            [
              25.875034879359333,
              53.8144777704486
            ],
            [
              25.875025928395583,
              53.81442190625777
            ],
            [
              25.8750250497369,
              53.81441486268556
            ],
            [
              25.874951332258725,
              53.81427096947821
            ],
            [
              25.874920163339894,
              53.814083570960875
            ],
            [
              25.874776780859275,
              53.81397604822552
            ],
            [
              25.874082461330588,
              53.81350064800125
            ],
            [
              25.873778319794507,
              53.813299356661894
            ],
            [
              25.873631181399936,
              53.813237580775954
            ],
            [
              25.87332822704767,
              53.81314378031287
            ],
            [
              25.873260071273755,
              53.813118582173985
            ],
            [
              25.87309801099806,
              53.81313571169519
            ],
            [
              25.87292040532263,
              53.81314291192644
            ],
            [
              25.872515407918165,
              53.81313807821371
            ],
            [
              25.87211822224525,
              53.813091091457274
            ],
            [
              25.87194941425303,
              53.813051827543866
            ],
            [
              25.87169736739326,
              53.81305147050186
            ],
            [
              25.87128810933445,
              53.81300627924684
            ],
            [
              25.871232308436753,
              53.81299360012686
            ],
            [
              25.87108106538208,
              53.81300347584204
            ],
            [
              25.870637014660293,
              53.81298107639957
            ],
            [
              25.870208777850106,
              53.81290820486685
            ],
            [
              25.87007665545686,
              53.81286799055819
            ],
            [
              25.87006058682721,
              53.81286677491685
            ],
            [
              25.86961990403444,
              53.812777128531664
            ],
            [
              25.869440715175863,
              53.81272809568009
            ],
            [
              25.869327281089554,
              53.81271487680634
            ],
            [
              25.868945725760167,
              53.81262631654436
            ],
            [
              25.868597121767912,
              53.81249891942836
            ],
            [
              25.868382619360183,
              53.812403816981046
            ],
            [
              25.86818566090681,
              53.81229376025337
            ],
            [
              25.867968603353848,
              53.81221155076707
            ],
            [
              25.86786839019092,
              53.81215594819375
            ],
            [
              25.867822132986426,
              53.81214635157865
            ],
            [
              25.86769333000646,
              53.81211155056031
            ],
            [
              25.867682605514567,
              53.8121078195404
            ],
            [
              25.867621792245366,
              53.812116949205674
            ],
            [
              25.867179492989017,
              53.812131274027294
            ],
            [
              25.866927384897632,
              53.81212497382479
            ],
            [
              25.866464344595716,
              53.81208508158967
            ],
            [
              25.86602478336465,
              53.81199032357762
            ],
            [
              25.8658262789786,
              53.81193332192803
            ],
            [
              25.86538388657561,
              53.811766724050955
            ],
            [
              25.865017538138357,
              53.81154492600514
            ],
            [
              25.86492633935025,
              53.81147522463383
            ],
            [
              25.864689090367577,
              53.81125171390322
            ],
            [
              25.864533780366994,
              53.81101100373256
            ],
            [
              25.864238597698577,
              53.81098684776071
            ],
            [
              25.863779991279113,
              53.81088739664634
            ],
            [
              25.86336768508121,
              53.810732644413264
            ],
            [
              25.86302053428509,
              53.81052966826598
            ],
            [
              25.862902535506198,
              53.810444066527076
            ],
            [
              25.862572890580807,
              53.81012029247299
            ],
            [
              25.86228694999976,
              53.81004177373604
            ],
            [
              25.86191300243785,
              53.80987748528285
            ],
            [
              25.861719901704863,
              53.80977298280378
            ],
            [
              25.861514891358702,
              53.809646641102766
            ],
            [
              25.861316393062733,
              53.80950723821593
            ],
            [
              25.861043968594068,
              53.80926806590233
            ],
            [
              25.86104017377545,
              53.80926242302094
            ],
            [
              25.86064875765642,
              53.809239015156265
            ],
            [
              25.86026810024943,
              53.809175779461
            ],
            [
              25.860026694017144,
              53.80912197784128
            ],
            [
              25.859618685155013,
              53.80900238310118
            ],
            [
              25.859258972095734,
              53.808837367095464
            ],
            [
              25.858961855928158,
              53.80863349065122
            ],
            [
              25.858811658812968,
              53.80850678831323
            ],
            [
              25.858567789999714,
              53.80824252300688
            ],
            [
              25.858429213230526,
              53.80795290825476
            ],
            [
              25.85842022944382,
              53.8078505927623
            ],
            [
              25.85839103149551,
              53.80783694062817
            ],
            [
              25.85811992427421,
              53.807654801229255
            ],
            [
              25.857962075479048,
              53.80749967223572
            ],
            [
              25.85790807687515,
              53.80749134524817
            ],
            [
              25.85753452800498,
              53.80738855135603
            ],
            [
              25.857198335712827,
              53.807247798444514
            ],
            [
              25.856910441580585,
              53.80707366758108
            ],
            [
              25.856778718700507,
              53.80695818543031
            ],
            [
              25.85662644342122,
              53.80694100634825
            ],
            [
              25.856195180290964,
              53.806835268376744
            ],
            [
              25.855809339925376,
              53.806679954990535
            ],
            [
              25.855485044573914,
              53.80648155615913
            ],
            [
              25.85542604530532,
              53.80643715527721
            ],
            [
              25.85518561299843,
              53.80621428522727
            ],
            [
              25.855023372341627,
              53.80596801237752
            ],
            [
              25.854945547791694,
              53.80570778727559
            ],
            [
              25.854955124178414,
              53.805443595698286
            ],
            [
              25.85497122840115,
              53.8053643960021
            ],
            [
              25.855029139961136,
              53.805210549912196
            ],
            [
              25.85496896514661,
              53.805031414873696
            ],
            [
              25.854974197646154,
              53.80488611463797
            ],
            [
              25.854950472747,
              53.804872082525016
            ],
            [
              25.854697918386332,
              53.80464625027577
            ],
            [
              25.854651808002505,
              53.80459434983225
            ],
            [
              25.854516897807216,
              53.80447298049887
            ],
            [
              25.85429719919291,
              53.804221114013025
            ],
            [
              25.854171427918704,
              53.803947704001814
            ],
            [
              25.85414513006734,
              53.80366481096298
            ],
            [
              25.854149833057786,
              53.80360971105223
            ],
            [
              25.85421006777212,
              53.803362666148985
            ],
            [
              25.854257272150743,
              53.80328082442368
            ],
            [
              25.854249734006096,
              53.80323608311541
            ],
            [
              25.85425605678775,
              53.80319131663493
            ],
            [
              25.85419939143141,
              53.80306451644322
            ],
            [
              25.854165682661307,
              53.80283357829776
            ],
            [
              25.85416568581557,
              53.80277567829782
            ],
            [
              25.854212857632138,
              53.80250298652142
            ],
            [
              25.85427976925985,
              53.80237762397016
            ],
            [
              25.85419093032178,
              53.80232118449088
            ],
            [
              25.854125531371263,
              53.802268783490625
            ],
            [
              25.85392387021415,
              53.80207484298273
            ],
            [
              25.853780286904556,
              53.801863641096716
            ],
            [
              25.853698867601082,
              53.80164118963479
            ],
            [
              25.85368017214322,
              53.80155568928251
            ],
            [
              25.853662783308803,
              53.80133533516675
            ],
            [
              25.853706435775685,
              53.80111625353965
            ],
            [
              25.853809961318927,
              53.80090430273822
            ],
            [
              25.853861364806477,
              53.80082430365138
            ],
            [
              25.85407970830039,
              53.80056962462734
            ],
            [
              25.854261735697474,
              53.800436875878326
            ],
            [
              25.85426010335838,
              53.800433017103984
            ],
            [
              25.8541611444751,
              53.80040305505591
            ],
            [
              25.853792882761148,
              53.80022654807436
            ],
            [
              25.85369948276414,
              53.800171346819106
            ],
            [
              25.853399444237965,
              53.79995241803616
            ],
            [
              25.85331773494238,
              53.79985771547189
            ],
            [
              25.85329302983606,
              53.79984557387841
            ],
            [
              25.85299413707939,
              53.79962000311292
            ],
            [
              25.852981560940883,
              53.799604677542334
            ],
            [
              25.852855811579804,
              53.79958185155245
            ],
            [
              25.852439744650688,
              53.79944538700685
            ],
            [
              25.852261600086106,
              53.79935390785426
            ],
            [
              25.85218085169094,
              53.799339965542565
            ],
            [
              25.85210144972906,
              53.79932066496839
            ],
            [
              25.851754520315456,
              53.79921503414663
            ],
            [
              25.85144311027594,
              53.79907605723716
            ],
            [
              25.851179070898993,
              53.798909531805144
            ],
            [
              25.850932320815023,
              53.798916046621805
            ],
            [
              25.85089166298795,
              53.79891258616737
            ],
            [
              25.850872921204996,
              53.79891637214538
            ],
            [
              25.850433038861077,
              53.798951629710295
            ],
            [
              25.84998991742279,
              53.79893596382374
            ],
            [
              25.84956029738438,
              53.79886996632071
            ],
            [
              25.849160409034408,
              53.798756130486225
            ],
            [
              25.848884373324797,
              53.798633779571134
            ],
            [
              25.848644105845406,
              53.79860818850644
            ],
            [
              25.848244389294393,
              53.7985176703344
            ],
            [
              25.847880294990965,
              53.79838468637451
            ],
            [
              25.847681792813795,
              53.79829598409895
            ],
            [
              25.847598663242024,
              53.79825427767897
            ],
            [
              25.84728938128835,
              53.7981708113337
            ],
            [
              25.846926271778727,
              53.79801609551198
            ],
            [
              25.846621245913482,
              53.797822511757715
            ],
            [
              25.84638602554842,
              53.797597499866576
            ],
            [
              25.846229649339364,
              53.79734970735004
            ],
            [
              25.846158125503006,
              53.797088657050836
            ],
            [
              25.84617420111226,
              53.7968243811375
            ],
            [
              25.846277256763507,
              53.79656703555054
            ],
            [
              25.846463330627603,
              53.79632650972069
            ],
            [
              25.846725270922732,
              53.79611204655648
            ],
            [
              25.847053010915886,
              53.7959318872999
            ],
            [
              25.84716560970917,
              53.79588118859685
            ],
            [
              25.847718498307604,
              53.795697647665364
            ],
            [
              25.847841895176014,
              53.795669148519096
            ],
            [
              25.848268359937812,
              53.79559792474628
            ],
            [
              25.84871008328866,
              53.795576691587954
            ],
            [
              25.849150432928756,
              53.79560624854013
            ],
            [
              25.849427644984573,
              53.79565824898682
            ],
            [
              25.84957637080133,
              53.79564942556321
            ],
            [
              25.84967016320721,
              53.79565532688521
            ],
            [
              25.849872860336482,
              53.795630417402315
            ],
            [
              25.85026678239688,
              53.79562288943003
            ],
            [
              25.850657030271034,
              53.795655476437865
            ],
            [
              25.851031982789415,
              53.79572720802105
            ],
            [
              25.851171479393287,
              53.79576200698978
            ],
            [
              25.851562673315733,
              53.795887401709585
            ],
            [
              25.85161353249404,
              53.79591231680839
            ],
            [
              25.85205470975036,
              53.79592281292015
            ],
            [
              25.852390352078874,
              53.79597214979202
            ],
            [
              25.852578223105425,
              53.79596782420542
            ],
            [
              25.853011549879437,
              53.79600737652071
            ],
            [
              25.853424095462056,
              53.7960951107361
            ],
            [
              25.853800654893874,
              53.79622779331862
            ],
            [
              25.85412734918683,
              53.79640053407987
            ],
            [
              25.85416660517076,
              53.79642569933255
            ],
            [
              25.85430469927651,
              53.79648048411806
            ],
            [
              25.854643712282076,
              53.796689281480624
            ],
            [
              25.854650711023385,
              53.79669602977718
            ],
            [
              25.85477756543475,
              53.79671944896851
            ],
            [
              25.8552249748378,
              53.79683428640344
            ],
            [
              25.855620890339797,
              53.79700262537144
            ],
            [
              25.855947249733717,
              53.79721678632364
            ],
            [
              25.85601546337389,
              53.79728734051959
            ],
            [
              25.856146370154114,
              53.79731805769058
            ],
            [
              25.856300466917794,
              53.79736495634941
            ],
            [
              25.85672000349851,
              53.79752953538882
            ],
            [
              25.857068272431153,
              53.79774442145128
            ],
            [
              25.857189774113778,
              53.79783821961782
            ],
            [
              25.857276013794763,
              53.79792373083445
            ],
            [
              25.857520019896537,
              53.79799549894627
            ],
            [
              25.857720816585267,
              53.798069996916844
            ],
            [
              25.857876018480532,
              53.79813299335665
            ],
            [
              25.85813751553372,
              53.79824879037616
            ],
            [
              25.858482652485055,
              53.798437342932814
            ],
            [
              25.85875511565714,
              53.798663638189204
            ],
            [
              25.858895220367206,
              53.79880983587262
            ],
            [
              25.859093960739155,
              53.79908424584129
            ],
            [
              25.859185674107014,
              53.7993777502148
            ],
            [
              25.859171097556644,
              53.799597246853885
            ],
            [
              25.859490521152747,
              53.79976407744686
            ],
            [
              25.859772197821588,
              53.79998761642667
            ],
            [
              25.859970103867358,
              53.80024056610271
            ],
            [
              25.86003550901113,
              53.800353564926894
            ],
            [
              25.86013704275172,
              53.80060628253266
            ],
            [
              25.860154689028413,
              53.800865807986746
            ],
            [
              25.860135999648733,
              53.80106170834145
            ],
            [
              25.8601212561835,
              53.80115651967512
            ],
            [
              25.86009326307241,
              53.80128612020282
            ],
            [
              25.86000700151374,
              53.801519011156124
            ],
            [
              25.859852668789358,
              53.801739297192555
            ],
            [
              25.8597966710182,
              53.80180269813593
            ],
            [
              25.859701693551916,
              53.801889311800956
            ]
          ]
        ]
      },
      "properties": {
        "id": 2,
        "name": "Река Неман (Новогрудский–Ивьевский районы)",
        "type": "river",
        "type_ru": "Река",
        "district": "Новогрудский, Ивьевский",
        "region": "Гродненская область",
        "location_description": "от дер. Миколаева Ивьевского района до административной границы между Лидским и Ивьевским районами",
        "activities": "подводная охота, лов рыбы на дорожку с судов с двигателями",
        "coordinate_source": "osm_geometry"
      }
    },
    {
      "type": "Feature",
      "geometry": {
        "type": "Polygon",
        "coordinates": [
          [
            [
              24.85973862079275,
              53.57864441680056
            ],
            [
              24.8600549471877,
              53.5784977154885
            ],
            [
              24.86040981600401,
              53.57838635156285
            ],
            [
              24.860792152598897,
              53.57831380035559
            ],
            [
              24.860921305646464,
              53.578296580255305
            ],
            [
              24.861304082588155,
              53.57812756295735
            ],
            [
              24.861517389860904,
              53.578044008469135
            ],
            [
              24.864183012869717,
              53.57712316705227
            ],
            [
              24.865869090631023,
              53.57641928258916
            ],
            [
              24.86608321905372,
              53.57624997661955
            ],
            [
              24.86638452634759,
              53.57605496714891
            ],
            [
              24.86674415397831,
              53.575898636772855
            ],
            [
              24.868064814560434,
              53.57543525518038
            ],
            [
              24.868223274009456,
              53.57530996510366
            ],
            [
              24.868555056652593,
              53.575099044645334
            ],
            [
              24.868954806175644,
              53.574934856646216
            ],
            [
              24.86904181569245,
              53.57491357183721
            ],
            [
              24.869357104218093,
              53.57438194988307
            ],
            [
              24.86966462802469,
              53.57403496739846
            ],
            [
              24.869775860523895,
              53.57394443321988
            ],
            [
              24.86994823263154,
              53.57332135645438
            ],
            [
              24.870115526947462,
              53.57299009867122
            ],
            [
              24.87092776938889,
              53.57190971272122
            ],
            [
              24.87095378812617,
              53.571876333583695
            ],
            [
              24.871616518741536,
              53.571055644903716
            ],
            [
              24.871854895659094,
              53.57082372768346
            ],
            [
              24.87210413668428,
              53.57062858198164
            ],
            [
              24.872583960578506,
              53.569979331978736
            ],
            [
              24.873320341758724,
              53.56852742581436
            ],
            [
              24.87375691404485,
              53.567603558529115
            ],
            [
              24.874057543206234,
              53.5666587447768
            ],
            [
              24.874106467951272,
              53.56653649782628
            ],
            [
              24.874955551008146,
              53.56478241328304
            ],
            [
              24.875150495442913,
              53.564502648830064
            ],
            [
              24.87544558481492,
              53.56425575314899
            ],
            [
              24.875794986671725,
              53.56402375808222
            ],
            [
              24.87612293034875,
              53.56384488670406
            ],
            [
              24.876503325083878,
              53.5637074497049
            ],
            [
              24.876921553260278,
              53.5636167282874
            ],
            [
              24.877361543833455,
              53.563576208516885
            ],
            [
              24.877806389745256,
              53.563587447400764
            ],
            [
              24.87823899741932,
              53.563650013075545
            ],
            [
              24.878642743413668,
              53.56376150139704
            ],
            [
              24.879002113032833,
              53.56391762829675
            ],
            [
              24.879303296391097,
              53.56411239436066
            ],
            [
              24.879534719044457,
              53.564338315314124
            ],
            [
              24.87968748681078,
              53.56458670956576
            ],
            [
              24.879755727680767,
              53.5648480317717
            ],
            [
              24.879736817663147,
              53.56511223961082
            ],
            [
              24.879631481856574,
              53.56536917968351
            ],
            [
              24.879443766828484,
              53.565608977707335
            ],
            [
              24.879180885325265,
              53.565822418013475
            ],
            [
              24.8791779369338,
              53.56582437579885
            ],
            [
              24.878501825607785,
              53.5672214152237
            ],
            [
              24.878202634243415,
              53.568162019611684
            ],
            [
              24.878157663153495,
              53.56827602145419
            ],
            [
              24.87768871044689,
              53.56926863000736
            ],
            [
              24.87767669226178,
              53.56929317139245
            ],
            [
              24.87689456440329,
              53.57083558557931
            ],
            [
              24.87679959395774,
              53.570988658173924
            ],
            [
              24.876156628519563,
              53.571858769327406
            ],
            [
              24.87588646826724,
              53.57213183878427
            ],
            [
              24.875613923532907,
              53.572345246190615
            ],
            [
              24.875064059702737,
              53.57302624672385
            ],
            [
              24.874384212155977,
              53.57393065198056
            ],
            [
              24.874171839045673,
              53.57469860649833
            ],
            [
              24.87402561959411,
              53.57500096729163
            ],
            [
              24.873765433889307,
              53.57527499793031
            ],
            [
              24.873532112792944,
              53.575464918071646
            ],
            [
              24.87313297938178,
              53.5761380209381
            ],
            [
              24.87299320495621,
              53.576326428447345
            ],
            [
              24.872806770464543,
              53.576500012642754
            ],
            [
              24.87237677683673,
              53.57684001915665
            ],
            [
              24.872045003569028,
              53.57705094124117
            ],
            [
              24.871645254805024,
              53.57721513274246
            ],
            [
              24.87142943864946,
              53.57726792902811
            ],
            [
              24.871426801976703,
              53.5772700138886
            ],
            [
              24.87112553037473,
              53.577465010416255
            ],
            [
              24.870765940091825,
              53.577621335605535
            ],
            [
              24.869445282238615,
              53.57808473241257
            ],
            [
              24.869286856936007,
              53.57821000237189
            ],
            [
              24.86905130883222,
              53.57836864447523
            ],
            [
              24.86877689292488,
              53.57850347910153
            ],
            [
              24.866716865739885,
              53.57936350154873
            ],
            [
              24.866552723336124,
              53.57942595444468
            ],
            [
              24.863913293897397,
              53.580337767896
            ],
            [
              24.8632459780364,
              53.58063243041876
            ],
            [
              24.862837614427985,
              53.580776064380764
            ],
            [
              24.862390799164068,
              53.58086561328171
            ],
            [
              24.861291446967897,
              53.581475583182
            ],
            [
              24.86093776273122,
              53.581636339547565
            ],
            [
              24.860538045447733,
              53.58175304176944
            ],
            [
              24.86010765701143,
              53.581821204668216
            ],
            [
              24.85966313840467,
              53.58183820854387
            ],
            [
              24.859221573824982,
              53.581803399885715
            ],
            [
              24.858799933905782,
              53.58171811649568
            ],
            [
              24.85841442330783,
              53.5815856360584
            ],
            [
              24.85807985778904,
              53.581411050137234
            ],
            [
              24.85780909472115,
              53.5812010684452
            ],
            [
              24.85761253895672,
              53.580963760922266
            ],
            [
              24.857497743040486,
              53.58070824754194
            ],
            [
              24.857469117119003,
              53.5804443477781
            ],
            [
              24.85752775967375,
              53.58018220321194
            ],
            [
              24.857671415550172,
              53.57993188778738
            ],
            [
              24.8578945628586,
              53.579703020694005
            ],
            [
              24.858188625371433,
              53.57950439675147
            ],
            [
              24.85973862079275,
              53.57864441680056
            ]
          ]
        ]
      },
      "properties": {
        "id": 3,
        "name": "Река Неман (Новогрудский–Мостовский районы)",
        "type": "river",
        "type_ru": "Река",
        "district": "Новогрудский, Лидский, Дятловский, Щучинский, Мостовский",
        "region": "Гродненская область",
        "location_description": "от административной границы между Лидским и Ивьевским районами до моста около дер. Ор",
        "activities": "подводная охота, лов рыбы на дорожку с судов с двигателями",
        "coordinate_source": "osm_geometry"
      }
    },
    {
      "type": "Feature",
      "geometry": {
        "type": "Polygon",
        "coordinates": [
          [
            [
              24.502096105780023,
              53.49817523660658
            ],
            [
              24.5018563225817,
              53.49836385241614
            ],
            [
              24.501564850990704,
              53.498524662074935
            ],
            [
              24.490703342425316,
              53.50353828810585
            ],
            [
              24.490181104290667,
              53.50371875490024
            ],
            [
              24.48855816477204,
              53.504118666658236
            ],
            [
              24.48855026612048,
              53.50412060255057
            ],
            [
              24.484979878657217,
              53.50499092817967
            ],
            [
              24.484931468267366,
              53.505002343561685
            ],
            [
              24.482724198936392,
              53.50550543863166
            ],
            [
              24.479249824935867,
              53.50634592553694
            ],
            [
              24.473215022748768,
              53.50782622482295
            ],
            [
              24.47114845279333,
              53.508389739644635
            ],
            [
              24.47055985149863,
              53.5084956916659
            ],
            [
              24.460951430161565,
              53.50940533866482
            ],
            [
              24.455448376793623,
              53.50995707960736
            ],
            [
              24.453262056793502,
              53.51018621198239
            ],
            [
              24.452605311660033,
              53.51019757689871
            ],
            [
              24.44576189828086,
              53.509722161867764
            ],
            [
              24.44574764767707,
              53.50972114426552
            ],
            [
              24.445664555671392,
              53.50971505218045
            ],
            [
              24.4400546917434,
              53.509303947292146
            ],
            [
              24.439418220679794,
              53.50919972812792
            ],
            [
              24.430610913904644,
              53.50689336094763
            ],
            [
              24.430582975261835,
              53.50688590892642
            ],
            [
              24.425761791307497,
              53.50557650830753
            ],
            [
              24.41935855740923,
              53.503970564803694
            ],
            [
              24.41932070165245,
              53.50396082705812
            ],
            [
              24.414690393448954,
              53.50273979153319
            ],
            [
              24.414683637561694,
              53.502738001944465
            ],
            [
              24.408622434748423,
              53.5011251667789
            ],
            [
              24.406180197973395,
              53.5004910203045
            ],
            [
              24.403751185421292,
              53.499860313533524
            ],
            [
              24.40336313652054,
              53.49973126557675
            ],
            [
              24.403024871562145,
              53.499559665188464
            ],
            [
              24.402749390131415,
              53.4993521073459
            ],
            [
              24.402547278453184,
              53.499116568844
            ],
            [
              24.40242630262582,
              53.498862101681134
            ],
            [
              24.402391110317563,
              53.498598485137066
            ],
            [
              24.402443052367055,
              53.49833584992281
            ],
            [
              24.40258013111223,
              53.49808428885168
            ],
            [
              24.40279707739658,
              53.497853468994904
            ],
            [
              24.403085553257316,
              53.49765226022419
            ],
            [
              24.403434472476295,
              53.497488394409224
            ],
            [
              24.40383042665559,
              53.49736816835798
            ],
            [
              24.404258200438044,
              53.49729620190438
            ],
            [
              24.40470135608186,
              53.49727526042949
            ],
            [
              24.405142864946,
              53.49730614862734
            ],
            [
              24.405565761650568,
              53.49738767959247
            ],
            [
              24.407994704327283,
              53.4980183611976
            ],
            [
              24.4104464360094,
              53.49865496588049
            ],
            [
              24.410465349639445,
              53.49865993781947
            ],
            [
              24.41653233329612,
              53.50027429287785
            ],
            [
              24.42114019230246,
              53.50148939493714
            ],
            [
              24.427554835812753,
              53.50309818139365
            ],
            [
              24.427615881324854,
              53.50311412180921
            ],
            [
              24.43245324379398,
              53.50442790179421
            ],
            [
              24.44094079416583,
              53.50665052364436
            ],
            [
              24.446219316220173,
              53.50703733907633
            ],
            [
              24.446295612632998,
              53.50704293291703
            ],
            [
              24.45280172144535,
              53.507494923848355
            ],
            [
              24.45466930123257,
              53.50729919393288
            ],
            [
              24.454686004282,
              53.50729748148838
            ],
            [
              24.460207435926343,
              53.50674389886058
            ],
            [
              24.46022816556415,
              53.506741878651134
            ],
            [
              24.469539900411004,
              53.50586033385137
            ],
            [
              24.471364253779946,
              53.50536286951444
            ],
            [
              24.471444886872767,
              53.50534199698406
            ],
            [
              24.477525238424814,
              53.50385054086436
            ],
            [
              24.477535623506423,
              53.50384801100541
            ],
            [
              24.48103643738764,
              53.50300113597115
            ],
            [
              24.481079436473095,
              53.50299103584314
            ],
            [
              24.48328386582579,
              53.502488593015336
            ],
            [
              24.486826032342467,
              53.50162515473895
            ],
            [
              24.48816345814187,
              53.50129560239461
            ],
            [
              24.498466305077034,
              53.496540003505814
            ],
            [
              24.510627982723836,
              53.48499053101536
            ],
            [
              24.510899677022007,
              53.484781257245835
            ],
            [
              24.51123476131067,
              53.48460754353946
            ],
            [
              24.511620358707614,
              53.48447606514477
            ],
            [
              24.51204165173032,
              53.48439187429173
            ],
            [
              24.512482451600327,
              53.484358206100055
            ],
            [
              24.51292582017463,
              53.48437635429901
            ],
            [
              24.513354720633252,
              53.48444562152861
            ],
            [
              24.513752671953327,
              53.484563346128745
            ],
            [
              24.51410438205527,
              53.48472500438867
            ],
            [
              24.51439633532171,
              53.48492438433292
            ],
            [
              24.514617311933474,
              53.485153824373896
            ],
            [
              24.514758819074245,
              53.485404507670474
            ],
            [
              24.514815417427865,
              53.48566680089179
            ],
            [
              24.514784930402467,
              53.48593062437691
            ],
            [
              24.514668528011462,
              53.48618583947222
            ],
            [
              24.514470682152027,
              53.48642263816401
            ],
            [
              24.502096105780023,
              53.49817523660658
            ]
          ]
        ]
      },
      "properties": {
        "id": 4,
        "name": "Река Неман (Мостовский–Щучинский районы)",
        "type": "river",
        "type_ru": "Река",
        "district": "Мостовский, Щучинский",
        "region": "Гродненская область",
        "location_description": "от места впадения реки Щара до дер. Щечи Лунненского сельсовета",
        "activities": "подводная охота, лов рыбы на дорожку с судов с двигателями",
        "coordinate_source": "osm_geometry"
      }
    },
    {
      "type": "Feature",
      "geometry": {
        "type": "Polygon",
        "coordinates": [
          [
            [
              24.346737983251025,
              53.44267100744316
            ],
            [
              24.345507110144766,
              53.44232098763884
            ],
            [
              24.343980874195076,
              53.442131394359876
            ],
            [
              24.342848634668044,
              53.44232086617229
            ],
            [
              24.342333114137272,
              53.44259553688946
            ],
            [
              24.341874209674994,
              53.44283999699784
            ],
            [
              24.3407877521231,
              53.44442830089976
            ],
            [
              24.3404458347067,
              53.445792315038084
            ],
            [
              24.340381426422475,
              53.44596804326333
            ],
            [
              24.33984887788598,
              53.44706425293516
            ],
            [
              24.339683469819693,
              53.44731075063014
            ],
            [
              24.33882239140339,
              53.44829878513692
            ],
            [
              24.337944771622105,
              53.449997107925185
            ],
            [
              24.337851942365372,
              53.45014523711567
            ],
            [
              24.336689503958247,
              53.45171285722705
            ],
            [
              24.336530245785873,
              53.451890432095645
            ],
            [
              24.33632838279221,
              53.45205191572516
            ],
            [
              24.33513239098604,
              53.45287283281693
            ],
            [
              24.334684101782482,
              53.45310874114234
            ],
            [
              24.333297981716967,
              53.45366295576481
            ],
            [
              24.332963184048616,
              53.45377360378803
            ],
            [
              24.332601872499776,
              53.45384909375381
            ],
            [
              24.331159431098524,
              53.45407100058622
            ],
            [
              24.330766403974337,
              53.45410991343406
            ],
            [
              24.33036800662381,
              53.45410722255115
            ],
            [
              24.328754856133877,
              53.45401141952892
            ],
            [
              24.32821948106342,
              53.453939854469745
            ],
            [
              24.32644373465817,
              53.45356314320043
            ],
            [
              24.326064117843277,
              53.45345816342434
            ],
            [
              24.32572341612996,
              53.45331338730953
            ],
            [
              24.32465190956943,
              53.452762374059695
            ],
            [
              24.324297887906845,
              53.452532722188636
            ],
            [
              24.324041848511143,
              53.45226080995595
            ],
            [
              24.323259491324528,
              53.4511440445257
            ],
            [
              24.322095015192723,
              53.45006203005991
            ],
            [
              24.321634222893767,
              53.44975195957676
            ],
            [
              24.321018962251124,
              53.449571671274576
            ],
            [
              24.32091696763681,
              53.44954454099036
            ],
            [
              24.3206397293337,
              53.449536374427815
            ],
            [
              24.320287348556043,
              53.449557130754975
            ],
            [
              24.3185649652301,
              53.4501153319772
            ],
            [
              24.317327958492804,
              53.45071121745432
            ],
            [
              24.315687787827418,
              53.45188624091355
            ],
            [
              24.315465421673295,
              53.4520243167358
            ],
            [
              24.313555613507855,
              53.453053040977004
            ],
            [
              24.313235559316652,
              53.45319693019352
            ],
            [
              24.311551131620114,
              53.453823047072625
            ],
            [
              24.31102073883858,
              53.453967490121926
            ],
            [
              24.307029529287803,
              53.45470221243703
            ],
            [
              24.30687096037226,
              53.454727688795856
            ],
            [
              24.301442001326485,
              53.45547521195291
            ],
            [
              24.30119638842014,
              53.455500641463196
            ],
            [
              24.299007620316317,
              53.45565394630723
            ],
            [
              24.29883589025956,
              53.45566204601285
            ],
            [
              24.294180432743133,
              53.45577571538199
            ],
            [
              24.290374407069276,
              53.45597848701987
            ],
            [
              24.28888131047099,
              53.45623460569594
            ],
            [
              24.281439818705035,
              53.458797004047376
            ],
            [
              24.281429307017547,
              53.458800600779014
            ],
            [
              24.278938045404008,
              53.45964770909756
            ],
            [
              24.277565491236704,
              53.460140051146126
            ],
            [
              24.275541375924075,
              53.461128932763344
            ],
            [
              24.272770057230645,
              53.46285067137021
            ],
            [
              24.270758608704657,
              53.46445267894882
            ],
            [
              24.270398730211035,
              53.464679126310266
            ],
            [
              24.268596017110013,
              53.46557804821387
            ],
            [
              24.26856260272821,
              53.46559438924476
            ],
            [
              24.26725165488228,
              53.46622310530812
            ],
            [
              24.26266348703266,
              53.46898361596803
            ],
            [
              24.262546921456902,
              53.469048954800975
            ],
            [
              24.258271497885683,
              53.47128100814565
            ],
            [
              24.257790687908475,
              53.47147337616189
            ],
            [
              24.25655676159679,
              53.47184058660376
            ],
            [
              24.25622420605357,
              53.471920657002016
            ],
            [
              24.253077620118546,
              53.472510574891004
            ],
            [
              24.252595632014632,
              53.472567679075524
            ],
            [
              24.249054766867843,
              53.472753243304524
            ],
            [
              24.24584405760082,
              53.47320803742448
            ],
            [
              24.24573805121169,
              53.47322146605185
            ],
            [
              24.243324278465277,
              53.473491474488334
            ],
            [
              24.243157321854685,
              53.473506341103615
            ],
            [
              24.241605135383487,
              53.47360953829648
            ],
            [
              24.24083073785404,
              53.47384482602465
            ],
            [
              24.240546859174085,
              53.474012144688615
            ],
            [
              24.240136042737692,
              53.47433308625616
            ],
            [
              24.239868886225445,
              53.47466697133139
            ],
            [
              24.239863565916952,
              53.47476247775114
            ],
            [
              24.240007855817325,
              53.47504652207538
            ],
            [
              24.240369528377215,
              53.475501910354446
            ],
            [
              24.242608899679805,
              53.476517823455524
            ],
            [
              24.245367004341325,
              53.47754478527653
            ],
            [
              24.24579879816699,
              53.477753460561516
            ],
            [
              24.24823380255247,
              53.47926062734596
            ],
            [
              24.248408754177625,
              53.4793826712795
            ],
            [
              24.250170979621384,
              53.48077134466798
            ],
            [
              24.25035489790876,
              53.48094142897795
            ],
            [
              24.25049401827733,
              53.48112596504859
            ],
            [
              24.251774910471255,
              53.483235742251416
            ],
            [
              24.251886431854246,
              53.48350093964357
            ],
            [
              24.252283316372434,
              53.48513303221007
            ],
            [
              24.252304355879517,
              53.48538735461756
            ],
            [
              24.252227809375583,
              53.48639135606433
            ],
            [
              24.252175961996908,
              53.48662336231585
            ],
            [
              24.252057498009457,
              53.48684654425344
            ],
            [
              24.25164472225773,
              53.48743935146968
            ],
            [
              24.251443421333605,
              53.48766517038205
            ],
            [
              24.251174138889624,
              53.48786434099438
            ],
            [
              24.250846543469457,
              53.48802971146715
            ],
            [
              24.24976832900198,
              53.48847682313372
            ],
            [
              24.2494456572762,
              53.488588352631666
            ],
            [
              24.247433412548784,
              53.489157668984596
            ],
            [
              24.246821749843818,
              53.48927107984846
            ],
            [
              24.244151368193805,
              53.4895279879152
            ],
            [
              24.243745268593294,
              53.489545023819204
            ],
            [
              24.24334059515423,
              53.489518575302874
            ],
            [
              24.24095415736761,
              53.48923174492013
            ],
            [
              24.239476588575364,
              53.48912823193523
            ],
            [
              24.239281231644668,
              53.48915370236639
            ],
            [
              24.238847861176865,
              53.48944186999838
            ],
            [
              24.238556231365838,
              53.490041489551515
            ],
            [
              24.238529657072846,
              53.490917329092866
            ],
            [
              24.2386892164108,
              53.4938049987032
            ],
            [
              24.2386520451849,
              53.49409651427617
            ],
            [
              24.238510173193113,
              53.494376419520776
            ],
            [
              24.23797451591267,
              53.49512710773556
            ],
            [
              24.237341856522633,
              53.49624013405553
            ],
            [
              24.237198511767435,
              53.49643840761572
            ],
            [
              24.235490855024352,
              53.498360155726814
            ],
            [
              24.234345806730786,
              53.49978629250986
            ],
            [
              24.234168879867394,
              53.49996854905162
            ],
            [
              24.23394644709932,
              53.500132218260234
            ],
            [
              24.23060755557279,
              53.5022303641503
            ],
            [
              24.23059397674733,
              53.50223882266901
            ],
            [
              24.229282250343246,
              53.50304884051891
            ],
            [
              24.2282220706497,
              53.50436479630618
            ],
            [
              24.227776203833397,
              53.50500740593052
            ],
            [
              24.22772481722962,
              53.50507598822433
            ],
            [
              24.227349334536346,
              53.50554179463258
            ],
            [
              24.227191330460297,
              53.505706869513915
            ],
            [
              24.22648324608334,
              53.50633858066448
            ],
            [
              24.226296580435136,
              53.50648294695199
            ],
            [
              24.224601490558925,
              53.507625171004214
            ],
            [
              24.224507274649376,
              53.50768489850089
            ],
            [
              24.221010433154778,
              53.509770851378725
            ],
            [
              24.21969152459784,
              53.51058057683472
            ],
            [
              24.21966078794383,
              53.510599086139834
            ],
            [
              24.21805138745068,
              53.51154970760453
            ],
            [
              24.217927345888526,
              53.51161771384612
            ],
            [
              24.216296535298856,
              53.51244723390778
            ],
            [
              24.216213591961285,
              53.51248744675499
            ],
            [
              24.21402509178449,
              53.5134982859982
            ],
            [
              24.212672193721087,
              53.51415485790816
            ],
            [
              24.211583638476736,
              53.514796655739026
            ],
            [
              24.210602348393945,
              53.5155388396184
            ],
            [
              24.208265904505915,
              53.517512733509484
            ],
            [
              24.208199631624026,
              53.517565899188725
            ],
            [
              24.20694444744484,
              53.51852281792207
            ],
            [
              24.206779082931636,
              53.5186354159485
            ],
            [
              24.20547008437439,
              53.51943283367817
            ],
            [
              24.20538807280052,
              53.51948033320109
            ],
            [
              24.203789467478657,
              53.52036055375886
            ],
            [
              24.203604693108343,
              53.520451971600444
            ],
            [
              24.200182154379547,
              53.521970210335034
            ],
            [
              24.200060278116833,
              53.52202066571607
            ],
            [
              24.198257850230938,
              53.52271588428117
            ],
            [
              24.1982299752859,
              53.52272646480237
            ],
            [
              24.196556247963763,
              53.52335158165189
            ],
            [
              24.196237899524334,
              53.52345051368291
            ],
            [
              24.1952293753282,
              53.523705721156894
            ],
            [
              24.194792273228526,
              53.52378649765285
            ],
            [
              24.194105552683048,
              53.52386940023788
            ],
            [
              24.1935914587631,
              53.52389586801073
            ],
            [
              24.190866272092087,
              53.52385116658164
            ],
            [
              24.19072665265409,
              53.52384631147078
            ],
            [
              24.187851262198482,
              53.52369330661197
            ],
            [
              24.187558359368467,
              53.52366615924985
            ],
            [
              24.18501558431633,
              53.5233280487391
            ],
            [
              24.184535768369926,
              53.52322966076462
            ],
            [
              24.18252942376369,
              53.52266194444149
            ],
            [
              24.182173441294317,
              53.522536349520294
            ],
            [
              24.179759411731734,
              53.52149662271305
            ],
            [
              24.179547076158027,
              53.521392951393004
            ],
            [
              24.178055771345768,
              53.52057003219163
            ],
            [
              24.17777655681976,
              53.52038463490345
            ],
            [
              24.17677787235145,
              53.519583619720315
            ],
            [
              24.176578068557546,
              53.519391632553045
            ],
            [
              24.175795800948507,
              53.518476719358056
            ],
            [
              24.17573799845064,
              53.51840379842041
            ],
            [
              24.17494414160861,
              53.51731938464808
            ],
            [
              24.1749375757931,
              53.51731032506553
            ],
            [
              24.174003158122993,
              53.51600787877775
            ],
            [
              24.173491839570087,
              53.51550664976996
            ],
            [
              24.173143084898605,
              53.51533530851824
            ],
            [
              24.172545371558787,
              53.515223902863326
            ],
            [
              24.16907981067857,
              53.51534637736747
            ],
            [
              24.165755894885432,
              53.51561985374743
            ],
            [
              24.16531294960338,
              53.51563029333654
            ],
            [
              24.16273786805329,
              53.51554099048936
            ],
            [
              24.162396083456066,
              53.51551351882953
            ],
            [
              24.15988550887741,
              53.51519460889401
            ],
            [
              24.15955849252011,
              53.51513749818925
            ],
            [
              24.15735576051064,
              53.51464318000457
            ],
            [
              24.15561111821273,
              53.51432982249513
            ],
            [
              24.155132900292774,
              53.51430948762676
            ],
            [
              24.15415733177961,
              53.51451424041872
            ],
            [
              24.151515095789588,
              53.515868710402096
            ],
            [
              24.147834371512435,
              53.518518649945186
            ],
            [
              24.145434542638327,
              53.52139249826091
            ],
            [
              24.144436675397717,
              53.5225948938233
            ],
            [
              24.14387740858325,
              53.52373798485501
            ],
            [
              24.143534779967695,
              53.52723821388739
            ],
            [
              24.14362762996888,
              53.5283578356687
            ],
            [
              24.144129623569516,
              53.52981961235988
            ],
            [
              24.14416368079923,
              53.52995203980275
            ],
            [
              24.144442666239872,
              53.53157183456333
            ],
            [
              24.144419735922643,
              53.53194431474554
            ],
            [
              24.143990609576022,
              53.53338542275521
            ],
            [
              24.143818238943364,
              53.53371330274126
            ],
            [
              24.142909284133484,
              53.53488961838273
            ],
            [
              24.142714960679314,
              53.53509263992036
            ],
            [
              24.13938314003941,
              53.53796277913208
            ],
            [
              24.13833393363474,
              53.53906868358032
            ],
            [
              24.13747088425536,
              53.54014113835886
            ],
            [
              24.13656310386193,
              53.54162777850835
            ],
            [
              24.135614560314007,
              53.54346925066811
            ],
            [
              24.13544321838221,
              53.54371331206044
            ],
            [
              24.135195036488348,
              53.543932820681356
            ],
            [
              24.134879551516654,
              53.544119340495854
            ],
            [
              24.134508887386172,
              53.54426570317503
            ],
            [
              24.134097289134072,
              53.544366283643434
            ],
            [
              24.133660575392096,
              53.54441721631464
            ],
            [
              24.13321553031158,
              53.544416543694595
            ],
            [
              24.132779258331507,
              53.544364291634366
            ],
            [
              24.132368526619956,
              53.54426246833639
            ],
            [
              24.131999120495813,
              53.54411498715218
            ],
            [
              24.131685236635857,
              53.543927516142716
            ],
            [
              24.13143893741207,
              53.5437072601908
            ],
            [
              24.13126968734282,
              53.5434626840489
            ],
            [
              24.131183989471523,
              53.543203186976356
            ],
            [
              24.131185135632215,
              53.5429387414802
            ],
            [
              24.131273080172615,
              53.542679510049815
            ],
            [
              24.132238767244257,
              53.54080512754148
            ],
            [
              24.132275519974662,
              53.54073979592155
            ],
            [
              24.133241189146506,
              53.539158613114054
            ],
            [
              24.13332720283591,
              53.53903674373889
            ],
            [
              24.134271346573456,
              53.53786365986725
            ],
            [
              24.134341868182744,
              53.537783116497955
            ],
            [
              24.135479206338665,
              53.53658443525556
            ],
            [
              24.135588139441317,
              53.53648087815436
            ],
            [
              24.138866497583834,
              53.533657019960906
            ],
            [
              24.139571609550828,
              53.532744621887026
            ],
            [
              24.139894896979094,
              53.53165933105426
            ],
            [
              24.139659788094338,
              53.530293435053345
            ],
            [
              24.139145926722154,
              53.52879663646205
            ],
            [
              24.139102848652296,
              53.528593255960025
            ],
            [
              24.13899561776342,
              53.527298553942906
            ],
            [
              24.138996713740756,
              53.52715376714491
            ],
            [
              24.139361712237044,
              53.523429074070215
            ],
            [
              24.139448208994562,
              53.523130679525025
            ],
            [
              24.140134875036814,
              53.521727492013525
            ],
            [
              24.14027880900028,
              53.521507364763764
            ],
            [
              24.141366256585503,
              53.520197183227516
            ],
            [
              24.141368779392796,
              53.52019415316106
            ],
            [
              24.14388638829096,
              53.51717959585417
            ],
            [
              24.14416924612683,
              53.516920429642205
            ],
            [
              24.148138983575443,
              53.51406258757555
            ],
            [
              24.14840695685889,
              53.513899847274814
            ],
            [
              24.15151823756271,
              53.51230498571975
            ],
            [
              24.151861723066535,
              53.51215965331284
            ],
            [
              24.152244496120368,
              53.512054621516945
            ],
            [
              24.15406834818735,
              53.51167183299915
            ],
            [
              24.154520422144675,
              53.51160700501326
            ],
            [
              24.154985227115972,
              53.51159835634643
            ],
            [
              24.156186889160672,
              53.51164945471928
            ],
            [
              24.156681066483486,
              53.51170364665762
            ],
            [
              24.158741009450324,
              53.51207363537749
            ],
            [
              24.158886117819232,
              53.51210291165798
            ],
            [
              24.161000577692665,
              53.51257741915224
            ],
            [
              24.163174766001053,
              53.51285359827863
            ],
            [
              24.165354721702816,
              53.51292919873445
            ],
            [
              24.168545719175246,
              53.512666654286186
            ],
            [
              24.168722169096586,
              53.512656293656335
            ],
            [
              24.172691843403005,
              53.51251599810027
            ],
            [
              24.173102989099416,
              53.512523676057384
            ],
            [
              24.173505044789717,
              53.51257537596637
            ],
            [
              24.174924105926603,
              53.5128398679294
            ],
            [
              24.175327500115703,
              53.512941405877086
            ],
            [
              24.175690558586304,
              53.51308715184029
            ],
            [
              24.176677550905804,
              53.51357203994172
            ],
            [
              24.176948922837877,
              53.51372984798586
            ],
            [
              24.177172250615154,
              53.513912351020636
            ],
            [
              24.177966273136132,
              53.51469063817462
            ],
            [
              24.17811331604068,
              53.514860955966796
            ],
            [
              24.179107916651787,
              53.51624710178667
            ],
            [
              24.179871477680717,
              53.51728999226725
            ],
            [
              24.180536722985845,
              53.51806795469854
            ],
            [
              24.181296806984417,
              53.51867755362547
            ],
            [
              24.182533173723872,
              53.51935976687726
            ],
            [
              24.184667379156576,
              53.5202789490883
            ],
            [
              24.18625539190435,
              53.52072828856316
            ],
            [
              24.188403861772695,
              53.52101396674329
            ],
            [
              24.191061455081933,
              53.521155381246565
            ],
            [
              24.19345695909776,
              53.52119467675241
            ],
            [
              24.193663729515873,
              53.52116971495738
            ],
            [
              24.19429477886301,
              53.52101002917972
            ],
            [
              24.19580188791572,
              53.520447152640436
            ],
            [
              24.197528062083983,
              53.519781361669935
            ],
            [
              24.2007945125047,
              53.518332405938224
            ],
            [
              24.202262785451804,
              53.51752398031577
            ],
            [
              24.203443852051002,
              53.516804530680425
            ],
            [
              24.20458740409454,
              53.5159327725153
            ],
            [
              24.206926507715423,
              53.51395677448012
            ],
            [
              24.206998290597692,
              53.51389942244635
            ],
            [
              24.208103404022935,
              53.513063638888866
            ],
            [
              24.208289566978628,
              53.51293944095027
            ],
            [
              24.209555566487836,
              53.51219305781989
            ],
            [
              24.209718480707142,
              53.51210587317071
            ],
            [
              24.211177568685674,
              53.511397790630056
            ],
            [
              24.211220400037654,
              53.51137751143585
            ],
            [
              24.21338820934378,
              53.51037626066371
            ],
            [
              24.214914177500866,
              53.5096000970662
            ],
            [
              24.2164481658597,
              53.50869405865627
            ],
            [
              24.217763249487678,
              53.50788671910355
            ],
            [
              24.21778619706562,
              53.5078728329511
            ],
            [
              24.221245964493328,
              53.50580909158363
            ],
            [
              24.22279394524568,
              53.504766053625154
            ],
            [
              24.22332813481334,
              53.50428951907094
            ],
            [
              24.22360713797456,
              53.50394344164508
            ],
            [
              24.224052974854178,
              53.50330096561464
            ],
            [
              24.224104179709574,
              53.50323261510208
            ],
            [
              24.225349737159675,
              53.50168673636033
            ],
            [
              24.225531895985643,
              53.5015004709117
            ],
            [
              24.22576159267754,
              53.50133383373019
            ],
            [
              24.22732027510057,
              53.50037136663549
            ],
            [
              24.230406956688476,
              53.498431813070454
            ],
            [
              24.23141810343685,
              53.49717259244093
            ],
            [
              24.231459581551974,
              53.49712352990976
            ],
            [
              24.233103893651805,
              53.4952732709129
            ],
            [
              24.233705739355706,
              53.49421463926969
            ],
            [
              24.23376654652067,
              53.49411963420654
            ],
            [
              24.234140173324654,
              53.493596097521305
            ],
            [
              24.233995434835446,
              53.490971555383524
            ],
            [
              24.233994587493154,
              53.49090288772814
            ],
            [
              24.234027745683676,
              53.48981388835556
            ],
            [
              24.234116765840053,
              53.489463269233404
            ],
            [
              24.234635716031093,
              53.48839647866685
            ],
            [
              24.234830279684402,
              53.48811786338602
            ],
            [
              24.235124048557598,
              53.48787194464569
            ],
            [
              24.23639065524211,
              53.48702976250757
            ],
            [
              24.236739975287307,
              53.4868412519675
            ],
            [
              24.237147279738622,
              53.48669981818103
            ],
            [
              24.237594946297513,
              53.486611580206905
            ],
            [
              24.238878108347084,
              53.48644428540422
            ],
            [
              24.23925178332413,
              53.486414655236906
            ],
            [
              24.239628544067173,
              53.48642227624361
            ],
            [
              24.24157688337986,
              53.48655877193207
            ],
            [
              24.241760750945872,
              53.48657623229898
            ],
            [
              24.243834453220696,
              53.4868254784224
            ],
            [
              24.24577845809419,
              53.48663845208344
            ],
            [
              24.24732933036835,
              53.48619967453664
            ],
            [
              24.24770967695668,
              53.48604195844838
            ],
            [
              24.24771625270014,
              53.48603251600921
            ],
            [
              24.247765097045534,
              53.4853927568241
            ],
            [
              24.247432198974224,
              53.484023197724596
            ],
            [
              24.246346386053382,
              53.48223444524564
            ],
            [
              24.24487214258477,
              53.48107262659614
            ],
            [
              24.242724952990827,
              53.47974354472124
            ],
            [
              24.240115684152357,
              53.478771974084125
            ],
            [
              24.239943865390284,
              53.47870123369449
            ],
            [
              24.237182136139005,
              53.47744830201226
            ],
            [
              24.236794524260958,
              53.47722423969469
            ],
            [
              24.23650704245417,
              53.47695194207874
            ],
            [
              24.23583767407003,
              53.47610903062698
            ],
            [
              24.235717290505008,
              53.475922940085745
            ],
            [
              24.23541631803709,
              53.47533033463408
            ],
            [
              24.235338543672327,
              53.47511511600018
            ],
            [
              24.235320619399225,
              53.474895234386125
            ],
            [
              24.235354051341417,
              53.47429623501834
            ],
            [
              24.235417152023512,
              53.47402185682847
            ],
            [
              24.235573060879126,
              53.4737609297658
            ],
            [
              24.23614458750569,
              53.47304673952967
            ],
            [
              24.236388021142538,
              53.47280924547551
            ],
            [
              24.237037030177294,
              53.47230225524409
            ],
            [
              24.237245115197318,
              53.472161243411996
            ],
            [
              24.237891714912596,
              53.47178015202103
            ],
            [
              24.238158094777138,
              53.47164569422143
            ],
            [
              24.238456019039592,
              53.47153719446103
            ],
            [
              24.239912388549072,
              53.47109470699031
            ],
            [
              24.24029125125318,
              53.471004167523425
            ],
            [
              24.240691255279973,
              53.47095555424479
            ],
            [
              24.242570155505376,
              53.47083063954844
            ],
            [
              24.244847505140047,
              53.47057589187839
            ],
            [
              24.248166376490627,
              53.47010577504827
            ],
            [
              24.24849239700809,
              53.47007431444294
            ],
            [
              24.251951769976557,
              53.469893027054034
            ],
            [
              24.25469082640681,
              53.46937951448952
            ],
            [
              24.255502549968206,
              53.4691379534691
            ],
            [
              24.259498127699672,
              53.46705206808186
            ],
            [
              24.264119787246393,
              53.464271525285085
            ],
            [
              24.264309079891724,
              53.46416977713501
            ],
            [
              24.265702629768214,
              53.46350146908446
            ],
            [
              24.26728667939427,
              53.46271161356212
            ],
            [
              24.26922339183538,
              53.461169225284905
            ],
            [
              24.269402359068103,
              53.46104350252923
            ],
            [
              24.272363464859925,
              53.45920394298067
            ],
            [
              24.272562136256944,
              53.45909443182014
            ],
            [
              24.27481821815695,
              53.457992258899374
            ],
            [
              24.275086272688895,
              53.45787959733842
            ],
            [
              24.276622346059384,
              53.45732861233827
            ],
            [
              24.276668001733594,
              53.45731266508046
            ],
            [
              24.279176891264505,
              53.45645957856803
            ],
            [
              24.286853203099387,
              53.453816357977566
            ],
            [
              24.287360334106584,
              53.453687826626414
            ],
            [
              24.28932897899719,
              53.45335013694142
            ],
            [
              24.289754288321443,
              53.453302782903314
            ],
            [
              24.29383106035214,
              53.45308558978711
            ],
            [
              24.29394026491245,
              53.45308135025112
            ],
            [
              24.29856399729733,
              53.45296845826032
            ],
            [
              24.30054305282288,
              53.45282984248274
            ],
            [
              24.30577001546519,
              53.452110133992186
            ],
            [
              24.309401576284046,
              53.45144162522532
            ],
            [
              24.310665747058785,
              53.45097173075589
            ],
            [
              24.3123068258659,
              53.450087791998314
            ],
            [
              24.31398729913827,
              53.448883959679904
            ],
            [
              24.31430470171445,
              53.44869745799566
            ],
            [
              24.315876388305373,
              53.447940376698554
            ],
            [
              24.316218241762698,
              53.4478042885455
            ],
            [
              24.318524996475194,
              53.44705670941272
            ],
            [
              24.31894162704252,
              53.446952263353495
            ],
            [
              24.31938478396158,
              53.4468991682633
            ],
            [
              24.320360953408308,
              53.4468416700848
            ],
            [
              24.320695805469256,
              53.44683676692619
            ],
            [
              24.321564877964796,
              53.44686236611723
            ],
            [
              24.32197982079147,
              53.44689771386226
            ],
            [
              24.322376723209345,
              53.446977991932826
            ],
            [
              24.32290491094359,
              53.447118487858816
            ],
            [
              24.322981188283123,
              53.4471397991741
            ],
            [
              24.324034665520266,
              53.44744849037722
            ],
            [
              24.324408690534266,
              53.447586442368575
            ],
            [
              24.32473088557759,
              53.44776485214625
            ],
            [
              24.325603690650862,
              53.44835213977946
            ],
            [
              24.32581454451079,
              53.44851826674528
            ],
            [
              24.32718077808046,
              53.44978764497793
            ],
            [
              24.327364250517682,
              53.44999616854737
            ],
            [
              24.328017373325462,
              53.45092833867988
            ],
            [
              24.328363611770758,
              53.4511063822096
            ],
            [
              24.329479531695466,
              53.4513431136411
            ],
            [
              24.330416480281958,
              53.45139875834021
            ],
            [
              24.331093823045187,
              53.45129455554121
            ],
            [
              24.3319080391003,
              53.45096901351738
            ],
            [
              24.332682879224553,
              53.45043720056071
            ],
            [
              24.33365398928995,
              53.449127767083304
            ],
            [
              24.334552852602013,
              53.44738866986823
            ],
            [
              24.334707351101752,
              53.447163999562775
            ],
            [
              24.33555961531012,
              53.446186190975375
            ],
            [
              24.335987942326188,
              53.44530469820772
            ],
            [
              24.33634776490009,
              53.44386985017903
            ],
            [
              24.336490377645415,
              53.44356005311536
            ],
            [
              24.33787696112757,
              53.44153327739721
            ],
            [
              24.338123248527243,
              53.441265058796226
            ],
            [
              24.33846460056144,
              53.441036759198106
            ],
            [
              24.339313426950998,
              53.44058460697818
            ],
            [
              24.340220453077578,
              53.44010135549692
            ],
            [
              24.340640956530546,
              53.439924129913116
            ],
            [
              24.341117814845823,
              53.43980809083649
            ],
            [
              24.343288753722188,
              53.43944480195519
            ],
            [
              24.343824007003036,
              53.43939530563284
            ],
            [
              24.344363681727152,
              53.4394229357888
            ],
            [
              24.346698912280022,
              53.439713026779565
            ],
            [
              24.347212301695205,
              53.43981623706796
            ],
            [
              24.348875264886672,
              53.440289123518724
            ],
            [
              24.34922798165601,
              53.44041394824088
            ],
            [
              24.35104425942252,
              53.44119742808835
            ],
            [
              24.351376585989875,
              53.44137277926002
            ],
            [
              24.351645097407573,
              53.44158337838987
            ],
            [
              24.351839474504207,
              53.44182113272976
            ],
            [
              24.351952246492637,
              53.44207690588838
            ],
            [
              24.351979078217944,
              53.44234086888066
            ],
            [
              24.35191893696672,
              53.442602877814515
            ],
            [
              24.351774132394986,
              53.4428528637061
            ],
            [
              24.351550228003653,
              53.44308121944467
            ],
            [
              24.351255827527783,
              53.44327916903302
            ],
            [
              24.350902244419416,
              53.443439104907306
            ],
            [
              24.3505030671074,
              53.44355488036317
            ],
            [
              24.35007363673649,
              53.44362204584012
            ],
            [
              24.349630457465857,
              53.44363801997255
            ],
            [
              24.349190562011774,
              53.44360218882592
            ],
            [
              24.34877085684845,
              53.44351592949853
            ],
            [
              24.348387472267465,
              53.44338255718116
            ],
            [
              24.346737983251025,
              53.44267100744316
            ]
          ]
        ]
      },
      "properties": {
        "id": 5,
        "name": "Река Неман (Мостовский район)",
        "type": "river",
        "type_ru": "Река",
        "district": "Мостовский",
        "region": "Гродненская область",
        "location_description": "от дер. Подбораны Лунненского сельсовета до дер. Пониж Лунненского сельсовета",
        "activities": "подводная охота, лов рыбы на дорожку с судов с двигателями",
        "coordinate_source": "osm_geometry"
      }
    },
    {
      "type": "Feature",
      "geometry": {
        "type": "Polygon",
        "coordinates": [
          [
            [
              24.07363464784634,
              53.62172385748705
            ],
            [
              24.073910935608506,
              53.62183407725984
            ],
            [
              24.074482374151927,
              53.622100043423586
            ],
            [
              24.07500484795868,
              53.62230652259387
            ],
            [
              24.07633324244982,
              53.622697303405
            ],
            [
              24.07984667889227,
              53.62373090684281
            ],
            [
              24.080166912904282,
              53.623845461079426
            ],
            [
              24.080451170205084,
              53.6239895879546
            ],
            [
              24.080691766420486,
              53.62415939146786
            ],
            [
              24.080905070327187,
              53.624337888168796
            ],
            [
              24.08110831815056,
              53.62454469760474
            ],
            [
              24.081246734103615,
              53.624769556375675
            ],
            [
              24.081372420678168,
              53.62504841136796
            ],
            [
              24.08165785749888,
              53.62511020336138
            ],
            [
              24.081796403464597,
              53.625143291681646
            ],
            [
              24.0831952358642,
              53.62550945203336
            ],
            [
              24.085196932627394,
              53.625976929700705
            ],
            [
              24.085759306977565,
              53.626166953190285
            ],
            [
              24.085886513269838,
              53.62622557963202
            ],
            [
              24.08729860500162,
              53.626332100214796
            ],
            [
              24.08771805496828,
              53.62638802668273
            ],
            [
              24.0881122706972,
              53.62648975816698
            ],
            [
              24.089123551054495,
              53.62682134889073
            ],
            [
              24.0894793840707,
              53.626965706470656
            ],
            [
              24.089532270676628,
              53.62699184996951
            ],
            [
              24.090273752102604,
              53.62735828512018
            ],
            [
              24.09035212251401,
              53.62739885072541
            ],
            [
              24.09043920860471,
              53.62744605095639
            ],
            [
              24.090551739507077,
              53.62745110228621
            ],
            [
              24.09092900272146,
              53.627507464749094
            ],
            [
              24.091284553918005,
              53.62760112663509
            ],
            [
              24.092322233685845,
              53.62794021714136
            ],
            [
              24.092651495390527,
              53.62807120562235
            ],
            [
              24.092937404589332,
              53.628234107995
            ],
            [
              24.0931712752956,
              53.62842397555958
            ],
            [
              24.093346002080242,
              53.62863504038767
            ],
            [
              24.093729427211205,
              53.62922283360823
            ],
            [
              24.093808694609717,
              53.629368383011894
            ],
            [
              24.094365746448492,
              53.63063215106971
            ],
            [
              24.094685672137604,
              53.631357823477174
            ],
            [
              24.094755311011415,
              53.63161581757807
            ],
            [
              24.094739770528285,
              53.63187693297456
            ],
            [
              24.094639632120604,
              53.63213137413357
            ],
            [
              24.094458650990017,
              53.63236959572779
            ],
            [
              24.094209938098334,
              53.63257737862957
            ],
            [
              24.094256512185428,
              53.63267163416821
            ],
            [
              24.09429600564369,
              53.63293504167303
            ],
            [
              24.09424807567532,
              53.63319795649212
            ],
            [
              24.094114562624366,
              53.63345027485416
            ],
            [
              24.09390059599687,
              53.63368230003244
            ],
            [
              24.09361439753867,
              53.633885115026416
            ],
            [
              24.093266965411022,
              53.634050925298276
            ],
            [
              24.092871651580868,
              53.634173358384494
            ],
            [
              24.092443648659692,
              53.6342477088572
            ],
            [
              24.091999405919523,
              53.63427111921101
            ],
            [
              24.091555996949566,
              53.634242689714696
            ],
            [
              24.091448593734732,
              53.634229389298476
            ],
            [
              24.091436812954882,
              53.63422791110087
            ],
            [
              24.09017577534391,
              53.634067606090056
            ],
            [
              24.089728599557425,
              53.633981281757315
            ],
            [
              24.08932091293182,
              53.63384228497699
            ],
            [
              24.088970136398498,
              53.633656555405885
            ],
            [
              24.088691258448357,
              53.63343202961168
            ],
            [
              24.08849619465485,
              53.63317830185842
            ],
            [
              24.08842700019077,
              53.633056200614874
            ],
            [
              24.088329910595746,
              53.63281112660532
            ],
            [
              24.088311306760275,
              53.632559623384495
            ],
            [
              24.088371835201478,
              53.632310449977865
            ],
            [
              24.088537055271765,
              53.631903953022466
            ],
            [
              24.088703136188517,
              53.63162967812643
            ],
            [
              24.08896467697803,
              53.631382953202404
            ],
            [
              24.08930947093654,
              53.631175292008315
            ],
            [
              24.089721426942496,
              53.63101638518527
            ],
            [
              24.08981950964802,
              53.63098695030113
            ],
            [
              24.0894428378974,
              53.630132198108534
            ],
            [
              24.089035838350796,
              53.630109473534105
            ],
            [
              24.088585146356948,
              53.630026286774665
            ],
            [
              24.08817310951472,
              53.62988973386803
            ],
            [
              24.0878174686178,
              53.62970569443173
            ],
            [
              24.087549314379903,
              53.629534781543974
            ],
            [
              24.087321208385106,
              53.629411144900686
            ],
            [
              24.086732766736453,
              53.62912033149143
            ],
            [
              24.086292253187548,
              53.62897588872686
            ],
            [
              24.084695013477987,
              53.62885539424403
            ],
            [
              24.084299913942235,
              53.62880409007128
            ],
            [
              24.083926382552274,
              53.62871210180877
            ],
            [
              24.083586228743446,
              53.62858233776849
            ],
            [
              24.083225789135025,
              53.62841621689982
            ],
            [
              24.08148536641096,
              53.62800975030765
            ],
            [
              24.08140037674406,
              53.62798871231795
            ],
            [
              24.0800277027301,
              53.62762939600614
            ],
            [
              24.07870055929222,
              53.62734208248461
            ],
            [
              24.078307307522433,
              53.62723057756795
            ],
            [
              24.077957142638496,
              53.62707663513788
            ],
            [
              24.077662923160418,
              53.62688590840044
            ],
            [
              24.077435452715918,
              53.62666540130178
            ],
            [
              24.077283083349908,
              53.62642321127779
            ],
            [
              24.07705719415131,
              53.625921939483824
            ],
            [
              24.074311843520515,
              53.625114271563916
            ],
            [
              24.0728535681856,
              53.62468527579621
            ],
            [
              24.07260304050207,
              53.62459938664609
            ],
            [
              24.071886429905362,
              53.624316179112995
            ],
            [
              24.071743499966516,
              53.62425481380657
            ],
            [
              24.071233921060987,
              53.6240176327442
            ],
            [
              24.070551274062776,
              53.623786424129065
            ],
            [
              24.070187620186356,
              53.623633404708045
            ],
            [
              24.069881290981982,
              53.62344124797947
            ],
            [
              24.0696440584187,
              53.623217338896566
            ],
            [
              24.06948503851052,
              53.622970282591126
            ],
            [
              24.06941034109976,
              53.62270957361736
            ],
            [
              24.069422835242488,
              53.62244523103303
            ],
            [
              24.069522039184253,
              53.62218741334858
            ],
            [
              24.069704139119,
              53.62194602814532
            ],
            [
              24.069962135972865,
              53.6217303513643
            ],
            [
              24.07028611453835,
              53.62154867089155
            ],
            [
              24.070663624591337,
              53.62140796812782
            ],
            [
              24.07108015933242,
              53.621313649770165
            ],
            [
              24.071519712768463,
              53.62126934010123
            ],
            [
              24.07196539463076,
              53.62127674175863
            ],
            [
              24.072400079226686,
              53.62133557032764
            ],
            [
              24.07280706332518,
              53.62144356526699
            ],
            [
              24.07363464784634,
              53.62172385748705
            ]
          ]
        ]
      },
      "properties": {
        "id": 6,
        "name": "Река Неман (Гродненский район)",
        "type": "river",
        "type_ru": "Река",
        "district": "Гродненский",
        "region": "Гродненская область",
        "location_description": "от места впадения реки Котра около дер. Комотово до автомобильного моста дороги М-6/Е28 Минск – Гродно – граница Республики Польша (Брузги)",
        "activities": "подводная охота, лов рыбы на дорожку с судов с двигателями",
        "coordinate_source": "osm_geometry"
      }
    },
    {
      "type": "Feature",
      "geometry": {
        "type": "Polygon",
        "coordinates": [
          [
            [
              25.289992974845674,
              53.10837518167061
            ],
            [
              25.289620636718507,
              53.108261077056866
            ],
            [
              25.289274901461955,
              53.10809719853507
            ],
            [
              25.28898907012433,
              53.10789597773163
            ],
            [
              25.288774126796323,
              53.107665147913075
            ],
            [
              25.288638330809587,
              53.10741358013998
            ],
            [
              25.288586899460103,
              53.10715094229633
            ],
            [
              25.28862180770343,
              53.10688732751606
            ],
            [
              25.28874171249005,
              53.10663286629312
            ],
            [
              25.288942004613244,
              53.10639733718348
            ],
            [
              25.289214986041255,
              53.106189791058284
            ],
            [
              25.289550165888038,
              53.10601820334181
            ],
            [
              25.28993466362731,
              53.10588916758991
            ],
            [
              25.290353704046336,
              53.10580764217408
            ],
            [
              25.29079118492423,
              53.1057767597948
            ],
            [
              25.291230295638385,
              53.105797707135686
            ],
            [
              25.291385391004084,
              53.10581440662004
            ],
            [
              25.291869152620244,
              53.105901083028996
            ],
            [
              25.292308474666783,
              53.10605040672493
            ],
            [
              25.292323116511014,
              53.10605678538637
            ],
            [
              25.292681767899474,
              53.10610470542168
            ],
            [
              25.29329264986397,
              53.106179957979165
            ],
            [
              25.294099354724246,
              53.106227462155836
            ],
            [
              25.294178075922268,
              53.10623294045188
            ],
            [
              25.295146446355194,
              53.10631073803292
            ],
            [
              25.295650589670768,
              53.10638770611297
            ],
            [
              25.296111746162243,
              53.10653220268355
            ],
            [
              25.29611806555274,
              53.10653478170465
            ],
            [
              25.296350673188673,
              53.106547352447414
            ],
            [
              25.29680512320529,
              53.10660066783631
            ],
            [
              25.297060016270482,
              53.10664736643525
            ],
            [
              25.29751403205251,
              53.10676466473374
            ],
            [
              25.297914349258466,
              53.10693871299035
            ],
            [
              25.29824159964627,
              53.107161090690255
            ],
            [
              25.298343501519284,
              53.10724798912119
            ],
            [
              25.298544907221473,
              53.107462361335465
            ],
            [
              25.300828441397524,
              53.108375649230865
            ],
            [
              25.301279998050422,
              53.108614335954414
            ],
            [
              25.30170110089673,
              53.108905729964576
            ],
            [
              25.301795590025886,
              53.108986554082136
            ],
            [
              25.301836587228678,
              53.10900907123803
            ],
            [
              25.301986788175117,
              53.10911206910987
            ],
            [
              25.302082285789155,
              53.10919326613473
            ],
            [
              25.302257305506544,
              53.10925193589661
            ],
            [
              25.302580243487437,
              53.10941421847046
            ],
            [
              25.302847070298103,
              53.109609821705966
            ],
            [
              25.302946272397868,
              53.10969832015613
            ],
            [
              25.302972348323895,
              53.10972760340505
            ],
            [
              25.30298303441577,
              53.1097310603247
            ],
            [
              25.303326534883023,
              53.109902408919844
            ],
            [
              25.30360680455924,
              53.110111150221435
            ],
            [
              25.303812772798842,
              53.11034903968897
            ],
            [
              25.30385027510017,
              53.11040543903309
            ],
            [
              25.30387526442065,
              53.11045292811611
            ],
            [
              25.303902826581652,
              53.11047266213304
            ],
            [
              25.304808627136214,
              53.11113445030063
            ],
            [
              25.30510522824968,
              53.111173522038285
            ],
            [
              25.305181492853123,
              53.11119369444156
            ],
            [
              25.30539767786992,
              53.11117963338477
            ],
            [
              25.30580115667157,
              53.11119717805605
            ],
            [
              25.30619285939833,
              53.111257857262395
            ],
            [
              25.306455752619055,
              53.111314155599
            ],
            [
              25.3068388939533,
              53.11142155821306
            ],
            [
              25.307181737077375,
              53.1115701410944
            ],
            [
              25.307472144023215,
              53.111754644042115
            ],
            [
              25.30769983281748,
              53.11196853512131
            ],
            [
              25.30772759146594,
              53.11201023409799
            ],
            [
              25.30801417765267,
              53.11215690555605
            ],
            [
              25.3080517777657,
              53.112181005039226
            ],
            [
              25.3083042454143,
              53.1123758619752
            ],
            [
              25.308493333947375,
              53.11259507070315
            ],
            [
              25.30859780833734,
              53.11280180245428
            ],
            [
              25.308668797205957,
              53.112881126371875
            ],
            [
              25.30870899952035,
              53.1129391256729
            ],
            [
              25.308843205085118,
              53.11320957887308
            ],
            [
              25.308880735192457,
              53.113490873419934
            ],
            [
              25.308819945612495,
              53.11377069966317
            ],
            [
              25.308777907905196,
              53.113842203285216
            ],
            [
              25.308951536672264,
              53.1140400696107
            ],
            [
              25.30907467288776,
              53.114280910711955
            ],
            [
              25.309102924986085,
              53.11443342497824
            ],
            [
              25.309142877187195,
              53.11446793999743
            ],
            [
              25.309310397481035,
              53.11468894030796
            ],
            [
              25.30940920325217,
              53.11492438478892
            ],
            [
              25.309425306333267,
              53.11498558448938
            ],
            [
              25.30945089264205,
              53.1152518949921
            ],
            [
              25.309436105669178,
              53.115314663562295
            ],
            [
              25.30946507728964,
              53.115455381579295
            ],
            [
              25.309475991944016,
              53.11571974685476
            ],
            [
              25.309400766733173,
              53.11598031044277
            ],
            [
              25.30924229104528,
              53.116227058872674
            ],
            [
              25.309006653851462,
              53.116450509425306
            ],
            [
              25.308702909886744,
              53.11664207459661
            ],
            [
              25.308342731783757,
              53.11679439217514
            ],
            [
              25.307939961511824,
              53.116901608239274
            ],
            [
              25.307510078357655,
              53.11695960218748
            ],
            [
              25.307069603905006,
              53.116966145143756
            ],
            [
              25.306635466904027,
              53.11692098564267
            ],
            [
              25.306224352470743,
              53.116825859296675
            ],
            [
              25.305852060662904,
              53.1166844220733
            ],
            [
              25.305532899115914,
              53.1165021097504
            ],
            [
              25.305279133106428,
              53.116285928957645
            ],
            [
              25.305100514192876,
              53.116044187844146
            ],
            [
              25.305003905548816,
              53.115786176733586
            ],
            [
              25.305003636878777,
              53.11578487112298
            ],
            [
              25.30496570806658,
              53.11572609082299
            ],
            [
              25.30480752626511,
              53.11561448577909
            ],
            [
              25.30459125779218,
              53.11538025765298
            ],
            [
              25.30456596715975,
              53.11533241017267
            ],
            [
              25.30450750133392,
              53.115301854886006
            ],
            [
              25.30441360157331,
              53.115242253601245
            ],
            [
              25.304162819006137,
              53.11505114761353
            ],
            [
              25.303973300232336,
              53.11483611513421
            ],
            [
              25.30385120772725,
              53.11460414933698
            ],
            [
              25.30380831343861,
              53.11448664854786
            ],
            [
              25.303758296281227,
              53.114255741667705
            ],
            [
              25.303775181019272,
              53.11402311201723
            ],
            [
              25.30380903969009,
              53.11393065371646
            ],
            [
              25.303738967773015,
              53.113912780577124
            ],
            [
              25.303611197057283,
              53.11391278054508
            ],
            [
              25.30317293610082,
              53.113886882425
            ],
            [
              25.302751503766217,
              53.1138101832005
            ],
            [
              25.302363082196237,
              53.11368562798941
            ],
            [
              25.302022585658346,
              53.11351799946377
            ],
            [
              25.301909885654887,
              53.11345039796362
            ],
            [
              25.301597815419434,
              53.11321603875635
            ],
            [
              25.301379764435993,
              53.11294607390965
            ],
            [
              25.301310692345183,
              53.112828864715205
            ],
            [
              25.300444099492534,
              53.11219568462248
            ],
            [
              25.300139149098158,
              53.111981693025385
            ],
            [
              25.30006258884058,
              53.11196360332778
            ],
            [
              25.299713444901183,
              53.11183266048161
            ],
            [
              25.299657144308366,
              53.11180695983987
            ],
            [
              25.299349298519708,
              53.11163709365199
            ],
            [
              25.299099210261335,
              53.11143593397969
            ],
            [
              25.29904888891389,
              53.111374156569994
            ],
            [
              25.299036323174125,
              53.111369674046365
            ],
            [
              25.29868466818695,
              53.11117279247362
            ],
            [
              25.298582668892625,
              53.1111019910208
            ],
            [
              25.298344958122563,
              53.11090301392169
            ],
            [
              25.29817108338651,
              53.11068152165638
            ],
            [
              25.298117081616553,
              53.11055897745597
            ],
            [
              25.29809453862915,
              53.11054024824625
            ],
            [
              25.298078078578826,
              53.110517587749804
            ],
            [
              25.29602306040369,
              53.10969566993412
            ],
            [
              25.29534162855473,
              53.10949559087256
            ],
            [
              25.295234581696818,
              53.109455052559824
            ],
            [
              25.295187557927562,
              53.1094500735562
            ],
            [
              25.294793066965145,
              53.1093856338265
            ],
            [
              25.294424554976345,
              53.10927935547937
            ],
            [
              25.29409421989766,
              53.109134756450665
            ],
            [
              25.293812995671022,
              53.10895662309355
            ],
            [
              25.293807733391883,
              53.10895176315544
            ],
            [
              25.293753145008445,
              53.10892081656024
            ],
            [
              25.293621188076404,
              53.1089102148715
            ],
            [
              25.29273680301629,
              53.10885813574227
            ],
            [
              25.29250449459622,
              53.10883704615648
            ],
            [
              25.29176007268585,
              53.10874534333847
            ],
            [
              25.29172359859032,
              53.10874066039602
            ],
            [
              25.290892074392367,
              53.10862955699395
            ],
            [
              25.290457052237784,
              53.1085426669279
            ],
            [
              25.290060463026663,
              53.10840458300856
            ],
            [
              25.289992974845674,
              53.10837518167061
            ]
          ]
        ]
      },
      "properties": {
        "id": 7,
        "name": "Река Щара",
        "type": "river",
        "type_ru": "Река",
        "district": "Слонимский, Зельвенский, Дятловский",
        "region": "Гродненская область",
        "location_description": "от административной границы между Брестской областью и Слонимским районом до места впадения реки Хлоч у дер. Малая Воля Дятловского района",
        "activities": "подводная охота, лов рыбы на дорожку с судов с двигателями",
        "coordinate_source": "osm_geometry"
      }
    },
    {
      "type": "Feature",
      "geometry": {
        "type": "Polygon",
        "coordinates": [
          [
            [
              24.42467032170624,
              53.16323714656351
            ],
            [
              24.424584323857538,
              53.16322114743315
            ],
            [
              24.422226779849606,
              53.16311086733554
            ],
            [
              24.422109432429586,
              53.16316888145027
            ],
            [
              24.42174325740159,
              53.16331631298842
            ],
            [
              24.42133614177268,
              53.16341808109465
            ],
            [
              24.420903731873448,
              53.16347027454337
            ],
            [
              24.420462646421832,
              53.163470887387554
            ],
            [
              24.420029837654624,
              53.16341989607391
            ],
            [
              24.419621939623447,
              53.16331926034829
            ],
            [
              24.419254628736173,
              53.16317284791654
            ],
            [
              24.41894202115157,
              53.162986285760454
            ],
            [
              24.418696130210773,
              53.162766743829756
            ],
            [
              24.41852640477028,
              53.16252265943337
            ],
            [
              24.41843936617821,
              53.16226341293205
            ],
            [
              24.418438357830876,
              53.16199896720544
            ],
            [
              24.418523416908403,
              53.16173948475654
            ],
            [
              24.418691273184923,
              53.161494937172094
            ],
            [
              24.418935474922762,
              53.16127472194724
            ],
            [
              24.419246636978848,
              53.1610873013955
            ],
            [
              24.420064830623666,
              53.160682811203515
            ],
            [
              24.420422104323027,
              53.16053826344598
            ],
            [
              24.4208187917872,
              53.16043721396204
            ],
            [
              24.421240336461473,
              53.16038337073302
            ],
            [
              24.42167126990626,
              53.160378709510084
            ],
            [
              24.425185460466928,
              53.16054310435081
            ],
            [
              24.42567728369018,
              53.160599619564614
            ],
            [
              24.426584059094083,
              53.16076831449908
            ],
            [
              24.426950420799336,
              53.160858339807504
            ],
            [
              24.42728479087386,
              53.16098547573632
            ],
            [
              24.427341434437004,
              53.161016570967995
            ],
            [
              24.427389039260934,
              53.161015986668986
            ],
            [
              24.427474836581034,
              53.16101928656531
            ],
            [
              24.427531995869714,
              53.161024764119745
            ],
            [
              24.427608515487066,
              53.16101583518452
            ],
            [
              24.428132023077744,
              53.16094182333712
            ],
            [
              24.428646550906652,
              53.16086824846384
            ],
            [
              24.42944482456651,
              53.16075401604881
            ],
            [
              24.430533045976993,
              53.16058171543753
            ],
            [
              24.43270121972814,
              53.16021827664597
            ],
            [
              24.433263518468525,
              53.160019681857314
            ],
            [
              24.433976230560397,
              53.159579916792026
            ],
            [
              24.434037767425885,
              53.15954338011127
            ],
            [
              24.434340574679183,
              53.1593703837527
            ],
            [
              24.434976664487056,
              53.15870122966429
            ],
            [
              24.435225776443374,
              53.158489437854975
            ],
            [
              24.435537835142018,
              53.15831011768868
            ],
            [
              24.436520825980722,
              53.15784512916092
            ],
            [
              24.436915249583368,
              53.157695521657246
            ],
            [
              24.437352665175865,
              53.157597930088734
            ],
            [
              24.437814249354954,
              53.15755655408494
            ],
            [
              24.438280138957783,
              53.15757317415897
            ],
            [
              24.438730285599423,
              53.157647075108116
            ],
            [
              24.439344163418735,
              53.15779033069
            ],
            [
              24.442145624177606,
              53.1578476096137
            ],
            [
              24.442311948362438,
              53.157792333700115
            ],
            [
              24.44271277704244,
              53.157688196319945
            ],
            [
              24.442762691621635,
              53.157681679435285
            ],
            [
              24.442881377724653,
              53.157641314558916
            ],
            [
              24.442996775050805,
              53.157610815435866
            ],
            [
              24.44346362492812,
              53.15752233890108
            ],
            [
              24.443951340019492,
              53.15749651563249
            ],
            [
              24.44443682260884,
              53.15753456859441
            ],
            [
              24.44509660366088,
              53.157630965650306
            ],
            [
              24.445580423935354,
              53.157738140469924
            ],
            [
              24.445610362635847,
              53.15774999557786
            ],
            [
              24.445652189821246,
              53.157747743361796
            ],
            [
              24.446079087444293,
              53.15777380416657
            ],
            [
              24.446489969056714,
              53.15784798992949
            ],
            [
              24.446547721158552,
              53.15786214295023
            ],
            [
              24.446963235326958,
              53.15775976867112
            ],
            [
              24.447235799008286,
              53.157671097835376
            ],
            [
              24.447598574498837,
              53.15757678209336
            ],
            [
              24.44798328418711,
              53.15752200565291
            ],
            [
              24.44837804520826,
              53.1575084604333
            ],
            [
              24.449151520935946,
              53.15752275998329
            ],
            [
              24.449421297776826,
              53.15753753066075
            ],
            [
              24.45006106353994,
              53.157596016545334
            ],
            [
              24.450738120420908,
              53.15762991939106
            ],
            [
              24.451030428436987,
              53.15762430990949
            ],
            [
              24.451406772816092,
              53.15763602196587
            ],
            [
              24.451774577561206,
              53.15768523603728
            ],
            [
              24.452123523296432,
              53.15777057134711
            ],
            [
              24.452522315027146,
              53.15789236793614
            ],
            [
              24.452700385544574,
              53.15795302511139
            ],
            [
              24.453524630337835,
              53.15826436344468
            ],
            [
              24.453829348762227,
              53.15837821990039
            ],
            [
              24.453963078059207,
              53.15841748027034
            ],
            [
              24.45413192021661,
              53.15844742283519
            ],
            [
              24.45422971666544,
              53.15845104606758
            ],
            [
              24.454730459051355,
              53.158391713309356
            ],
            [
              24.455877308699403,
              53.158197988995674
            ],
            [
              24.45661042947973,
              53.15804985585351
            ],
            [
              24.456882360471916,
              53.15800605749437
            ],
            [
              24.457501642179484,
              53.157930859810214
            ],
            [
              24.457554711323148,
              53.157924812365195
            ],
            [
              24.458214691546445,
              53.15785451454001
            ],
            [
              24.458717297907214,
              53.15783530647222
            ],
            [
              24.45921443759746,
              53.157883617670414
            ],
            [
              24.459635225860133,
              53.157954215533586
            ],
            [
              24.460035358820875,
              53.15804680095595
            ],
            [
              24.460398920502602,
              53.158183233375226
            ],
            [
              24.460707217346066,
              53.15832512983779
            ],
            [
              24.460983231577995,
              53.15847553462685
            ],
            [
              24.46115973523023,
              53.15858910054774
            ],
            [
              24.461518761200203,
              53.15868206406995
            ],
            [
              24.461939116161066,
              53.158824776292626
            ],
            [
              24.46229897578449,
              53.15901800220198
            ],
            [
              24.462599377263864,
              53.159218097994824
            ],
            [
              24.462861560451994,
              53.15943170345467
            ],
            [
              24.463048976966718,
              53.15967193749934
            ],
            [
              24.46314831077963,
              53.15984080922773
            ],
            [
              24.463215306705376,
              53.159843386480624
            ],
            [
              24.463330286169867,
              53.15970366356489
            ],
            [
              24.463443289188703,
              53.159594065376126
            ],
            [
              24.463768237511623,
              53.159348253119646
            ],
            [
              24.46417907657762,
              53.15915408025942
            ],
            [
              24.464339473904595,
              53.15909498184183
            ],
            [
              24.46465060527288,
              53.15899945456649
            ],
            [
              24.46498265867603,
              53.15893397622977
            ],
            [
              24.465256650812748,
              53.15889377745686
            ],
            [
              24.46561260047316,
              53.158859386151214
            ],
            [
              24.46627987970171,
              53.15882748715039
            ],
            [
              24.466393506505035,
              53.15882378591847
            ],
            [
              24.467233280146676,
              53.158809186376956
            ],
            [
              24.467737935915483,
              53.15883460106314
            ],
            [
              24.468220327346362,
              53.158927050539226
            ],
            [
              24.468656013432472,
              53.15908185077091
            ],
            [
              24.468822211651876,
              53.15915724888124
            ],
            [
              24.469104904122883,
              53.15930964274641
            ],
            [
              24.469963471848356,
              53.159857909462225
            ],
            [
              24.470219462521356,
              53.159948258329315
            ],
            [
              24.470350496512104,
              53.159968009468614
            ],
            [
              24.47156746304332,
              53.16018380296493
            ],
            [
              24.472018046082887,
              53.160296846902845
            ],
            [
              24.473012838310922,
              53.16062661060781
            ],
            [
              24.473221261177724,
              53.160670711166176
            ],
            [
              24.47351737870247,
              53.16074811083358
            ],
            [
              24.473725034889988,
              53.16081339726491
            ],
            [
              24.474780227017597,
              53.16103344720001
            ],
            [
              24.475198931697314,
              53.16103788949273
            ],
            [
              24.47603636763172,
              53.16090843845058
            ],
            [
              24.47612940951691,
              53.16089531272583
            ],
            [
              24.479062523446512,
              53.16052072424155
            ],
            [
              24.479147837940012,
              53.16051085603612
            ],
            [
              24.48036660132597,
              53.16038445995106
            ],
            [
              24.48066943440781,
              53.16036558673312
            ],
            [
              24.48179669176579,
              53.160341334183734
            ],
            [
              24.482778582295644,
              53.160270091109524
            ],
            [
              24.48293280064448,
              53.160262116641064
            ],
            [
              24.48392036973092,
              53.160231517602085
            ],
            [
              24.484329130238187,
              53.160241178032564
            ],
            [
              24.48472821748592,
              53.160295054661866
            ],
            [
              24.48510443905959,
              53.16039136652711
            ],
            [
              24.485330067614363,
              53.160481085856624
            ],
            [
              24.485476846327767,
              53.16050318451129
            ],
            [
              24.48589563078301,
              53.16062554563315
            ],
            [
              24.486095378291783,
              53.16071866260696
            ],
            [
              24.486302639382494,
              53.16075250512928
            ],
            [
              24.48669567433301,
              53.16086963197744
            ],
            [
              24.487043306467434,
              53.16103028033006
            ],
            [
              24.487332306995253,
              53.161228337142404
            ],
            [
              24.487649536440042,
              53.1614941546509
            ],
            [
              24.487838443367252,
              53.16165088283053
            ],
            [
              24.48800638605842,
              53.161813332048844
            ],
            [
              24.48815084134878,
              53.161978089092464
            ],
            [
              24.488642380446382,
              53.162371845558354
            ],
            [
              24.489387396096717,
              53.16284557616892
            ],
            [
              24.489635257929457,
              53.1630343679942
            ],
            [
              24.489787086468873,
              53.16320564284266
            ],
            [
              24.48990025344608,
              53.16316241536722
            ],
            [
              24.490388548938846,
              53.16302220055976
            ],
            [
              24.49091857253064,
              53.16295597455682
            ],
            [
              24.49156804917308,
              53.1629228473471
            ],
            [
              24.492265228522985,
              53.16285857762989
            ],
            [
              24.492448052435936,
              53.1627519353284
            ],
            [
              24.492769631335555,
              53.162596130808545
            ],
            [
              24.493133330137805,
              53.16247823459929
            ],
            [
              24.49352686856507,
              53.16240222736702
            ],
            [
              24.493936959090238,
              53.16237067541481
            ],
            [
              24.494349755474595,
              53.162384644056715
            ],
            [
              24.49475132014469,
              53.16244366165839
            ],
            [
              24.4983395262343,
              53.1631862395994
            ],
            [
              24.49867645614731,
              53.163275052952216
            ],
            [
              24.49898472920389,
              53.16339560971405
            ],
            [
              24.50450447461848,
              53.16596294595731
            ],
            [
              24.504832245988528,
              53.16614988734984
            ],
            [
              24.505091018607192,
              53.166372356283475
            ],
            [
              24.506350026920703,
              53.167727265594465
            ],
            [
              24.50757607776577,
              53.167334112643104
            ],
            [
              24.508029496910495,
              53.16722479210557
            ],
            [
              24.508511592134518,
              53.167176732731484
            ],
            [
              24.50899962570309,
              53.16719220120683
            ],
            [
              24.50967690524787,
              53.167258399154235
            ],
            [
              24.50998964315967,
              53.16730290903971
            ],
            [
              24.511080113687214,
              53.167508402879086
            ],
            [
              24.511408462641445,
              53.16758777781711
            ],
            [
              24.511711981723153,
              53.16769704262095
            ],
            [
              24.51290500373998,
              53.16820711525574
            ],
            [
              24.51409967655481,
              53.16862714226089
            ],
            [
              24.514379155214343,
              53.168696497023916
            ],
            [
              24.514397609484064,
              53.16869631073465
            ],
            [
              24.51483860050377,
              53.168717938030326
            ],
            [
              24.515264008906676,
              53.16879087244901
            ],
            [
              24.51545874086382,
              53.16883709589801
            ],
            [
              24.515545804743297,
              53.16883135842505
            ],
            [
              24.515558116347524,
              53.16883195597936
            ],
            [
              24.515644969127475,
              53.16879406451176
            ],
            [
              24.516062289289135,
              53.168680782915345
            ],
            [
              24.516509230884076,
              53.168620510552195
            ],
            [
              24.51696727280793,
              53.16861574507657
            ],
            [
              24.51741743409138,
              53.16866668396666
            ],
            [
              24.51784106024437,
              53.16877121634347
            ],
            [
              24.518220596089613,
              53.16892501042093
            ],
            [
              24.518384194901646,
              53.169007008443465
            ],
            [
              24.518555720630108,
              53.16911146455512
            ],
            [
              24.5188406982202,
              53.16920676153622
            ],
            [
              24.5191937972273,
              53.169391459734165
            ],
            [
              24.520259732854523,
              53.17007868436886
            ],
            [
              24.520389481554272,
              53.17013837793731
            ],
            [
              24.52059656476075,
              53.17023368570538
            ],
            [
              24.52081358931858,
              53.170227730718565
            ],
            [
              24.521254139336175,
              53.170241588580595
            ],
            [
              24.52168171525746,
              53.1703066986647
            ],
            [
              24.52207988696003,
              53.17042055905146
            ],
            [
              24.52243335391723,
              53.17057879451587
            ],
            [
              24.522728533038336,
              53.17077532460915
            ],
            [
              24.522954080591166,
              53.17100259725825
            ],
            [
              24.523101328160294,
              53.17125187891652
            ],
            [
              24.523164615883488,
              53.171513590126
            ],
            [
              24.523141510142835,
              53.17177767360545
            ],
            [
              24.523032897316643,
              53.172033980725736
            ],
            [
              24.52284294995423,
              53.17227266152343
            ],
            [
              24.522578966637465,
              53.172484543263444
            ],
            [
              24.522251091650862,
              53.17266148299791
            ],
            [
              24.52187192521041,
              53.172796680563806
            ],
            [
              24.521456039219377,
              53.172884939980676
            ],
            [
              24.5210194171641,
              53.17292286919224
            ],
            [
              24.520585745141055,
              53.17293476842653
            ],
            [
              24.51998116776182,
              53.1729513678079
            ],
            [
              24.519587853971768,
              53.172941506845284
            ],
            [
              24.519203424375632,
              53.17289071640325
            ],
            [
              24.518839641924497,
              53.17280055059756
            ],
            [
              24.51850763763003,
              53.172673768361015
            ],
            [
              24.5176488894626,
              53.17227853243413
            ],
            [
              24.517369747249205,
              53.172150103141966
            ],
            [
              24.517091828216646,
              53.17199853400798
            ],
            [
              24.51663034980879,
              53.17170100276184
            ],
            [
              24.51662509492132,
              53.171700723931814
            ],
            [
              24.51645164099577,
              53.17166916533977
            ],
            [
              24.516385359923383,
              53.17167788956208
            ],
            [
              24.51595572630977,
              53.17170890596999
            ],
            [
              24.51552413189959,
              53.171690056988076
            ],
            [
              24.515106536086297,
              53.17162203960962
            ],
            [
              24.515014541818083,
              53.17159486242387
            ],
            [
              24.514950552197682,
              53.17159146410121
            ],
            [
              24.514535065549904,
              53.17151962824363
            ],
            [
              24.51402442822233,
              53.171398420583444
            ],
            [
              24.513987877657367,
              53.17139878940823
            ],
            [
              24.513529775195927,
              53.17137525337852
            ],
            [
              24.51308921482931,
              53.171296398637374
            ],
            [
              24.51223449425521,
              53.17108429247792
            ],
            [
              24.511956779336202,
              53.17100150702521
            ],
            [
              24.510541454155156,
              53.17050389353347
            ],
            [
              24.510373267433483,
              53.17043855703202
            ],
            [
              24.509389508274573,
              53.17001794619282
            ],
            [
              24.508985619408527,
              53.16994183487093
            ],
            [
              24.5071844313395,
              53.17051940027186
            ],
            [
              24.506815563200213,
              53.17061340965259
            ],
            [
              24.506424722704452,
              53.17066670069751
            ],
            [
              24.506024309676754,
              53.170677582684355
            ],
            [
              24.505627027725666,
              53.170645710368234
            ],
            [
              24.504643599108654,
              53.170512506285355
            ],
            [
              24.50419674144082,
              53.17042156984441
            ],
            [
              24.50379134761862,
              53.17027677080497
            ],
            [
              24.503445244949493,
              53.170084476924956
            ],
            [
              24.503173652761838,
              53.169853144521966
            ],
            [
              24.501382868747534,
              53.167925817814776
            ],
            [
              24.49651975951595,
              53.16566382455457
            ],
            [
              24.49444532081803,
              53.16523452591261
            ],
            [
              24.494168570052146,
              53.16532708052092
            ],
            [
              24.493803046438476,
              53.16542488194959
            ],
            [
              24.493414399906413,
              53.16548230772135
            ],
            [
              24.492176662364294,
              53.1655964112674
            ],
            [
              24.492025461978123,
              53.16560722397856
            ],
            [
              24.491851583886753,
              53.16561609327339
            ],
            [
              24.49173460146776,
              53.165660778299745
            ],
            [
              24.491436256912202,
              53.16575664092772
            ],
            [
              24.491117300637942,
              53.16582458844653
            ],
            [
              24.490310177981165,
              53.16595649244727
            ],
            [
              24.48985796579261,
              53.1660013831859
            ],
            [
              24.489399961759187,
              53.16599040378541
            ],
            [
              24.488291527974162,
              53.165895400830294
            ],
            [
              24.487825909279852,
              53.16582442972112
            ],
            [
              24.487396037365208,
              53.16569581657889
            ],
            [
              24.487021509646812,
              53.165515424864566
            ],
            [
              24.486496209570056,
              53.16520151787649
            ],
            [
              24.486218954550107,
              53.165000155290606
            ],
            [
              24.48601160154691,
              53.16477054278471
            ],
            [
              24.48583489702391,
              53.164519473397114
            ],
            [
              24.48528043554957,
              53.16416688996969
            ],
            [
              24.485116161512533,
              53.16404977411144
            ],
            [
              24.484440971498866,
              53.1635088639247
            ],
            [
              24.484315676304806,
              53.16338989159303
            ],
            [
              24.484298248865638,
              53.16338661866797
            ],
            [
              24.483898228104785,
              53.16325331076158
            ],
            [
              24.48355147761119,
              53.16307423089129
            ],
            [
              24.4833900143553,
              53.162971937229116
            ],
            [
              24.48333728440907,
              53.16295114594739
            ],
            [
              24.483242349544877,
              53.16295408713395
            ],
            [
              24.48224280148378,
              53.163026610715676
            ],
            [
              24.48205320900895,
              53.16303551238558
            ],
            [
              24.480983264080365,
              53.163058532993205
            ],
            [
              24.479957604552375,
              53.16316490228144
            ],
            [
              24.477113575527333,
              53.16352811478807
            ],
            [
              24.47602643436098,
              53.16369616423883
            ],
            [
              24.475424905358235,
              53.16373866954464
            ],
            [
              24.47434097130655,
              53.163727169183474
            ],
            [
              24.47398635594519,
              53.16370649012029
            ],
            [
              24.47364163160583,
              53.163652510119164
            ],
            [
              24.47208889108916,
              53.16332870050695
            ],
            [
              24.47178317030597,
              53.163249283134355
            ],
            [
              24.471570982514073,
              53.163182571361354
            ],
            [
              24.471338984456914,
              53.16313348172564
            ],
            [
              24.47099911615228,
              53.163041953733014
            ],
            [
              24.470055701228855,
              53.16272921824331
            ],
            [
              24.469163342621847,
              53.16257098301072
            ],
            [
              24.468934279444678,
              53.162542421562996
            ],
            [
              24.468581834044155,
              53.16248010048306
            ],
            [
              24.468251009291933,
              53.162384215451894
            ],
            [
              24.467402694278135,
              53.16208480734256
            ],
            [
              24.46690382218693,
              53.16184564954871
            ],
            [
              24.46675416159861,
              53.16175007654035
            ],
            [
              24.466623329753507,
              53.16189277669517
            ],
            [
              24.466510731569507,
              53.16198507840777
            ],
            [
              24.46619655861529,
              53.16219315686138
            ],
            [
              24.46581736528141,
              53.16235775148898
            ],
            [
              24.465389567538477,
              53.16247173640955
            ],
            [
              24.465141460903904,
              53.16252003785335
            ],
            [
              24.464745965252387,
              53.162573986618646
            ],
            [
              24.46434074037096,
              53.16258448663329
            ],
            [
              24.463802523511873,
              53.16256928615591
            ],
            [
              24.463764360990652,
              53.16256801341319
            ],
            [
              24.46288227592713,
              53.1625340838494
            ],
            [
              24.462249264450314,
              53.16253762198384
            ],
            [
              24.46186607079759,
              53.162520083754565
            ],
            [
              24.461493445780867,
              53.1624637026019
            ],
            [
              24.460906030415714,
              53.16234199898644
            ],
            [
              24.460450963594862,
              53.16221188212064
            ],
            [
              24.460055648246392,
              53.16202427943782
            ],
            [
              24.459739933710733,
              53.161788611159345
            ],
            [
              24.459385442619197,
              53.16145290551556
            ],
            [
              24.459164552243145,
              53.16117993117636
            ],
            [
              24.459047539447226,
              53.160980975183165
            ],
            [
              24.45894306874473,
              53.16095392335023
            ],
            [
              24.45853853710573,
              53.16081795674605
            ],
            [
              24.458189096273404,
              53.16063514954352
            ],
            [
              24.45814329193994,
              53.16060567717013
            ],
            [
              24.45791373049716,
              53.160633552140716
            ],
            [
              24.45726049253591,
              53.16076554455871
            ],
            [
              24.457152125112287,
              53.160785631687695
            ],
            [
              24.455864489252864,
              53.16100313826644
            ],
            [
              24.455690602170975,
              53.16102808464866
            ],
            [
              24.45481707629085,
              53.161131587839165
            ],
            [
              24.454242151013833,
              53.16115461294914
            ],
            [
              24.453599730939946,
              53.16113081220203
            ],
            [
              24.453100372332855,
              53.16107798451355
            ],
            [
              24.452505455973157,
              53.160972481333545
            ],
            [
              24.45215419536722,
              53.16089044104763
            ],
            [
              24.45174748664065,
              53.160771037677144
            ],
            [
              24.45154696894057,
              53.16070436849523
            ],
            [
              24.4511401623048,
              53.16055236444076
            ],
            [
              24.451130863968622,
              53.16054887116771
            ],
            [
              24.45054011201451,
              53.16032572541611
            ],
            [
              24.450493073012225,
              53.16032500146046
            ],
            [
              24.449610345560743,
              53.160280800075256
            ],
            [
              24.449458502854295,
              53.160270070408025
            ],
            [
              24.448877234906004,
              53.16021693271264
            ],
            [
              24.44882637939723,
              53.160215992623
            ],
            [
              24.44878513240387,
              53.160227741713605
            ],
            [
              24.447405099060344,
              53.16056775159604
            ],
            [
              24.446986838365515,
              53.160643308734926
            ],
            [
              24.44655210877934,
              53.160668979938585
            ],
            [
              24.446117299691796,
              53.16064379739682
            ],
            [
              24.445698803490878,
              53.16056871049731
            ],
            [
              24.44537022857329,
              53.160488190126834
            ],
            [
              24.44515072779282,
              53.16050038044994
            ],
            [
              24.44473597614358,
              53.160477174030014
            ],
            [
              24.444515869585675,
              53.16045237326374
            ],
            [
              24.444145811643143,
              53.160390673340295
            ],
            [
              24.44393140530313,
              53.16032981356737
            ],
            [
              24.443471152823264,
              53.16043805144233
            ],
            [
              24.442963838280747,
              53.160512953727384
            ],
            [
              24.442349278600624,
              53.160551298013694
            ],
            [
              24.438808167510775,
              53.16047889573437
            ],
            [
              24.43848782242545,
              53.16045605251676
            ],
            [
              24.438086422204133,
              53.16087835143022
            ],
            [
              24.437683804329975,
              53.161186992672896
            ],
            [
              24.437173258228036,
              53.16147868567984
            ],
            [
              24.43627984130605,
              53.16202997388697
            ],
            [
              24.435808207971093,
              53.16225219625694
            ],
            [
              24.434731988937802,
              53.1626323065491
            ],
            [
              24.434195868410118,
              53.16276915271292
            ],
            [
              24.43172899957493,
              53.16318266522523
            ],
            [
              24.43169771878937,
              53.16318776297164
            ],
            [
              24.430567786846357,
              53.163366668406184
            ],
            [
              24.430515674453954,
              53.16337452136904
            ],
            [
              24.429691050679494,
              53.16349252497499
            ],
            [
              24.42917319640236,
              53.16356657578013
            ],
            [
              24.42916761923794,
              53.16356736877565
            ],
            [
              24.428598202786837,
              53.16364787123721
            ],
            [
              24.42851165804775,
              53.163659033741745
            ],
            [
              24.428015443318365,
              53.16371693552709
            ],
            [
              24.427998115812652,
              53.163718915150596
            ],
            [
              24.427839811091435,
              53.163736615697175
            ],
            [
              24.427378630565283,
              53.16375916488008
            ],
            [
              24.427261235356905,
              53.16375034694705
            ],
            [
              24.427226245263277,
              53.16375367618467
            ],
            [
              24.42688313454175,
              53.16376647658546
            ],
            [
              24.42640187623369,
              53.16375345028366
            ],
            [
              24.425936275049256,
              53.16367930042445
            ],
            [
              24.425517864587952,
              53.16358289759544
            ],
            [
              24.425057893825887,
              53.16343843277246
            ],
            [
              24.42467032170624,
              53.16323714656351
            ]
          ]
        ]
      },
      "properties": {
        "id": 8,
        "name": "Река Россь",
        "type": "river",
        "type_ru": "Река",
        "district": "Волковысский",
        "region": "Гродненская область",
        "location_description": "в пределах Волковысского района",
        "activities": "подводная охота, лов рыбы на дорожку с судов с двигателями",
        "coordinate_source": "osm_geometry"
      }
    },
    {
      "type": "Feature",
      "geometry": {
        "type": "Polygon",
        "coordinates": [
          [
            [
              25.40571280675276,
              53.083658335877985
            ],
            [
              25.405754806834715,
              53.08364167402551
            ],
            [
              25.406127023233598,
              53.083546286458166
            ],
            [
              25.40623792920403,
              53.08352472282847
            ],
            [
              25.406238646709554,
              53.083524350018806
            ],
            [
              25.40652485312124,
              53.08337443035095
            ],
            [
              25.406942088598164,
              53.08320147287297
            ],
            [
              25.407326270163914,
              53.08310987345294
            ],
            [
              25.407419231312964,
              53.08304022929598
            ],
            [
              25.407497516871384,
              53.082994392815856
            ],
            [
              25.407786048551877,
              53.082775653018786
            ],
            [
              25.407952448282252,
              53.082679355192035
            ],
            [
              25.408441144699278,
              53.08246461911362
            ],
            [
              25.408715639353566,
              53.0823753215742
            ],
            [
              25.409087697087575,
              53.08227922854683
            ],
            [
              25.409482435683344,
              53.08222483395259
            ],
            [
              25.40988701929881,
              53.08221390654965
            ],
            [
              25.410288292047873,
              53.08224680166547
            ],
            [
              25.410299678450183,
              53.082249039483536
            ],
            [
              25.41036729919694,
              53.08221775928319
            ],
            [
              25.41076205013767,
              53.08210034201461
            ],
            [
              25.411066608853165,
              53.082051021599426
            ],
            [
              25.411268229479795,
              53.081948933574154
            ],
            [
              25.41150232625852,
              53.08185273606217
            ],
            [
              25.411608373708255,
              53.081818937959994
            ],
            [
              25.411753973368516,
              53.081616906333046
            ],
            [
              25.411980501760127,
              53.081413710626215
            ],
            [
              25.412264377230112,
              53.081238419028665
            ],
            [
              25.412523175592554,
              53.081105222198275
            ],
            [
              25.4125850718394,
              53.08107870898416
            ],
            [
              25.4126489774185,
              53.08098411368377
            ],
            [
              25.412747286786537,
              53.08083487578967
            ],
            [
              25.41292222741668,
              53.08062486123732
            ],
            [
              25.4131551485011,
              53.08043625296412
            ],
            [
              25.413329650595816,
              53.08031803163667
            ],
            [
              25.41342762321929,
              53.0802450595274
            ],
            [
              25.413475676151172,
              53.08020929549378
            ],
            [
              25.413564308375424,
              53.080143220779554
            ],
            [
              25.41391068869004,
              53.07993594881738
            ],
            [
              25.4140447875055,
              53.079871550393555
            ],
            [
              25.414430989868386,
              53.07972220605953
            ],
            [
              25.41480108218835,
              53.07960940921148
            ],
            [
              25.415294813443065,
              53.07950042419907
            ],
            [
              25.415817203191015,
              53.0794634194578
            ],
            [
              25.416021096801817,
              53.07946341945769
            ],
            [
              25.416548574770836,
              53.07950115900732
            ],
            [
              25.417046540485945,
              53.07961226703038
            ],
            [
              25.41724503641015,
              53.07967346532417
            ],
            [
              25.417685958904983,
              53.0798518950314
            ],
            [
              25.418044703504236,
              53.08008758642648
            ],
            [
              25.418066671325267,
              53.080105991649596
            ],
            [
              25.418111931181596,
              53.080105196321526
            ],
            [
              25.418579568281146,
              53.08012640494594
            ],
            [
              25.418780366966004,
              53.08016168635737
            ],
            [
              25.41891189664239,
              53.08000757789375
            ],
            [
              25.419173488728216,
              53.07980645252996
            ],
            [
              25.419493460961007,
              53.079638524325844
            ],
            [
              25.419860359062923,
              53.079509804409504
            ],
            [
              25.4200802541527,
              53.07944860614948
            ],
            [
              25.42051506306468,
              53.07935876027747
            ],
            [
              25.42097122012376,
              53.07932399633199
            ],
            [
              25.42119651306994,
              53.07932079643216
            ],
            [
              25.421252306535305,
              53.079323125752886
            ],
            [
              25.421381066494103,
              53.079210652136936
            ],
            [
              25.42171821739173,
              53.07901787403885
            ],
            [
              25.421906015503094,
              53.07893087619759
            ],
            [
              25.422277413334204,
              53.07879124723189
            ],
            [
              25.422686874178016,
              53.07869759609401
            ],
            [
              25.422981865922225,
              53.07864929755415
            ],
            [
              25.423401623757766,
              53.07860572586057
            ],
            [
              25.423827526185576,
              53.07861055341888
            ],
            [
              25.424015320415585,
              53.078623453017265
            ],
            [
              25.424494487156416,
              53.07868887227233
            ],
            [
              25.42493849754202,
              53.07881533165374
            ],
            [
              25.42512745538186,
              53.078903788801455
            ],
            [
              25.425527158239177,
              53.07888248981904
            ],
            [
              25.426009485449374,
              53.078919932561426
            ],
            [
              25.426052954854903,
              53.078929331760364
            ],
            [
              25.426069190348624,
              53.07892406747648
            ],
            [
              25.42625128611279,
              53.07887636884655
            ],
            [
              25.426655129962473,
              53.0787969325325
            ],
            [
              25.427076653411486,
              53.0787646177464
            ],
            [
              25.427366244351184,
              53.078759017921776
            ],
            [
              25.42773752616627,
              53.07877033231308
            ],
            [
              25.42810061351823,
              53.078818287006065
            ],
            [
              25.428341715585066,
              53.078862975713285
            ],
            [
              25.428443252630682,
              53.07887355154441
            ],
            [
              25.428837652166848,
              53.07893727344397
            ],
            [
              25.42920631810836,
              53.079042851057515
            ],
            [
              25.42950511289763,
              53.07914944818554
            ],
            [
              25.429904404356595,
              53.07933088917892
            ],
            [
              25.42994669155007,
              53.07936106194333
            ],
            [
              25.43031476965098,
              53.07935599478845
            ],
            [
              25.430524963108002,
              53.07936439452585
            ],
            [
              25.431003506428365,
              53.07941517112287
            ],
            [
              25.43114220909334,
              53.07943942250294
            ],
            [
              25.431159233128668,
              53.07943765177105
            ],
            [
              25.431617257060292,
              53.07944672677696
            ],
            [
              25.43206267800015,
              53.07951146582761
            ],
            [
              25.43247694796407,
              53.07962917310771
            ],
            [
              25.432842815801045,
              53.079794947107665
            ],
            [
              25.43297948742169,
              53.07987119186744
            ],
            [
              25.43303056579761,
              53.07987051524068
            ],
            [
              25.433471844267334,
              53.07991818560309
            ],
            [
              25.433602540649517,
              53.079940584928146
            ],
            [
              25.433944707799615,
              53.080017808334226
            ],
            [
              25.434256492985362,
              53.08012562417755
            ],
            [
              25.434423298845292,
              53.08003792617336
            ],
            [
              25.43479814042174,
              53.079907296911195
            ],
            [
              25.435207769270537,
              53.07982234679272
            ],
            [
              25.435441262566968,
              53.07978864781959
            ],
            [
              25.436053764701555,
              53.07975235237261
            ],
            [
              25.436291857257764,
              53.079757952197376
            ],
            [
              25.436674880341137,
              53.0797869072789
            ],
            [
              25.436965722750664,
              53.07984043520074
            ],
            [
              25.437198854822242,
              53.07976861039172
            ],
            [
              25.43746740220052,
              53.07972146476689
            ],
            [
              25.437542596659103,
              53.07966235989168
            ],
            [
              25.437948944189355,
              53.07946326224479
            ],
            [
              25.43805164257673,
              53.07942396328342
            ],
            [
              25.438462644583456,
              53.07930020513492
            ],
            [
              25.438733403346724,
              53.079257011286565
            ],
            [
              25.438799467025337,
              53.07921446471919
            ],
            [
              25.439174832656427,
              53.079055132224255
            ],
            [
              25.43959633605781,
              53.07894504424105
            ],
            [
              25.43969903330046,
              53.07892544482643
            ],
            [
              25.44016775725132,
              53.078868101032285
            ],
            [
              25.440541724381212,
              53.0788709094858
            ],
            [
              25.440768226715157,
              53.07885669063102
            ],
            [
              25.44098214334673,
              53.07886599284585
            ],
            [
              25.4410911767428,
              53.07885931200596
            ],
            [
              25.44161536592635,
              53.0787800933372
            ],
            [
              25.442036351766397,
              53.07870605894419
            ],
            [
              25.442109349927566,
              53.07869621375553
            ],
            [
              25.442210570146404,
              53.07866540630246
            ],
            [
              25.443275343798405,
              53.07841581358908
            ],
            [
              25.44333875182247,
              53.078401607340204
            ],
            [
              25.443437437083254,
              53.078380509282674
            ],
            [
              25.44347929021569,
              53.07833975567903
            ],
            [
              25.44386984248851,
              53.07811034917188
            ],
            [
              25.444116339931576,
              53.0779972519883
            ],
            [
              25.444464745291224,
              53.07786587619204
            ],
            [
              25.444847196317227,
              53.077774882381355
            ],
            [
              25.445095380875376,
              53.07773113964614
            ],
            [
              25.44575849187178,
              53.07757233138511
            ],
            [
              25.44618464523927,
              53.07749859040565
            ],
            [
              25.446464836895228,
              53.0774676913582
            ],
            [
              25.44660271695579,
              53.077459572834506
            ],
            [
              25.446615840383934,
              53.07744708403346
            ],
            [
              25.44691892648391,
              53.07725530114919
            ],
            [
              25.447278468136066,
              53.077102723355566
            ],
            [
              25.447680648878393,
              53.07699521368938
            ],
            [
              25.44811001417623,
              53.07693690333821
            ],
            [
              25.448550065172192,
              53.07693003293425
            ],
            [
              25.448983892513322,
              53.07697486647889
            ],
            [
              25.449394825930572,
              53.07706968120086
            ],
            [
              25.44976707464377,
              53.07721083373767
            ],
            [
              25.45008633401575,
              53.07739290010001
            ],
            [
              25.450340335169226,
              53.077608884048324
            ],
            [
              25.45044710851067,
              53.07772172411814
            ],
            [
              25.450463734879836,
              53.07773735912628
            ],
            [
              25.45085510142449,
              53.077942793897094
            ],
            [
              25.450967202039678,
              53.078018492320524
            ],
            [
              25.451238492915074,
              53.07824514373528
            ],
            [
              25.45142631795682,
              53.07850048617372
            ],
            [
              25.451522632344837,
              53.07877358503331
            ],
            [
              25.451523309750264,
              53.079052745110936
            ],
            [
              25.451504615372485,
              53.07916224546085
            ],
            [
              25.45142765617746,
              53.07939995966474
            ],
            [
              25.451281182682887,
              53.079625577618685
            ],
            [
              25.45106991442302,
              53.07983182805953
            ],
            [
              25.450800659424488,
              53.08001206380543
            ],
            [
              25.450665259009416,
              53.080087765541855
            ],
            [
              25.450276074215132,
              53.08026226260674
            ],
            [
              25.449833535134903,
              53.08038241753088
            ],
            [
              25.44935833915926,
              53.080442610616174
            ],
            [
              25.44917153339281,
              53.0804538109656
            ],
            [
              25.44872149885495,
              53.08045357093688
            ],
            [
              25.448280581358265,
              53.08039943266505
            ],
            [
              25.447866489361356,
              53.080293570500054
            ],
            [
              25.44767968578264,
              53.08023186880598
            ],
            [
              25.44767353597653,
              53.08022982997074
            ],
            [
              25.447560006171663,
              53.080192052263136
            ],
            [
              25.44755799463997,
              53.08019666242453
            ],
            [
              25.44750199840527,
              53.08028636341135
            ],
            [
              25.44728748905285,
              53.08054295515223
            ],
            [
              25.44698743197498,
              53.0807664631643
            ],
            [
              25.446615420681322,
              53.08094676094634
            ],
            [
              25.446188309374378,
              53.08107567961438
            ],
            [
              25.446038805606108,
              53.081109380603195
            ],
            [
              25.445597072592545,
              53.08117915387504
            ],
            [
              25.445140973214745,
              53.08119379566331
            ],
            [
              25.444689375910485,
              53.08115270024963
            ],
            [
              25.44454467181111,
              53.08113029957002
            ],
            [
              25.444288552600405,
              53.08107441212549
            ],
            [
              25.44415107965705,
              53.081106637097164
            ],
            [
              25.44412414892425,
              53.08111917400616
            ],
            [
              25.44372013271064,
              53.081238915111285
            ],
            [
              25.443284456376926,
              53.08130780574151
            ],
            [
              25.443160280370535,
              53.0813196076802
            ],
            [
              25.442835973477678,
              53.08137664016322
            ],
            [
              25.442752933022714,
              53.081390211407886
            ],
            [
              25.44202901241662,
              53.08149961473299
            ],
            [
              25.4417163320421,
              53.08153264191225
            ],
            [
              25.441632846184195,
              53.08159522202497
            ],
            [
              25.441337090709148,
              53.08175099222097
            ],
            [
              25.441000623652087,
              53.081873375907556
            ],
            [
              25.440633767440755,
              53.081958618382856
            ],
            [
              25.440423561641733,
              53.08199511948179
            ],
            [
              25.440079002615004,
              53.08203772213353
            ],
            [
              25.4398833795831,
              53.08204315496321
            ],
            [
              25.439882591227676,
              53.08204340493146
            ],
            [
              25.439863815730305,
              53.08207836584975
            ],
            [
              25.43967097218871,
              53.08233914488389
            ],
            [
              25.439391120473882,
              53.08256972417372
            ],
            [
              25.439036781769598,
              53.08275978603935
            ],
            [
              25.438623810950983,
              53.082900825702175
            ],
            [
              25.43844160671121,
              53.08294852707256
            ],
            [
              25.43801574224285,
              53.08303082301162
            ],
            [
              25.437571169769203,
              53.08306078398831
            ],
            [
              25.437125531033765,
              53.08303722107503
            ],
            [
              25.436952725905115,
              53.08301752046858
            ],
            [
              25.43670300090117,
              53.08297104240666
            ],
            [
              25.436507183265274,
              53.08306325641878
            ],
            [
              25.436357780846905,
              53.08311935790956
            ],
            [
              25.435933970767213,
              53.083243442586664
            ],
            [
              25.435476369163663,
              53.083311645195145
            ],
            [
              25.43534096504197,
              53.08332294554596
            ],
            [
              25.434810083421144,
              53.083329184614065
            ],
            [
              25.434317875985496,
              53.08326387105643
            ],
            [
              25.43417156082565,
              53.083257497901094
            ],
            [
              25.433750529784152,
              53.08318830659673
            ],
            [
              25.433670978039924,
              53.083164529237074
            ],
            [
              25.433413462065392,
              53.08322538836891
            ],
            [
              25.43326865796625,
              53.08324788905157
            ],
            [
              25.43263024832223,
              53.08329010888701
            ],
            [
              25.432354739703317,
              53.08328450871169
            ],
            [
              25.431833329440117,
              53.08323668370068
            ],
            [
              25.431562421879462,
              53.08319178234436
            ],
            [
              25.431234450155355,
              53.08312054907197
            ],
            [
              25.430928794699877,
              53.08301967469717
            ],
            [
              25.430793392675138,
              53.08296637330013
            ],
            [
              25.430376090386726,
              53.08275433079987
            ],
            [
              25.43008667444683,
              53.082513213342594
            ],
            [
              25.430046993950615,
              53.08252053630977
            ],
            [
              25.429561750746984,
              53.08254416223187
            ],
            [
              25.42939364548519,
              53.08254136214418
            ],
            [
              25.42892235393063,
              53.08250325742823
            ],
            [
              25.428474986747297,
              53.08240639944789
            ],
            [
              25.42807160372598,
              53.082255131330584
            ],
            [
              25.42796420269974,
              53.08220463008444
            ],
            [
              25.42786436795737,
              53.08214564172422
            ],
            [
              25.42755569256896,
              53.08221824500934
            ],
            [
              25.427097582037657,
              53.08226435370047
            ],
            [
              25.426633478473516,
              53.082252865821786
            ],
            [
              25.42618323728709,
              53.08218427285102
            ],
            [
              25.425954331462123,
              53.082133771365534
            ],
            [
              25.425590206369048,
              53.08203032130375
            ],
            [
              25.42542515435917,
              53.081959332726505
            ],
            [
              25.425234998863758,
              53.08200449251547
            ],
            [
              25.42485812720938,
              53.082071765339975
            ],
            [
              25.424467498644965,
              53.08209852749285
            ],
            [
              25.424075086242627,
              53.08208395869204
            ],
            [
              25.4239483372014,
              53.08207250052494
            ],
            [
              25.423867252656617,
              53.082108800758164
            ],
            [
              25.42370635010474,
              53.082170002378476
            ],
            [
              25.42370252248628,
              53.082171105774734
            ],
            [
              25.423698216184864,
              53.082177315743046
            ],
            [
              25.42348891836774,
              53.08241117908823
            ],
            [
              25.423207412373642,
              53.082615887521285
            ],
            [
              25.42286460346351,
              53.08278351015843
            ],
            [
              25.422473772396565,
              53.08290755282326
            ],
            [
              25.42232896889514,
              53.08294305385322
            ],
            [
              25.421703634820492,
              53.08303639369598
            ],
            [
              25.421541678450662,
              53.08304611598561
            ],
            [
              25.421265532257973,
              53.083078812647116
            ],
            [
              25.421108079405574,
              53.083093989231784
            ],
            [
              25.42057336303341,
              53.08313389047247
            ],
            [
              25.420258052113603,
              53.08314398284482
            ],
            [
              25.419946942368565,
              53.08314078274444
            ],
            [
              25.419518292107522,
              53.08311147942133
            ],
            [
              25.419266184729423,
              53.08307927843424
            ],
            [
              25.419233299283217,
              53.083072661866254
            ],
            [
              25.419158997201215,
              53.08310937756894
            ],
            [
              25.418770238511375,
              53.08323444672624
            ],
            [
              25.41834828320648,
              53.08331147115428
            ],
            [
              25.417909403108094,
              53.08333748054331
            ],
            [
              25.41771089688741,
              53.08333748054322
            ],
            [
              25.417338935501768,
              53.08331884948505
            ],
            [
              25.416977249131637,
              53.08326347158791
            ],
            [
              25.416635828795602,
              53.08317287658824
            ],
            [
              25.416458725371537,
              53.083114874992354
            ],
            [
              25.416183614005945,
              53.0829990902752
            ],
            [
              25.415936829829793,
              53.083111595339645
            ],
            [
              25.415883894110696,
              53.083126323545024
            ],
            [
              25.415831676346063,
              53.08324303854876
            ],
            [
              25.41561002028908,
              53.083500250272714
            ],
            [
              25.415302062018554,
              53.0837231134069
            ],
            [
              25.415125768128668,
              53.083805791044554
            ],
            [
              25.41483346612827,
              53.08398842534166
            ],
            [
              25.414488295389734,
              53.08413533426644
            ],
            [
              25.41424723977154,
              53.08420135624058
            ],
            [
              25.41401667454157,
              53.084360909413604
            ],
            [
              25.413814043581286,
              53.08445201665113
            ],
            [
              25.413519988617512,
              53.084636590247655
            ],
            [
              25.413163661489772,
              53.084787169459666
            ],
            [
              25.412765633182,
              53.08489359223162
            ],
            [
              25.41263622976174,
              53.084919493001614
            ],
            [
              25.41227182052543,
              53.08497261167661
            ],
            [
              25.41189777576077,
              53.0849885724991
            ],
            [
              25.41176645373998,
              53.08498095829161
            ],
            [
              25.41150710280689,
              53.08502806173645
            ],
            [
              25.411096715448018,
              53.08505517383434
            ],
            [
              25.410879567674407,
              53.085045434194384
            ],
            [
              25.410875823754868,
              53.085046200370066
            ],
            [
              25.41042827492272,
              53.08510799798647
            ],
            [
              25.410396550627702,
              53.08510840082007
            ],
            [
              25.410286456372127,
              53.08517272248808
            ],
            [
              25.410039954465173,
              53.085294825440236
            ],
            [
              25.409655739525736,
              53.08544824727089
            ],
            [
              25.409409234575033,
              53.085526049429156
            ],
            [
              25.409121093821945,
              53.0855940342232
            ],
            [
              25.408992444371584,
              53.085660881256274
            ],
            [
              25.40886116974119,
              53.08572916122472
            ],
            [
              25.408533398729304,
              53.085870803887026
            ],
            [
              25.40816869649015,
              53.0859749063888
            ],
            [
              25.4081634407789,
              53.08597607169604
            ],
            [
              25.408102113660718,
              53.08601187054259
            ],
            [
              25.40777566308259,
              53.08614468011448
            ],
            [
              25.407415572344213,
              53.08624115426848
            ],
            [
              25.406983861068507,
              53.08633045691431
            ],
            [
              25.406600028340787,
              53.08638773377268
            ],
            [
              25.406205418501237,
              53.086403684111986
            ],
            [
              25.405812268695655,
              53.08637781330011
            ],
            [
              25.405602307659663,
              53.086352606152005
            ],
            [
              25.405433358534296,
              53.0863392570237
            ],
            [
              25.405004555645444,
              53.08627923139493
            ],
            [
              25.404603491425462,
              53.08617011343346
            ],
            [
              25.404245579578085,
              53.08601609683424
            ],
            [
              25.403944574957436,
              53.08582310081324
            ],
            [
              25.403712044900164,
              53.08559854256771
            ],
            [
              25.403556924714785,
              53.08535105216604
            ],
            [
              25.403485174408015,
              53.08509014083506
            ],
            [
              25.403499549823973,
              53.084825835401745
            ],
            [
              25.40359949696396,
              53.08456829294502
            ],
            [
              25.403781173513728,
              53.084327410469456
            ],
            [
              25.404037596714854,
              53.08411244460069
            ],
            [
              25.404358911865074,
              53.083931655912046
            ],
            [
              25.40473277110546,
              53.08379199154314
            ],
            [
              25.405144807926114,
              53.08369881829639
            ],
            [
              25.405579189157912,
              53.083655716457976
            ],
            [
              25.40571280675276,
              53.083658335877985
            ]
          ]
        ]
      },
      "properties": {
        "id": 9,
        "name": "Река Молчадь",
        "type": "river",
        "type_ru": "Река",
        "district": "Дятловский",
        "region": "Гродненская область",
        "location_description": "в пределах Дятловского района",
        "activities": "подводная охота, лов рыбы на дорожку с судов с двигателями",
        "coordinate_source": "osm_geometry"
      }
    },
    {
      "type": "Feature",
      "geometry": {
        "type": "Polygon",
        "coordinates": [
          [
            [
              24.616558080871897,
              53.36519023810187
            ],
            [
              24.616482647415335,
              53.36516744160847
            ],
            [
              24.6162055464119,
              53.36510894580389
            ],
            [
              24.61576410625537,
              53.36498215582477
            ],
            [
              24.615378811008863,
              53.36480159300235
            ],
            [
              24.615067756179545,
              53.364575737906144
            ],
            [
              24.614791362582913,
              53.36432363354149
            ],
            [
              24.6145495676696,
              53.364031020063244
            ],
            [
              24.61443257156666,
              53.36371232455618
            ],
            [
              24.614411778421058,
              53.363581324166546
            ],
            [
              24.614414432150795,
              53.363311184126424
            ],
            [
              24.614507232224053,
              53.3630467763147
            ],
            [
              24.61457973843575,
              53.362910177620385
            ],
            [
              24.614771061670726,
              53.362649279936626
            ],
            [
              24.615049900920017,
              53.36241816378535
            ],
            [
              24.61540382822351,
              53.362227129012865
            ],
            [
              24.615735324240053,
              53.36208303269623
            ],
            [
              24.61609552287899,
              53.36195514477577
            ],
            [
              24.616489092051605,
              53.3618691369621
            ],
            [
              24.61702777671729,
              53.36178423955585
            ],
            [
              24.617257937486524,
              53.36176440510217
            ],
            [
              24.61724276406119,
              53.36172270648729
            ],
            [
              24.617205373599575,
              53.36153880578815
            ],
            [
              24.617206156385553,
              53.36121003322784
            ],
            [
              24.617235463679588,
              53.361069233777926
            ],
            [
              24.61731490818763,
              53.36084521455564
            ],
            [
              24.61736601284016,
              53.36074431547971
            ],
            [
              24.617554666706685,
              53.36047855642786
            ],
            [
              24.61783373263268,
              53.360242829517965
            ],
            [
              24.61819043506053,
              53.36004792510125
            ],
            [
              24.618391132710542,
              53.359959827345456
            ],
            [
              24.618790962532966,
              53.359819566328284
            ],
            [
              24.619230342481742,
              53.35973095654896
            ],
            [
              24.619690776590236,
              53.359697728053035
            ],
            [
              24.61998626724438,
              53.35969462814955
            ],
            [
              24.620389060308973,
              53.35971193332328
            ],
            [
              24.620780266168435,
              53.35977173539521
            ],
            [
              24.620945315409354,
              53.35981686732873
            ],
            [
              24.620945407368268,
              53.35979580699096
            ],
            [
              24.620985643291164,
              53.35954590508261
            ],
            [
              24.621102773699942,
              53.35930478023732
            ],
            [
              24.621292740595315,
              53.35908078367446
            ],
            [
              24.62148814561408,
              53.358895486796726
            ],
            [
              24.62175171225612,
              53.35869167466288
            ],
            [
              24.621987512963152,
              53.358541477910826
            ],
            [
              24.622290747785556,
              53.35838018362113
            ],
            [
              24.622637455179795,
              53.35825388298239
            ],
            [
              24.622866850250574,
              53.3581863848963
            ],
            [
              24.623017169380496,
              53.35814614903817
            ],
            [
              24.62348005803536,
              53.35803415231898
            ],
            [
              24.62390583522077,
              53.357959204867
            ],
            [
              24.62478080901273,
              53.35785960795711
            ],
            [
              24.625120935158535,
              53.35783663751923
            ],
            [
              24.62546297299216,
              53.35784458222125
            ],
            [
              24.626001156300966,
              53.35788158105622
            ],
            [
              24.62639188338139,
              53.3579295896202
            ],
            [
              24.626556678837034,
              53.35795908872588
            ],
            [
              24.627009438728408,
              53.35807344818666
            ],
            [
              24.62709242697349,
              53.358108679913066
            ],
            [
              24.627385364509372,
              53.3580581785095
            ],
            [
              24.627724945643067,
              53.35803811986508
            ],
            [
              24.62773272690113,
              53.358024451614504
            ],
            [
              24.62793148563225,
              53.35776756277772
            ],
            [
              24.628215656261705,
              53.35754106874729
            ],
            [
              24.62838395684827,
              53.35743277107645
            ],
            [
              24.628694473783813,
              53.35726670893407
            ],
            [
              24.629050812938484,
              53.35713751116251
            ],
            [
              24.629440849607104,
              53.357049573683
            ],
            [
              24.62978323995438,
              53.35699327539812
            ],
            [
              24.630307173623972,
              53.356945591062534
            ],
            [
              24.63073573518876,
              53.35696704709828
            ],
            [
              24.63074430766358,
              53.3568464594742
            ],
            [
              24.630820303825427,
              53.356455507736925
            ],
            [
              24.630807310786327,
              53.35645069356341
            ],
            [
              24.63054996524918,
              53.35633967227661
            ],
            [
              24.630209362759853,
              53.35616976815361
            ],
            [
              24.629927225551523,
              53.35600168095964
            ],
            [
              24.629698957500178,
              53.35580662351805
            ],
            [
              24.6293888674272,
              53.35548441844434
            ],
            [
              24.62921251831504,
              53.355253121629914
            ],
            [
              24.629111977331757,
              53.35500618915996
            ],
            [
              24.629030894463888,
              53.35467258764775
            ],
            [
              24.629011230989004,
              53.354401253140715
            ],
            [
              24.62908302482018,
              53.3541330667459
            ],
            [
              24.629243364293142,
              53.35387889874951
            ],
            [
              24.62929536652768,
              53.3538163996289
            ],
            [
              24.629535540065753,
              53.35358824554956
            ],
            [
              24.62984689002888,
              53.35339313310434
            ],
            [
              24.630125588273444,
              53.35325023653175
            ],
            [
              24.630414264323885,
              53.353124459387004
            ],
            [
              24.63073254881301,
              53.35302741725984
            ],
            [
              24.631247636346476,
              53.35289992098225
            ],
            [
              24.631467355427077,
              53.352856599924856
            ],
            [
              24.631520415338596,
              53.35280747321135
            ],
            [
              24.631817524448138,
              53.352622045664184
            ],
            [
              24.631920123823637,
              53.35256914692999
            ],
            [
              24.632080907358812,
              53.35249355831805
            ],
            [
              24.632230505486937,
              53.35242955996267
            ],
            [
              24.63254862197439,
              53.35231581006155
            ],
            [
              24.63289361867438,
              53.352234641849776
            ],
            [
              24.63315541146853,
              53.352187443277494
            ],
            [
              24.63359369634255,
              53.35213594935705
            ],
            [
              24.633921974802124,
              53.35213665880647
            ],
            [
              24.634015741609197,
              53.35195408188242
            ],
            [
              24.634161339568355,
              53.35177265303459
            ],
            [
              24.63444374860363,
              53.3514791576579
            ],
            [
              24.63485294110154,
              53.351169604263696
            ],
            [
              24.635254940074386,
              53.350943309469265
            ],
            [
              24.63541399899632,
              53.350871725280896
            ],
            [
              24.635432550591748,
              53.350785035505716
            ],
            [
              24.635547324286073,
              53.35056311566945
            ],
            [
              24.635655930834,
              53.35040341756961
            ],
            [
              24.635807052371046,
              53.35022174462094
            ],
            [
              24.636149062494287,
              53.34987815017169
            ],
            [
              24.63644654645431,
              53.34964246943424
            ],
            [
              24.636822759088677,
              53.349451038627834
            ],
            [
              24.637144354546784,
              53.34932074203604
            ],
            [
              24.637616718837176,
              53.34917454822798
            ],
            [
              24.63813324999442,
              53.34909833281656
            ],
            [
              24.63845494005448,
              53.34907433356821
            ],
            [
              24.638699572414538,
              53.34906973119017
            ],
            [
              24.638934956044274,
              53.348958941530555
            ],
            [
              24.639409910499456,
              53.348827067456355
            ],
            [
              24.640819872773832,
              53.34854887580309
            ],
            [
              24.641129028663283,
              53.34850202760233
            ],
            [
              24.64235919160279,
              53.34836993170829
            ],
            [
              24.642976159216072,
              53.34835484518937
            ],
            [
              24.643321948430472,
              53.348374744561745
            ],
            [
              24.643814867054086,
              53.34843678232874
            ],
            [
              24.644272517935875,
              53.34856246175974
            ],
            [
              24.644533513442056,
              53.34865645921441
            ],
            [
              24.644845086161542,
              53.348791544592125
            ],
            [
              24.645113715960658,
              53.348956246422475
            ],
            [
              24.645331602489602,
              53.349145782498184
            ],
            [
              24.64546220678478,
              53.34928318035481
            ],
            [
              24.645569409437364,
              53.34942212893703
            ],
            [
              24.646113351768605,
              53.349218721600685
            ],
            [
              24.646427138204658,
              53.34912090906334
            ],
            [
              24.6467626623019,
              53.349053546898155
            ],
            [
              24.647159550892457,
              53.34899404872139
            ],
            [
              24.647731703631383,
              53.3489534818064
            ],
            [
              24.64806319314729,
              53.34895538174509
            ],
            [
              24.64816154356519,
              53.3489572241339
            ],
            [
              24.64920721062973,
              53.34899042308179
            ],
            [
              24.649454586737026,
              53.349006465039224
            ],
            [
              24.65013875616229,
              53.349073751851165
            ],
            [
              24.650535779107738,
              53.34903452628503
            ],
            [
              24.651179757988732,
              53.34902644163996
            ],
            [
              24.65145034962107,
              53.34904624101763
            ],
            [
              24.651870008177195,
              53.349101522049835
            ],
            [
              24.65226209760781,
              53.34917711977405
            ],
            [
              24.652734705789197,
              53.34930567804356
            ],
            [
              24.65297800159825,
              53.34939327567137
            ],
            [
              24.653399295633307,
              53.34958889855404
            ],
            [
              24.65367069549265,
              53.34974899495345
            ],
            [
              24.653853136351437,
              53.34988109106498
            ],
            [
              24.654424600593746,
              53.34958701301205
            ],
            [
              24.6544832033888,
              53.34954211780614
            ],
            [
              24.65474191694565,
              53.34930541044039
            ],
            [
              24.654990715816893,
              53.349116851413314
            ],
            [
              24.655291555437735,
              53.348957597425624
            ],
            [
              24.655598951886073,
              53.348822000873305
            ],
            [
              24.65589673042651,
              53.34871089670321
            ],
            [
              24.656059527102794,
              53.348660198124094
            ],
            [
              24.656225188507403,
              53.3486188347622
            ],
            [
              24.6562203418425,
              53.34857832822804
            ],
            [
              24.656226424668738,
              53.34834439924048
            ],
            [
              24.656300123385677,
              53.34811461575483
            ],
            [
              24.656447437943854,
              53.34780411843139
            ],
            [
              24.65654101112768,
              53.34764539943398
            ],
            [
              24.656779724586052,
              53.34730910358364
            ],
            [
              24.656940948136317,
              53.347123498135254
            ],
            [
              24.657148276806545,
              53.346954993458326
            ],
            [
              24.65722287734139,
              53.34690329452517
            ],
            [
              24.657623216965643,
              53.34668528222345
            ],
            [
              24.658098985925143,
              53.34653043404479
            ],
            [
              24.658278181493806,
              53.3464878352956
            ],
            [
              24.658917707537015,
              53.34639722911199
            ],
            [
              24.659259296855456,
              53.34637942967155
            ],
            [
              24.659627972715786,
              53.34637824077418
            ],
            [
              24.659992065803582,
              53.346412855961255
            ],
            [
              24.660318456374345,
              53.346460454498406
            ],
            [
              24.66068440117585,
              53.34653409877556
            ],
            [
              24.661023998277805,
              53.34664386451465
            ],
            [
              24.66132732987807,
              53.34678654612702
            ],
            [
              24.661483929438447,
              53.34687414410603
            ],
            [
              24.66154280223682,
              53.34691506976013
            ],
            [
              24.66166321029994,
              53.34676125417025
            ],
            [
              24.661979993670112,
              53.3465200225427
            ],
            [
              24.66247469396446,
              53.34622072918884
            ],
            [
              24.662822516915583,
              53.346048668647875
            ],
            [
              24.663220715177356,
              53.345921345745175
            ],
            [
              24.663653376943707,
              53.3458438481216
            ],
            [
              24.6641032136551,
              53.345819272449305
            ],
            [
              24.66433020647651,
              53.345820472410715
            ],
            [
              24.664859054828064,
              53.345860815804635
            ],
            [
              24.66535735196432,
              53.34597400410423
            ],
            [
              24.66567094558003,
              53.34607190136088
            ],
            [
              24.66596049546068,
              53.34617964447778
            ],
            [
              24.66621957296741,
              53.346312184078336
            ],
            [
              24.6662738311637,
              53.34634448988866
            ],
            [
              24.666903724463232,
              53.345959736842666
            ],
            [
              24.667381852956566,
              53.345737155441206
            ],
            [
              24.668985624016866,
              53.34517907068225
            ],
            [
              24.66946486104829,
              53.34505411386256
            ],
            [
              24.6699793779208,
              53.3449982699732
            ],
            [
              24.671377638855525,
              53.34494487528675
            ],
            [
              24.67178543092542,
              53.344929279415105
            ],
            [
              24.67209687234355,
              53.344930207377104
            ],
            [
              24.672390763124966,
              53.34494320696649
            ],
            [
              24.672779678655925,
              53.344980974563796
            ],
            [
              24.672994172504463,
              53.34501347356741
            ],
            [
              24.673331528058135,
              53.345081887738914
            ],
            [
              24.673671720006386,
              53.34516928520019
            ],
            [
              24.673979733044305,
              53.345265818459815
            ],
            [
              24.67456926066822,
              53.34548670117418
            ],
            [
              24.674719541706065,
              53.34551269008087
            ],
            [
              24.674794063873616,
              53.345526413970475
            ],
            [
              24.67522525230423,
              53.34561071143679
            ],
            [
              24.675671318210707,
              53.34573123854099
            ],
            [
              24.676063426253037,
              53.34590629677854
            ],
            [
              24.676173201414116,
              53.34598229936446
            ],
            [
              24.67629076543089,
              53.34595079558569
            ],
            [
              24.676655916395976,
              53.345894030998494
            ],
            [
              24.676828411180328,
              53.34587623155263
            ],
            [
              24.676921327701063,
              53.34586782746814
            ],
            [
              24.677152720566777,
              53.3458498280319
            ],
            [
              24.677158945549056,
              53.345849349048486
            ],
            [
              24.677534733950093,
              53.34582074994457
            ],
            [
              24.678041436114103,
              53.34581638272678
            ],
            [
              24.67840802468663,
              53.345837882049494
            ],
            [
              24.678947000743328,
              53.3459099832849
            ],
            [
              24.67957138451796,
              53.346043079320815
            ],
            [
              24.679700370004976,
              53.34607610103426
            ],
            [
              24.68002638778945,
              53.34601896426439
            ],
            [
              24.68021588215866,
              53.345995964976574
            ],
            [
              24.680613510947232,
              53.34596928486996
            ],
            [
              24.681012788554664,
              53.345984890384045
            ],
            [
              24.68125338121665,
              53.34600718968688
            ],
            [
              24.68188366231514,
              53.34612380983544
            ],
            [
              24.682006632884246,
              53.34615900720189
            ],
            [
              24.68202115305305,
              53.34614184855089
            ],
            [
              24.682373418841323,
              53.34583787451479
            ],
            [
              24.68277612044823,
              53.34557598011408
            ],
            [
              24.683124590047488,
              53.34539168799899
            ],
            [
              24.683528923254418,
              53.34525393755571
            ],
            [
              24.683637262569057,
              53.34522541167642
            ],
            [
              24.683785601140084,
              53.34518628635349
            ],
            [
              24.684300930069714,
              53.345092295104955
            ],
            [
              24.684539722872827,
              53.34506679589806
            ],
            [
              24.685091370017304,
              53.34504884655046
            ],
            [
              24.68525836477246,
              53.34505564633566
            ],
            [
              24.68572224840968,
              53.34510389098186
            ],
            [
              24.686159313594203,
              53.34520848158664
            ],
            [
              24.68655058251107,
              53.34536487678247
            ],
            [
              24.686707281344173,
              53.34544277488988
            ],
            [
              24.68700245299671,
              53.345619560530956
            ],
            [
              24.68723801463204,
              53.34582578518635
            ],
            [
              24.687390919927402,
              53.345990582662196
            ],
            [
              24.687533063605468,
              53.34617542402312
            ],
            [
              24.687659772352983,
              53.34637952178128
            ],
            [
              24.68779216544914,
              53.346731780624985
            ],
            [
              24.687817774685097,
              53.34690808014406
            ],
            [
              24.687819883453187,
              53.347125598606425
            ],
            [
              24.687801951468444,
              53.34726820417039
            ],
            [
              24.687901304391183,
              53.34729021680923
            ],
            [
              24.688217407400675,
              53.34737733006674
            ],
            [
              24.688507343683217,
              53.34749239575734
            ],
            [
              24.688792782075254,
              53.34762568737757
            ],
            [
              24.68903804509541,
              53.34749137951452
            ],
            [
              24.6894292056411,
              53.34735136542368
            ],
            [
              24.689859493940578,
              53.34726109051951
            ],
            [
              24.690370179153227,
              53.34718749278071
            ],
            [
              24.69089390085807,
              53.34714982523461
            ],
            [
              24.691180491793343,
              53.34714932524995
            ],
            [
              24.691748609858738,
              53.347191627923145
            ],
            [
              24.69207250058884,
              53.34724122640368
            ],
            [
              24.69255098445531,
              53.347350265914685
            ],
            [
              24.69261656508512,
              53.34737658056537
            ],
            [
              24.692630445887293,
              53.34735104141409
            ],
            [
              24.692760454303045,
              53.34715064370257
            ],
            [
              24.692953681888437,
              53.34692071181296
            ],
            [
              24.693216508482884,
              53.34671685665061
            ],
            [
              24.69338850902297,
              53.3466069590227
            ],
            [
              24.693703008789637,
              53.34644023938043
            ],
            [
              24.694063814458627,
              53.346311200828104
            ],
            [
              24.69429190944304,
              53.34624600268708
            ],
            [
              24.694781616920512,
              53.346145312085575
            ],
            [
              24.694878929768894,
              53.34613936655981
            ],
            [
              24.694962812102567,
              53.34595268622761
            ],
            [
              24.69509727163159,
              53.34576856060122
            ],
            [
              24.695267278131254,
              53.34557626343912
            ],
            [
              24.695403327282815,
              53.345441940420876
            ],
            [
              24.69557333068633,
              53.34529424306547
            ],
            [
              24.695817903792136,
              53.3451164084385
            ],
            [
              24.696109541812326,
              53.34496597391445
            ],
            [
              24.696439760011764,
              53.34484731591049
            ],
            [
              24.696661155241404,
              53.34478241775202
            ],
            [
              24.697024824457426,
              53.344698205285546
            ],
            [
              24.69740733380957,
              53.34465258557709
            ],
            [
              24.69746552056444,
              53.34464872227089
            ],
            [
              24.69776542039294,
              53.34460188775367
            ],
            [
              24.69794433288721,
              53.34456235197664
            ],
            [
              24.69807576214096,
              53.344526907509895
            ],
            [
              24.698630907028356,
              53.34434346198554
            ],
            [
              24.6991438560557,
              53.34422012906425
            ],
            [
              24.69951944539016,
              53.34416043088765
            ],
            [
              24.699749915735516,
              53.344143365954174
            ],
            [
              24.69974467444021,
              53.34413177758536
            ],
            [
              24.69969802899888,
              53.3440045149811
            ],
            [
              24.699584749344005,
              53.34360361287348
            ],
            [
              24.699556408803033,
              53.343418002028066
            ],
            [
              24.699223961360342,
              53.34326504009591
            ],
            [
              24.69904396139354,
              53.34315713768887
            ],
            [
              24.698723436154005,
              53.34291495186558
            ],
            [
              24.698503514151305,
              53.3426356071363
            ],
            [
              24.69838572345001,
              53.34242670502966
            ],
            [
              24.698282601029376,
              53.34215128631236
            ],
            [
              24.698277716011887,
              53.34186908509147
            ],
            [
              24.69829950767188,
              53.34180465612085
            ],
            [
              24.698250731346178,
              53.34157713098132
            ],
            [
              24.698249135518978,
              53.3414983309513
            ],
            [
              24.69827888493336,
              53.34126323457274
            ],
            [
              24.698376735771213,
              53.341034821163284
            ],
            [
              24.69853969810459,
              53.34082006764583
            ],
            [
              24.69876279336453,
              53.3406255335987
            ],
            [
              24.69882569397151,
              53.34057983451591
            ],
            [
              24.699135018989896,
              53.34039496368781
            ],
            [
              24.699498236371713,
              53.34024916824395
            ],
            [
              24.699804018811697,
              53.34017243529444
            ],
            [
              24.700000155706487,
              53.340038060459996
            ],
            [
              24.70026833382412,
              53.33990352847899
            ],
            [
              24.7005091308034,
              53.3398006311239
            ],
            [
              24.700946993272407,
              53.339654418390445
            ],
            [
              24.70117838772538,
              53.33959622008565
            ],
            [
              24.701572671266888,
              53.33952158228602
            ],
            [
              24.701983135965808,
              53.33949111156034
            ],
            [
              24.70211573741366,
              53.339495838315045
            ],
            [
              24.70215883091868,
              53.339480271205005
            ],
            [
              24.70234088165777,
              53.33937022729819
            ],
            [
              24.702362493161512,
              53.339357339201605
            ],
            [
              24.702950392776533,
              53.33901144698947
            ],
            [
              24.70334127040208,
              53.33882743259149
            ],
            [
              24.703790144963865,
              53.33869898852937
            ],
            [
              24.70398833977204,
              53.33865758976441
            ],
            [
              24.704630245501647,
              53.33858335367212
            ],
            [
              24.704855238409774,
              53.338577153867654
            ],
            [
              24.70521195087023,
              53.33858417387627
            ],
            [
              24.705562361339386,
              53.33862464659801
            ],
            [
              24.705763755672844,
              53.33865794558345
            ],
            [
              24.705906590004226,
              53.338692725628604
            ],
            [
              24.70596121344214,
              53.3385809282849
            ],
            [
              24.706048323330457,
              53.338434570274124
            ],
            [
              24.706558834808533,
              53.33771169355412
            ],
            [
              24.70697599884748,
              53.336750889622955
            ],
            [
              24.707057407616308,
              53.33660034786414
            ],
            [
              24.707208100537255,
              53.33636904259795
            ],
            [
              24.707391687929917,
              53.33604323354387
            ],
            [
              24.707430603760475,
              53.33597951609639
            ],
            [
              24.707565612293504,
              53.33577461846761
            ],
            [
              24.70783035206878,
              53.335483766080515
            ],
            [
              24.70830656043294,
              53.33508617339089
            ],
            [
              24.70857540396863,
              53.334900172250876
            ],
            [
              24.708760403678557,
              53.33479357467532
            ],
            [
              24.709194021161583,
              53.33459796165722
            ],
            [
              24.70969332065886,
              53.33446984341603
            ],
            [
              24.71019920663071,
              53.33438124610276
            ],
            [
              24.71042713093048,
              53.33434888788467
            ],
            [
              24.710558256131076,
              53.33433451495814
            ],
            [
              24.711230332441787,
              53.33365991533377
            ],
            [
              24.711306831347127,
              53.333588353068244
            ],
            [
              24.71174364023229,
              53.33320675987407
            ],
            [
              24.7121366656592,
              53.332944696696224
            ],
            [
              24.712625377484244,
              53.332694019698515
            ],
            [
              24.71309820524067,
              53.33241998259945
            ],
            [
              24.713109943387657,
              53.33241322838757
            ],
            [
              24.713392726657897,
              53.33225168282939
            ],
            [
              24.713743632933102,
              53.33198878619622
            ],
            [
              24.71387519082991,
              53.3318987172226
            ],
            [
              24.71643169640921,
              53.33029745214236
            ],
            [
              24.716589441324306,
              53.33020773362664
            ],
            [
              24.717245641867553,
              53.32986900084392
            ],
            [
              24.717565329953345,
              53.32963834979465
            ],
            [
              24.71769528558605,
              53.329552384515615
            ],
            [
              24.71836321700952,
              53.329146976266564
            ],
            [
              24.718919533597248,
              53.32873267419856
            ],
            [
              24.718932939758712,
              53.328722786089564
            ],
            [
              24.720151438749106,
              53.32783263732556
            ],
            [
              24.721286864498957,
              53.32696538564103
            ],
            [
              24.722381452478018,
              53.326114531272076
            ],
            [
              24.722641901574033,
              53.325944400105165
            ],
            [
              24.72322819951941,
              53.325621707603354
            ],
            [
              24.723409533041114,
              53.325531881064364
            ],
            [
              24.724229223793508,
              53.32516719030561
            ],
            [
              24.724402513083298,
              53.325090107178106
            ],
            [
              24.724512177240005,
              53.325044279061196
            ],
            [
              24.72558900463491,
              53.32462208939686
            ],
            [
              24.725594646437063,
              53.32461731550837
            ],
            [
              24.72586355127647,
              53.32439111964611
            ],
            [
              24.726026840787153,
              53.32426934652455
            ],
            [
              24.72625844192824,
              53.32411574977234
            ],
            [
              24.726681589357987,
              53.3238969991872
            ],
            [
              24.72689548624894,
              53.323811601430485
            ],
            [
              24.72740270719436,
              53.32366022809961
            ],
            [
              24.72758160251634,
              53.32362272921763
            ],
            [
              24.728214208694983,
              53.32354837821014
            ],
            [
              24.728414002405035,
              53.32354227840267
            ],
            [
              24.72860709812919,
              53.323541320020894
            ],
            [
              24.728917988320703,
              53.32354771981888
            ],
            [
              24.7294200098255,
              53.32359212996648
            ],
            [
              24.729704901736948,
              53.32363732858626
            ],
            [
              24.73017955829155,
              53.32374816842303
            ],
            [
              24.731068440371676,
              53.32402846059134
            ],
            [
              24.73137770907101,
              53.32414608037372
            ],
            [
              24.732853574935167,
              53.32481376424257
            ],
            [
              24.7329600816288,
              53.32485741028274
            ],
            [
              24.733995893447457,
              53.32467102220313
            ],
            [
              24.734340939961122,
              53.3245665329402
            ],
            [
              24.734383271612145,
              53.324554044165595
            ],
            [
              24.73487856076941,
              53.32441174821756
            ],
            [
              24.735223680534038,
              53.324332644461144
            ],
            [
              24.735585780705332,
              53.324288224644384
            ],
            [
              24.73595516190853,
              53.32427967861154
            ],
            [
              24.73653604360016,
              53.324294678138386
            ],
            [
              24.73683804866406,
              53.324314695558726
            ],
            [
              24.736958730464142,
              53.324327651156906
            ],
            [
              24.738316839521108,
              53.32389967015317
            ],
            [
              24.738705184349243,
              53.323730995457915
            ],
            [
              24.7389786254552,
              53.32362920059552
            ],
            [
              24.73962551242206,
              53.32342510629786
            ],
            [
              24.740220722809685,
              53.32329715587959
            ],
            [
              24.740732107669547,
              53.32323365784426
            ],
            [
              24.740857367866994,
              53.32322029087639
            ],
            [
              24.743033755142022,
              53.323025633665836
            ],
            [
              24.745658929741236,
              53.32278698157236
            ],
            [
              24.745725793477842,
              53.322781511503386
            ],
            [
              24.7461079816653,
              53.32275371237567
            ],
            [
              24.746403194603644,
              53.32274388460804
            ],
            [
              24.746591021529326,
              53.3227449870302
            ],
            [
              24.74680311933325,
              53.32271130657359
            ],
            [
              24.746926618634085,
              53.32269389829132
            ],
            [
              24.74764969720868,
              53.32260470105209
            ],
            [
              24.747755392710214,
              53.32259322069453
            ],
            [
              24.750397176740012,
              53.32234486058698
            ],
            [
              24.751211293756544,
              53.32223109143932
            ],
            [
              24.75142200474568,
              53.32220787963073
            ],
            [
              24.75197818764889,
              53.32216278104341
            ],
            [
              24.752183982724542,
              53.32215179053173
            ],
            [
              24.752698144762036,
              53.32213844810666
            ],
            [
              24.75581271313639,
              53.322015696956875
            ],
            [
              24.756788852627228,
              53.321928768201815
            ],
            [
              24.7570373859354,
              53.321914964345446
            ],
            [
              24.757491047445168,
              53.321904816048175
            ],
            [
              24.759028887973457,
              53.3217989860433
            ],
            [
              24.75903570230818,
              53.321798523315486
            ],
            [
              24.762098307332973,
              53.32159332976353
            ],
            [
              24.762595228785305,
              53.32159604705995
            ],
            [
              24.763006889009514,
              53.321580036427484
            ],
            [
              24.763327852786052,
              53.32152952922247
            ],
            [
              24.763657499283465,
              53.3214930265637
            ],
            [
              24.76446817412081,
              53.32144002822977
            ],
            [
              24.76457231405881,
              53.321434673108534
            ],
            [
              24.765294491370394,
              53.321407573964485
            ],
            [
              24.765474706842532,
              53.32140511662089
            ],
            [
              24.765558844521216,
              53.321405975853075
            ],
            [
              24.76610219989815,
              53.32097862743421
            ],
            [
              24.766156213478496,
              53.320937804441115
            ],
            [
              24.766794233379542,
              53.320474252520825
            ],
            [
              24.767312553674905,
              53.32002482265008
            ],
            [
              24.76742255900174,
              53.319937266470056
            ],
            [
              24.768112867795296,
              53.319431911157494
            ],
            [
              24.76862227318326,
              53.31901152899951
            ],
            [
              24.768699660593956,
              53.31895130813611
            ],
            [
              24.76927818537526,
              53.318526418183815
            ],
            [
              24.770130524282564,
              53.31784122556022
            ],
            [
              24.770182877781828,
              53.317800763084534
            ],
            [
              24.77160254647639,
              53.31674546898613
            ],
            [
              24.771978550998657,
              53.316403228346516
            ],
            [
              24.772213464889955,
              53.316224328941644
            ],
            [
              24.772454909217668,
              53.31606936201421
            ],
            [
              24.77268662669306,
              53.31589359262537
            ],
            [
              24.772936971781657,
              53.31564581744
            ],
            [
              24.773105056302494,
              53.3155016056676
            ],
            [
              24.774125500771337,
              53.31473749025965
            ],
            [
              24.77429050719878,
              53.314603847428856
            ],
            [
              24.774412491913008,
              53.314456165409005
            ],
            [
              24.774505745339166,
              53.31435451997915
            ],
            [
              24.774651049450558,
              53.3142111223245
            ],
            [
              24.774856923292745,
              53.31403978600483
            ],
            [
              24.775104981275007,
              53.31388971464622
            ],
            [
              24.7754648774043,
              53.313703617738845
            ],
            [
              24.775583123073744,
              53.313619210731346
            ],
            [
              24.7763138324276,
              53.31300289166562
            ],
            [
              24.77648962970561,
              53.31287257537901
            ],
            [
              24.776771808756298,
              53.31268810305862
            ],
            [
              24.77768404856767,
              53.31196072198705
            ],
            [
              24.777758099359428,
              53.31190481742716
            ],
            [
              24.778576008113433,
              53.311319784667944
            ],
            [
              24.779316787797903,
              53.31074750359517
            ],
            [
              24.779946939374508,
              53.31019596461958
            ],
            [
              24.780096534313614,
              53.310079238728996
            ],
            [
              24.780650638935622,
              53.309692504994125
            ],
            [
              24.781014066553777,
              53.309374885020496
            ],
            [
              24.781155967201343,
              53.3092637071886
            ],
            [
              24.781305365233006,
              53.30915844921241
            ],
            [
              24.781324500456446,
              53.309092381036976
            ],
            [
              24.781376006273135,
              53.308971081978505
            ],
            [
              24.78154455959112,
              53.30870009426334
            ],
            [
              24.78180587586275,
              53.308456787874334
            ],
            [
              24.78195127742654,
              53.30834889001136
            ],
            [
              24.782418106403203,
              53.30808851622425
            ],
            [
              24.782703602607416,
              53.30796951930699
            ],
            [
              24.782743865519365,
              53.30795573009663
            ],
            [
              24.782772467034228,
              53.307868003680696
            ],
            [
              24.782829572179136,
              53.30775590471107
            ],
            [
              24.78299207812174,
              53.30751983493501
            ],
            [
              24.783226096505896,
              53.30730628238802
            ],
            [
              24.78344099889949,
              53.307145685555156
            ],
            [
              24.783577724182955,
              53.30705261260721
            ],
            [
              24.783869124691847,
              53.30687171656898
            ],
            [
              24.784203631080747,
              53.30670099020659
            ],
            [
              24.784703313362336,
              53.30649261125301
            ],
            [
              24.784888525264076,
              53.30630990811347
            ],
            [
              24.78505750944237,
              53.30616543725232
            ],
            [
              24.785293312044914,
              53.305989540724944
            ],
            [
              24.785329446625173,
              53.3059632715417
            ],
            [
              24.78640323196226,
              53.30520238560961
            ],
            [
              24.787123817972176,
              53.30463706470384
            ],
            [
              24.787442682889406,
              53.304353480874276
            ],
            [
              24.787590962228233,
              53.304235997391174
            ],
            [
              24.788556461917032,
              53.30355205125176
            ],
            [
              24.78885340925992,
              53.30330612862484
            ],
            [
              24.789051997348203,
              53.30309473455302
            ],
            [
              24.789232120923806,
              53.30285610500334
            ],
            [
              24.789323300716536,
              53.30266554659649
            ],
            [
              24.789409650791974,
              53.302314505876176
            ],
            [
              24.789606828580823,
              53.29995313437332
            ],
            [
              24.78961021465702,
              53.29952021554615
            ],
            [
              24.789612742952112,
              53.29946238036932
            ],
            [
              24.789802768594903,
              53.297076483936856
            ],
            [
              24.789803193832356,
              53.29707135044794
            ],
            [
              24.789850876020232,
              53.29651710263707
            ],
            [
              24.790004902203005,
              53.29401296316996
            ],
            [
              24.790009377383992,
              53.2939642325969
            ],
            [
              24.790122234298874,
              53.29304086332888
            ],
            [
              24.790108334929286,
              53.29235413983128
            ],
            [
              24.790112711061873,
              53.29225228651435
            ],
            [
              24.790253136074462,
              53.290931127520565
            ],
            [
              24.79023713554936,
              53.2905046674712
            ],
            [
              24.790238471159007,
              53.29041903478311
            ],
            [
              24.79027039562472,
              53.289954635382216
            ],
            [
              24.79028319087751,
              53.28985630950658
            ],
            [
              24.79032462501782,
              53.28964035888829
            ],
            [
              24.790376357228396,
              53.28853886399511
            ],
            [
              24.790388591056004,
              53.28843145342812
            ],
            [
              24.790452105215817,
              53.288080923492494
            ],
            [
              24.790327606717465,
              53.28758586486664
            ],
            [
              24.79030685368128,
              53.28730186704059
            ],
            [
              24.79038611447989,
              53.287021575095295
            ],
            [
              24.790530129731486,
              53.28671411409705
            ],
            [
              24.79058489343722,
              53.28553294587363
            ],
            [
              24.790591981512495,
              53.28545715287778
            ],
            [
              24.790660141919254,
              53.28497313458689
            ],
            [
              24.790708053417667,
              53.28403332637625
            ],
            [
              24.790720498780214,
              53.28392711812561
            ],
            [
              24.79077097883046,
              53.28365238891132
            ],
            [
              24.790834533209495,
              53.28225437119015
            ],
            [
              24.790837162144648,
              53.28221632332957
            ],
            [
              24.790948299175188,
              53.28101817146963
            ],
            [
              24.790928702548342,
              53.28070876845106
            ],
            [
              24.790938461969304,
              53.28052243080013
            ],
            [
              24.791004730828163,
              53.28012934742483
            ],
            [
              24.790999774898005,
              53.27955002088914
            ],
            [
              24.791002936996126,
              53.279471393301755
            ],
            [
              24.7912180639641,
              53.277055597340464
            ],
            [
              24.791395444746108,
              53.27507381382606
            ],
            [
              24.791370168076686,
              53.275025287919746
            ],
            [
              24.79126879123147,
              53.274657392102085
            ],
            [
              24.79123892939013,
              53.273933591534444
            ],
            [
              24.791247009186733,
              53.273781513685904
            ],
            [
              24.791342742955283,
              53.27313401548129
            ],
            [
              24.7914549406492,
              53.27281701268309
            ],
            [
              24.791552235761994,
              53.27264657153749
            ],
            [
              24.791782452078166,
              53.26893432764671
            ],
            [
              24.79178411744141,
              53.26891232361035
            ],
            [
              24.791855301692465,
              53.26811578769725
            ],
            [
              24.79195785465563,
              53.26667225623139
            ],
            [
              24.791959229859053,
              53.2666553884346
            ],
            [
              24.792089842266417,
              53.265235986226294
            ],
            [
              24.792079979863146,
              53.264944847558624
            ],
            [
              24.79208244146201,
              53.26484884794637
            ],
            [
              24.792113760769116,
              53.264481348534254
            ],
            [
              24.7921766309371,
              53.263747579441585
            ],
            [
              24.792222515148655,
              53.26353740453633
            ],
            [
              24.792255834400482,
              53.263443204057005
            ],
            [
              24.7922576769046,
              53.26336319026706
            ],
            [
              24.792221351259776,
              53.26323048326531
            ],
            [
              24.792201850703194,
              53.26288478767272
            ],
            [
              24.792259092333474,
              53.262524816922365
            ],
            [
              24.792300714361325,
              53.262153452809635
            ],
            [
              24.79229744843848,
              53.262103392303906
            ],
            [
              24.791953652748532,
              53.261286179850565
            ],
            [
              24.791445596618654,
              53.26023694554079
            ],
            [
              24.789477056522607,
              53.2564261834887
            ],
            [
              24.786453814647974,
              53.25058851758739
            ],
            [
              24.785968113665056,
              53.249739811640076
            ],
            [
              24.785914394102885,
              53.24963128158386
            ],
            [
              24.785587447900234,
              53.24885203522819
            ],
            [
              24.78425683923112,
              53.24637359043196
            ],
            [
              24.784247006507197,
              53.24635480484845
            ],
            [
              24.78285233144436,
              53.24362027967055
            ],
            [
              24.78284744127334,
              53.24361056008491
            ],
            [
              24.78262881702529,
              53.243170025794555
            ],
            [
              24.781700989314587,
              53.24138140753081
            ],
            [
              24.780558872693256,
              53.239206443069904
            ],
            [
              24.78055163014326,
              53.23919238249008
            ],
            [
              24.78004867574512,
              53.238196673403436
            ],
            [
              24.780034929002635,
              53.2381683432779
            ],
            [
              24.779651181609093,
              53.23734392249415
            ],
            [
              24.77956742789992,
              53.23723983759875
            ],
            [
              24.7794769328223,
              53.23711060077231
            ],
            [
              24.779353041729763,
              53.236904198571914
            ],
            [
              24.779261947631564,
              53.23670619484942
            ],
            [
              24.779165456004314,
              53.236409896828434
            ],
            [
              24.778344394268103,
              53.23495541017892
            ],
            [
              24.778257005045617,
              53.23474725548145
            ],
            [
              24.77821271300218,
              53.2345895546567
            ],
            [
              24.778181546332956,
              53.234371503951564
            ],
            [
              24.778180830431644,
              53.23426796227218
            ],
            [
              24.778147536377176,
              53.23411205011167
            ],
            [
              24.77814700474289,
              53.23410954183226
            ],
            [
              24.77809851659241,
              53.2338790409236
            ],
            [
              24.77808871579002,
              53.23382304452443
            ],
            [
              24.778047531132664,
              53.233528543748776
            ],
            [
              24.778044392494635,
              53.233328803572604
            ],
            [
              24.77806560634516,
              53.23313282032589
            ],
            [
              24.77804062334855,
              53.23269373683845
            ],
            [
              24.77798293400844,
              53.23166246474116
            ],
            [
              24.77798199489488,
              53.23164016515061
            ],
            [
              24.77792127482183,
              53.229494052342964
            ],
            [
              24.77785109267148,
              53.22882038439086
            ],
            [
              24.777846723394003,
              53.22873648709336
            ],
            [
              24.77784666553473,
              53.2280254946527
            ],
            [
              24.777795136408013,
              53.22743548864061
            ],
            [
              24.777713333132134,
              53.22681579124007
            ],
            [
              24.77770638365229,
              53.226700218799635
            ],
            [
              24.77771103884304,
              53.22629610223291
            ],
            [
              24.777697521461764,
              53.22574098411847
            ],
            [
              24.777697369898046,
              53.225733231023575
            ],
            [
              24.777689067903328,
              53.22517029192338
            ],
            [
              24.777632903271535,
              53.224727324035804
            ],
            [
              24.777627161642258,
              53.22465936525404
            ],
            [
              24.77760415772668,
              53.22411542033521
            ],
            [
              24.777503065930457,
              53.222174873280956
            ],
            [
              24.777511278515195,
              53.22201033208216
            ],
            [
              24.777523039532475,
              53.22193310372222
            ],
            [
              24.77750844547119,
              53.22190107674497
            ],
            [
              24.777440433328294,
              53.221681737305055
            ],
            [
              24.777433728645388,
              53.2214586861691
            ],
            [
              24.7774587426076,
              53.22122784364602
            ],
            [
              24.777438808589284,
              53.22101913838905
            ],
            [
              24.77743781042161,
              53.22100785952249
            ],
            [
              24.77736285864041,
              53.220088058105794
            ],
            [
              24.777345851579444,
              53.21987863616987
            ],
            [
              24.77734381329803,
              53.21984477509814
            ],
            [
              24.77723935337,
              53.21717987311509
            ],
            [
              24.777238787068022,
              53.2171388881788
            ],
            [
              24.777246411165887,
              53.216479063938756
            ],
            [
              24.777206882039646,
              53.21623700571156
            ],
            [
              24.777197781865464,
              53.21615645661989
            ],
            [
              24.777090771224724,
              53.21445385459444
            ],
            [
              24.777090272339766,
              53.2144451730433
            ],
            [
              24.777057320317244,
              53.21381247324922
            ],
            [
              24.776976417241627,
              53.21307653350544
            ],
            [
              24.776971784817835,
              53.21296852560445
            ],
            [
              24.776977497324992,
              53.212730625711025
            ],
            [
              24.777051032395306,
              53.21240762771299
            ],
            [
              24.777072587196056,
              53.21237509730248
            ],
            [
              24.777036238470252,
              53.21232168536387
            ],
            [
              24.776956076553464,
              53.212010558589135
            ],
            [
              24.776884239006275,
              53.210820557229155
            ],
            [
              24.776883679388405,
              53.210810181076276
            ],
            [
              24.77675450364455,
              53.208090622635154
            ],
            [
              24.77669979268234,
              53.20756423083003
            ],
            [
              24.7766961298396,
              53.2075137681749
            ],
            [
              24.776681947881766,
              53.2071702679058
            ],
            [
              24.77670045692532,
              53.20696117061875
            ],
            [
              24.776761471171255,
              53.206683071758476
            ],
            [
              24.776781013401408,
              53.20660970295504
            ],
            [
              24.77686932743294,
              53.2063282045909
            ],
            [
              24.77705201570856,
              53.20599403862555
            ],
            [
              24.777359929749892,
              53.20560944386126
            ],
            [
              24.777440941560283,
              53.20551751827913
            ],
            [
              24.77789905594342,
              53.20504292575859
            ],
            [
              24.778148550034235,
              53.20483347599329
            ],
            [
              24.778215550484806,
              53.20478727694736
            ],
            [
              24.778300762920992,
              53.20473173581192
            ],
            [
              24.778667428643,
              53.20450576267087
            ],
            [
              24.783320951000558,
              53.20124301911725
            ],
            [
              24.78332987141869,
              53.20123680240334
            ],
            [
              24.78833960625301,
              53.19776647387469
            ],
            [
              24.788374670399097,
              53.197742750577255
            ],
            [
              24.788913957086173,
              53.197386403125556
            ],
            [
              24.789553027217625,
              53.196931074835426
            ],
            [
              24.789717882825332,
              53.19682563594071
            ],
            [
              24.790039985055774,
              53.196640565402724
            ],
            [
              24.790413844264307,
              53.196339994133936
            ],
            [
              24.790502715572234,
              53.196273079507485
            ],
            [
              24.79129652185512,
              53.195712790921846
            ],
            [
              24.791320738977383,
              53.19569597998797
            ],
            [
              24.79248876004116,
              53.19489851228831
            ],
            [
              24.795730217728366,
              53.192612387562505
            ],
            [
              24.79574322206342,
              53.19260329730273
            ],
            [
              24.797495584819586,
              53.1913892615445
            ],
            [
              24.797704829329653,
              53.191214702254406
            ],
            [
              24.797813903006684,
              53.19113088578414
            ],
            [
              24.79946281643097,
              53.189961809536754
            ],
            [
              24.799530392970112,
              53.189916040427455
            ],
            [
              24.79975614497448,
              53.18976994516123
            ],
            [
              24.80043625314319,
              53.189193511721776
            ],
            [
              24.800812743671962,
              53.18894631574641
            ],
            [
              24.80119869900119,
              53.18874885797762
            ],
            [
              24.80156184889534,
              53.18853842651005
            ],
            [
              24.802045654716352,
              53.18814521979361
            ],
            [
              24.802136119045276,
              53.188076481620165
            ],
            [
              24.80657665588714,
              53.18491844566398
            ],
            [
              24.806596431418114,
              53.18490457173793
            ],
            [
              24.808472944340853,
              53.18360589849216
            ],
            [
              24.80874417438202,
              53.183447369592315
            ],
            [
              24.809244639605893,
              53.18320051481388
            ],
            [
              24.80934569560432,
              53.18312191483003
            ],
            [
              24.809498529793434,
              53.182966694090275
            ],
            [
              24.809911556122156,
              53.182660346232666
            ],
            [
              24.810097003729037,
              53.18255790334127
            ],
            [
              24.810439256591906,
              53.18222378829935
            ],
            [
              24.810614423310295,
              53.18207605428295
            ],
            [
              24.811619338664816,
              53.181338887515246
            ],
            [
              24.81187792016605,
              53.18109560014304
            ],
            [
              24.812302102173003,
              53.18080097369833
            ],
            [
              24.81242639823424,
              53.180736404906575
            ],
            [
              24.812668071913166,
              53.18051205992291
            ],
            [
              24.81301672072601,
              53.180261234533695
            ],
            [
              24.81351841941251,
              53.179978341017865
            ],
            [
              24.813783072332544,
              53.17985025990682
            ],
            [
              24.814081757421278,
              53.17972682541742
            ],
            [
              24.81409454509491,
              53.17970875990643
            ],
            [
              24.81439625942148,
              53.179322765057286
            ],
            [
              24.814595000512014,
              53.179117657088234
            ],
            [
              24.814850608288253,
              53.17893658005277
            ],
            [
              24.815155180651463,
              53.17878513146609
            ],
            [
              24.81544271362299,
              53.178666079809325
            ],
            [
              24.815901323751483,
              53.178332947979314
            ],
            [
              24.815907444156718,
              53.178256266169676
            ],
            [
              24.815962681577943,
              53.17801695562391
            ],
            [
              24.816131145255987,
              53.177580092400525
            ],
            [
              24.81612954494641,
              53.17757640854656
            ],
            [
              24.8160582026847,
              53.17728187530723
            ],
            [
              24.8160443693653,
              53.17703541211421
            ],
            [
              24.81592941313779,
              53.17699419031805
            ],
            [
              24.815622197623906,
              53.1768323181138
            ],
            [
              24.815368939851666,
              53.176639793349885
            ],
            [
              24.815305241340976,
              53.17658109234259
            ],
            [
              24.815091270519524,
              53.17632979440795
            ],
            [
              24.814969190318394,
              53.17605731798486
            ],
            [
              24.814944338973337,
              53.1757755816916
            ],
            [
              24.814951443254277,
              53.175693681824754
            ],
            [
              24.815012320382515,
              53.17544452911868
            ],
            [
              24.815073034549616,
              53.175339097731474
            ],
            [
              24.815019008787846,
              53.175193200372064
            ],
            [
              24.81501041965509,
              53.174924955214344
            ],
            [
              24.815025425455133,
              53.17481335549553
            ],
            [
              24.815082152693577,
              53.17461441897377
            ],
            [
              24.814958698490464,
              53.17448329031848
            ],
            [
              24.814821580990476,
              53.17423482747827
            ],
            [
              24.81477998634711,
              53.17412452671229
            ],
            [
              24.814753605158604,
              53.1740429642305
            ],
            [
              24.814729509652324,
              53.173953863781264
            ],
            [
              24.81470402950252,
              53.173662650512576
            ],
            [
              24.814783556388857,
              53.17337495935117
            ],
            [
              24.814820760107473,
              53.17329516002636
            ],
            [
              24.815022004473693,
              53.17300194402757
            ],
            [
              24.815095206967236,
              53.172923145233376
            ],
            [
              24.815469758344534,
              53.17262574343426
            ],
            [
              24.8155946583484,
              53.172550845100254
            ],
            [
              24.816000778653002,
              53.1723578944719
            ],
            [
              24.816469759562366,
              53.17222573935401
            ],
            [
              24.81663265525437,
              53.17219294033292
            ],
            [
              24.816634399633312,
              53.17219272728763
            ],
            [
              24.816708305206138,
              53.17152886987742
            ],
            [
              24.816714923082824,
              53.171014224203304
            ],
            [
              24.81672151191172,
              53.17092094975864
            ],
            [
              24.81682975568731,
              53.170079151787185
            ],
            [
              24.81693256176896,
              53.16976722049528
            ],
            [
              24.817129578066083,
              53.16940252402762
            ],
            [
              24.817184846086217,
              53.16932245262573
            ],
            [
              24.81716108758468,
              53.169177793261326
            ],
            [
              24.817155268170307,
              53.16895567374024
            ],
            [
              24.817210338923456,
              53.16873599346515
            ],
            [
              24.817258946275043,
              53.16861243341681
            ],
            [
              24.817243275403143,
              53.16831316463966
            ],
            [
              24.817177484793838,
              53.168160088266696
            ],
            [
              24.817154716920946,
              53.167888460998036
            ],
            [
              24.817195141842028,
              53.16741156175554
            ],
            [
              24.81723800640592,
              53.167209346062684
            ],
            [
              24.817327519306648,
              53.16694734771447
            ],
            [
              24.817482938962183,
              53.16666048493484
            ],
            [
              24.817644033085028,
              53.16644770831919
            ],
            [
              24.817796312332465,
              53.16611895457144
            ],
            [
              24.817796599665908,
              53.1661156488216
            ],
            [
              24.817788907186408,
              53.166060717604296
            ],
            [
              24.817730440727967,
              53.16590886816852
            ],
            [
              24.81760117450822,
              53.165662923357395
            ],
            [
              24.81751710087796,
              53.165436721061674
            ],
            [
              24.8175138669349,
              53.165395702423055
            ],
            [
              24.817400954706233,
              53.1653177130825
            ],
            [
              24.81718206024302,
              53.16508748274626
            ],
            [
              24.817042468582937,
              53.16483603960931
            ],
            [
              24.816987565542405,
              53.164573087578205
            ],
            [
              24.81698367022121,
              53.16448378750403
            ],
            [
              24.817006252359448,
              53.16425468104961
            ],
            [
              24.81709328739508,
              53.16403118530038
            ],
            [
              24.817134690798408,
              53.163954886042355
            ],
            [
              24.81729123305365,
              53.16373492386597
            ],
            [
              24.817510099994042,
              53.16353499036735
            ],
            [
              24.81759380096892,
              53.163471591604925
            ],
            [
              24.818012884076335,
              53.16322745402658
            ],
            [
              24.818291980957383,
              53.163102657173845
            ],
            [
              24.81867639119357,
              53.16296419290552
            ],
            [
              24.81909896581052,
              53.16287418357955
            ],
            [
              24.81918931726398,
              53.16286645437924
            ],
            [
              24.819196006765605,
              53.162784989692945
            ],
            [
              24.819199631969223,
              53.16275006933713
            ],
            [
              24.819256204742544,
              53.16229945357054
            ],
            [
              24.81925334344078,
              53.16229223789264
            ],
            [
              24.81922601535091,
              53.16221277168619
            ],
            [
              24.81919192119902,
              53.16209597105193
            ],
            [
              24.819158435940267,
              53.16184547344272
            ],
            [
              24.81920302588113,
              53.16159559867576
            ],
            [
              24.81925333322086,
              53.16144669960443
            ],
            [
              24.81939649854608,
              53.161174766013275
            ],
            [
              24.819631801409166,
              53.160926951025964
            ],
            [
              24.819770203783627,
              53.16081155314467
            ],
            [
              24.82005902159005,
              53.160614442892125
            ],
            [
              24.820275420981076,
              53.16049294568166
            ],
            [
              24.820363105663,
              53.16045014335643
            ],
            [
              24.820215466368655,
              53.16039226110025
            ],
            [
              24.8200586652066,
              53.16031395920804
            ],
            [
              24.81962008789205,
              53.16001986820433
            ],
            [
              24.81955598933432,
              53.159961567194884
            ],
            [
              24.819368258107705,
              53.15975298190136
            ],
            [
              24.819244313488127,
              53.15952791538046
            ],
            [
              24.819217016843723,
              53.15945831487883
            ],
            [
              24.819157764356888,
              53.15912150535596
            ],
            [
              24.819172987381062,
              53.15868210563931
            ],
            [
              24.819208592699983,
              53.15846946509367
            ],
            [
              24.8192997564082,
              53.15826286444462
            ],
            [
              24.819362761070007,
              53.15815536556486
            ],
            [
              24.81943606534776,
              53.15806421480325
            ],
            [
              24.819319054515933,
              53.15744065092868
            ],
            [
              24.819225007939913,
              53.157239109639484
            ],
            [
              24.819169725894813,
              53.157087517488975
            ],
            [
              24.819137232076365,
              53.15696501688284
            ],
            [
              24.81910964624938,
              53.15672961747279
            ],
            [
              24.819150893270074,
              53.15649493729526
            ],
            [
              24.819185298507737,
              53.15638913793125
            ],
            [
              24.81933935324967,
              53.15609709638849
            ],
            [
              24.819415857125765,
              53.15599440628101
            ],
            [
              24.819513208899405,
              53.15579860393855
            ],
            [
              24.81968106212446,
              53.155552631620196
            ],
            [
              24.819858082732456,
              53.15539262559821
            ],
            [
              24.81999651805019,
              53.15517119032213
            ],
            [
              24.82018091710433,
              53.15494375759744
            ],
            [
              24.820295520295172,
              53.154830759443456
            ],
            [
              24.820490119507177,
              53.15466758900098
            ],
            [
              24.82072291776738,
              53.154523527317615
            ],
            [
              24.820961460103877,
              53.1543963597693
            ],
            [
              24.82122949788484,
              53.154020366911
            ],
            [
              24.821258012354505,
              53.153982029143684
            ],
            [
              24.821579127798564,
              53.153567734632624
            ],
            [
              24.821690284108346,
              53.15344210750878
            ],
            [
              24.821812887632486,
              53.15331960949061
            ],
            [
              24.82212541356716,
              53.1530755491831
            ],
            [
              24.82221124611573,
              53.1530223780575
            ],
            [
              24.822857342475952,
              53.1526217547393
            ],
            [
              24.823193051533227,
              53.15235302038152
            ],
            [
              24.823472532126058,
              53.15216785515173
            ],
            [
              24.823804140792134,
              53.152016759479686
            ],
            [
              24.82403143708237,
              53.15193186174638
            ],
            [
              24.82446363179952,
              53.15180661394554
            ],
            [
              24.824765024019946,
              53.15174201585964
            ],
            [
              24.825162930926634,
              53.15168062637577
            ],
            [
              24.8254518621103,
              53.15165260072274
            ],
            [
              24.825486200622244,
              53.15154939186907
            ],
            [
              24.825542406177366,
              53.151429792888315
            ],
            [
              24.825662203176186,
              53.151234201627936
            ],
            [
              24.82583079693895,
              53.151052007376364
            ],
            [
              24.825950899625695,
              53.1509430092655
            ],
            [
              24.82633557660021,
              53.15067718326427
            ],
            [
              24.826920273658338,
              53.15036639057837
            ],
            [
              24.827137905300695,
              53.150264306326136
            ],
            [
              24.82789989490231,
              53.14995011446894
            ],
            [
              24.827933299404023,
              53.149939128523805
            ],
            [
              24.827935168938044,
              53.14986421563076
            ],
            [
              24.82794789345401,
              53.14979273699744
            ],
            [
              24.827947533945828,
              53.149791475852815
            ],
            [
              24.82791933996794,
              53.149672975325416
            ],
            [
              24.827903498763767,
              53.14937827959198
            ],
            [
              24.827919405162465,
              53.14925507988994
            ],
            [
              24.828002016320642,
              53.14898284150137
            ],
            [
              24.82805064006975,
              53.14888247425392
            ],
            [
              24.82805907204406,
              53.14875790455538
            ],
            [
              24.82807673449738,
              53.148635315792376
            ],
            [
              24.828162554310545,
              53.148247117393254
            ],
            [
              24.828212588795395,
              53.14809156327025
            ],
            [
              24.82830263267996,
              53.14787946710766
            ],
            [
              24.82839060489989,
              53.147519100177746
            ],
            [
              24.82844675404563,
              53.14735821627733
            ],
            [
              24.82909244855257,
              53.14594405142
            ],
            [
              24.829394116903583,
              53.14518516516077
            ],
            [
              24.829398876270094,
              53.145173425416964
            ],
            [
              24.829521082823305,
              53.14487775457669
            ],
            [
              24.829768360430087,
              53.14422265052159
            ],
            [
              24.82978685943672,
              53.14417373032149
            ],
            [
              24.829926056422266,
              53.14392280971777
            ],
            [
              24.83014419000325,
              53.143692998431135
            ],
            [
              24.830432876627224,
              53.14349312757568
            ],
            [
              24.830781022005144,
              53.14333087761036
            ],
            [
              24.83117524749274,
              53.14321248325406
            ],
            [
              24.831600404165332,
              53.143142493958386
            ],
            [
              24.832040154839465,
              53.1431235991322
            ],
            [
              24.83247760169632,
              53.143156524825685
            ],
            [
              24.83289593541904,
              53.14324000583897
            ],
            [
              24.833279080933877,
              53.143370834325374
            ],
            [
              24.833612314974967,
              53.14354398302426
            ],
            [
              24.833882831769184,
              53.14375279839415
            ],
            [
              24.834080235120663,
              53.1439892562338
            ],
            [
              24.834196937989695,
              53.14424426997817
            ],
            [
              24.83422845420145,
              53.14450803983269
            ],
            [
              24.83417357105249,
              53.14477042933716
            ],
            [
              24.834155371789524,
              53.14481856941319
            ],
            [
              24.83390320242302,
              53.145486813764286
            ],
            [
              24.83389264199134,
              53.14551353228588
            ],
            [
              24.833767379690702,
              53.145816671051726
            ],
            [
              24.83345945251859,
              53.14659150038783
            ],
            [
              24.83344091483336,
              53.14663493235021
            ],
            [
              24.832821735504726,
              53.14799132872011
            ],
            [
              24.832736737169732,
              53.148339660247515
            ],
            [
              24.83269093170488,
              53.148477094720086
            ],
            [
              24.832604682823643,
              53.148680301171
            ],
            [
              24.832549774810253,
              53.14892878943849
            ],
            [
              24.832536746975226,
              53.14912155341926
            ],
            [
              24.8324801245569,
              53.14937249250813
            ],
            [
              24.832428972029344,
              53.14950440145507
            ],
            [
              24.832454209358723,
              53.14961908696866
            ],
            [
              24.832463313695904,
              53.14970238679667
            ],
            [
              24.832450038795933,
              53.14986506530879
            ],
            [
              24.832581139489484,
              53.15005069325238
            ],
            [
              24.832596749551822,
              53.15007336760494
            ],
            [
              24.832662953573134,
              53.150172066446046
            ],
            [
              24.83278909471316,
              53.15043387925261
            ],
            [
              24.83282491913657,
              53.15070555401252
            ],
            [
              24.832768963058307,
              53.150976003034614
            ],
            [
              24.83269881180174,
              53.1511005236735
            ],
            [
              24.83269150358863,
              53.15113855527607
            ],
            [
              24.83268173224144,
              53.15118292100959
            ],
            [
              24.832623544113293,
              53.151417122093015
            ],
            [
              24.83249831885872,
              53.151702344899455
            ],
            [
              24.83227271955675,
              53.15196442890682
            ],
            [
              24.83195752955652,
              53.15219084485537
            ],
            [
              24.831567815891983,
              53.15237076846017
            ],
            [
              24.831453513959683,
              53.15241246958078
            ],
            [
              24.831078704021778,
              53.15252208015184
            ],
            [
              24.830676595486224,
              53.1525883182284
            ],
            [
              24.830261007935327,
              53.15260890733834
            ],
            [
              24.830068601888783,
              53.15260770730159
            ],
            [
              24.82987820665149,
              53.15259623120178
            ],
            [
              24.82978948846833,
              53.1527907685888
            ],
            [
              24.829651248895065,
              53.15297722172296
            ],
            [
              24.829554152437584,
              53.153085323334466
            ],
            [
              24.829261554434492,
              53.153337366030506
            ],
            [
              24.82888147356301,
              53.15354319025414
            ],
            [
              24.82788956115557,
              53.153968201130596
            ],
            [
              24.827806915952582,
              53.154001973429345
            ],
            [
              24.827601212818298,
              53.154082075542455
            ],
            [
              24.827300141026317,
              53.15418061695686
            ],
            [
              24.826977585121384,
              53.15425056429741
            ],
            [
              24.826852581627342,
              53.15427136492826
            ],
            [
              24.82636591821667,
              53.15431239856893
            ],
            [
              24.826189890837295,
              53.154436262103374
            ],
            [
              24.82556877321022,
              53.154821416747616
            ],
            [
              24.825352794926705,
              53.15510009961126
            ],
            [
              24.82492397770225,
              53.155701704883136
            ],
            [
              24.824598497893533,
              53.15602427390667
            ],
            [
              24.824508698791053,
              53.15609027521865
            ],
            [
              24.82427517622904,
              53.15623767476619
            ],
            [
              24.824062778165125,
              53.15635294479852
            ],
            [
              24.82402194422375,
              53.156418270793324
            ],
            [
              24.823954751880034,
              53.15652576698852
            ],
            [
              24.823799199075403,
              53.15672395406146
            ],
            [
              24.8237091526962,
              53.15680246614544
            ],
            [
              24.823701042682647,
              53.15681878089287
            ],
            [
              24.823769995393903,
              53.15703090685489
            ],
            [
              24.823955963760994,
              53.158021399670986
            ],
            [
              24.823972861654862,
              53.15810779731317
            ],
            [
              24.823975964039803,
              53.15840527510922
            ],
            [
              24.8239622680887,
              53.158483775365504
            ],
            [
              24.823929379674006,
              53.158572788155475
            ],
            [
              24.82409497659011,
              53.15864896930544
            ],
            [
              24.824335419070067,
              53.15880026740713
            ],
            [
              24.824393719655287,
              53.158843166554725
            ],
            [
              24.824601914487765,
              53.15902487871262
            ],
            [
              24.824757968454083,
              53.15922449692486
            ],
            [
              24.824793870899722,
              53.159282296290016
            ],
            [
              24.82490279668373,
              53.15952446440444
            ],
            [
              24.824935068995778,
              53.15977453739181
            ],
            [
              24.824934300410277,
              53.15980355996851
            ],
            [
              24.82507436625243,
              53.16017063868973
            ],
            [
              24.825119813699395,
              53.16023394936163
            ],
            [
              24.825186818063358,
              53.160338548181386
            ],
            [
              24.82530426769551,
              53.16059501855273
            ],
            [
              24.825319770425047,
              53.16064941826416
            ],
            [
              24.82535184202148,
              53.16088721989229
            ],
            [
              24.82535114481095,
              53.16094041990502
            ],
            [
              24.825319776878,
              53.16115453815868
            ],
            [
              24.82523208467662,
              53.161362951176436
            ],
            [
              24.825174689138798,
              53.16146445220086
            ],
            [
              24.825033937447564,
              53.16166068810818
            ],
            [
              24.82484328353069,
              53.16184114233424
            ],
            [
              24.824797084206818,
              53.16187804303092
            ],
            [
              24.82453907687233,
              53.16205089783526
            ],
            [
              24.824235489877758,
              53.16219469514043
            ],
            [
              24.824171688930228,
              53.16221989580251
            ],
            [
              24.823764356288827,
              53.16233564038258
            ],
            [
              24.823689167101325,
              53.16293504230194
            ],
            [
              24.823672197883152,
              53.163141956488836
            ],
            [
              24.82367133531288,
              53.163360906645295
            ],
            [
              24.823631145167333,
              53.16361156593275
            ],
            [
              24.823547158208253,
              53.163874367486464
            ],
            [
              24.82346597050351,
              53.16405760595526
            ],
            [
              24.823314182142678,
              53.164323308661686
            ],
            [
              24.82315509744648,
              53.16453843459768
            ],
            [
              24.822936074624128,
              53.16473371303393
            ],
            [
              24.822663778184097,
              53.164903201282534
            ],
            [
              24.822198075532835,
              53.16514650705291
            ],
            [
              24.822071207409884,
              53.16519684311063
            ],
            [
              24.822095575700427,
              53.16525043969608
            ],
            [
              24.822210190097433,
              53.16554803758796
            ],
            [
              24.82225997263709,
              53.1657385829296
            ],
            [
              24.822293985232637,
              53.16598128228861
            ],
            [
              24.822298843801256,
              53.16616433293503
            ],
            [
              24.822277756490898,
              53.16640723333038
            ],
            [
              24.8221987943717,
              53.16669797439854
            ],
            [
              24.821933621086206,
              53.16727057921337
            ],
            [
              24.82181450260691,
              53.167467175861525
            ],
            [
              24.821685728766703,
              53.16763728563725
            ],
            [
              24.821681223025287,
              53.1676504775984
            ],
            [
              24.821669933368902,
              53.16778382874683
            ],
            [
              24.821691701551273,
              53.16783047845168
            ],
            [
              24.821732077451973,
              53.1680459120527
            ],
            [
              24.82176671202893,
              53.16870601139493
            ],
            [
              24.82170777836053,
              53.16905796418233
            ],
            [
              24.821676805203143,
              53.16913671923585
            ],
            [
              24.821725425452954,
              53.1694325631036
            ],
            [
              24.821726819947767,
              53.169688298445394
            ],
            [
              24.82164767567857,
              53.169939596015375
            ],
            [
              24.821490835744683,
              53.17017742408918
            ],
            [
              24.82135649136932,
              53.170335415671104
            ],
            [
              24.821296746796097,
              53.17044602930908
            ],
            [
              24.8212150823191,
              53.17108163897477
            ],
            [
              24.821208607089755,
              53.17158933348642
            ],
            [
              24.82120368822183,
              53.17166875502331
            ],
            [
              24.821003581999275,
              53.17346785877571
            ],
            [
              24.82095479038599,
              53.17367125103272
            ],
            [
              24.82091939502596,
              53.17376655168363
            ],
            [
              24.820779867859432,
              53.174020386892565
            ],
            [
              24.82055958837963,
              53.17425275287829
            ],
            [
              24.820464290105672,
              53.17433345434503
            ],
            [
              24.820206353648473,
              53.174515325238204
            ],
            [
              24.820008896224152,
              53.17461282219006
            ],
            [
              24.81996455742416,
              53.17483714677933
            ],
            [
              24.819926462721956,
              53.17494514748153
            ],
            [
              24.819891226946254,
              53.17501379895237
            ],
            [
              24.81993604242585,
              53.175033700057206
            ],
            [
              24.820203336481743,
              53.175202032967306
            ],
            [
              24.820287637415493,
              53.17526523172535
            ],
            [
              24.820513984641494,
              53.17547096611831
            ],
            [
              24.8206741118555,
              53.17569794757033
            ],
            [
              24.820723516028163,
              53.175790846682006
            ],
            [
              24.820801129228613,
              53.1759858318602
            ],
            [
              24.820829676913903,
              53.17618555771017
            ],
            [
              24.82083238459068,
              53.176331857658035
            ],
            [
              24.82080757382902,
              53.176547120254696
            ],
            [
              24.820725814799964,
              53.17675725806341
            ],
            [
              24.820657920520546,
              53.17688465928235
            ],
            [
              24.820630946264053,
              53.17693220324478
            ],
            [
              24.820555643420185,
              53.177057243266525
            ],
            [
              24.820586931540685,
              53.177129249857856
            ],
            [
              24.820659573749964,
              53.17747286429293
            ],
            [
              24.82065868411072,
              53.17767026430826
            ],
            [
              24.82060091782027,
              53.177970299443665
            ],
            [
              24.82039430612288,
              53.17850623529733
            ],
            [
              24.82037698030483,
              53.17872359198152
            ],
            [
              24.820370775849117,
              53.178801298831914
            ],
            [
              24.82031553942162,
              53.179040585377265
            ],
            [
              24.820189977230356,
              53.179270130991846
            ],
            [
              24.82003628563891,
              53.17948413365313
            ],
            [
              24.819705076361505,
              53.17980926331809
            ],
            [
              24.818715985664777,
              53.18052777770619
            ],
            [
              24.818259192973233,
              53.180779148963296
            ],
            [
              24.818214833814345,
              53.180797516391635
            ],
            [
              24.818206542790655,
              53.18080812463238
            ],
            [
              24.818111944266953,
              53.180956812508484
            ],
            [
              24.817961478647064,
              53.18114715608442
            ],
            [
              24.817763406088893,
              53.18132114326321
            ],
            [
              24.817553308363927,
              53.18147784635177
            ],
            [
              24.81733917652506,
              53.181616444629654
            ],
            [
              24.81718487610598,
              53.1817032466214
            ],
            [
              24.81692220180162,
              53.181830220154325
            ],
            [
              24.816479221225112,
              53.18201329219975
            ],
            [
              24.816301582401984,
              53.18211346186614
            ],
            [
              24.81603460257016,
              53.18236131668893
            ],
            [
              24.815617870113194,
              53.18264900354435
            ],
            [
              24.81549888865272,
              53.1827108143521
            ],
            [
              24.8153452521954,
              53.18285537489236
            ],
            [
              24.815189935284806,
              53.182984104341216
            ],
            [
              24.814196925675336,
              53.18371258398504
            ],
            [
              24.813770720338752,
              53.18412868897825
            ],
            [
              24.813378015925693,
              53.18441482894898
            ],
            [
              24.81320734340307,
              53.18450911457791
            ],
            [
              24.813152638905652,
              53.184564678037354
            ],
            [
              24.812997095271434,
              53.1847024754685
            ],
            [
              24.812655499767512,
              53.184968180571595
            ],
            [
              24.812302900602482,
              53.18518640488993
            ],
            [
              24.81175228256535,
              53.185458008391564
            ],
            [
              24.81001020461664,
              53.186663706809334
            ],
            [
              24.805626644149218,
              53.189781402915074
            ],
            [
              24.805074522319952,
              53.19023016172595
            ],
            [
              24.804827509364436,
              53.19039936222325
            ],
            [
              24.804278908567518,
              53.19071726941666
            ],
            [
              24.804175729163717,
              53.19077346096225
            ],
            [
              24.803950758799022,
              53.19088856220155
            ],
            [
              24.803347527594692,
              53.191399871746036
            ],
            [
              24.803161176521314,
              53.19153763217935
            ],
            [
              24.802869330965255,
              53.19172650982492
            ],
            [
              24.80131066020338,
              53.19283166771726
            ],
            [
              24.80109394245739,
              53.19301247383365
            ],
            [
              24.800968235426414,
              53.19310795244503
            ],
            [
              24.79915598381185,
              53.1943635503621
            ],
            [
              24.79590937783171,
              53.19665343452108
            ],
            [
              24.79588582397647,
              53.196669779280114
            ],
            [
              24.79471815519488,
              53.197467049898925
            ],
            [
              24.793982560174673,
              53.19798628127408
            ],
            [
              24.79353953098735,
              53.19834248589369
            ],
            [
              24.793292588835904,
              53.19851003773113
            ],
            [
              24.792922534852526,
              53.198722669817414
            ],
            [
              24.792334148223766,
              53.19914190988953
            ],
            [
              24.79227889755194,
              53.199179818171665
            ],
            [
              24.79172916461814,
              53.19954308731006
            ],
            [
              24.786741274661622,
              53.20299847291943
            ],
            [
              24.78204535467131,
              53.206291123725464
            ],
            [
              24.781948107432292,
              53.20635503669334
            ],
            [
              24.78167060530268,
              53.206526067666644
            ],
            [
              24.78138418171237,
              53.2068228210437
            ],
            [
              24.781241840953417,
              53.20700063091381
            ],
            [
              24.78121966712321,
              53.20707133239913
            ],
            [
              24.7811895938845,
              53.20720846959394
            ],
            [
              24.781198421426524,
              53.20742173753981
            ],
            [
              24.781252927218297,
              53.207945625772446
            ],
            [
              24.78125637256373,
              53.2079910789425
            ],
            [
              24.781386669555914,
              53.21072818775802
            ],
            [
              24.78144131454393,
              53.21163182403227
            ],
            [
              24.781489765469722,
              53.211700753709145
            ],
            [
              24.78162914743365,
              53.211980429358114
            ],
            [
              24.78168125592436,
              53.21215032839072
            ],
            [
              24.781717491204578,
              53.2124305403566
            ],
            [
              24.781655982980336,
              53.21270916711937
            ],
            [
              24.78158649132593,
              53.21288236839324
            ],
            [
              24.78148713436909,
              53.21303700676497
            ],
            [
              24.781555513120693,
              53.213658422612234
            ],
            [
              24.781559288784596,
              53.213704985153726
            ],
            [
              24.781593296675695,
              53.21435664325767
            ],
            [
              24.781697672029996,
              53.216014544929635
            ],
            [
              24.781742120397382,
              53.21628655123851
            ],
            [
              24.781752775497726,
              53.21642716917232
            ],
            [
              24.781744648571742,
              53.21713697427417
            ],
            [
              24.781847917595258,
              53.219764444251695
            ],
            [
              24.7818635434873,
              53.219956610303
            ],
            [
              24.781938122421625,
              53.22087065741176
            ],
            [
              24.781965398545207,
              53.22115591872477
            ],
            [
              24.781964364156163,
              53.2213202708703
            ],
            [
              24.781954193194455,
              53.221414225777146
            ],
            [
              24.78202777640084,
              53.22170137554413
            ],
            [
              24.782038585320652,
              53.22187127533968
            ],
            [
              24.78203092339406,
              53.22204502516488
            ],
            [
              24.782011431788703,
              53.22217310497891
            ],
            [
              24.78210863180904,
              53.22403518233704
            ],
            [
              24.782109005956965,
              53.22404309270899
            ],
            [
              24.782130792313804,
              53.22455696957107
            ],
            [
              24.78218841146743,
              53.22501103253712
            ],
            [
              24.782194796846106,
              53.22510122664658
            ],
            [
              24.782203771263593,
              53.22570544979805
            ],
            [
              24.78221760643128,
              53.226271173119486
            ],
            [
              24.782217795293384,
              53.22630013860656
            ],
            [
              24.782213677928308,
              53.226660863202895
            ],
            [
              24.782290288955167,
              53.22724076493092
            ],
            [
              24.78229422258796,
              53.22727660447519
            ],
            [
              24.78235045629642,
              53.2279197034132
            ],
            [
              24.782353537318798,
              53.22799007040267
            ],
            [
              24.782353668757114,
              53.22869428104199
            ],
            [
              24.782422735352174,
              53.22935657187948
            ],
            [
              24.78242678816299,
              53.229417693523715
            ],
            [
              24.782488285978832,
              53.23158324024151
            ],
            [
              24.78254539378962,
              53.23260220619508
            ],
            [
              24.782574198392364,
              53.23310752015138
            ],
            [
              24.78257080293174,
              53.233240653555626
            ],
            [
              24.78255322403713,
              53.23340321385748
            ],
            [
              24.782576545461293,
              53.23356985398106
            ],
            [
              24.7826189136642,
              53.23377116203833
            ],
            [
              24.782669557995977,
              53.234008207104125
            ],
            [
              24.782687743250168,
              53.234173653558365
            ],
            [
              24.78268807989177,
              53.2342216122917
            ],
            [
              24.78348413068397,
              53.23563153612248
            ],
            [
              24.78356110656191,
              53.23580526651279
            ],
            [
              24.783653497057667,
              53.23608888239773
            ],
            [
              24.783679584093846,
              53.236132336115986
            ],
            [
              24.783799324285315,
              53.23628112499276
            ],
            [
              24.78393989029581,
              53.23650442522296
            ],
            [
              24.784370818380882,
              53.23743000746237
            ],
            [
              24.784863172643078,
              53.238404536572396
            ],
            [
              24.786002985239797,
              53.240574697647
            ],
            [
              24.786005342021404,
              53.24057921228423
            ],
            [
              24.78693862377685,
              53.24237799546253
            ],
            [
              24.786946699291146,
              53.242393904867114
            ],
            [
              24.787166904960067,
              53.242837535628915
            ],
            [
              24.788554551121514,
              53.2455577421662
            ],
            [
              24.789902732730102,
              53.24806844670526
            ],
            [
              24.789942932975986,
              53.2481525847212
            ],
            [
              24.790264715689617,
              53.24891933938425
            ],
            [
              24.79073058093324,
              53.24973324142873
            ],
            [
              24.79075117550792,
              53.249771028038744
            ],
            [
              24.79378504202914,
              53.255628073341306
            ],
            [
              24.79576063806872,
              53.25945174654609
            ],
            [
              24.795772148397965,
              53.25947474555081
            ],
            [
              24.796296998669913,
              53.26055843603464
            ],
            [
              24.796317859070868,
              53.260604545922455
            ],
            [
              24.796728805841557,
              53.26158113839896
            ],
            [
              24.796795303618097,
              53.26185773483594
            ],
            [
              24.79681241739698,
              53.26211963451192
            ],
            [
              24.79680909677866,
              53.26226246923462
            ],
            [
              24.7967574209526,
              53.262723970204945
            ],
            [
              24.796752343002083,
              53.26276146902863
            ],
            [
              24.796719750463424,
              53.26296656740559
            ],
            [
              24.796741138720908,
              53.26304467402139
            ],
            [
              24.79677058371901,
              53.26328121458184
            ],
            [
              24.796763001159523,
              53.263612014723115
            ],
            [
              24.796714402664104,
              53.263872653276806
            ],
            [
              24.796672290937725,
              53.26399174732575
            ],
            [
              24.79661863070238,
              53.26461879416115
            ],
            [
              24.796591449198715,
              53.264938135864995
            ],
            [
              24.7966014352716,
              53.26523200968585
            ],
            [
              24.796598500755096,
              53.265333466600644
            ],
            [
              24.79646415292996,
              53.26679513778513
            ],
            [
              24.79636182770328,
              53.268237603222445
            ],
            [
              24.796360647912465,
              53.26825233260504
            ],
            [
              24.796289871859305,
              53.269045235963496
            ],
            [
              24.796048459075337,
              53.272944634397795
            ],
            [
              24.795929087073567,
              53.2733304455435
            ],
            [
              24.795812852001546,
              53.2735341029821
            ],
            [
              24.795752417847076,
              53.27394314119423
            ],
            [
              24.795771421679103,
              53.274402588262554
            ],
            [
              24.795777300186366,
              53.27441387149237
            ],
            [
              24.795862510546165,
              53.27465033566561
            ],
            [
              24.795900320021307,
              53.274834034956626
            ],
            [
              24.79591399845854,
              53.27507082987692
            ],
            [
              24.795723726993533,
              53.27719914683289
            ],
            [
              24.79551236506897,
              53.27957547789269
            ],
            [
              24.795517658709556,
              53.2801867364327
            ],
            [
              24.79550632811451,
              53.28032892559009
            ],
            [
              24.79544381569178,
              53.28069995972798
            ],
            [
              24.79546151167203,
              53.28097888859234
            ],
            [
              24.795459679461867,
              53.28110463203258
            ],
            [
              24.79534460735072,
              53.28234662132409
            ],
            [
              24.795279547306734,
              53.28378108750376
            ],
            [
              24.795266899571466,
              53.28389173867052
            ],
            [
              24.79521604184375,
              53.28416868223903
            ],
            [
              24.795169102370593,
              53.285091332019
            ],
            [
              24.795162203225043,
              53.28516340347049
            ],
            [
              24.795094354755324,
              53.28564556778294
            ],
            [
              24.79503378157047,
              53.286955012750404
            ],
            [
              24.79495110059487,
              53.28728138144031
            ],
            [
              24.794862498154068,
              53.2874705836353
            ],
            [
              24.794958506400846,
              53.28785219036125
            ],
            [
              24.79497049700895,
              53.28819800270639
            ],
            [
              24.794885323355416,
              53.28866834486525
            ],
            [
              24.794833507933607,
              53.289774094476535
            ],
            [
              24.794819711076045,
              53.28988994747977
            ],
            [
              24.79477662619228,
              53.29011462506062
            ],
            [
              24.794751072677286,
              53.290486918928146
            ],
            [
              24.794767686816794,
              53.29092848962174
            ],
            [
              24.794763725551153,
              53.291044268320675
            ],
            [
              24.794622700473244,
              53.29237239363611
            ],
            [
              24.794636802638774,
              53.29306551730092
            ],
            [
              24.794630981579626,
              53.293180122792556
            ],
            [
              24.794514205519683,
              53.29413638383985
            ],
            [
              24.79436133557374,
              53.29662599719803
            ],
            [
              24.794359883786612,
              53.29664570616252
            ],
            [
              24.79431163400356,
              53.29720724056238
            ],
            [
              24.79412436275897,
              53.299561675662645
            ],
            [
              24.794121010491708,
              53.299996141926535
            ],
            [
              24.794118236573894,
              53.30005706669921
            ],
            [
              24.793913365918392,
              53.30251367054779
            ],
            [
              24.793892184629055,
              53.30264262451202
            ],
            [
              24.793768310405596,
              53.30314642682222
            ],
            [
              24.793705345817074,
              53.303321100791976
            ],
            [
              24.7935278631315,
              53.30369210401042
            ],
            [
              24.793415211165772,
              53.30387591333528
            ],
            [
              24.793126825833916,
              53.30425801829456
            ],
            [
              24.79303752620127,
              53.30436370067837
            ],
            [
              24.792727636618814,
              53.304693605776635
            ],
            [
              24.792589809850845,
              53.304822596822476
            ],
            [
              24.792167817037164,
              53.30517210327952
            ],
            [
              24.79206269963109,
              53.3052525629918
            ],
            [
              24.791121615649214,
              53.305919253578416
            ],
            [
              24.790834190763118,
              53.306174895346764
            ],
            [
              24.79075627982271,
              53.30623993801025
            ],
            [
              24.789961190846014,
              53.30686374994527
            ],
            [
              24.789891114478106,
              53.30691598754278
            ],
            [
              24.788799567705777,
              53.30768950450779
            ],
            [
              24.78867396442936,
              53.30778320397534
            ],
            [
              24.78840254777576,
              53.30805096632882
            ],
            [
              24.788117457740405,
              53.308275411571294
            ],
            [
              24.787897958380768,
              53.30841511459103
            ],
            [
              24.787544145918144,
              53.30859798766303
            ],
            [
              24.787324346029987,
              53.3086896530016
            ],
            [
              24.787328999934577,
              53.30879508408992
            ],
            [
              24.78732340313986,
              53.3088559841951
            ],
            [
              24.787255849406375,
              53.30911754466115
            ],
            [
              24.78710412456615,
              53.30936619048866
            ],
            [
              24.786874067374036,
              53.30959235086231
            ],
            [
              24.786778868767993,
              53.309668052298385
            ],
            [
              24.7864465035543,
              53.30988023315541
            ],
            [
              24.78604578838516,
              53.31004495643247
            ],
            [
              24.785649880582596,
              53.31017255998014
            ],
            [
              24.785599807187225,
              53.31018432426335
            ],
            [
              24.78545609399582,
              53.31037110032425
            ],
            [
              24.78522069821519,
              53.31057125908727
            ],
            [
              24.784675679977145,
              53.31095527673632
            ],
            [
              24.784309308705932,
              53.31127549267421
            ],
            [
              24.784160631417965,
              53.311391427592035
            ],
            [
              24.783607062862785,
              53.31177781022612
            ],
            [
              24.783008640700363,
              53.31230161671854
            ],
            [
              24.78292990658461,
              53.31236632483656
            ],
            [
              24.782122217083057,
              53.31299033689283
            ],
            [
              24.782069063419037,
              53.313029845228705
            ],
            [
              24.78126223221924,
              53.31360698881232
            ],
            [
              24.78031983439061,
              53.31435846548933
            ],
            [
              24.780179639852282,
              53.31445959643106
            ],
            [
              24.779917917641626,
              53.314630704615304
            ],
            [
              24.779215749092327,
              53.31522299201473
            ],
            [
              24.779104736063214,
              53.31530905981609
            ],
            [
              24.77881153860873,
              53.31551836405901
            ],
            [
              24.77855769231923,
              53.31567256095674
            ],
            [
              24.77835878077666,
              53.315775419727764
            ],
            [
              24.778251673867956,
              53.31590510388313
            ],
            [
              24.778043945248655,
              53.31610891943793
            ],
            [
              24.77773455011491,
              53.31635952413638
            ],
            [
              24.777682501477887,
              53.31640005284145
            ],
            [
              24.77672733123801,
              53.31711533673618
            ],
            [
              24.77648070055453,
              53.31735945653489
            ],
            [
              24.776321482302205,
              53.31749699367419
            ],
            [
              24.775945386808175,
              53.317782299249856
            ],
            [
              24.77582430527277,
              53.3178667440071
            ],
            [
              24.77564952561388,
              53.317978929396396
            ],
            [
              24.77531872445387,
              53.31828004873493
            ],
            [
              24.77519107574881,
              53.318384889133654
            ],
            [
              24.7737302101079,
              53.31947087544263
            ],
            [
              24.772873957535527,
              53.32015926033423
            ],
            [
              24.772813303054253,
              53.32020585728315
            ],
            [
              24.772243721023994,
              53.320624205250894
            ],
            [
              24.771733303840584,
              53.32104545140199
            ],
            [
              24.771653703577343,
              53.32110729724315
            ],
            [
              24.770980088401025,
              53.321600462352265
            ],
            [
              24.77045942438623,
              53.32205195734182
            ],
            [
              24.770344149820584,
              53.32214335993511
            ],
            [
              24.76967292192531,
              53.32263106899432
            ],
            [
              24.768720282598952,
              53.32338036024342
            ],
            [
              24.768415973886256,
              53.323576000337574
            ],
            [
              24.76817007259724,
              53.32370560340803
            ],
            [
              24.767835577764068,
              53.32385162635708
            ],
            [
              24.767462050261084,
              53.32395869468079
            ],
            [
              24.76727134539071,
              53.32400099593403
            ],
            [
              24.766843791876408,
              53.32406825855519
            ],
            [
              24.766578383809463,
              53.32409375935121
            ],
            [
              24.766181115487722,
              53.32411068361796
            ],
            [
              24.765487686327393,
              53.32410360446112
            ],
            [
              24.764907671890178,
              53.32412536896837
            ],
            [
              24.764316023918624,
              53.32416404861707
            ],
            [
              24.763946667268428,
              53.32422217056738
            ],
            [
              24.763518063975912,
              53.32426382923877
            ],
            [
              24.762697838218052,
              53.32429573024611
            ],
            [
              24.762377493121058,
              53.32428950820444
            ],
            [
              24.75954252148226,
              53.32447944786603
            ],
            [
              24.75792127794185,
              53.32459101690929
            ],
            [
              24.757747336474626,
              53.324598935211675
            ],
            [
              24.75733133343068,
              53.324608241469996
            ],
            [
              24.75638703556693,
              53.324692333843814
            ],
            [
              24.7562027560183,
              53.324704151297965
            ],
            [
              24.752970154519197,
              53.32483155531937
            ],
            [
              24.752919540478786,
              53.32483320894503
            ],
            [
              24.75248334878046,
              53.32484452828957
            ],
            [
              24.752135898997558,
              53.32487270160413
            ],
            [
              24.751345111879893,
              53.324983210197125
            ],
            [
              24.751181812165086,
              53.32500227027774
            ],
            [
              24.74851070881641,
              53.325253388736314
            ],
            [
              24.747902372489445,
              53.32532843187153
            ],
            [
              24.7474555016988,
              53.32539939307611
            ],
            [
              24.74685301961929,
              53.32544461547897
            ],
            [
              24.74650695949677,
              53.32544258498873
            ],
            [
              24.746305326017236,
              53.32545725106857
            ],
            [
              24.74371071129636,
              53.32569312492685
            ],
            [
              24.74370541963321,
              53.325693602096166
            ],
            [
              24.74158920230344,
              53.32588287854704
            ],
            [
              24.741452877760995,
              53.32589980599962
            ],
            [
              24.741231253300928,
              53.32596972990513
            ],
            [
              24.740842477309506,
              53.32613859556183
            ],
            [
              24.740568109074143,
              53.326240683358726
            ],
            [
              24.738681871026888,
              53.32683509997102
            ],
            [
              24.73826343338253,
              53.32693647667818
            ],
            [
              24.737938524375522,
              53.326993378403685
            ],
            [
              24.737383329444242,
              53.32704702710498
            ],
            [
              24.73710102053823,
              53.327053027294646
            ],
            [
              24.736621144007938,
              53.3270326050512
            ],
            [
              24.736300196618075,
              53.3269981512302
            ],
            [
              24.735860306667394,
              53.32713136280907
            ],
            [
              24.735490491969298,
              53.32721982640392
            ],
            [
              24.73400267484651,
              53.327487551068124
            ],
            [
              24.733595587187054,
              53.32757196289703
            ],
            [
              24.733183309300983,
              53.32763223609376
            ],
            [
              24.73275942959699,
              53.327645377462076
            ],
            [
              24.732521722103694,
              53.32763937727277
            ],
            [
              24.73188377893199,
              53.32756750223757
            ],
            [
              24.73158477104621,
              53.32750620040558
            ],
            [
              24.73104023950288,
              53.327342626443226
            ],
            [
              24.730254228661227,
              53.32702051805102
            ],
            [
              24.730168338516542,
              53.32698352138577
            ],
            [
              24.72895961306465,
              53.3264366802424
            ],
            [
              24.72882318333917,
              53.326534592916566
            ],
            [
              24.728542250952287,
              53.32667945757903
            ],
            [
              24.72830844815462,
              53.32678126017833
            ],
            [
              24.72821740669932,
              53.32681889540191
            ],
            [
              24.727047059163393,
              53.3272777636424
            ],
            [
              24.726927748989358,
              53.32733083702635
            ],
            [
              24.726202731147566,
              53.327653416286466
            ],
            [
              24.725845608552934,
              53.327849980958135
            ],
            [
              24.724863231213916,
              53.32861365839168
            ],
            [
              24.72485151405439,
              53.32862268743705
            ],
            [
              24.72369512836997,
              53.32950600462958
            ],
            [
              24.7236645179622,
              53.329528870328275
            ],
            [
              24.722437272202438,
              53.33042546298552
            ],
            [
              24.721815942994,
              53.33088820910278
            ],
            [
              24.721663885261947,
              53.33099038375747
            ],
            [
              24.720983655766688,
              53.33140327665415
            ],
            [
              24.720687543511286,
              53.331616930112396
            ],
            [
              24.720605023091625,
              53.331676435105024
            ],
            [
              24.720342534160835,
              53.33183653828567
            ],
            [
              24.71962632875376,
              53.33220626065427
            ],
            [
              24.71721420294423,
              53.33371716588623
            ],
            [
              24.71683084172543,
              53.334004394313574
            ],
            [
              24.716625928718997,
              53.334138346116035
            ],
            [
              24.716239017457013,
              53.33435938662616
            ],
            [
              24.71572276545642,
              53.334658603584025
            ],
            [
              24.715621408341335,
              53.33471387855318
            ],
            [
              24.715305976499327,
              53.33487568095385
            ],
            [
              24.715076969404045,
              53.33507575458639
            ],
            [
              24.71434975285619,
              53.33580576556231
            ],
            [
              24.71430100996131,
              53.33585249723112
            ],
            [
              24.71404481595565,
              53.33608730128238
            ],
            [
              24.713806655369275,
              53.3362693421629
            ],
            [
              24.713519970278973,
              53.336424450241225
            ],
            [
              24.71317506662444,
              53.33658115418272
            ],
            [
              24.712744586732747,
              53.33673494734672
            ],
            [
              24.71236637811596,
              53.33683795030855
            ],
            [
              24.711836812280097,
              53.33693740870256
            ],
            [
              24.71164310526509,
              53.3369586421509
            ],
            [
              24.711473871067412,
              53.337259031738505
            ],
            [
              24.711438129740618,
              53.33731791211777
            ],
            [
              24.71131654279313,
              53.33750457009249
            ],
            [
              24.710891486342337,
              53.33848377880001
            ],
            [
              24.710786295184697,
              53.33866938353424
            ],
            [
              24.71026254444243,
              53.339411112419405
            ],
            [
              24.70995345787148,
              53.3400438386819
            ],
            [
              24.709895565637293,
              53.34014674681629
            ],
            [
              24.709811071232046,
              53.34027904830649
            ],
            [
              24.709670837235873,
              53.340458013087975
            ],
            [
              24.709352847965967,
              53.34079671832341
            ],
            [
              24.709225850514056,
              53.34091671442323
            ],
            [
              24.708988154831424,
              53.3411171180844
            ],
            [
              24.70874597420492,
              53.341288954245194
            ],
            [
              24.708483174264057,
              53.34144665776123
            ],
            [
              24.708053886213875,
              53.34164836309362
            ],
            [
              24.70755605877878,
              53.341782656743376
            ],
            [
              24.70730815202889,
              53.34182895814004
            ],
            [
              24.706892814389104,
              53.34188157339096
            ],
            [
              24.706647706792054,
              53.341898473921454
            ],
            [
              24.706207321050726,
              53.34190303646109
            ],
            [
              24.705773820871222,
              53.341856500343916
            ],
            [
              24.705515513639533,
              53.34181289901747
            ],
            [
              24.704911970903915,
              53.34165089826427
            ],
            [
              24.704875796400486,
              53.34163707087623
            ],
            [
              24.704738437835964,
              53.34170175805074
            ],
            [
              24.70423682923212,
              53.3418829629512
            ],
            [
              24.704061639140168,
              53.34194009556238
            ],
            [
              24.70405422776603,
              53.34194226448988
            ],
            [
              24.704206981085587,
              53.34211896306461
            ],
            [
              24.70433246480424,
              53.34240047004666
            ],
            [
              24.704357569810128,
              53.342498369578514
            ],
            [
              24.70437279780546,
              53.34283423632505
            ],
            [
              24.704351204665656,
              53.34296563673093
            ],
            [
              24.70425403677756,
              53.34324592552849
            ],
            [
              24.70411834092682,
              53.343428969847196
            ],
            [
              24.704135970904186,
              53.343491339808494
            ],
            [
              24.704431353074902,
              53.344144262350014
            ],
            [
              24.7045221970212,
              53.34422166316093
            ],
            [
              24.704947992055,
              53.34453401611768
            ],
            [
              24.70497364647365,
              53.34455318898056
            ],
            [
              24.705903057844402,
              53.345260875176564
            ],
            [
              24.70619616097036,
              53.34555408492393
            ],
            [
              24.706425773337326,
              53.34586848095191
            ],
            [
              24.70651957839019,
              53.34602156305461
            ],
            [
              24.706614987207683,
              53.34621226132953
            ],
            [
              24.706696903169885,
              53.34645607795448
            ],
            [
              24.706727312088358,
              53.3466272773841
            ],
            [
              24.706713239737507,
              53.34697616359285
            ],
            [
              24.706675847095536,
              53.34712016429054
            ],
            [
              24.70654922320212,
              53.34740190440434
            ],
            [
              24.706480127655713,
              53.34750810562013
            ],
            [
              24.706167444358396,
              53.347840153307736
            ],
            [
              24.70603254618328,
              53.3479452553288
            ],
            [
              24.705604716270795,
              53.34819945313844
            ],
            [
              24.705412414214507,
              53.34828655533219
            ],
            [
              24.705085002169234,
              53.34840999115281
            ],
            [
              24.70472709226585,
              53.3484982445258
            ],
            [
              24.704505386245923,
              53.34854004578587
            ],
            [
              24.70402164595388,
              53.34859755278165
            ],
            [
              24.70352852700654,
              53.34859103636051
            ],
            [
              24.703353721621287,
              53.34857723592778
            ],
            [
              24.7030084585232,
              53.34853337650604
            ],
            [
              24.702678850580586,
              53.3484579550846
            ],
            [
              24.70249054642128,
              53.3484044535571
            ],
            [
              24.702266740508026,
              53.34832054604307
            ],
            [
              24.702218413798896,
              53.34842165856207
            ],
            [
              24.702062506253945,
              53.348619317145975
            ],
            [
              24.70197710898942,
              53.34870811854391
            ],
            [
              24.701829342137657,
              53.34882582444964
            ],
            [
              24.70183493250031,
              53.34883916971449
            ],
            [
              24.701900005354922,
              53.34910386204728
            ],
            [
              24.701876294559803,
              53.3493710148225
            ],
            [
              24.701841001581535,
              53.34950831548122
            ],
            [
              24.701711838324055,
              53.349795171652204
            ],
            [
              24.701480632373617,
              53.35005819926481
            ],
            [
              24.701158592553465,
              53.350284644790335
            ],
            [
              24.70100739217442,
              53.350369846749274
            ],
            [
              24.70064515011764,
              53.3505360563766
            ],
            [
              24.700234302755888,
              53.350655375927836
            ],
            [
              24.69979164420739,
              53.350722927907206
            ],
            [
              24.699276128444936,
              53.35076912935123
            ],
            [
              24.698944425998768,
              53.35078407859619
            ],
            [
              24.698612640650733,
              53.350769799926816
            ],
            [
              24.698162626870232,
              53.35073039869368
            ],
            [
              24.69772645869224,
              53.35066522329864
            ],
            [
              24.697320540939987,
              53.35054979372357
            ],
            [
              24.696960942501477,
              53.35038867951555
            ],
            [
              24.696661898179777,
              53.350188258692455
            ],
            [
              24.696431540151178,
              53.349998863282266
            ],
            [
              24.696335984254674,
              53.35013312212483
            ],
            [
              24.696088002362345,
              53.3503507987377
            ],
            [
              24.69588130419889,
              53.35049880173431
            ],
            [
              24.69551593141935,
              53.35070763934573
            ],
            [
              24.695081887292414,
              53.35086273079594
            ],
            [
              24.69486588236243,
              53.35092143248494
            ],
            [
              24.694486976837705,
              53.35100099216699
            ],
            [
              24.69409045955906,
              53.351039254544695
            ],
            [
              24.693461639819986,
              53.351066055389005
            ],
            [
              24.692946244895666,
              53.351052784456314
            ],
            [
              24.69214032035431,
              53.35097638206929
            ],
            [
              24.691620511521748,
              53.35088804053009
            ],
            [
              24.691150710772064,
              53.350728551565936
            ],
            [
              24.690953708505194,
              53.35064154935439
            ],
            [
              24.690756202627377,
              53.350533280234714
            ],
            [
              24.690416896371925,
              53.35066650442173
            ],
            [
              24.69026519314169,
              53.350711605698024
            ],
            [
              24.689778326451798,
              53.350816794850424
            ],
            [
              24.689264128188963,
              53.35085307505736
            ],
            [
              24.68902842073332,
              53.350853475069606
            ],
            [
              24.68863615447671,
              53.35083367312554
            ],
            [
              24.68825559728861,
              53.350773537909326
            ],
            [
              24.687898297657345,
              53.350674894311595
            ],
            [
              24.687408088624462,
              53.35050718971054
            ],
            [
              24.68699620110551,
              53.35032650536778
            ],
            [
              24.686683100073626,
              53.3501534013522
            ],
            [
              24.68650416309961,
              53.3500424933768
            ],
            [
              24.686300396082906,
              53.34990083236015
            ],
            [
              24.685949530776877,
              53.349936915056084
            ],
            [
              24.685516990607784,
              53.349931457221714
            ],
            [
              24.685341685176944,
              53.349919156835135
            ],
            [
              24.684906801842814,
              53.349862285143054
            ],
            [
              24.684499036940554,
              53.349755624117
            ],
            [
              24.68413421664949,
              53.34960331355465
            ],
            [
              24.683992815752983,
              53.34953091181706
            ],
            [
              24.683719847053574,
              53.34936369230503
            ],
            [
              24.683575987203888,
              53.34941116997019
            ],
            [
              24.68316578797097,
              53.34951645710093
            ],
            [
              24.68272891487781,
              53.3495715432838
            ],
            [
              24.682591410606342,
              53.349580543566404
            ],
            [
              24.682218472146616,
              53.34958646105394
            ],
            [
              24.68184898503301,
              53.34955567103689
            ],
            [
              24.68166137953725,
              53.34953047025918
            ],
            [
              24.681319924605,
              53.349467302631346
            ],
            [
              24.680999429898293,
              53.34937278316071
            ],
            [
              24.680808826565777,
              53.349304881316954
            ],
            [
              24.68039987306704,
              53.34911846847182
            ],
            [
              24.680134772622665,
              53.34896616500221
            ],
            [
              24.679942362057727,
              53.34883561315787
            ],
            [
              24.67969884964225,
              53.34885560883054
            ],
            [
              24.67957284565835,
              53.348856808868206
            ],
            [
              24.679064662632857,
              53.348827209280365
            ],
            [
              24.67892665855928,
              53.34880960873591
            ],
            [
              24.67839985849871,
              53.348698759603096
            ],
            [
              24.678098695771993,
              53.34894056895299
            ],
            [
              24.67803476456625,
              53.34898950749668
            ],
            [
              24.67790356586893,
              53.3490853094139
            ],
            [
              24.67762571030783,
              53.34925518828998
            ],
            [
              24.67730226332033,
              53.34939335658519
            ],
            [
              24.67715006061648,
              53.34944695804463
            ],
            [
              24.67673143089503,
              53.34956183313872
            ],
            [
              24.67628246926703,
              53.34962363564212
            ],
            [
              24.676034861617328,
              53.349642136221966
            ],
            [
              24.67547117381939,
              53.34964195888681
            ],
            [
              24.675225666238138,
              53.3496234583059
            ],
            [
              24.67464418782295,
              53.34953146597648
            ],
            [
              24.674370681201168,
              53.34946386400118
            ],
            [
              24.673956393182735,
              53.34932970882283
            ],
            [
              24.673597735539886,
              53.34914717335228
            ],
            [
              24.673360336087175,
              53.348998170105624
            ],
            [
              24.673036708930276,
              53.348738785591856
            ],
            [
              24.67284171521528,
              53.34853548239847
            ],
            [
              24.672626868717494,
              53.34822925204232
            ],
            [
              24.6725436770486,
              53.34805205053102
            ],
            [
              24.672499998143532,
              53.34788975914788
            ],
            [
              24.672435016504988,
              53.34787237809019
            ],
            [
              24.671794587571462,
              53.34763242106147
            ],
            [
              24.671666465352867,
              53.34763732090246
            ],
            [
              24.67080050739846,
              53.34767039075412
            ],
            [
              24.66992211987569,
              53.34797605896288
            ],
            [
              24.669064948086007,
              53.34849965580568
            ],
            [
              24.668576744321008,
              53.348725721363486
            ],
            [
              24.667813030330827,
              53.34898832855683
            ],
            [
              24.667204566985383,
              53.34913225553113
            ],
            [
              24.66689745805851,
              53.349175556862726
            ],
            [
              24.666476647749814,
              53.34921039451883
            ],
            [
              24.66626506563769,
              53.349204014716726
            ],
            [
              24.66612388875076,
              53.34943395803459
            ],
            [
              24.665892397827452,
              53.34969916191019
            ],
            [
              24.66566569344209,
              53.349908902959946
            ],
            [
              24.6653781311933,
              53.35009012014973
            ],
            [
              24.66503955655551,
              53.350236608573056
            ],
            [
              24.66465894982481,
              53.350371112231954
            ],
            [
              24.664282203190826,
              53.350477582877765
            ],
            [
              24.66387910457263,
              53.35054093763377
            ],
            [
              24.663829597248434,
              53.35054586142635
            ],
            [
              24.66250726829457,
              53.35087889043235
            ],
            [
              24.661952136670138,
              53.35097110170135
            ],
            [
              24.661501322851215,
              53.35101000291734
            ],
            [
              24.661036295301596,
              53.35102122591254
            ],
            [
              24.66073498582724,
              53.351009925555026
            ],
            [
              24.660261912815365,
              53.350961704266595
            ],
            [
              24.65981656740982,
              53.35085494056374
            ],
            [
              24.659641079534712,
              53.35079929771373
            ],
            [
              24.65940771773416,
              53.350909247455455
            ],
            [
              24.659059911069075,
              53.351020849484975
            ],
            [
              24.658939408212685,
              53.35105175038239
            ],
            [
              24.65834791224818,
              53.35114930050789
            ],
            [
              24.65808797174257,
              53.35117011808572
            ],
            [
              24.657852409687525,
              53.351350591725556
            ],
            [
              24.65754538204821,
              53.35154318942174
            ],
            [
              24.656522275748184,
              53.35206970203003
            ],
            [
              24.656492142482083,
              53.35208493702055
            ],
            [
              24.655739136844424,
              53.35245894611051
            ],
            [
              24.655496242668953,
              53.35256411754515
            ],
            [
              24.65479573131471,
              53.35282692457964
            ],
            [
              24.654240571815524,
              53.352977234803504
            ],
            [
              24.654033266093695,
              53.35301423592382
            ],
            [
              24.65362885887966,
              53.353062956159434
            ],
            [
              24.653216351418905,
              53.353066983440456
            ],
            [
              24.65305814645676,
              53.35305988321602
            ],
            [
              24.652671117541775,
              53.353022147211334
            ],
            [
              24.65252801343786,
              53.35300044654584
            ],
            [
              24.651967796918406,
              53.35286579841032
            ],
            [
              24.65177029324234,
              53.35279879656801
            ],
            [
              24.651355705988234,
              53.3526181245394
            ],
            [
              24.651039104876777,
              53.35244402049041
            ],
            [
              24.65067753042112,
              53.352188906971044
            ],
            [
              24.650424436329672,
              53.35195730297068
            ],
            [
              24.650283863723086,
              53.351782927332955
            ],
            [
              24.650140432588543,
              53.351789980318955
            ],
            [
              24.649772222256118,
              53.35177203706365
            ],
            [
              24.648842745017383,
              53.35168062652711
            ],
            [
              24.648105998206262,
              53.35165723568424
            ],
            [
              24.647874455223192,
              53.35174382217823
            ],
            [
              24.647441344542614,
              53.351973904094656
            ],
            [
              24.647140614155404,
              53.35210866083521
            ],
            [
              24.646806610549515,
              53.3522117868126
            ],
            [
              24.64644858148794,
              53.352280426651205
            ],
            [
              24.645896365380132,
              53.35235672899975
            ],
            [
              24.645669411784798,
              53.35238088371429
            ],
            [
              24.645322601072824,
              53.3524069845318
            ],
            [
              24.64467008085855,
              53.35239939667902
            ],
            [
              24.644062062407848,
              53.352339194798844
            ],
            [
              24.643683181236003,
              53.352281199374566
            ],
            [
              24.643326728875877,
              53.35218507796577
            ],
            [
              24.642741617809484,
              53.35198927256392
            ],
            [
              24.64233655308893,
              53.35181613780629
            ],
            [
              24.64200488713015,
              53.3515942333111
            ],
            [
              24.641739291896783,
              53.351371229226054
            ],
            [
              24.641607919223258,
              53.35123491393524
            ],
            [
              24.6415327652929,
              53.351249742255234
            ],
            [
              24.641348665723346,
              53.35139028652415
            ],
            [
              24.641215766206635,
              53.35147608836598
            ],
            [
              24.64094626628638,
              53.35162400535183
            ],
            [
              24.640640288272547,
              53.35174400617273
            ],
            [
              24.640456684697522,
              53.35180390783427
            ],
            [
              24.64003754640407,
              53.351909503469656
            ],
            [
              24.63978691315665,
              53.35193947738612
            ],
            [
              24.639701346930156,
              53.35211645897942
            ],
            [
              24.6395109214007,
              53.35234133004924
            ],
            [
              24.6393157264181,
              53.35252653316833
            ],
            [
              24.63907948225848,
              53.35271271314245
            ],
            [
              24.63879297615338,
              53.352871779987616
            ],
            [
              24.638687957277046,
              53.35291247998226
            ],
            [
              24.638696581692326,
              53.35303590781177
            ],
            [
              24.63867676028319,
              53.353278967439714
            ],
            [
              24.638584100813162,
              53.353515946700085
            ],
            [
              24.638421617479935,
              53.35373913368722
            ],
            [
              24.638329120772415,
              53.35384013521956
            ],
            [
              24.63810940347783,
              53.354036856652456
            ],
            [
              24.63783551604089,
              53.35420766005915
            ],
            [
              24.637670515128104,
              53.35429396211149
            ],
            [
              24.637397076906726,
              53.354416458018534
            ],
            [
              24.637095808997262,
              53.35451293408514
            ],
            [
              24.636763101256573,
              53.354600836625835
            ],
            [
              24.63641331817438,
              53.3546734452541
            ],
            [
              24.63604836378325,
              53.35471098472403
            ],
            [
              24.635744484129226,
              53.354727103150175
            ],
            [
              24.63594509094945,
              53.35492614003066
            ],
            [
              24.63601679441523,
              53.35501813880408
            ],
            [
              24.63617347178559,
              53.35529345588891
            ],
            [
              24.636227663258968,
              53.35558241631314
            ],
            [
              24.63622836966747,
              53.355703316300755
            ],
            [
              24.63616754934887,
              53.35601889036401
            ],
            [
              24.636137353053606,
              53.35609499091916
            ],
            [
              24.636108162471626,
              53.35616104981679
            ],
            [
              24.636072665862617,
              53.3562338504606
            ],
            [
              24.635929417221654,
              53.35645378122051
            ],
            [
              24.63572414812452,
              53.356655449382856
            ],
            [
              24.63546313869773,
              53.356832684178116
            ],
            [
              24.635280873386687,
              53.35691968274317
            ],
            [
              24.635253773143816,
              53.357059171580126
            ],
            [
              24.63526740208419,
              53.3573235336458
            ],
            [
              24.635267671066543,
              53.357329128685244
            ],
            [
              24.635290598292087,
              53.357843228256705
            ],
            [
              24.635248070533205,
              53.35814198347405
            ],
            [
              24.635096018387298,
              53.35842775267712
            ],
            [
              24.63472273781433,
              53.35892815911649
            ],
            [
              24.63454278672964,
              53.359123945750504
            ],
            [
              24.634311179254702,
              53.35929933261472
            ],
            [
              24.63403426183313,
              53.35944951335838
            ],
            [
              24.633725858652177,
              53.35959081690266
            ],
            [
              24.633260612732197,
              53.35975531141418
            ],
            [
              24.633024007209098,
              53.35981751321369
            ],
            [
              24.632618319874997,
              53.359897811494534
            ],
            [
              24.632552746419094,
              53.359902962314116
            ],
            [
              24.63255182565549,
              53.35990548811909
            ],
            [
              24.63241627932087,
              53.36015625769844
            ],
            [
              24.632201631982436,
              53.36038651824416
            ],
            [
              24.631897086746875,
              53.36064906366577
            ],
            [
              24.63143484371169,
              53.36104841114997
            ],
            [
              24.63120529080119,
              53.36121614096164
            ],
            [
              24.630933718372034,
              53.36135978758851
            ],
            [
              24.6304910135055,
              53.36155849261039
            ],
            [
              24.630070733782834,
              53.36170763850071
            ],
            [
              24.629606539617228,
              53.361799358613766
            ],
            [
              24.629508127538845,
              53.36180542922083
            ],
            [
              24.629481149858883,
              53.36196114111498
            ],
            [
              24.629436656515292,
              53.362094441939654
            ],
            [
              24.629248303360324,
              53.36242608223714
            ],
            [
              24.629143507948733,
              53.36255328401295
            ],
            [
              24.628868522172134,
              53.36280935279742
            ],
            [
              24.628504393306603,
              53.36302215159073
            ],
            [
              24.628378592072146,
              53.36308065305006
            ],
            [
              24.627994868380927,
              53.36322470501378
            ],
            [
              24.62757069247916,
              53.363320169624735
            ],
            [
              24.627420888222417,
              53.36334397035155
            ],
            [
              24.62688225883494,
              53.36338913668958
            ],
            [
              24.626723553815545,
              53.363390936745745
            ],
            [
              24.626264017316533,
              53.363368076680956
            ],
            [
              24.62612973433475,
              53.36334438084096
            ],
            [
              24.625933927182,
              53.36352538796305
            ],
            [
              24.62582362821689,
              53.36360508956846
            ],
            [
              24.625535044109274,
              53.363778792378675
            ],
            [
              24.625198638542276,
              53.36391854264447
            ],
            [
              24.62482547202028,
              53.364019745418744
            ],
            [
              24.62471646915961,
              53.36404244609622
            ],
            [
              24.62451431076265,
              53.36407118564028
            ],
            [
              24.624536305971,
              53.36420797693602
            ],
            [
              24.624531733802385,
              53.364491482457254
            ],
            [
              24.62448734573153,
              53.36472098329154
            ],
            [
              24.62436938162443,
              53.36502197958638
            ],
            [
              24.624139685696562,
              53.36529904918401
            ],
            [
              24.62406758741735,
              53.3653655503269
            ],
            [
              24.62379977739238,
              53.36556735257291
            ],
            [
              24.62347260098671,
              53.365735125053206
            ],
            [
              24.62335689948233,
              53.3657838263118
            ],
            [
              24.622985049329188,
              53.36590590285703
            ],
            [
              24.623095594494217,
              53.36600962849251
            ],
            [
              24.623227949740073,
              53.366152157707766
            ],
            [
              24.623415558402893,
              53.36638655451373
            ],
            [
              24.623578234583615,
              53.366664200756084
            ],
            [
              24.623636196367936,
              53.366956285505644
            ],
            [
              24.623639207415234,
              53.36716458545067
            ],
            [
              24.623558989899024,
              53.36753255632218
            ],
            [
              24.62352479342383,
              53.36760705694528
            ],
            [
              24.623366386209376,
              53.367854035231005
            ],
            [
              24.623130268097253,
              53.36807782800009
            ],
            [
              24.622825512287537,
              53.368269834594656
            ],
            [
              24.622463830289107,
              53.368422675835845
            ],
            [
              24.62205912186606,
              53.368530477673616
            ],
            [
              24.6216269407972,
              53.368589096991286
            ],
            [
              24.621183896991536,
              53.36859628087673
            ],
            [
              24.620747017960596,
              53.36855175323178
            ],
            [
              24.620333094219152,
              53.368457225386386
            ],
            [
              24.619958033806984,
              53.36831633030915
            ],
            [
              24.619636250771784,
              53.36813448294622
            ],
            [
              24.619380111140902,
              53.36791867206284
            ],
            [
              24.6191994576888,
              53.36767719159712
            ],
            [
              24.619101231765157,
              53.367419321860346
            ],
            [
              24.619095231142545,
              53.3672874095314
            ],
            [
              24.61887970661321,
              53.36714975239075
            ],
            [
              24.617937378729053,
              53.36657847111702
            ],
            [
              24.61770961498492,
              53.3664168198421
            ],
            [
              24.61717062447704,
              53.36596701156787
            ],
            [
              24.617081588397618,
              53.365886808352954
            ],
            [
              24.616861594463025,
              53.36567240481255
            ],
            [
              24.61668750414809,
              53.36546434983582
            ],
            [
              24.616575884807336,
              53.36524154500456
            ],
            [
              24.616558080871897,
              53.36519023810187
            ]
          ]
        ]
      },
      "properties": {
        "id": 10,
        "name": "Река Зельвянка",
        "type": "river",
        "type_ru": "Река",
        "district": "Зельвенский, Мостовский",
        "region": "Гродненская область",
        "location_description": "от водохранилища Зельвянское до впадения в реку Неман",
        "activities": "подводная охота, лов рыбы на дорожку с судов с двигателями",
        "coordinate_source": "osm_geometry"
      }
    },
    {
      "type": "Feature",
      "geometry": {
        "type": "Polygon",
        "coordinates": [
          [
            [
              25.28224844511042,
              53.85330908901724
            ],
            [
              25.28225729487405,
              53.85330802390559
            ],
            [
              25.290810435668,
              53.852288656101734
            ],
            [
              25.29515455926058,
              53.851770853953155
            ],
            [
              25.297451780150045,
              53.85149713989341
            ],
            [
              25.29825463798643,
              53.85140143022717
            ],
            [
              25.30000418053569,
              53.85102715000195
            ],
            [
              25.302388719440625,
              53.85051712231834
            ],
            [
              25.30397164218616,
              53.85017854019183
            ],
            [
              25.30486983962214,
              53.84998636290175
            ],
            [
              25.305252893306587,
              53.84992597234223
            ],
            [
              25.30564787199161,
              53.849905519841144
            ],
            [
              25.306042902620526,
              53.84992562020012
            ],
            [
              25.30642611057565,
              53.849985669202994
            ],
            [
              25.306753401947038,
              53.850055367089965
            ],
            [
              25.307089029232884,
              53.85014548598661
            ],
            [
              25.30739573954774,
              53.85026625499642
            ],
            [
              25.31263224283589,
              53.852709711647634
            ],
            [
              25.314215336764583,
              53.85241644775949
            ],
            [
              25.315652727385626,
              53.85213184800085
            ],
            [
              25.315748925009252,
              53.852114181291526
            ],
            [
              25.316932391374714,
              53.85191358750581
            ],
            [
              25.317375280803596,
              53.85186572036405
            ],
            [
              25.317825485222887,
              53.85186996635145
            ],
            [
              25.32449327453942,
              53.85232245186455
            ],
            [
              25.324755504119164,
              53.852349437766875
            ],
            [
              25.324937898712644,
              53.852374736973154
            ],
            [
              25.325426257866862,
              53.8524781413839
            ],
            [
              25.32586253413239,
              53.85264381888023
            ],
            [
              25.32622427039428,
              53.85286324157174
            ],
            [
              25.32628857125049,
              53.85291234060427
            ],
            [
              25.326485278904002,
              53.8530897978027
            ],
            [
              25.326632419528817,
              53.85328324325466
            ],
            [
              25.327727410808734,
              53.85509135000278
            ],
            [
              25.330749047437635,
              53.854343147321956
            ],
            [
              25.33273232150347,
              53.85383847756907
            ],
            [
              25.33319833477384,
              53.85375331612549
            ],
            [
              25.33368436730119,
              53.85372839315517
            ],
            [
              25.334168303681974,
              53.85376484269975
            ],
            [
              25.334628123864366,
              53.85386100623614
            ],
            [
              25.335074159313503,
              53.85398731122022
            ],
            [
              25.335356792918027,
              53.854064349480545
            ],
            [
              25.335389191349986,
              53.85407336263694
            ],
            [
              25.336335272396102,
              53.85434191658484
            ],
            [
              25.33679886196878,
              53.85445092977494
            ],
            [
              25.336923650818218,
              53.85448284162139
            ],
            [
              25.339735746019173,
              53.85526130472007
            ],
            [
              25.340186466290533,
              53.85537283265536
            ],
            [
              25.34189848739699,
              53.855615405971115
            ],
            [
              25.347277145800888,
              53.85629208835783
            ],
            [
              25.34736372915051,
              53.856304021492264
            ],
            [
              25.348265817832665,
              53.856439304373446
            ],
            [
              25.34835204253918,
              53.856407965320024
            ],
            [
              25.348502239291946,
              53.85636366659743
            ],
            [
              25.34896145111311,
              53.8562628395356
            ],
            [
              25.34944653621482,
              53.85622201758576
            ],
            [
              25.349935231583824,
              53.85624307427033
            ],
            [
              25.350405108560647,
              53.85632504319376
            ],
            [
              25.35066260222922,
              53.85638834131066
            ],
            [
              25.350862613430657,
              53.85644435658041
            ],
            [
              25.351006378601554,
              53.856489773517275
            ],
            [
              25.351053267265495,
              53.85649945269416
            ],
            [
              25.351460032851055,
              53.856610900458406
            ],
            [
              25.351591630469162,
              53.85665669918701
            ],
            [
              25.351697603885025,
              53.85669364691437
            ],
            [
              25.352125198073153,
              53.85688605362084
            ],
            [
              25.352464795598458,
              53.857132032503145
            ],
            [
              25.352621799618387,
              53.857277929982615
            ],
            [
              25.35277157078085,
              53.85741718307678
            ],
            [
              25.353173237599623,
              53.857790443301056
            ],
            [
              25.353354583223336,
              53.85795906436854
            ],
            [
              25.353970300431143,
              53.858531362859985
            ],
            [
              25.354172268085396,
              53.85876746285486
            ],
            [
              25.354292258267566,
              53.85902226453964
            ],
            [
              25.354325658419615,
              53.85928597627751
            ],
            [
              25.354271183373385,
              53.859548463846096
            ],
            [
              25.354130924985363,
              53.85979963987901
            ],
            [
              25.35391027198971,
              53.860029851535344
            ],
            [
              25.353617703112793,
              53.86023025149663
            ],
            [
              25.353264461369047,
              53.86039313802731
            ],
            [
              25.35286412203535,
              53.86051225102076
            ],
            [
              25.352432070900637,
              53.86058301264305
            ],
            [
              25.351984912850558,
              53.86060270331566
            ],
            [
              25.35153983353744,
              53.8605705662653
            ],
            [
              25.351113938698774,
              53.860487836617175
            ],
            [
              25.350723596551347,
              53.86035769391215
            ],
            [
              25.35038380856935,
              53.86018513987502
            ],
            [
              25.35010763285758,
              53.85997680613813
            ],
            [
              25.349491848639016,
              53.85940439625122
            ],
            [
              25.34931072589439,
              53.85923596790699
            ],
            [
              25.349230303133456,
              53.8591612270171
            ],
            [
              25.3487986485386,
              53.85923107265295
            ],
            [
              25.348315326414408,
              53.859246975158
            ],
            [
              25.34783715441556,
              53.859202531656365
            ],
            [
              25.34738555169041,
              53.8590997329466
            ],
            [
              25.3473548202815,
              53.85908784835079
            ],
            [
              25.34724393550794,
              53.85906986698132
            ],
            [
              25.346279533179448,
              53.8589252392456
            ],
            [
              25.34091546139624,
              53.858250388310644
            ],
            [
              25.340858465350927,
              53.85824276598879
            ],
            [
              25.33893800862784,
              53.85797065746207
            ],
            [
              25.338587459732988,
              53.85790294223197
            ],
            [
              25.337922243438438,
              53.85773833733963
            ],
            [
              25.33783535744422,
              53.85771557359298
            ],
            [
              25.33504168503455,
              53.85694220222999
            ],
            [
              25.334567773789043,
              53.85683076048165
            ],
            [
              25.33442297374892,
              53.856793237575154
            ],
            [
              25.333593302304546,
              53.8565577257211
            ],
            [
              25.33255068411118,
              53.85682303062215
            ],
            [
              25.332530084374987,
              53.85682820192691
            ],
            [
              25.328656989550957,
              53.85778723043344
            ],
            [
              25.32855966670098,
              53.857809797489786
            ],
            [
              25.328261658897322,
              53.85787429944191
            ],
            [
              25.32775681731932,
              53.857946505781946
            ],
            [
              25.327237370173446,
              53.85794965994899
            ],
            [
              25.326730114906308,
              53.85788359922458
            ],
            [
              25.326448007322593,
              53.85782639748097
            ],
            [
              25.325922098680678,
              53.85767280392364
            ],
            [
              25.325051443428023,
              53.85733014073029
            ],
            [
              25.324647399991814,
              53.85717207809518
            ],
            [
              25.324605457380073,
              53.857155272108386
            ],
            [
              25.324560856770994,
              53.85713697162413
            ],
            [
              25.32420342896153,
              53.85695535046409
            ],
            [
              25.323916788429248,
              53.85673433951942
            ],
            [
              25.32371313083406,
              53.85648334304188
            ],
            [
              25.32276716739301,
              53.85492110156167
            ],
            [
              25.317756461826665,
              53.85458105176074
            ],
            [
              25.31706054561021,
              53.85469900663328
            ],
            [
              25.31564967754398,
              53.854978356420794
            ],
            [
              25.315607200837913,
              53.85498649511611
            ],
            [
              25.313056430133305,
              53.855459009646964
            ],
            [
              25.312842237037795,
              53.855492059542435
            ],
            [
              25.31263843089405,
              53.855517360340464
            ],
            [
              25.31219490492015,
              53.85554618298856
            ],
            [
              25.31175033190789,
              53.855523660550006
            ],
            [
              25.311321635531478,
              53.85545065039282
            ],
            [
              25.310925134917188,
              53.85532993180581
            ],
            [
              25.310742732046727,
              53.85526032992212
            ],
            [
              25.310566145549913,
              53.85518569913618
            ],
            [
              25.305352691355807,
              53.8527529971027
            ],
            [
              25.3039479061322,
              53.85305347726432
            ],
            [
              25.301563565881644,
              53.85356346651614
            ],
            [
              25.299654116461582,
              53.85397195732145
            ],
            [
              25.299327464032228,
              53.854026044476456
            ],
            [
              25.298357734646483,
              53.8541416481281
            ],
            [
              25.296060531013147,
              53.85441536083436
            ],
            [
              25.29171651533254,
              53.85493315144651
            ],
            [
              25.283167360661782,
              53.855952046955785
            ],
            [
              25.27608646982836,
              53.856812636387836
            ],
            [
              25.275640576155713,
              53.85684034922693
            ],
            [
              25.275194083843264,
              53.856816221048774
            ],
            [
              25.274764152949956,
              53.856741179173554
            ],
            [
              25.27436730685223,
              53.856618107681285
            ],
            [
              25.274018797050836,
              53.85645173653817
            ],
            [
              25.273732016922946,
              53.85624845976609
            ],
            [
              25.27351798697031,
              53.85601608965216
            ],
            [
              25.2733849313529,
              53.85576355645446
            ],
            [
              25.27333796197473,
              53.85550056515573
            ],
            [
              25.273378882241616,
              53.85523722246453
            ],
            [
              25.273506118001063,
              53.854983648405
            ],
            [
              25.2737147782811,
              53.85474958742324
            ],
            [
              25.273996843456583,
              53.85454403395372
            ],
            [
              25.274341473580122,
              53.85437488682889
            ],
            [
              25.274735425007012,
              53.854248645803224
            ],
            [
              25.275163559295766,
              53.854170161843626
            ],
            [
              25.28224844511042,
              53.85330908901724
            ]
          ]
        ]
      },
      "properties": {
        "id": 11,
        "name": "Река Лебеда",
        "type": "river",
        "type_ru": "Река",
        "district": "Лидский, Щучинский",
        "region": "Гродненская область",
        "location_description": "от автомобильной дороги М-6/Е28 Минск – Гродно – граница Республики Польша (Брузги) до впадения в реку Неман",
        "activities": "подводная охота, лов рыбы на дорожку с судов с двигателями",
        "coordinate_source": "osm_geometry"
      }
    },
    {
      "type": "Feature",
      "geometry": {
        "type": "Polygon",
        "coordinates": [
          [
            [
              25.303755345331282,
              53.88793520803639
            ],
            [
              25.303485269690288,
              53.88779363767119
            ],
            [
              25.302937194613932,
              53.88752312695328
            ],
            [
              25.302638506461676,
              53.887345459401395
            ],
            [
              25.302400605218285,
              53.8871383467041
            ],
            [
              25.302231668432732,
              53.88690890892363
            ],
            [
              25.30213750250674,
              53.88666503348556
            ],
            [
              25.302083815324334,
              53.88642473247438
            ],
            [
              25.302077806974076,
              53.886101890199754
            ],
            [
              25.302202125951432,
              53.88578745299209
            ],
            [
              25.30233093526664,
              53.885578755294716
            ],
            [
              25.302593740638038,
              53.88527741658192
            ],
            [
              25.30331785555654,
              53.88465452794231
            ],
            [
              25.30347072023067,
              53.88453735617084
            ],
            [
              25.304249364503338,
              53.88400376280298
            ],
            [
              25.304372903762975,
              53.8838622397369
            ],
            [
              25.304471566241244,
              53.883760362311875
            ],
            [
              25.304609869854875,
              53.88363096453739
            ],
            [
              25.304904120143643,
              53.883410403783564
            ],
            [
              25.30500672028418,
              53.883348105183515
            ],
            [
              25.305008199632596,
              53.88334895164134
            ],
            [
              25.305143924768988,
              53.88325150740723
            ],
            [
              25.305205624546783,
              53.88321800820211
            ],
            [
              25.305421675005775,
              53.88311429796968
            ],
            [
              25.30562707239459,
              53.88302740024701
            ],
            [
              25.305697211435366,
              53.88299887726711
            ],
            [
              25.305811650922188,
              53.882954169083234
            ],
            [
              25.30601366453266,
              53.88284988721661
            ],
            [
              25.30632847549837,
              53.882713505657385
            ],
            [
              25.306468173086536,
              53.88266320704198
            ],
            [
              25.306699374393286,
              53.88259033448258
            ],
            [
              25.306950558345473,
              53.88252176137887
            ],
            [
              25.307451174999585,
              53.88234392514355
            ],
            [
              25.30750849977662,
              53.88232422326734
            ],
            [
              25.30759482197154,
              53.88229553550126
            ],
            [
              25.30778956670832,
              53.882221370629615
            ],
            [
              25.307936363780286,
              53.882174271963954
            ],
            [
              25.308006837579015,
              53.88215258755305
            ],
            [
              25.30815967060019,
              53.882107534887055
            ],
            [
              25.308290491141797,
              53.88205209827842
            ],
            [
              25.30866003368152,
              53.88192458187091
            ],
            [
              25.309063405575284,
              53.88183987496874
            ],
            [
              25.309228355214092,
              53.88181519803024
            ],
            [
              25.309362564383033,
              53.881660481330236
            ],
            [
              25.309378872537778,
              53.88164203346599
            ],
            [
              25.309806789028357,
              53.88116694065419
            ],
            [
              25.309893634116932,
              53.88108093879299
            ],
            [
              25.310016220157667,
              53.88091946809443
            ],
            [
              25.310104523494964,
              53.88082236957459
            ],
            [
              25.310273733201257,
              53.88066382845615
            ],
            [
              25.310630239122382,
              53.880376233930235
            ],
            [
              25.311040854249626,
              53.88012230015231
            ],
            [
              25.311182753006257,
              53.88005480184674
            ],
            [
              25.311598829840996,
              53.879897340772224
            ],
            [
              25.312062568822395,
              53.879796236287646
            ],
            [
              25.31210542196138,
              53.879789893296554
            ],
            [
              25.312489420984253,
              53.87968732617339
            ],
            [
              25.31267155681205,
              53.879650959161275
            ],
            [
              25.314253356373285,
              53.879213202056995
            ],
            [
              25.31428307113503,
              53.87920513063334
            ],
            [
              25.314746881070395,
              53.8790815063425
            ],
            [
              25.315124630294193,
              53.87835199120025
            ],
            [
              25.315179464900954,
              53.87825851223995
            ],
            [
              25.315298672767486,
              53.87807711435417
            ],
            [
              25.315399897982783,
              53.87794471830937
            ],
            [
              25.315462800535336,
              53.877873019371975
            ],
            [
              25.315776726952173,
              53.87760206024367
            ],
            [
              25.316139229220692,
              53.877358965420996
            ],
            [
              25.31617885271237,
              53.87733307616583
            ],
            [
              25.31627105304798,
              53.877274377452295
            ],
            [
              25.316357908322036,
              53.877228215276574
            ],
            [
              25.31654598333453,
              53.875963000985266
            ],
            [
              25.316574457909226,
              53.875770643661916
            ],
            [
              25.316580642024544,
              53.87573449496141
            ],
            [
              25.316616351890055,
              53.8755505956366
            ],
            [
              25.316655762987516,
              53.875411996214844
            ],
            [
              25.316757876776418,
              53.875140498111314
            ],
            [
              25.316819426390527,
              53.87500880073009
            ],
            [
              25.316845128509005,
              53.87496300119421
            ],
            [
              25.317129455005066,
              53.87462461813049
            ],
            [
              25.31718345611997,
              53.87457811897784
            ],
            [
              25.317406416907154,
              53.87441493772812
            ],
            [
              25.31766954996225,
              53.87427408087233
            ],
            [
              25.317846548161327,
              53.874193182934384
            ],
            [
              25.317955384862334,
              53.87414639585062
            ],
            [
              25.318110882665525,
              53.87408359752149
            ],
            [
              25.31817866156935,
              53.87405725383931
            ],
            [
              25.318340758928606,
              53.87399665548979
            ],
            [
              25.31872982385996,
              53.87388024544456
            ],
            [
              25.318943218440243,
              53.873830846927284
            ],
            [
              25.319208504244823,
              53.87378019773235
            ],
            [
              25.31943888676785,
              53.873745195738834
            ],
            [
              25.319578846184317,
              53.87372309457679
            ],
            [
              25.31964962421072,
              53.873705572851875
            ],
            [
              25.319884739789202,
              53.87364079299149
            ],
            [
              25.32000479125293,
              53.87361315252667
            ],
            [
              25.32026378912341,
              53.87345948824294
            ],
            [
              25.320455348920945,
              53.8733806837372
            ],
            [
              25.320600859893197,
              53.873304301293466
            ],
            [
              25.320691853864133,
              53.873258983500946
            ],
            [
              25.320809803178214,
              53.87320327686407
            ],
            [
              25.321121307187244,
              53.87299244793619
            ],
            [
              25.321401203455004,
              53.87283276458858
            ],
            [
              25.321722979684928,
              53.87270338287973
            ],
            [
              25.321774629502247,
              53.87268948686176
            ],
            [
              25.32194501414105,
              53.872623909756015
            ],
            [
              25.322324763717027,
              53.872529763367815
            ],
            [
              25.32240476150665,
              53.872514763828704
            ],
            [
              25.32274559989237,
              53.8724674337161
            ],
            [
              25.323043386620366,
              53.87245368934264
            ],
            [
              25.323084367320966,
              53.87245097185769
            ],
            [
              25.32354206643448,
              53.872447785111056
            ],
            [
              25.32369925699951,
              53.872465472125526
            ],
            [
              25.323813367445798,
              53.872453979684096
            ],
            [
              25.32419460320379,
              53.87245344590991
            ],
            [
              25.324570697604297,
              53.87249024018379
            ],
            [
              25.32461583940511,
              53.87249697492809
            ],
            [
              25.324919889910987,
              53.872364815284946
            ],
            [
              25.325424556421527,
              53.872240529233586
            ],
            [
              25.325562352487626,
              53.87221752994709
            ],
            [
              25.325813987065025,
              53.87218861533168
            ],
            [
              25.325836608821234,
              53.87212269407832
            ],
            [
              25.32582931100382,
              53.87208996584239
            ],
            [
              25.32582531454707,
              53.87202506576659
            ],
            [
              25.325838646509865,
              53.871822736850866
            ],
            [
              25.325849749577806,
              53.87176553706076
            ],
            [
              25.325952269732706,
              53.87149242920565
            ],
            [
              25.326148115082063,
              53.87123765844684
            ],
            [
              25.326428863821004,
              53.871012178430774
            ],
            [
              25.32678006544446,
              53.870784083375405
            ],
            [
              25.327180199929018,
              53.87057825759229
            ],
            [
              25.327268498684433,
              53.870542558541764
            ],
            [
              25.327654639911554,
              53.870416839789016
            ],
            [
              25.328074519859857,
              53.870337146267936
            ],
            [
              25.32838822059031,
              53.870315154849564
            ],
            [
              25.328403867625973,
              53.87029329402739
            ],
            [
              25.328475770385477,
              53.87021359523459
            ],
            [
              25.3288345997988,
              53.86991946389251
            ],
            [
              25.328911915451393,
              53.86987133382903
            ],
            [
              25.32898949953552,
              53.86978213443933
            ],
            [
              25.32899261538333,
              53.86977856519025
            ],
            [
              25.329110720185334,
              53.869643767185686
            ],
            [
              25.329227787637176,
              53.869525328176806
            ],
            [
              25.329363790862235,
              53.869402530342235
            ],
            [
              25.329437715813288,
              53.86933974319001
            ],
            [
              25.329556533877035,
              53.86924469225008
            ],
            [
              25.329838861913785,
              53.868961298750314
            ],
            [
              25.32987456933132,
              53.86891428654596
            ],
            [
              25.329886394643683,
              53.8688338639496
            ],
            [
              25.329997135648977,
              53.86859693359161
            ],
            [
              25.330178938827515,
              53.86837578167556
            ],
            [
              25.330217544295834,
              53.86833802714762
            ],
            [
              25.33021918714149,
              53.86831158012794
            ],
            [
              25.330316719512158,
              53.86806217913541
            ],
            [
              25.330415327560782,
              53.867887680914556
            ],
            [
              25.330577638526943,
              53.86766785128566
            ],
            [
              25.331211235620817,
              53.86698331864977
            ],
            [
              25.33133088719623,
              53.866763987080304
            ],
            [
              25.331387058047536,
              53.86660987270028
            ],
            [
              25.33154959944204,
              53.86632413511337
            ],
            [
              25.331815664967205,
              53.866066807758436
            ],
            [
              25.331900066074105,
              53.866002609026836
            ],
            [
              25.332247678051598,
              53.86579076651143
            ],
            [
              25.332665020540695,
              53.865628503953765
            ],
            [
              25.33289871559354,
              53.86555790597967
            ],
            [
              25.333107437706115,
              53.86550244155136
            ],
            [
              25.333254633964334,
              53.865468442571995
            ],
            [
              25.333459403630602,
              53.86542901162211
            ],
            [
              25.333539037387027,
              53.86540816423804
            ],
            [
              25.33364809710815,
              53.86538854012274
            ],
            [
              25.333836179849897,
              53.86529420966529
            ],
            [
              25.3340548832624,
              53.86521800435208
            ],
            [
              25.334223737173886,
              53.86496797120992
            ],
            [
              25.334304840187762,
              53.86487947256672
            ],
            [
              25.33452022124367,
              53.864686159603046
            ],
            [
              25.334788436717364,
              53.864517385199186
            ],
            [
              25.335436133723455,
              53.86417419343043
            ],
            [
              25.335651999177912,
              53.86407299016698
            ],
            [
              25.336070493557028,
              53.863899994734446
            ],
            [
              25.336387066637023,
              53.86379034665026
            ],
            [
              25.336729306721224,
              53.86371197513263
            ],
            [
              25.336886102308032,
              53.86368437598521
            ],
            [
              25.33737284703183,
              53.86363164285008
            ],
            [
              25.337867433148006,
              53.86364187571697
            ],
            [
              25.33835111803408,
              53.863683074401614
            ],
            [
              25.338483685236646,
              53.863696724188706
            ],
            [
              25.338649880207882,
              53.86371682355363
            ],
            [
              25.338670229204656,
              53.86372059391574
            ],
            [
              25.33875609838721,
              53.86363550633494
            ],
            [
              25.338877200410277,
              53.863537608195315
            ],
            [
              25.339211335511372,
              53.86332133025139
            ],
            [
              25.339467063098564,
              53.86318819408698
            ],
            [
              25.34016607975515,
              53.86279081552609
            ],
            [
              25.340311935180832,
              53.862714690250016
            ],
            [
              25.340532439840253,
              53.86260912542705
            ],
            [
              25.34058241075776,
              53.86256991453061
            ],
            [
              25.34074631177928,
              53.862460016870784
            ],
            [
              25.340841657628392,
              53.86239988935801
            ],
            [
              25.341472557800095,
              53.86202559786594
            ],
            [
              25.341863081474724,
              53.86183992086551
            ],
            [
              25.34219367616089,
              53.86171532425046
            ],
            [
              25.342540508981706,
              53.861608069164134
            ],
            [
              25.34366513854271,
              53.861329798870415
            ],
            [
              25.347185349725947,
              53.85997519169163
            ],
            [
              25.34775314366692,
              53.85968586448024
            ],
            [
              25.34775759850369,
              53.859688905265784
            ],
            [
              25.348008737270394,
              53.859553217392445
            ],
            [
              25.34809110523685,
              53.85951956482541
            ],
            [
              25.34832841095362,
              53.859384237946834
            ],
            [
              25.348576102301525,
              53.85927622944097
            ],
            [
              25.348610376368164,
              53.85925268050496
            ],
            [
              25.34881243668822,
              53.85913043444892
            ],
            [
              25.34936463426524,
              53.85883614148844
            ],
            [
              25.349702985814115,
              53.85868800077227
            ],
            [
              25.34995687060629,
              53.858547075372236
            ],
            [
              25.350178690968757,
              53.85844738185008
            ],
            [
              25.35039927627386,
              53.85831361068891
            ],
            [
              25.35079745942521,
              53.858121147470534
            ],
            [
              25.350881368223618,
              53.85808916343315
            ],
            [
              25.352404488469485,
              53.85729484161066
            ],
            [
              25.352704074306526,
              53.85716268744553
            ],
            [
              25.35303617800062,
              53.85706110504853
            ],
            [
              25.35339191491213,
              53.856992811951656
            ],
            [
              25.35425238042267,
              53.856872477030706
            ],
            [
              25.35653232237028,
              53.85653656039896
            ],
            [
              25.357349577535476,
              53.85641608198509
            ],
            [
              25.357446775769656,
              53.856405329448464
            ],
            [
              25.35777622494212,
              53.856337124167155
            ],
            [
              25.358226928288374,
              53.856300126773505
            ],
            [
              25.358283490058582,
              53.856298836822134
            ],
            [
              25.35995047218333,
              53.85606041791955
            ],
            [
              25.360091305264376,
              53.85604302118846
            ],
            [
              25.360265135553963,
              53.85602489437674
            ],
            [
              25.36242410808687,
              53.85572086684382
            ],
            [
              25.36387405337389,
              53.855512252009355
            ],
            [
              25.363893804974673,
              53.85550946480313
            ],
            [
              25.365036987394177,
              53.85535130261189
            ],
            [
              25.366343732779868,
              53.85515760499494
            ],
            [
              25.366369920295917,
              53.85515381973796
            ],
            [
              25.37048099875286,
              53.854574637899105
            ],
            [
              25.370523115296944,
              53.854568951071535
            ],
            [
              25.371099302819008,
              53.85449452048553
            ],
            [
              25.37193687930953,
              53.85436616767548
            ],
            [
              25.372169618776738,
              53.85433802118374
            ],
            [
              25.3722886527546,
              53.85432739067166
            ],
            [
              25.37266262806436,
              53.85426736064755
            ],
            [
              25.37272685667294,
              53.85425763825451
            ],
            [
              25.374467505303365,
              53.8540099460173
            ],
            [
              25.37699878515242,
              53.853649858398015
            ],
            [
              25.377239525913097,
              53.85361433932857
            ],
            [
              25.37726602677494,
              53.85361052824493
            ],
            [
              25.381011105954776,
              53.853085820563294
            ],
            [
              25.381085313997495,
              53.85303087654027
            ],
            [
              25.381482816629944,
              53.85276228223389
            ],
            [
              25.381484392436743,
              53.85276121856934
            ],
            [
              25.38184209476663,
              53.852520023688236
            ],
            [
              25.381846354466475,
              53.85251715956675
            ],
            [
              25.382482458423024,
              53.852090668647214
            ],
            [
              25.38333722259065,
              53.85151767434382
            ],
            [
              25.3857093390558,
              53.84992740704468
            ],
            [
              25.385990422376533,
              53.84976854503954
            ],
            [
              25.386332119383415,
              53.84960594911868
            ],
            [
              25.38662484912751,
              53.849487530673706
            ],
            [
              25.386945115682238,
              53.84939726066337
            ],
            [
              25.387249307895463,
              53.849328062744654
            ],
            [
              25.387734812343005,
              53.84925247337798
            ],
            [
              25.388112745375143,
              53.849219226262505
            ],
            [
              25.389556070742685,
              53.84903965855189
            ],
            [
              25.389933470855475,
              53.84901177251931
            ],
            [
              25.389992878437422,
              53.84901032260272
            ],
            [
              25.390757685601347,
              53.84884429390945
            ],
            [
              25.394329456562087,
              53.84799221992308
            ],
            [
              25.394561550388104,
              53.84794608719919
            ],
            [
              25.39463304281994,
              53.84792163859112
            ],
            [
              25.39625609697713,
              53.84733705677886
            ],
            [
              25.396265193921728,
              53.84733379730995
            ],
            [
              25.398226775114733,
              53.846634609143706
            ],
            [
              25.40275501690332,
              53.845009951099556
            ],
            [
              25.402764292962246,
              53.84500664044654
            ],
            [
              25.405934709624162,
              53.84388108550985
            ],
            [
              25.407919662092535,
              53.84316843312631
            ],
            [
              25.407926458415705,
              53.843166002501604
            ],
            [
              25.41072895400937,
              53.84216759191123
            ],
            [
              25.412874414380976,
              53.841386925580046
            ],
            [
              25.4129155931912,
              53.84137229155662
            ],
            [
              25.413650479842474,
              53.84111729864055
            ],
            [
              25.41365810366163,
              53.84111466495097
            ],
            [
              25.414272229742974,
              53.840903448105244
            ],
            [
              25.41493351819806,
              53.840659581311996
            ],
            [
              25.414958506175996,
              53.84065049732029
            ],
            [
              25.41527894253725,
              53.840535674558495
            ],
            [
              25.415300372106582,
              53.84037829203259
            ],
            [
              25.41538839469998,
              53.84010077439322
            ],
            [
              25.415470760694678,
              53.83998410131089
            ],
            [
              25.415486795649286,
              53.839915833887204
            ],
            [
              25.415496387001106,
              53.83987879078243
            ],
            [
              25.416391652598477,
              53.83671580755604
            ],
            [
              25.41641209537283,
              53.83665282924248
            ],
            [
              25.416514615109218,
              53.83637314496775
            ],
            [
              25.416552719982658,
              53.836182671943185
            ],
            [
              25.41657186612243,
              53.83610597004147
            ],
            [
              25.416651379944923,
              53.835840571528855
            ],
            [
              25.416678005954175,
              53.83576453428387
            ],
            [
              25.416732371414405,
              53.83562907625947
            ],
            [
              25.416768107906755,
              53.83543597362951
            ],
            [
              25.416811084268947,
              53.83528439192349
            ],
            [
              25.416864838235405,
              53.835144360655015
            ],
            [
              25.41693452674339,
              53.834857917358924
            ],
            [
              25.416980101023352,
              53.83472121606974
            ],
            [
              25.417039829824574,
              53.83458078828289
            ],
            [
              25.417259390053083,
              53.83384889598562
            ],
            [
              25.41766452896678,
              53.83241510618877
            ],
            [
              25.417979142019544,
              53.83119979530477
            ],
            [
              25.417981595296563,
              53.831190533975764
            ],
            [
              25.418052008946002,
              53.83093063529637
            ],
            [
              25.418056003794916,
              53.83091638019749
            ],
            [
              25.418376461595095,
              53.82980968619749
            ],
            [
              25.418494866392216,
              53.829554640021826
            ],
            [
              25.418695301164952,
              53.82931812732977
            ],
            [
              25.41897006233686,
              53.829109236785506
            ],
            [
              25.419308590584738,
              53.82893599546822
            ],
            [
              25.419697876689217,
              53.82880506046701
            ],
            [
              25.420122961436515,
              53.82872146312545
            ],
            [
              25.420567510365846,
              53.828688415753014
            ],
            [
              25.42101444129451,
              53.82870718822196
            ],
            [
              25.42144658053558,
              53.82877705918501
            ],
            [
              25.421847322626757,
              53.828895343785945
            ],
            [
              25.422201268254874,
              53.829057496799784
            ],
            [
              25.422494815893597,
              53.8292572872444
            ],
            [
              25.422716684440662,
              53.82948703776268
            ],
            [
              25.42285834677948,
              53.82973791958613
            ],
            [
              25.42291435759819,
              53.8300002917565
            ],
            [
              25.42288256284902,
              53.8302640715782
            ],
            [
              25.42256428200995,
              53.831363656263406
            ],
            [
              25.42249708107054,
              53.831611795452346
            ],
            [
              25.422181444484085,
              53.83283156817716
            ],
            [
              25.422176534004645,
              53.83284971494479
            ],
            [
              25.421767109883387,
              53.83429922261693
            ],
            [
              25.421763247005778,
              53.83431248960554
            ],
            [
              25.42152768790838,
              53.835097994012315
            ],
            [
              25.42149392448641,
              53.835191241578265
            ],
            [
              25.421443303241023,
              53.83531028665531
            ],
            [
              25.42137741196505,
              53.835581241610384
            ],
            [
              25.421344137723914,
              53.835687565361816
            ],
            [
              25.42129895611842,
              53.835805298309815
            ],
            [
              25.421262022795048,
              53.836004984383884
            ],
            [
              25.421214016201,
              53.836169422950434
            ],
            [
              25.421142191145062,
              53.83634843155208
            ],
            [
              25.42108559656195,
              53.83653739883002
            ],
            [
              25.4210424107687,
              53.8367533861497
            ],
            [
              25.421006517627188,
              53.83688042690147
            ],
            [
              25.420892421895257,
              53.83719178304224
            ],
            [
              25.4200116666976,
              53.840304684484856
            ],
            [
              25.419953338544666,
              53.84055312464235
            ],
            [
              25.41985993793506,
              53.84079051672104
            ],
            [
              25.41982508387638,
              53.84083796093993
            ],
            [
              25.419817056019838,
              53.84089696555671
            ],
            [
              25.41977953607977,
              53.84105491094809
            ],
            [
              25.419650255571668,
              53.841434313356366
            ],
            [
              25.419514802053964,
              53.84169349480209
            ],
            [
              25.419436306583272,
              53.84180309617645
            ],
            [
              25.419264533778435,
              53.84199725748803
            ],
            [
              25.41915333667837,
              53.842101359276384
            ],
            [
              25.418752984405504,
              53.842382447283214
            ],
            [
              25.41854428350158,
              53.842493849945335
            ],
            [
              25.418197274241248,
              53.842646482421934
            ],
            [
              25.41734470304107,
              53.84295199603502
            ],
            [
              25.41666593653226,
              53.843202313437516
            ],
            [
              25.416605572301645,
              53.843223817846244
            ],
            [
              25.415964776819443,
              53.84344421144667
            ],
            [
              25.415254391733377,
              53.843690707570225
            ],
            [
              25.413120214859045,
              53.84446728394296
            ],
            [
              25.413101956067948,
              53.84447385824148
            ],
            [
              25.41029360866136,
              53.845474373984
            ],
            [
              25.408307168879265,
              53.846187574790086
            ],
            [
              25.40829752806798,
              53.84619101685996
            ],
            [
              25.40512681699895,
              53.84731669906165
            ],
            [
              25.40060026993832,
              53.84894078192771
            ],
            [
              25.400594705723375,
              53.84894277174214
            ],
            [
              25.398634826386697,
              53.849641367480146
            ],
            [
              25.39699404020577,
              53.850232347714226
            ],
            [
              25.39694930066958,
              53.85024805191836
            ],
            [
              25.396602194244895,
              53.8503667552286
            ],
            [
              25.396055739261243,
              53.85050134894799
            ],
            [
              25.39591828442258,
              53.85052341353027
            ],
            [
              25.39243870457884,
              53.851353499667404
            ],
            [
              25.39237121104141,
              53.85136887135307
            ],
            [
              25.391235681348594,
              53.851615378810735
            ],
            [
              25.390893474865617,
              53.85167229176949
            ],
            [
              25.390540448677775,
              53.851697227077125
            ],
            [
              25.39031321992328,
              53.85170277340179
            ],
            [
              25.388989613522796,
              53.85186744552301
            ],
            [
              25.38889225595152,
              53.85187777434833
            ],
            [
              25.38677104966117,
              53.853299901725634
            ],
            [
              25.38591653526954,
              53.853872760093886
            ],
            [
              25.38528265190407,
              53.854297785571276
            ],
            [
              25.38492786899407,
              53.854537025183
            ],
            [
              25.384598834501656,
              53.854759367964064
            ],
            [
              25.384446576449797,
              53.85488314005981
            ],
            [
              25.384413995365513,
              53.85490897122474
            ],
            [
              25.384275897307194,
              53.85501577331249
            ],
            [
              25.384046666061558,
              53.85516776190518
            ],
            [
              25.38390946585134,
              53.85524596371793
            ],
            [
              25.383523315265972,
              53.85542314185329
            ],
            [
              25.383082108456822,
              53.85554782370783
            ],
            [
              25.382891603389808,
              53.85558752491465
            ],
            [
              25.382658334669085,
              53.85562805037866
            ],
            [
              25.37833627686013,
              53.85623361038226
            ],
            [
              25.37809940147107,
              53.856268559264095
            ],
            [
              25.378080677166416,
              53.856271272436
            ],
            [
              25.375540215253807,
              53.85663266767999
            ],
            [
              25.373831812632183,
              53.85687577249219
            ],
            [
              25.373362294857326,
              53.8569511388574
            ],
            [
              25.373104110828727,
              53.85698327713042
            ],
            [
              25.37297202097085,
              53.856995073777874
            ],
            [
              25.372206830970526,
              53.857112333783505
            ],
            [
              25.372121034087908,
              53.857124444418176
            ],
            [
              25.37152282059216,
              53.85720172067809
            ],
            [
              25.367445626468903,
              53.85777613069333
            ],
            [
              25.36613436329091,
              53.85797049855889
            ],
            [
              25.3660992622391,
              53.85797552788805
            ],
            [
              25.364948314687688,
              53.85813476510136
            ],
            [
              25.36350273770999,
              53.85834275210636
            ],
            [
              25.363491907012733,
              53.85834429385994
            ],
            [
              25.361261341058515,
              53.85865840370928
            ],
            [
              25.361128427419445,
              53.85867467669659
            ],
            [
              25.360958605011408,
              53.85869238570975
            ],
            [
              25.359139305882575,
              53.85895258813042
            ],
            [
              25.358866831169383,
              53.85897495184833
            ],
            [
              25.35872192519723,
              53.85900706141619
            ],
            [
              25.358373587489353,
              53.8590495047079
            ],
            [
              25.358326614489016,
              53.859053010954305
            ],
            [
              25.357641433187723,
              53.85915401922654
            ],
            [
              25.355347724177772,
              53.85949196542471
            ],
            [
              25.35532114406099,
              53.85949578190076
            ],
            [
              25.355005247390814,
              53.859539960606625
            ],
            [
              25.353782676009715,
              53.860177560115254
            ],
            [
              25.353509111408993,
              53.86029993735784
            ],
            [
              25.353498185055376,
              53.860304102348245
            ],
            [
              25.353312897908044,
              53.860416471948206
            ],
            [
              25.352990793014374,
              53.860567996985196
            ],
            [
              25.352666501857314,
              53.86074800974726
            ],
            [
              25.352279500637362,
              53.86092107028625
            ],
            [
              25.352268016004352,
              53.86092515236835
            ],
            [
              25.35198723849612,
              53.86107479803916
            ],
            [
              25.351911997795398,
              53.86112649690265
            ],
            [
              25.351605359801464,
              53.86130120829255
            ],
            [
              25.351454258432707,
              53.86137251008748
            ],
            [
              25.35135256206185,
              53.86141264957303
            ],
            [
              25.351137062188283,
              53.861535545947575
            ],
            [
              25.350849635018392,
              53.861674665952236
            ],
            [
              25.35079366649951,
              53.8616975333949
            ],
            [
              25.350744129296704,
              53.86172731693005
            ],
            [
              25.350059825065728,
              53.86207602543692
            ],
            [
              25.349814377434694,
              53.862185016280186
            ],
            [
              25.345991418155812,
              53.86365615600225
            ],
            [
              25.345626475877626,
              53.863770314646665
            ],
            [
              25.34452158745671,
              53.86404370569148
            ],
            [
              25.344135645153283,
              53.864272681882746
            ],
            [
              25.344134039638753,
              53.86427375846103
            ],
            [
              25.34390316485111,
              53.86445246151169
            ],
            [
              25.34362471320684,
              53.864606280804296
            ],
            [
              25.34342428259602,
              53.86469977873713
            ],
            [
              25.343271216169324,
              53.86477306059285
            ],
            [
              25.342606292744424,
              53.86515107322523
            ],
            [
              25.34253513279674,
              53.8651897903024
            ],
            [
              25.342526663017438,
              53.86520817663642
            ],
            [
              25.34253294546614,
              53.865253271201844
            ],
            [
              25.342531451294704,
              53.86535987123049
            ],
            [
              25.342488386842337,
              53.865609470522216
            ],
            [
              25.342367684672283,
              53.8658500504776
            ],
            [
              25.34231778780551,
              53.86592355135853
            ],
            [
              25.342090907981746,
              53.866176228309754
            ],
            [
              25.34199431007192,
              53.86626072983287
            ],
            [
              25.34175655682087,
              53.8664354357358
            ],
            [
              25.341473051536,
              53.866584532748085
            ],
            [
              25.341303149637653,
              53.86665993469069
            ],
            [
              25.340898275248975,
              53.86680359947636
            ],
            [
              25.34045198076383,
              53.866895149665616
            ],
            [
              25.340307976494575,
              53.86691515029322
            ],
            [
              25.339816122292586,
              53.86695094337047
            ],
            [
              25.339639894745137,
              53.86694111841828
            ],
            [
              25.339574696732715,
              53.86713414985303
            ],
            [
              25.339418917440728,
              53.86736393238269
            ],
            [
              25.339194572603347,
              53.86757306877456
            ],
            [
              25.338909211229577,
              53.8677545208749
            ],
            [
              25.33882471083351,
              53.86779922194785
            ],
            [
              25.338487868652894,
              53.867946906826106
            ],
            [
              25.338110933649904,
              53.868055816274854
            ],
            [
              25.33770659583544,
              53.8681222836395
            ],
            [
              25.33728846803908,
              53.86814407114929
            ],
            [
              25.336870627491333,
              53.86812044527725
            ],
            [
              25.336467141749008,
              53.86805220144312
            ],
            [
              25.336091594946836,
              53.867941637226075
            ],
            [
              25.33597937430701,
              53.86790061502779
            ],
            [
              25.335957903377814,
              53.867909052858884
            ],
            [
              25.335511425852292,
              53.86801345340587
            ],
            [
              25.33543505500372,
              53.86802105386434
            ],
            [
              25.335331096674583,
              53.86816390289483
            ],
            [
              25.33488282948295,
              53.86864826264167
            ],
            [
              25.334844828504163,
              53.86889495578224
            ],
            [
              25.334785237602023,
              53.869071556894035
            ],
            [
              25.334670077509195,
              53.86930264569113
            ],
            [
              25.334487053821718,
              53.86951797539156
            ],
            [
              25.334361157266976,
              53.86963797742756
            ],
            [
              25.334336487295197,
              53.8696572685266
            ],
            [
              25.334300090924565,
              53.869753340408785
            ],
            [
              25.334098154689478,
              53.87001207184198
            ],
            [
              25.33401130935239,
              53.87008044231792
            ],
            [
              25.333948402804836,
              53.87016305383443
            ],
            [
              25.33391218109071,
              53.8701993765036
            ],
            [
              25.33344167262035,
              53.870671706215994
            ],
            [
              25.33331065161325,
              53.870788825721895
            ],
            [
              25.333159624810996,
              53.87090965153248
            ],
            [
              25.333122720182203,
              53.870942975644
            ],
            [
              25.333059607089268,
              53.871015017161355
            ],
            [
              25.332906266770365,
              53.871191333738636
            ],
            [
              25.332732230112345,
              53.87135982995066
            ],
            [
              25.332720606717704,
              53.871369425537914
            ],
            [
              25.332712829407424,
              53.871526026945304
            ],
            [
              25.332597631831607,
              53.87180261809044
            ],
            [
              25.33256880171015,
              53.87184968668183
            ],
            [
              25.332565577708376,
              53.8718574472925
            ],
            [
              25.33241851154885,
              53.872104583509596
            ],
            [
              25.332352914790597,
              53.87218788464111
            ],
            [
              25.33209492866461,
              53.8724394371862
            ],
            [
              25.331750642531706,
              53.87265206737804
            ],
            [
              25.331637941718466,
              53.8727079687576
            ],
            [
              25.33144104995695,
              53.872795399807124
            ],
            [
              25.331384948577014,
              53.87281762465332
            ],
            [
              25.331354621416907,
              53.8728308400167
            ],
            [
              25.330829688271443,
              53.873001942596495
            ],
            [
              25.33073708591783,
              53.87302334323899
            ],
            [
              25.330418756782247,
              53.87307889785922
            ],
            [
              25.330336147895302,
              53.873285374911745
            ],
            [
              25.330327598142024,
              53.873299885733445
            ],
            [
              25.330302321828146,
              53.87337581653686
            ],
            [
              25.330206210931944,
              53.87357894456283
            ],
            [
              25.330057577381275,
              53.873770759283374
            ],
            [
              25.329928481917346,
              53.873907861429835
            ],
            [
              25.329678359373027,
              53.87412190252128
            ],
            [
              25.32956726032074,
              53.87419970413741
            ],
            [
              25.329248569577356,
              53.87438318673434
            ],
            [
              25.328848265984284,
              53.87457249149687
            ],
            [
              25.32846103328909,
              53.87472044632121
            ],
            [
              25.32803131997259,
              53.874819586022745
            ],
            [
              25.327732711416484,
              53.874868687547725
            ],
            [
              25.32749951571577,
              53.87489939645932
            ],
            [
              25.327468553916802,
              53.874902483274575
            ],
            [
              25.327306463219855,
              53.87501810279708
            ],
            [
              25.32689593179935,
              53.87520347832722
            ],
            [
              25.326722328725275,
              53.87526488002528
            ],
            [
              25.326371791808302,
              53.875365982459485
            ],
            [
              25.32599721065488,
              53.875430497358636
            ],
            [
              25.325880207105403,
              53.87544439779794
            ],
            [
              25.325591983470197,
              53.87546752027461
            ],
            [
              25.325487980141368,
              53.87547192041599
            ],
            [
              25.3250870104683,
              53.87546811325894
            ],
            [
              25.324693326827003,
              53.87542309372888
            ],
            [
              25.3245975241012,
              53.87540689322645
            ],
            [
              25.324215949382005,
              53.87531993841037
            ],
            [
              25.323887022545076,
              53.87520161164063
            ],
            [
              25.32383102065957,
              53.875233296190615
            ],
            [
              25.323599516625634,
              53.87534263791349
            ],
            [
              25.3234078912199,
              53.87544323056957
            ],
            [
              25.323399668797897,
              53.87545019759671
            ],
            [
              25.323090117933866,
              53.875628412769366
            ],
            [
              25.322982852056764,
              53.87567943035847
            ],
            [
              25.32290865857116,
              53.87571957333152
            ],
            [
              25.32269586849173,
              53.87582155503859
            ],
            [
              25.322517466225303,
              53.875897057016736
            ],
            [
              25.32220924562469,
              53.87600692602212
            ],
            [
              25.321875597632307,
              53.876086919534046
            ],
            [
              25.321687657940615,
              53.876122101447244
            ],
            [
              25.321546110508468,
              53.87616110143569
            ],
            [
              25.321463222082805,
              53.87618277019567
            ],
            [
              25.32120711580855,
              53.87624617208074
            ],
            [
              25.321094493336574,
              53.87626888740433
            ],
            [
              25.32087467737449,
              53.87774870233306
            ],
            [
              25.320858601907194,
              53.87782908484148
            ],
            [
              25.320824509074388,
              53.87796448548325
            ],
            [
              25.320684265167152,
              53.87826944081832
            ],
            [
              25.320616569394318,
              53.87836874201308
            ],
            [
              25.32043996929226,
              53.87857480890064
            ],
            [
              25.320350871737805,
              53.878659810342086
            ],
            [
              25.320060974250392,
              53.87888121861591
            ],
            [
              25.31983777475411,
              53.87901932168881
            ],
            [
              25.31955414214078,
              53.87916792749551
            ],
            [
              25.319498871412264,
              53.879192367699375
            ],
            [
              25.319461809987672,
              53.879217222636356
            ],
            [
              25.319022454892334,
              53.880065877721336
            ],
            [
              25.318930533413596,
              53.880212428043926
            ],
            [
              25.318718445013385,
              53.88049843174014
            ],
            [
              25.318586155889736,
              53.88064995077992
            ],
            [
              25.318518657901578,
              53.88071655188191
            ],
            [
              25.318169895986692,
              53.880979979077935
            ],
            [
              25.318054195970536,
              53.88104798063136
            ],
            [
              25.31778765972932,
              53.88118227377072
            ],
            [
              25.317679358410498,
              53.88122887498484
            ],
            [
              25.317284744596247,
              53.88136530194908
            ],
            [
              25.31714614138811,
              53.88140280304832
            ],
            [
              25.317135804987704,
              53.88140558141347
            ],
            [
              25.31687589891642,
              53.881474983452385
            ],
            [
              25.316183691298235,
              53.88165948864671
            ],
            [
              25.31450016174586,
              53.882125403809255
            ],
            [
              25.31426183209301,
              53.88218196749665
            ],
            [
              25.314172796764154,
              53.882199745434335
            ],
            [
              25.31410877286492,
              53.88222157020427
            ],
            [
              25.314034893630478,
              53.88223922584504
            ],
            [
              25.314025803951072,
              53.88225139508554
            ],
            [
              25.313838393403543,
              53.88245350118833
            ],
            [
              25.313797026198465,
              53.88249026022427
            ],
            [
              25.313429862709565,
              53.88289794543824
            ],
            [
              25.31326949161144,
              53.883082842212104
            ],
            [
              25.31324651486955,
              53.88312235110349
            ],
            [
              25.313240992096453,
              53.88313173483026
            ],
            [
              25.313194895600933,
              53.88320913565764
            ],
            [
              25.31297509016026,
              53.883478332362714
            ],
            [
              25.312893592322123,
              53.8835550336763
            ],
            [
              25.31253179226128,
              53.88381616301728
            ],
            [
              25.31244159206218,
              53.88386676419977
            ],
            [
              25.311951578448475,
              53.88407646616343
            ],
            [
              25.311817475752136,
              53.884119167375275
            ],
            [
              25.3117343283546,
              53.88414436388862
            ],
            [
              25.311467622467337,
              53.884221166114415
            ],
            [
              25.311158061204665,
              53.8842943642605
            ],
            [
              25.310814751722603,
              53.88435886624242
            ],
            [
              25.3106827440546,
              53.884381120093586
            ],
            [
              25.31058617220069,
              53.8843955679056
            ],
            [
              25.31037072833625,
              53.8844723010527
            ],
            [
              25.310089779420704,
              53.88455512172383
            ],
            [
              25.310080993848143,
              53.884557940555716
            ],
            [
              25.30992386659817,
              53.88461876467757
            ],
            [
              25.309785469180802,
              53.88466475971418
            ],
            [
              25.30920667958927,
              53.88487036922511
            ],
            [
              25.308987190285084,
              53.88493905492568
            ],
            [
              25.308831916960433,
              53.88498144530007
            ],
            [
              25.30871190685736,
              53.88504339787549
            ],
            [
              25.308468460217497,
              53.88515300690829
            ],
            [
              25.308355255364454,
              53.885197234028
            ],
            [
              25.30819596644937,
              53.88537973003624
            ],
            [
              25.307896045714095,
              53.88564220505069
            ],
            [
              25.307176093423717,
              53.88613561028956
            ],
            [
              25.307261809361428,
              53.886189201193076
            ],
            [
              25.307393579816235,
              53.88630132868887
            ],
            [
              25.307712230547363,
              53.886469655629845
            ],
            [
              25.30796609440429,
              53.886627264132294
            ],
            [
              25.308173726118245,
              53.88680685296377
            ],
            [
              25.308275429505784,
              53.886912151283305
            ],
            [
              25.308430968159723,
              53.88710831152498
            ],
            [
              25.308498772895632,
              53.88721551031725
            ],
            [
              25.308588064509795,
              53.88739307197956
            ],
            [
              25.3086835773277,
              53.88764547020795
            ],
            [
              25.30869611784596,
              53.88768083109271
            ],
            [
              25.308712110409054,
              53.887729147395135
            ],
            [
              25.308714326023676,
              53.88773098951223
            ],
            [
              25.30871814844353,
              53.88773417733265
            ],
            [
              25.30906325495449,
              53.888022871968296
            ],
            [
              25.309106803192282,
              53.888060643426286
            ],
            [
              25.309282407325387,
              53.888218640633205
            ],
            [
              25.30947873648283,
              53.88843642143735
            ],
            [
              25.30960451624438,
              53.88867162739424
            ],
            [
              25.309633142248025,
              53.888749338546496
            ],
            [
              25.309816094356293,
              53.889013529948265
            ],
            [
              25.309895662783298,
              53.88908501584253
            ],
            [
              25.309919898840715,
              53.889097046283176
            ],
            [
              25.309981480545975,
              53.88911666946053
            ],
            [
              25.310051766021783,
              53.889140018763534
            ],
            [
              25.310245962481456,
              53.889207216893396
            ],
            [
              25.310568588104193,
              53.88934222805077
            ],
            [
              25.31084694170573,
              53.889507967242565
            ],
            [
              25.31107270505359,
              53.88969948190997
            ],
            [
              25.311239131121486,
              53.889911049208
            ],
            [
              25.311277733930766,
              53.889973848518046
            ],
            [
              25.311335619127107,
              53.890083041942376
            ],
            [
              25.31138405283198,
              53.89011416770331
            ],
            [
              25.311596382827886,
              53.89027305077736
            ],
            [
              25.311867888749813,
              53.890510946493606
            ],
            [
              25.311948826582068,
              53.89058724104418
            ],
            [
              25.312135632556608,
              53.89077713797139
            ],
            [
              25.31235322111508,
              53.89107686612432
            ],
            [
              25.312442446440667,
              53.89139860369706
            ],
            [
              25.31246116117356,
              53.89166830334271
            ],
            [
              25.31243373217697,
              53.891938713635746
            ],
            [
              25.312315176034016,
              53.89220044200423
            ],
            [
              25.312170385942228,
              53.892426144580575
            ],
            [
              25.31196252799623,
              53.89267138758936
            ],
            [
              25.31167482742337,
              53.892886803190365
            ],
            [
              25.31123799474522,
              53.89315303509391
            ],
            [
              25.311210300821084,
              53.89317536720727
            ],
            [
              25.311198613932866,
              53.89323776828419
            ],
            [
              25.31111602708748,
              53.893491669827746
            ],
            [
              25.310988754400633,
              53.893745257886344
            ],
            [
              25.31077997169375,
              53.8939793412495
            ],
            [
              25.310497701438997,
              53.89418492382671
            ],
            [
              25.310152790781714,
              53.8943541047221
            ],
            [
              25.309758494742862,
              53.894480381933526
            ],
            [
              25.309329966790653,
              53.894558902293056
            ],
            [
              25.3088836763654,
              53.894586648033346
            ],
            [
              25.308436775762384,
              53.894562552800416
            ],
            [
              25.308006440734463,
              53.89448754264839
            ],
            [
              25.3076092101919,
              53.894364500438414
            ],
            [
              25.30726035041171,
              53.89419815501175
            ],
            [
              25.30697326822165,
              53.89399489940257
            ],
            [
              25.306758995731236,
              53.89376254508522
            ],
            [
              25.30662576641941,
              53.89351002171126
            ],
            [
              25.30657869886244,
              53.89324703388623
            ],
            [
              25.30661960023574,
              53.89298368818546
            ],
            [
              25.306667888061945,
              53.892835283574506
            ],
            [
              25.306671734636787,
              53.89276104933806
            ],
            [
              25.30676016694574,
              53.892428706278864
            ],
            [
              25.30683957478189,
              53.89226630773046
            ],
            [
              25.306983822936772,
              53.892045965401316
            ],
            [
              25.307191067488443,
              53.89184382488043
            ],
            [
              25.30750367801231,
              53.891591758964005
            ],
            [
              25.307431234982857,
              53.891536312553285
            ],
            [
              25.3073214377221,
              53.89143541079589
            ],
            [
              25.307153547136757,
              53.891251009110654
            ],
            [
              25.307150152923406,
              53.89124964691492
            ],
            [
              25.306817350538932,
              53.89108444283758
            ],
            [
              25.306603505232637,
              53.890963503151866
            ],
            [
              25.30640330607861,
              53.890834600343624
            ],
            [
              25.30617781062432,
              53.89066367511381
            ],
            [
              25.30586661792097,
              53.89038407016607
            ],
            [
              25.305661295667825,
              53.8901538830511
            ],
            [
              25.305319316541183,
              53.889659977031464
            ],
            [
              25.305239876000577,
              53.8895089351785
            ],
            [
              25.304977689223396,
              53.88928958917158
            ],
            [
              25.304739308718233,
              53.889091377783814
            ],
            [
              25.304563259248013,
              53.888919059587884
            ],
            [
              25.304432643787067,
              53.888733229192496
            ],
            [
              25.304349450691927,
              53.88858432769034
            ],
            [
              25.304276942852415,
              53.88842062835272
            ],
            [
              25.304218918103278,
              53.88824526954679
            ],
            [
              25.303999303721422,
              53.88811892376644
            ],
            [
              25.303755345331282,
              53.88793520803639
            ]
          ]
        ]
      },
      "properties": {
        "id": 12,
        "name": "Река Дитва",
        "type": "river",
        "type_ru": "Река",
        "district": "Лидский",
        "region": "Гродненская область",
        "location_description": "от автомобильной дороги М-11/Е85 Граница Литовской Республики (Бенякони) – Лида – Слоним – Бытень до впадения в реку Неман",
        "activities": "подводная охота, лов рыбы на дорожку с судов с двигателями",
        "coordinate_source": "osm_geometry"
      }
    },
    {
      "type": "Feature",
      "geometry": {
        "type": "Polygon",
        "coordinates": [
          [
            [
              24.041423106053887,
              53.57172534261777
            ],
            [
              24.04102114316726,
              53.57160504673263
            ],
            [
              24.040667016196878,
              53.57144004845714
            ],
            [
              24.0403746289244,
              53.57123682627215
            ],
            [
              24.04015546051291,
              53.571003359376206
            ],
            [
              24.040018114863727,
              53.57074881433826
            ],
            [
              24.039967982954476,
              53.57048318514343
            ],
            [
              24.04000703139424,
              53.57021690077447
            ],
            [
              24.04013372546453,
              53.569960415742216
            ],
            [
              24.040343089628436,
              53.569723799644265
            ],
            [
              24.04303936500264,
              53.567295813699666
            ],
            [
              24.043371646589016,
              53.567060174152445
            ],
            [
              24.043785114758414,
              53.566875318527956
            ],
            [
              24.044258306064684,
              53.566750842415935
            ],
            [
              24.05147550204778,
              53.565411533893204
            ],
            [
              24.063337285874553,
              53.561708135473474
            ],
            [
              24.063615869815983,
              53.56163485058031
            ],
            [
              24.074484668182894,
              53.559279159501955
            ],
            [
              24.078730854881947,
              53.55633612083567
            ],
            [
              24.079030048811507,
              53.55616366197189
            ],
            [
              24.079377271226058,
              53.55602659914765
            ],
            [
              24.07976082026626,
              53.55592955140321
            ],
            [
              24.080167770167623,
              53.555875789237206
            ],
            [
              24.087427035678417,
              53.555325317345854
            ],
            [
              24.087836153000897,
              53.55531638083303
            ],
            [
              24.10492289855469,
              53.55585879333236
            ],
            [
              24.122604337854433,
              53.554412820896935
            ],
            [
              24.123031136286286,
              53.55440198038809
            ],
            [
              24.123453800680505,
              53.55443881640888
            ],
            [
              24.123857374042853,
              53.55452202543127
            ],
            [
              24.124227574776445,
              53.55464866289811
            ],
            [
              24.12455130195964,
              53.554814247396244
            ],
            [
              24.13187121295405,
              53.55933637905427
            ],
            [
              24.14669495273221,
              53.55908098438117
            ],
            [
              24.155349984436892,
              53.55462750895984
            ],
            [
              24.155701616511784,
              53.55447878761312
            ],
            [
              24.156094266256652,
              53.55437227943347
            ],
            [
              24.15651374699867,
              53.55431183255709
            ],
            [
              24.156944902922437,
              53.55429963091449
            ],
            [
              24.157372156508966,
              53.55433611534696
            ],
            [
              24.166762717892492,
              53.55568876022643
            ],
            [
              24.176370194025637,
              53.55287317351058
            ],
            [
              24.17680540657507,
              53.55277705060502
            ],
            [
              24.17726443118208,
              53.55273552773336
            ],
            [
              24.177728076471404,
              53.552750340923026
            ],
            [
              24.178176957935953,
              53.55282087085101
            ],
            [
              24.17859230815797,
              53.55294416872975
            ],
            [
              24.17895676126558,
              53.553115079560115
            ],
            [
              24.179255078867918,
              53.55332645760452
            ],
            [
              24.179474787145228,
              53.553569465083335
            ],
            [
              24.181474413989193,
              53.55645525995133
            ],
            [
              24.19057791505899,
              53.56212014209848
            ],
            [
              24.195378801063384,
              53.56329938824634
            ],
            [
              24.195747468420095,
              53.5634144766128
            ],
            [
              24.19607455656046,
              53.563567612172456
            ],
            [
              24.19634906716807,
              53.56375364598977
            ],
            [
              24.196561769410515,
              53.563966322904
            ],
            [
              24.199499478124583,
              53.56763226463371
            ],
            [
              24.199658705942365,
              53.56790089087562
            ],
            [
              24.199719428619,
              53.56818338231461
            ],
            [
              24.199678937949855,
              53.5684671491344
            ],
            [
              24.19953903653065,
              53.56873954442816
            ],
            [
              24.199305957768484,
              53.56898842785848
            ],
            [
              24.193977620618128,
              53.573483496346505
            ],
            [
              24.195608691043976,
              53.57902929256802
            ],
            [
              24.20075564945322,
              53.58443946572498
            ],
            [
              24.20468198187996,
              53.587579250131604
            ],
            [
              24.204898143153233,
              53.587789928710045
            ],
            [
              24.205046062581502,
              53.58802044967548
            ],
            [
              24.20512079300782,
              53.588263105051794
            ],
            [
              24.205119834345474,
              53.58850978098719
            ],
            [
              24.205043217339387,
              53.58875222904952
            ],
            [
              24.204893502711933,
              53.58898234204036
            ],
            [
              24.204675695698775,
              53.58919242510485
            ],
            [
              24.200514055050242,
              53.5924876415827
            ],
            [
              24.21097352339957,
              53.596910278700996
            ],
            [
              24.211362422748866,
              53.597118690528674
            ],
            [
              24.22031193047788,
              53.60316326439333
            ],
            [
              24.220598922564996,
              53.60340659196309
            ],
            [
              24.220789226186206,
              53.60368128659104
            ],
            [
              24.220873615192282,
              53.603974033558785
            ],
            [
              24.220847996874202,
              53.604270642851674
            ],
            [
              24.219870917109308,
              53.60782867999422
            ],
            [
              24.22193773224389,
              53.61077136395649
            ],
            [
              24.222074418285338,
              53.61104382885305
            ],
            [
              24.22211182662632,
              53.61132723733897
            ],
            [
              24.222048294031563,
              53.61160900366826
            ],
            [
              24.221886639980195,
              53.6118766147728
            ],
            [
              24.22044423437824,
              53.61364948133952
            ],
            [
              24.225904604477428,
              53.6167410360139
            ],
            [
              24.235321022274196,
              53.62052441297554
            ],
            [
              24.235353389064194,
              53.62053765855127
            ],
            [
              24.24081714462212,
              53.622814963871214
            ],
            [
              24.25724316163293,
              53.62630953244181
            ],
            [
              24.274553606019346,
              53.62848956987879
            ],
            [
              24.275003169110438,
              53.62857590557197
            ],
            [
              24.27541295465292,
              53.62871545930666
            ],
            [
              24.275765279833834,
              53.6289022093083
            ],
            [
              24.276044940717636,
              53.629128097180754
            ],
            [
              24.280780065949656,
              53.633928206117865
            ],
            [
              24.287822350822456,
              53.63964626137823
            ],
            [
              24.28806223742153,
              53.639891520671846
            ],
            [
              24.294451452843454,
              53.64836696682663
            ],
            [
              24.301904864402864,
              53.654197512927915
            ],
            [
              24.30215298243782,
              53.654441322781594
            ],
            [
              24.302309232117633,
              53.654710565154524
            ],
            [
              24.303461768267113,
              53.65768743232516
            ],
            [
              24.307497255481717,
              53.661440740083314
            ],
            [
              24.31569128110583,
              53.65969482665265
            ],
            [
              24.316153105359508,
              53.65962768026805
            ],
            [
              24.31662839341114,
              53.65961885012506
            ],
            [
              24.31709640850669,
              53.65966872148135
            ],
            [
              24.31753673112171,
              53.65977511845327
            ],
            [
              24.31793014963017,
              53.659933398923386
            ],
            [
              24.318259498342854,
              53.66013665702485
            ],
            [
              24.31851040639003,
              53.66037602437865
            ],
            [
              24.320648001228616,
              53.66299013051119
            ],
            [
              24.323571346857243,
              53.66462383224096
            ],
            [
              24.325356059678224,
              53.66224471533424
            ],
            [
              24.325557017581385,
              53.66203130950144
            ],
            [
              24.325819651849706,
              53.66184288807277
            ],
            [
              24.32613534299263,
              53.66168563437395
            ],
            [
              24.331227486436248,
              53.65958399361897
            ],
            [
              24.331516593017415,
              53.65948256491247
            ],
            [
              24.33182774256267,
              53.6594074558388
            ],
            [
              24.342799077079263,
              53.65730293194579
            ],
            [
              24.34321573069525,
              53.65724791699992
            ],
            [
              24.34364239002672,
              53.65723996693776
            ],
            [
              24.344064052520146,
              53.657279361305775
            ],
            [
              24.350709876236653,
              53.658285894583926
            ],
            [
              24.351143496012128,
              53.658380217167576
            ],
            [
              24.351536060595794,
              53.65852446890603
            ],
            [
              24.351871407263832,
              53.65871271082929
            ],
            [
              24.352135728492996,
              53.658937192762735
            ],
            [
              24.352318140458024,
              53.65918867234761
            ],
            [
              24.35449339387748,
              53.66329229759675
            ],
            [
              24.365464688419756,
              53.666246953004986
            ],
            [
              24.36588066226762,
              53.66639227795555
            ],
            [
              24.366235553315555,
              53.66658631144441
            ],
            [
              24.366513396939744,
              53.666820325470745
            ],
            [
              24.3667016936433,
              53.6670837934741
            ],
            [
              24.366791971469347,
              53.66736486377074
            ],
            [
              24.367564546303594,
              53.672947168279606
            ],
            [
              24.367560242697873,
              53.67319525746719
            ],
            [
              24.367479313895995,
              53.67343868381657
            ],
            [
              24.36732449615391,
              53.67366921304208
            ],
            [
              24.367101025359535,
              53.673879046993726
            ],
            [
              24.366816460054444,
              53.674061087473824
            ],
            [
              24.36648042583627,
              53.674209176388416
            ],
            [
              24.362747619586315,
              53.67555726403752
            ],
            [
              24.366977509398136,
              53.677823970760734
            ],
            [
              24.367262754838215,
              53.67800800992049
            ],
            [
              24.36748581423964,
              53.67822004924481
            ],
            [
              24.367639036089514,
              53.67845281617469
            ],
            [
              24.367717163890045,
              53.67869832710733
            ],
            [
              24.368626870716177,
              53.684439296935025
            ],
            [
              24.371049308906073,
              53.68981972564014
            ],
            [
              24.371121920672028,
              53.690084480621294
            ],
            [
              24.371104637746647,
              53.69035250906374
            ],
            [
              24.370998141727323,
              53.69061321438562
            ],
            [
              24.370806641445984,
              53.69085628933503
            ],
            [
              24.36808267856098,
              53.69357102223197
            ],
            [
              24.371233677512425,
              53.696874967348215
            ],
            [
              24.37706407598415,
              53.69962643055478
            ],
            [
              24.37735949003856,
              53.69979356110437
            ],
            [
              24.377599735300684,
              53.699989239903196
            ],
            [
              24.377777085609708,
              53.700207174687655
            ],
            [
              24.377885836981033,
              53.70044035742676
            ],
            [
              24.37792249113324,
              53.7006812896485
            ],
            [
              24.377922742954965,
              53.704522596669946
            ],
            [
              24.377883911743638,
              53.70477061457778
            ],
            [
              24.377768708569466,
              53.70501017843901
            ],
            [
              24.377581059937018,
              53.70523312051305
            ],
            [
              24.37732736259406,
              53.705431839641975
            ],
            [
              24.37330318330501,
              53.70804250851498
            ],
            [
              24.37401340273919,
              53.710282935400784
            ],
            [
              24.375510677881017,
              53.71418101326663
            ],
            [
              24.379464024254528,
              53.72011808650846
            ],
            [
              24.37959704776867,
              53.72041058022188
            ],
            [
              24.380326547628172,
              53.72325923610342
            ],
            [
              24.384737633620542,
              53.72940337865297
            ],
            [
              24.392829197980543,
              53.732620735075514
            ],
            [
              24.41464337097715,
              53.73621310671534
            ],
            [
              24.42553332778736,
              53.73757660083209
            ],
            [
              24.42595020685251,
              53.73765408461159
            ],
            [
              24.426334452079868,
              53.73777717178815
            ],
            [
              24.42667195841998,
              53.737941344131336
            ],
            [
              24.426950336100386,
              53.73814057521348
            ],
            [
              24.43050146685229,
              53.74124553633519
            ],
            [
              24.430712930882308,
              53.74147584961539
            ],
            [
              24.430845107729375,
              53.74172599912213
            ],
            [
              24.43089300711594,
              53.74198654330158
            ],
            [
              24.430854819547847,
              53.74224764809012
            ],
            [
              24.430731984844275,
              53.7424994580832
            ],
            [
              24.43052913802547,
              53.7427324685366
            ],
            [
              24.42604590484744,
              53.74684361729772
            ],
            [
              24.42570034724704,
              53.747090289212146
            ],
            [
              24.425266178845618,
              53.74728182613811
            ],
            [
              24.414019706159444,
              53.75110595730521
            ],
            [
              24.413570291422538,
              53.75122271573703
            ],
            [
              24.413089037421987,
              53.751279923984406
            ],
            [
              24.409707374233133,
              53.751461532289575
            ],
            [
              24.406937410138454,
              53.760142862690444
            ],
            [
              24.40689083519335,
              53.76025990061793
            ],
            [
              24.403788149486044,
              53.7667440227252
            ],
            [
              24.40365151074076,
              53.766958189145456
            ],
            [
              24.40345557940071,
              53.767155618240345
            ],
            [
              24.403205995755467,
              53.76733062580922
            ],
            [
              24.395768585501404,
              53.77172660528365
            ],
            [
              24.400780342790387,
              53.77929895460398
            ],
            [
              24.40090354153168,
              53.77955954833526
            ],
            [
              24.400936252456724,
              53.77982942787426
            ],
            [
              24.400877157876934,
              53.780097736019975
            ],
            [
              24.398708701359272,
              53.78557250480829
            ],
            [
              24.398666199159248,
              53.785664889234944
            ],
            [
              24.395179859324315,
              53.79230156387012
            ],
            [
              24.400383421612567,
              53.802944098901094
            ],
            [
              24.400468164176417,
              53.80322957640325
            ],
            [
              24.400447692608928,
              53.80351915505417
            ],
            [
              24.397586607750117,
              53.814744449908815
            ],
            [
              24.400726495489348,
              53.8220374468546
            ],
            [
              24.400786641104215,
              53.82224192300275
            ],
            [
              24.400792941124323,
              53.82244942519022
            ],
            [
              24.40001605797221,
              53.8302012000688
            ],
            [
              24.399943395937992,
              53.83046795023902
            ],
            [
              24.3997821210144,
              53.83072080458917
            ],
            [
              24.3995387010398,
              53.830949620149525
            ],
            [
              24.399222899451694,
              53.83114521808333
            ],
            [
              24.398847383770708,
              53.83129975194678
            ],
            [
              24.398427217487583,
              53.83140702251141
            ],
            [
              24.39650488100453,
              53.83176788626556
            ],
            [
              24.396309736683108,
              53.83332005512151
            ],
            [
              24.3962540966237,
              53.833532056425774
            ],
            [
              24.39471233765768,
              53.83736124074244
            ],
            [
              24.394690160141174,
              53.837411923441515
            ],
            [
              24.391867493800536,
              53.843380751309844
            ],
            [
              24.392519398862518,
              53.848003009666975
            ],
            [
              24.399112796472778,
              53.85091905284461
            ],
            [
              24.3994299319192,
              53.85108886092981
            ],
            [
              24.399687830825076,
              53.851290573111605
            ],
            [
              24.410925820126565,
              53.862041580052455
            ],
            [
              24.420355608478218,
              53.866548018951455
            ],
            [
              24.42066239632775,
              53.8667251885234
            ],
            [
              24.42090763422039,
              53.866933042667576
            ],
            [
              24.421082681242243,
              53.867164258501255
            ],
            [
              24.424941469746926,
              53.87389640584528
            ],
            [
              24.42505151510675,
              53.87419974976833
            ],
            [
              24.426441805328448,
              53.882757209639934
            ],
            [
              24.42645062351313,
              53.88283526537742
            ],
            [
              24.426889364237798,
              53.88972844845949
            ],
            [
              24.43083999283846,
              53.893134607781256
            ],
            [
              24.430943676217808,
              53.89323277383609
            ],
            [
              24.43634768639816,
              53.898873766272864
            ],
            [
              24.436530898129575,
              53.89911917281115
            ],
            [
              24.436628126406376,
              53.89938108067971
            ],
            [
              24.436635529289365,
              53.89964914507705
            ],
            [
              24.436552812667305,
              53.89991277783341
            ],
            [
              24.43638324214097,
              53.900161565626775
            ],
            [
              24.436133514285896,
              53.90038568132327
            ],
            [
              24.434115935917593,
              53.90185415840568
            ],
            [
              24.43380919035827,
              53.90203821226134
            ],
            [
              24.4334485881686,
              53.90218450064381
            ],
            [
              24.433047315014647,
              53.90228767421924
            ],
            [
              24.43262004415571,
              53.90234396020137
            ],
            [
              24.432182399778497,
              53.90235130034798
            ],
            [
              24.43175038551184,
              53.90230942624667
            ],
            [
              24.43133979904662,
              53.9022198691329
            ],
            [
              24.430965654296937,
              53.90208590388079
            ],
            [
              24.430641632261004,
              53.90191242921782
            ],
            [
              24.430379580684875,
              53.901705788549144
            ],
            [
              24.428408799294903,
              53.899794389553875
            ],
            [
              24.4282488647104,
              53.899608168094296
            ],
            [
              24.427542225230578,
              53.898598194422306
            ],
            [
              24.42434101245161,
              53.896110054724225
            ],
            [
              24.42115329447698,
              53.89441745655846
            ],
            [
              24.42083414094103,
              53.894208562158155
            ],
            [
              24.420595380809917,
              53.89396522786058
            ],
            [
              24.418118339051553,
              53.890695132522836
            ],
            [
              24.417971580239293,
              53.890431242688486
            ],
            [
              24.417919622561165,
              53.890155234368045
            ],
            [
              24.417902257345705,
              53.88876758846874
            ],
            [
              24.41790369872771,
              53.888708751639655
            ],
            [
              24.417990023601245,
              53.88730579910781
            ],
            [
              24.418052412774447,
              53.88450765732839
            ],
            [
              24.416621798758843,
              53.88272339050475
            ],
            [
              24.416465323390597,
              53.882461219070024
            ],
            [
              24.41640331758209,
              53.88218571055838
            ],
            [
              24.4161911708915,
              53.87782854110662
            ],
            [
              24.4156510783413,
              53.876470487578246
            ],
            [
              24.415590981428316,
              53.8761847648349
            ],
            [
              24.415635102968523,
              53.875898031403345
            ],
            [
              24.41578143107533,
              53.87562334838658
            ],
            [
              24.416270599346728,
              53.87496202872312
            ],
            [
              24.415634576056743,
              53.87433351223626
            ],
            [
              24.415398359618134,
              53.87401062181365
            ],
            [
              24.414400264506472,
              53.87193676090887
            ],
            [
              24.412444248505565,
              53.870235791588264
            ],
            [
              24.407431431094583,
              53.86832778626612
            ],
            [
              24.407133157060137,
              53.8681925252594
            ],
            [
              24.40687652115897,
              53.86803026412755
            ],
            [
              24.406668465822836,
              53.8678453926348
            ],
            [
              24.404593043082166,
              53.86562388411637
            ],
            [
              24.40450812116275,
              53.86552327717053
            ],
            [
              24.401228321053757,
              53.861193997417274
            ],
            [
              24.401079812569193,
              53.86092542987294
            ],
            [
              24.401029400589138,
              53.860644511319116
            ],
            [
              24.40107929382239,
              53.860363560653774
            ],
            [
              24.401227302415805,
              53.86009489793878
            ],
            [
              24.401466934320936,
              53.859850304164425
            ],
            [
              24.401521284792352,
              53.859806233006324
            ],
            [
              24.400109173120242,
              53.85796670840629
            ],
            [
              24.39897498748725,
              53.85762591472421
            ],
            [
              24.398570133310102,
              53.857470496812304
            ],
            [
              24.39822965430217,
              53.85726839544997
            ],
            [
              24.397968737740936,
              53.857028626102526
            ],
            [
              24.397799021131902,
              53.856761884386046
            ],
            [
              24.39772807325988,
              53.85648006888591
            ],
            [
              24.397671775183767,
              53.85568252121285
            ],
            [
              24.397292694674142,
              53.85501168240641
            ],
            [
              24.394284162140124,
              53.85439586925027
            ],
            [
              24.393893085452785,
              53.85429058840035
            ],
            [
              24.38974201439068,
              53.85288109836616
            ],
            [
              24.389393539972215,
              53.852735644903255
            ],
            [
              24.389096968302333,
              53.85255452259413
            ],
            [
              24.388862633223933,
              53.852344042971914
            ],
            [
              24.38664385271745,
              53.84987599367142
            ],
            [
              24.386492116339795,
              53.84966595747303
            ],
            [
              24.385532932554657,
              53.84794768508362
            ],
            [
              24.385511022032524,
              53.8479061951397
            ],
            [
              24.383326398348547,
              53.843521420791475
            ],
            [
              24.38324511878575,
              53.84327620916217
            ],
            [
              24.383241882964743,
              53.84302635978991
            ],
            [
              24.383316800512368,
              53.84278044402845
            ],
            [
              24.383467300007595,
              53.842546898136746
            ],
            [
              24.384713053591824,
              53.84104854805858
            ],
            [
              24.385142491058872,
              53.84000800832768
            ],
            [
              24.385314937093597,
              53.83972864045004
            ],
            [
              24.3855869106224,
              53.839478347402434
            ],
            [
              24.38694976375569,
              53.83848502963351
            ],
            [
              24.387602903989322,
              53.83521426798566
            ],
            [
              24.387520624741732,
              53.83353239444126
            ],
            [
              24.387552319845632,
              53.833266292478775
            ],
            [
              24.38767212516801,
              53.83300907400906
            ],
            [
              24.389384454197135,
              53.83038239860462
            ],
            [
              24.38958090733716,
              53.830150440411806
            ],
            [
              24.389848932319325,
              53.82994495266968
            ],
            [
              24.390178624093668,
              53.82977352857868
            ],
            [
              24.390557799350447,
              53.82964250253187
            ],
            [
              24.3914782464091,
              53.82939110080713
            ],
            [
              24.39156227234945,
              53.82887468966882
            ],
            [
              24.39162096489473,
              53.828674309300176
            ],
            [
              24.39173002403979,
              53.828481412645665
            ],
            [
              24.393679446953456,
              53.825740904117225
            ],
            [
              24.393479007633086,
              53.82255447588274
            ],
            [
              24.39247090782986,
              53.82233276846456
            ],
            [
              24.3920066649369,
              53.82219326376096
            ],
            [
              24.39160800870332,
              53.82199532122662
            ],
            [
              24.388310453656313,
              53.81993580067524
            ],
            [
              24.388060524458584,
              53.81974914668116
            ],
            [
              24.38787003428392,
              53.81953947488584
            ],
            [
              24.387744908131488,
              53.81931330793237
            ],
            [
              24.387075923285117,
              53.817606392637664
            ],
            [
              24.387017580054515,
              53.817329528498114
            ],
            [
              24.387056958726745,
              53.81705150040073
            ],
            [
              24.387192372983474,
              53.816784200966524
            ],
            [
              24.389173773150553,
              53.81397196446622
            ],
            [
              24.38861267422198,
              53.81226955219653
            ],
            [
              24.388570644372226,
              53.81201948058001
            ],
            [
              24.3886079010245,
              53.81176914535992
            ],
            [
              24.38872314986022,
              53.8115272339782
            ],
            [
              24.390935066413444,
              53.80813446222458
            ],
            [
              24.391738873201856,
              53.80385085969987
            ],
            [
              24.390548160394275,
              53.801280231416314
            ],
            [
              24.38735331576726,
              53.79806601224289
            ],
            [
              24.387136877339433,
              53.797773725142086
            ],
            [
              24.38704270366199,
              53.79745959155825
            ],
            [
              24.38668447482651,
              53.793733421629234
            ],
            [
              24.386701064594458,
              53.79347764414947
            ],
            [
              24.38802176447599,
              53.7876595227879
            ],
            [
              24.388083587072067,
              53.78748036993311
            ],
            [
              24.390151416273635,
              53.78304739726919
            ],
            [
              24.39135429941645,
              53.77899425281754
            ],
            [
              24.39057267558504,
              53.776340923647574
            ],
            [
              24.38747375411013,
              53.773569615045005
            ],
            [
              24.387281009019524,
              53.773358560438716
            ],
            [
              24.387154552888827,
              53.77313066994099
            ],
            [
              24.387098381801334,
              53.7728931469995
            ],
            [
              24.387114270058596,
              53.772653499412726
            ],
            [
              24.387201714244746,
              53.772419302008764
            ],
            [
              24.388516074784583,
              53.7699620449604
            ],
            [
              24.388676570106284,
              53.76973591632036
            ],
            [
              24.388903673199735,
              53.769530695356245
            ],
            [
              24.392464126845802,
              53.766875593584714
            ],
            [
              24.3929201691179,
              53.766618334495206
            ],
            [
              24.396499205215097,
              53.765096716633686
            ],
            [
              24.397923961232262,
              53.760081806662804
            ],
            [
              24.39792889093808,
              53.76006509671433
            ],
            [
              24.39874147118433,
              53.75740932067839
            ],
            [
              24.398945972106763,
              53.757046087838255
            ],
            [
              24.40086758689252,
              53.75477403542804
            ],
            [
              24.404042730450318,
              53.748619764907964
            ],
            [
              24.40419391069084,
              53.748398845368314
            ],
            [
              24.404408474503406,
              53.74819710510371
            ],
            [
              24.404679724472636,
              53.74802084044917
            ],
            [
              24.404999194317735,
              53.747875552569774
            ],
            [
              24.405356913153305,
              53.7477657758034
            ],
            [
              24.41025001402474,
              53.74657541010281
            ],
            [
              24.41531583841004,
              53.74380636096797
            ],
            [
              24.415755446414114,
              53.743618053021436
            ],
            [
              24.41974972449931,
              53.74230408435031
            ],
            [
              24.419718576196818,
              53.74222347773684
            ],
            [
              24.417586705566034,
              53.742310793272814
            ],
            [
              24.41708384724026,
              53.742298465792764
            ],
            [
              24.41074560916178,
              53.74172415313418
            ],
            [
              24.410611339405932,
              53.741709538340345
            ],
            [
              24.4021116750531,
              53.740627572992764
            ],
            [
              24.399052385939235,
              53.74082343605456
            ],
            [
              24.398677060904358,
              53.74082907715181
            ],
            [
              24.39830525643739,
              53.74079822460459
            ],
            [
              24.39794704784673,
              53.7407317144691
            ],
            [
              24.39595201587124,
              53.74025136476504
            ],
            [
              24.395592523817147,
              53.74014191889322
            ],
            [
              24.395271357014742,
              53.73999664855153
            ],
            [
              24.394998608513923,
              53.739820119234764
            ],
            [
              24.394782849385145,
              53.739617878768584
            ],
            [
              24.394630859385245,
              53.73939628292373
            ],
            [
              24.393858436870865,
              53.73790153613726
            ],
            [
              24.392474614272444,
              53.73785280497474
            ],
            [
              24.39188582399879,
              53.73778534251254
            ],
            [
              24.384823740644247,
              53.73638594047381
            ],
            [
              24.384405923989267,
              53.736274391518904
            ],
            [
              24.384034264504386,
              53.736115670766495
            ],
            [
              24.38057392326918,
              53.73429848811495
            ],
            [
              24.380288879601082,
              53.73411866861335
            ],
            [
              24.376722675034674,
              53.731410130368765
            ],
            [
              24.37644490949526,
              53.73113828165061
            ],
            [
              24.3752688082175,
              53.72960367042055
            ],
            [
              24.37404214688304,
              53.72867583027925
            ],
            [
              24.373802880430684,
              53.72845288470747
            ],
            [
              24.37364162081224,
              53.72820663267744
            ],
            [
              24.37292667092061,
              53.726687560991344
            ],
            [
              24.37049605409641,
              53.72387654417558
            ],
            [
              24.368301430041814,
              53.722670052704665
            ],
            [
              24.36800345376041,
              53.7224703203668
            ],
            [
              24.3677776320958,
              53.722239832206796
            ],
            [
              24.36763277232403,
              53.72198757876665
            ],
            [
              24.36757452333731,
              53.72172339940916
            ],
            [
              24.367486341384737,
              53.72003104083568
            ],
            [
              24.367520678391774,
              53.71975259919156
            ],
            [
              24.367651140440937,
              53.719484302963316
            ],
            [
              24.367872138026602,
              53.71923764339195
            ],
            [
              24.369296277389346,
              53.71798211828505
            ],
            [
              24.367303979959665,
              53.71709922632929
            ],
            [
              24.366985418232524,
              53.716928018119496
            ],
            [
              24.366726907651213,
              53.71672443107153
            ],
            [
              24.366537660405772,
              53.71649572087058
            ],
            [
              24.36642441984858,
              53.71625003844745
            ],
            [
              24.366391220305864,
              53.71599613945432
            ],
            [
              24.36643924348227,
              53.71574307220697
            ],
            [
              24.366928401200305,
              53.71436021761963
            ],
            [
              24.36581218683638,
              53.7138897691504
            ],
            [
              24.36552691062131,
              53.71374732794961
            ],
            [
              24.365284740178826,
              53.713579242821666
            ],
            [
              24.365092168778915,
              53.71339002098313
            ],
            [
              24.36408589417096,
              53.71218839245603
            ],
            [
              24.36390685543148,
              53.711891782149614
            ],
            [
              24.362582928122965,
              53.708485268432206
            ],
            [
              24.362525244075417,
              53.708205313431236
            ],
            [
              24.36249000254928,
              53.70695131925018
            ],
            [
              24.362524408971357,
              53.70669430425107
            ],
            [
              24.362640792996885,
              53.706445857816554
            ],
            [
              24.362834902077005,
              53.70621505493267
            ],
            [
              24.363099644916137,
              53.70601032597825
            ],
            [
              24.36342535063313,
              53.70583914883282
            ],
            [
              24.36538499998259,
              53.704992704023
            ],
            [
              24.365511074195975,
              53.704941981659836
            ],
            [
              24.36834456716952,
              53.703882174999706
            ],
            [
              24.368157549216033,
              53.7038143170582
            ],
            [
              24.367857696719142,
              53.70368449253946
            ],
            [
              24.367597464043683,
              53.703527552543235
            ],
            [
              24.36196566015469,
              53.69952448422498
            ],
            [
              24.36179870924921,
              53.69938960516598
            ],
            [
              24.35879748240714,
              53.69661964506191
            ],
            [
              24.358589723284517,
              53.69637710938321
            ],
            [
              24.358468348692785,
              53.69611483088593
            ],
            [
              24.357509505888828,
              53.69273565096429
            ],
            [
              24.357480878529746,
              53.69244461084829
            ],
            [
              24.357558522261193,
              53.69215672540128
            ],
            [
              24.35773880866074,
              53.69188544017219
            ],
            [
              24.35886875456069,
              53.69061009067205
            ],
            [
              24.358920115079616,
              53.6905552558476
            ],
            [
              24.360653386739788,
              53.68880199368984
            ],
            [
              24.360241793656925,
              53.686721487894516
            ],
            [
              24.359529869422985,
              53.685512759784764
            ],
            [
              24.359433100094208,
              53.68528780902963
            ],
            [
              24.359402886251058,
              53.68505636367762
            ],
            [
              24.359440121511,
              53.68482527743526
            ],
            [
              24.35954370216723,
              53.68460139326324
            ],
            [
              24.360346248436027,
              53.68331361348163
            ],
            [
              24.35956078471573,
              53.68206219512303
            ],
            [
              24.355482836247745,
              53.679537277053015
            ],
            [
              24.35209844479904,
              53.67854438997007
            ],
            [
              24.351732273901174,
              53.67841003271489
            ],
            [
              24.351415363400836,
              53.67823724118466
            ],
            [
              24.35115904935522,
              53.67803219658844
            ],
            [
              24.35097249973183,
              53.677802233815136
            ],
            [
              24.350862386529116,
              53.67755557900484
            ],
            [
              24.350350495058592,
              53.67572106560223
            ],
            [
              24.350322389403527,
              53.67543948248508
            ],
            [
              24.350481392862303,
              53.67337922777215
            ],
            [
              24.350533032469702,
              53.673148761408314
            ],
            [
              24.35065070408371,
              53.672926970126504
            ],
            [
              24.3508309116907,
              53.672720441431466
            ],
            [
              24.351068302086873,
              53.67253530941555
            ],
            [
              24.354652228108336,
              53.67019071838522
            ],
            [
              24.35469821204739,
              53.67016549092791
            ],
            [
              24.354408703185282,
              53.6701407694319
            ],
            [
              24.353943344248147,
              53.67007073002524
            ],
            [
              24.353513123625824,
              53.669944436035664
            ],
            [
              24.349717762327973,
              53.66851677364325
            ],
            [
              24.349395124596185,
              53.66836988471147
            ],
            [
              24.34912177034004,
              53.66819131798436
            ],
            [
              24.34890642910799,
              53.66798677641825
            ],
            [
              24.34627875393414,
              53.66490820505128
            ],
            [
              24.344312400395385,
              53.66439625633544
            ],
            [
              24.341909955812326,
              53.66484243381452
            ],
            [
              24.341453680926325,
              53.6648975948516
            ],
            [
              24.340988007928814,
              53.66489659442198
            ],
            [
              24.34053242024533,
              53.66483947438267
            ],
            [
              24.33746422094028,
              53.66425513204868
            ],
            [
              24.336666937141153,
              53.66476496727397
            ],
            [
              24.336318608108176,
              53.66494650489081
            ],
            [
              24.33591540268743,
              53.665082438274005
            ],
            [
              24.335729544303977,
              53.665118101268384
            ],
            [
              24.335641600264577,
              53.66535715363233
            ],
            [
              24.335450774593237,
              53.66561008901799
            ],
            [
              24.333332277112895,
              53.667785857461325
            ],
            [
              24.332923380737643,
              53.668092502506646
            ],
            [
              24.32722089689726,
              53.671282761174815
            ],
            [
              24.326851857102735,
              53.671450488188675
            ],
            [
              24.326432983393424,
              53.67157029020298
            ],
            [
              24.32598175446947,
              53.67163716803773
            ],
            [
              24.325516999532944,
              53.67164833095074
            ],
            [
              24.32505811237029,
              53.67160331312379
            ],
            [
              24.32462424184281,
              53.67150399310637
            ],
            [
              24.316880981557695,
              53.669167378277656
            ],
            [
              24.316576254122012,
              53.669056759966594
            ],
            [
              24.316304497252897,
              53.668919255028726
            ],
            [
              24.313903457911124,
              53.66749666825459
            ],
            [
              24.313654062458227,
              53.667321336784205
            ],
            [
              24.31345839009643,
              53.6671235133698
            ],
            [
              24.313322093448825,
              53.66690891357215
            ],
            [
              24.312812035612783,
              53.66583706395936
            ],
            [
              24.310076428182352,
              53.667210541008814
            ],
            [
              24.309741529938506,
              53.66735008694663
            ],
            [
              24.309369862386525,
              53.66745184029845
            ],
            [
              24.308973444477378,
              53.66751251051321
            ],
            [
              24.308565095767012,
              53.667530135595754
            ],
            [
              24.308158021746078,
              53.66750414557228
            ],
            [
              24.305509735086066,
              53.66719032799384
            ],
            [
              24.305070223909247,
              53.6671101816138
            ],
            [
              24.304666861017875,
              53.66697934432194
            ],
            [
              24.30431610138192,
              53.66680315368677
            ],
            [
              24.29990482810875,
              53.664088132974165
            ],
            [
              24.296782937883894,
              53.66277223929508
            ],
            [
              24.29358774702048,
              53.66179031929504
            ],
            [
              24.293220677749208,
              53.66164946909948
            ],
            [
              24.292905833194066,
              53.661469628142974
            ],
            [
              24.292654831103093,
              53.66125743296693
            ],
            [
              24.292476932876358,
              53.66102071394926
            ],
            [
              24.292378701898425,
              53.660768206303224
            ],
            [
              24.292363761500035,
              53.66050922770089
            ],
            [
              24.292598434266147,
              53.658269927004085
            ],
            [
              24.28997369979358,
              53.654225302450264
            ],
            [
              24.285758126295327,
              53.65280397072001
            ],
            [
              24.28534964531715,
              53.6526280403002
            ],
            [
              24.285016667381115,
              53.65240306043615
            ],
            [
              24.284775580415452,
              53.6521401046859
            ],
            [
              24.28206452599994,
              53.6481926357213
            ],
            [
              24.28195898958373,
              53.64799777327909
            ],
            [
              24.280103529131203,
              53.643397650727934
            ],
            [
              24.276968119976242,
              53.64050178255484
            ],
            [
              24.276581517624212,
              53.64057153757308
            ],
            [
              24.276236017749884,
              53.64061682571391
            ],
            [
              24.2758828517158,
              53.640629809281144
            ],
            [
              24.268493547338064,
              53.64055991100677
            ],
            [
              24.268265336629188,
              53.640550929639886
            ],
            [
              24.264993363414405,
              53.640323739535084
            ],
            [
              24.264577631044354,
              53.6402711653064
            ],
            [
              24.26418564955062,
              53.640173663968476
            ],
            [
              24.263831100363884,
              53.64003463868772
            ],
            [
              24.26352635806579,
              53.63985894193333
            ],
            [
              24.263282058430836,
              53.63965270606953
            ],
            [
              24.26310672722445,
              53.63942312927391
            ],
            [
              24.263006482713195,
              53.6391782242615
            ],
            [
              24.262984822260606,
              53.63892653859191
            ],
            [
              24.263136626609022,
              53.6368133388676
            ],
            [
              24.25956420992087,
              53.63766626826689
            ],
            [
              24.259146230752705,
              53.6377393790325
            ],
            [
              24.258712407690833,
              53.6377639004194
            ],
            [
              24.25827865705791,
              53.63773893277352
            ],
            [
              24.257860892518543,
              53.6376653921214
            ],
            [
              24.257474441069714,
              53.63754597655314
            ],
            [
              24.25393722879484,
              53.636182733942825
            ],
            [
              24.253574980076575,
              53.63600944286407
            ],
            [
              24.25327979371491,
              53.63579606803689
            ],
            [
              24.253064023624074,
              53.635551540254205
            ],
            [
              24.25293669926577,
              53.63528609404998
            ],
            [
              24.252903147917298,
              53.6350108392848
            ],
            [
              24.252964771970262,
              53.63473729612362
            ],
            [
              24.253118990537647,
              53.63447691287559
            ],
            [
              24.253359347763375,
              53.63424058687796
            ],
            [
              24.25446291645858,
              53.633371048003
            ],
            [
              24.25252689348333,
              53.632117664766405
            ],
            [
              24.252283080660522,
              53.631928758793144
            ],
            [
              24.252099019777333,
              53.631717394702584
            ],
            [
              24.251980433714618,
              53.63149014536567
            ],
            [
              24.251568662292378,
              53.630354584166035
            ],
            [
              24.24842168468723,
              53.63052204355244
            ],
            [
              24.248046958527276,
              53.63052360224287
            ],
            [
              24.24767688544268,
              53.63048865903368
            ],
            [
              24.247321508360503,
              53.63041816220501
            ],
            [
              24.24351275408962,
              53.62944907459812
            ],
            [
              24.24311363180125,
              53.62931798879962
            ],
            [
              24.242877682923655,
              53.629198524545686
            ],
            [
              24.24294489344068,
              53.62935889842868
            ],
            [
              24.24300902995562,
              53.62961478180068
            ],
            [
              24.242989618947735,
              53.62987322005758
            ],
            [
              24.242796369698194,
              53.6306832134336
            ],
            [
              24.2426890957629,
              53.630943234515435
            ],
            [
              24.242497347325944,
              53.63118557510019
            ],
            [
              24.242228673922117,
              53.6314006919998
            ],
            [
              24.241893654793827,
              53.6315801139382
            ],
            [
              24.241505482381488,
              53.63171677520438
            ],
            [
              24.241079442809546,
              53.6318052939608
            ],
            [
              24.240632313829554,
              53.631842184235616
            ],
            [
              24.240181703947396,
              53.631825993240334
            ],
            [
              24.238583777176796,
              53.63167316126114
            ],
            [
              24.238189227458378,
              53.63161353649155
            ],
            [
              24.237818922862022,
              53.63151316047484
            ],
            [
              24.23748472604508,
              53.63137524880101
            ],
            [
              24.237197342657325,
              53.631204219494165
            ],
            [
              24.236965978355816,
              53.63100555144802
            ],
            [
              24.23624438038576,
              53.63024903741389
            ],
            [
              24.23608699413329,
              53.63004662941284
            ],
            [
              24.23598796190254,
              53.62983161632601
            ],
            [
              24.235582892671857,
              53.62854026939431
            ],
            [
              24.234779985863597,
              53.627977526668886
            ],
            [
              24.23236961817808,
              53.62663139635028
            ],
            [
              24.232187044744954,
              53.62650432793979
            ],
            [
              24.231001977825393,
              53.626844214863645
            ],
            [
              24.23060817190355,
              53.62693156064279
            ],
            [
              24.230193984898957,
              53.62697443007779
            ],
            [
              24.229773568790048,
              53.62697135839775
            ],
            [
              24.22879419368072,
              53.62691021864563
            ],
            [
              24.22833862517134,
              53.626853367179855
            ],
            [
              24.227912116903717,
              53.62674270081177
            ],
            [
              24.22753253543097,
              53.626582855463816
            ],
            [
              24.227215781025834,
              53.626380527150545
            ],
            [
              24.226545713154522,
              53.62585319974188
            ],
            [
              24.226319805282287,
              53.62563504697851
            ],
            [
              24.226167461637843,
              53.62539551129514
            ],
            [
              24.226094167947153,
              53.62514322012594
            ],
            [
              24.226102562582447,
              53.62488726016655
            ],
            [
              24.226192341735704,
              53.62463685008559
            ],
            [
              24.226333165095927,
              53.62437113878044
            ],
            [
              24.225811051174396,
              53.62378457128731
            ],
            [
              24.225120870206066,
              53.62332705273375
            ],
            [
              24.224843243014625,
              53.62309903810513
            ],
            [
              24.224651370850086,
              53.62284183578728
            ],
            [
              24.22455359295528,
              53.62256662660741
            ],
            [
              24.224553660659627,
              53.62253292035634
            ],
            [
              24.223701764194548,
              53.62229711537345
            ],
            [
              24.22332284093119,
              53.62216435792546
            ],
            [
              24.22329292231818,
              53.62214856167857
            ],
            [
              24.223252710264337,
              53.62218078777197
            ],
            [
              24.222942998253515,
              53.62235112500439
            ],
            [
              24.222585520786566,
              53.62248455854976
            ],
            [
              24.220201353840498,
              53.62320054770431
            ],
            [
              24.219733161049742,
              53.62330460918848
            ],
            [
              24.219237943290892,
              53.62334548281707
            ],
            [
              24.218739633202347,
              53.62332119326602
            ],
            [
              24.218262312909136,
              53.62323291439166
            ],
            [
              24.21743758237984,
              53.623018906990815
            ],
            [
              24.21708521762994,
              53.6229045054204
            ],
            [
              24.2167722845272,
              53.62275512136231
            ],
            [
              24.216508544575905,
              53.6225754148629
            ],
            [
              24.21534881430871,
              53.621627664730184
            ],
            [
              24.215143095519117,
              53.62142396320051
            ],
            [
              24.215000783832156,
              53.6212020232374
            ],
            [
              24.214926287674007,
              53.62096872153115
            ],
            [
              24.21492191409867,
              53.62073128669368
            ],
            [
              24.215105377088726,
              53.61932448613303
            ],
            [
              24.215142503156393,
              53.618475505836116
            ],
            [
              24.215160589188695,
              53.618387182807744
            ],
            [
              24.21496888899561,
              53.61837509207116
            ],
            [
              24.21320481107017,
              53.618142554538416
            ],
            [
              24.21274302126005,
              53.618049931372354
            ],
            [
              24.21232512093952,
              53.61790105851134
            ],
            [
              24.211970311876577,
              53.61770277659453
            ],
            [
              24.21169489619566,
              53.61746419647346
            ],
            [
              24.211511527340168,
              53.61719628049332
            ],
            [
              24.210945352851674,
              53.61602068086116
            ],
            [
              24.210867910984216,
              53.615776716874564
            ],
            [
              24.210867145264537,
              53.61552846592427
            ],
            [
              24.21094308028678,
              53.61528433543379
            ],
            [
              24.211922344538486,
              53.61322224510603
            ],
            [
              24.21201330286009,
              53.61306743797523
            ],
            [
              24.21374712224917,
              53.610608448190334
            ],
            [
              24.213955716896294,
              53.61037821343819
            ],
            [
              24.214060907500155,
              53.610302177876164
            ],
            [
              24.212902349140368,
              53.60967657621587
            ],
            [
              24.211624939605912,
              53.609128673265474
            ],
            [
              24.21127597007093,
              53.60894374170934
            ],
            [
              24.210998198023773,
              53.608720344474236
            ],
            [
              24.210803386450017,
              53.608467942872565
            ],
            [
              24.210699784324927,
              53.608197226430384
            ],
            [
              24.21069177747671,
              53.60791966012003
            ],
            [
              24.21077970313015,
              53.60764699878322
            ],
            [
              24.210959835937338,
              53.60739078931485
            ],
            [
              24.21265667356346,
              53.605540236083044
            ],
            [
              24.21149245119016,
              53.604786604325554
            ],
            [
              24.203031051084814,
              53.600977951614375
            ],
            [
              24.20277386634898,
              53.60084283752252
            ],
            [
              24.2025539252002,
              53.60068627114106
            ],
            [
              24.199604991589933,
              53.59823114972466
            ],
            [
              24.195558161085696,
              53.59736899819301
            ],
            [
              24.195232676157584,
              53.59728197189755
            ],
            [
              24.19493416639518,
              53.59716577535726
            ],
            [
              24.18876075143724,
              53.59432714922096
            ],
            [
              24.188454004992128,
              53.59415696255902
            ],
            [
              24.188205243867223,
              53.593956190316234
            ],
            [
              24.188022957761678,
              53.5937316851397
            ],
            [
              24.18791336717353,
              53.593491109601366
            ],
            [
              24.185049196538383,
              53.583676903885795
            ],
            [
              24.185020253114146,
              53.583530536598815
            ],
            [
              24.183881155255644,
              53.572670933999056
            ],
            [
              24.181543840454363,
              53.56567502701624
            ],
            [
              24.175959034420675,
              53.560537545646284
            ],
            [
              24.171637857861015,
              53.56403820430797
            ],
            [
              24.17129245103642,
              53.5642606071615
            ],
            [
              24.170872268763482,
              53.56443169176364
            ],
            [
              24.170398450370413,
              53.564542850552755
            ],
            [
              24.151384285081374,
              53.56759135581518
            ],
            [
              24.150885507280147,
              53.56763680027481
            ],
            [
              24.132263059222712,
              53.56808818801943
            ],
            [
              24.131861273095605,
              53.56807672617038
            ],
            [
              24.131469191819747,
              53.56802335503287
            ],
            [
              24.131099111658305,
              53.56792974841504
            ],
            [
              24.1307626386994,
              53.56779884196173
            ],
            [
              24.130470324800687,
              53.56763474106439
            ],
            [
              24.12247187533854,
              53.56227065261834
            ],
            [
              24.116775274697005,
              53.5625507047995
            ],
            [
              24.10086641409238,
              53.563337547969134
            ],
            [
              24.083256800034555,
              53.56478564965843
            ],
            [
              24.070263130463402,
              53.56732133554459
            ],
            [
              24.04909791154972,
              53.57304702710385
            ],
            [
              24.048671274251447,
              53.57313322388409
            ],
            [
              24.04822437617501,
              53.57316771625743
            ],
            [
              24.047774804886558,
              53.5731491467831
            ],
            [
              24.047340253185247,
              53.57307824626031
            ],
            [
              24.041423106053887,
              53.57172534261777
            ]
          ],
          [
            [
              24.215906223774617,
              53.61478298084661
            ],
            [
              24.21549576795326,
              53.615647479168906
            ],
            [
              24.215504720668548,
              53.61566606469996
            ],
            [
              24.217038618438178,
              53.61545083237334
            ],
            [
              24.21610665579697,
              53.61492307518708
            ],
            [
              24.215906223774617,
              53.61478298084661
            ]
          ],
          [
            [
              24.229352466697335,
              53.6213851870858
            ],
            [
              24.229439580270352,
              53.621636278240324
            ],
            [
              24.229437697964286,
              53.62191494963838
            ],
            [
              24.229371431738503,
              53.622098486788246
            ],
            [
              24.229387163444567,
              53.62210891448544
            ],
            [
              24.229703521973537,
              53.62237860902852
            ],
            [
              24.230789541936385,
              53.62359855332653
            ],
            [
              24.23115160388426,
              53.623326565743184
            ],
            [
              24.231510742151023,
              53.623111559770464
            ],
            [
              24.23194165744483,
              53.622949450158075
            ],
            [
              24.232700799626787,
              53.62273037151751
            ],
            [
              24.229352466697335,
              53.6213851870858
            ]
          ],
          [
            [
              24.23802532379169,
              53.624948908250104
            ],
            [
              24.23786816855864,
              53.6250498409901
            ],
            [
              24.23751928917357,
              53.62520211729626
            ],
            [
              24.237128058220225,
              53.62531240586727
            ],
            [
              24.236778464436213,
              53.625387699465165
            ],
            [
              24.23799262474446,
              53.626065730316114
            ],
            [
              24.238169699846225,
              53.62617647033141
            ],
            [
              24.238948587938868,
              53.62672234961422
            ],
            [
              24.238888092727656,
              53.626390391826895
            ],
            [
              24.238884655513356,
              53.62612079489331
            ],
            [
              24.238971685586698,
              53.62585617685781
            ],
            [
              24.239145705099205,
              53.62560710723293
            ],
            [
              24.239399761937776,
              53.62538353430904
            ],
            [
              24.23940454684804,
              53.62538074049855
            ],
            [
              24.238992016099413,
              53.625292939679106
            ],
            [
              24.238452554020355,
              53.625126963741295
            ],
            [
              24.23802532379169,
              53.624948908250104
            ]
          ],
          [
            [
              24.24722462805922,
              53.62704478678151
            ],
            [
              24.2470753625232,
              53.627419745410116
            ],
            [
              24.24858734011012,
              53.62780443341715
            ],
            [
              24.250353683133746,
              53.627710443237056
            ],
            [
              24.24722462805922,
              53.62704478678151
            ]
          ],
          [
            [
              24.255528858685025,
              53.628811153787694
            ],
            [
              24.255634324508417,
              53.62890987100058
            ],
            [
              24.2558070717866,
              53.62920945522128
            ],
            [
              24.2562988133966,
              53.630565190410664
            ],
            [
              24.25909498951407,
              53.63237527760352
            ],
            [
              24.259364608086624,
              53.63258885760598
            ],
            [
              24.259558070175803,
              53.63282972367973
            ],
            [
              24.259667807829846,
              53.6330884551821
            ],
            [
              24.259689527405182,
              53.63335493254857
            ],
            [
              24.259622377730594,
              53.633618733064345
            ],
            [
              24.259468983654916,
              53.63386953852204
            ],
            [
              24.259235343626525,
              53.634097538821436
            ],
            [
              24.258460457242542,
              53.63470817743587
            ],
            [
              24.258962180213395,
              53.63490153316817
            ],
            [
              24.261962773362008,
              53.634185109046356
            ],
            [
              24.265514938658818,
              53.63255241223416
            ],
            [
              24.265902070431373,
              53.6324088394187
            ],
            [
              24.2663297546996,
              53.63231399865636
            ],
            [
              24.26678076352213,
              53.6322717102673
            ],
            [
              24.26723692966925,
              53.63228367767947
            ],
            [
              24.267679878226353,
              53.632349418831346
            ],
            [
              24.26809176655164,
              53.632466285584464
            ],
            [
              24.268456002822635,
              53.632629570365076
            ],
            [
              24.268757914263897,
              53.63283269574478
            ],
            [
              24.26898533816399,
              53.63306747933324
            ],
            [
              24.269129111884634,
              53.633324463324094
            ],
            [
              24.269183442116542,
              53.63359329543176
            ],
            [
              24.26914613848427,
              53.63386314588384
            ],
            [
              24.269018702053962,
              53.63412314367889
            ],
            [
              24.26775039978673,
              53.635987666260995
            ],
            [
              24.267621141618832,
              53.63778980908859
            ],
            [
              24.26868086221816,
              53.637863381924156
            ],
            [
              24.275598191873787,
              53.63792882262712
            ],
            [
              24.27729040079851,
              53.6376234809269
            ],
            [
              24.277702298490848,
              53.637573238233855
            ],
            [
              24.278122755978337,
              53.637568795228134
            ],
            [
              24.278537411693794,
              53.63761030366935
            ],
            [
              24.27893210218559,
              53.6376963457518
            ],
            [
              24.279293345770686,
              53.63782398251899
            ],
            [
              24.279608802931985,
              53.6379888542239
            ],
            [
              24.2798676977515,
              53.638185329210806
            ],
            [
              24.284141867090273,
              53.64213270194668
            ],
            [
              24.28432045364803,
              53.64233276583728
            ],
            [
              24.284440101168087,
              53.64254771498011
            ],
            [
              24.28634550144286,
              53.647270457830224
            ],
            [
              24.288694305234124,
              53.650689998367035
            ],
            [
              24.29293149776205,
              53.652118552983566
            ],
            [
              24.293350930317363,
              53.65230040218488
            ],
            [
              24.293689836762486,
              53.65253389859791
            ],
            [
              24.293930548888223,
              53.65280687036002
            ],
            [
              24.29702576410744,
              53.657575769812944
            ],
            [
              24.29715107084914,
              53.65785498928354
            ],
            [
              24.297173168946237,
              53.65814361749927
            ],
            [
              24.2969997999285,
              53.65979969402146
            ],
            [
              24.299020635350754,
              53.660420692313664
            ],
            [
              24.299292237284366,
              53.66051900108201
            ],
            [
              24.302611965565738,
              53.661918249363424
            ],
            [
              24.29941096400945,
              53.6589407245535
            ],
            [
              24.299230977848357,
              53.65873673292976
            ],
            [
              24.299112140444244,
              53.65851757711211
            ],
            [
              24.29798133124523,
              53.65559606985389
            ],
            [
              24.290665849265398,
              53.649872974015196
            ],
            [
              24.29040214641363,
              53.64960879932686
            ],
            [
              24.28400534585299,
              53.64112224175482
            ],
            [
              24.27703704571566,
              53.63546382974082
            ],
            [
              24.276910741119863,
              53.63534950908646
            ],
            [
              24.27262531590065,
              53.63100493080847
            ],
            [
              24.256147193137128,
              53.628929623212194
            ],
            [
              24.25585216933045,
              53.62887990956222
            ],
            [
              24.255528858685025,
              53.628811153787694
            ]
          ],
          [
            [
              24.306753504853383,
              53.66441318526187
            ],
            [
              24.30710194659506,
              53.66462761746269
            ],
            [
              24.30797209934861,
              53.66473073035388
            ],
            [
              24.309785459350497,
              53.663820307696554
            ],
            [
              24.307325279419057,
              53.66434438789492
            ],
            [
              24.30690081370494,
              53.6644082815894
            ],
            [
              24.306753504853383,
              53.66441318526187
            ]
          ],
          [
            [
              24.3169578814044,
              53.66460736179571
            ],
            [
              24.317543558506845,
              53.66583787625077
            ],
            [
              24.319269402590457,
              53.66686036813921
            ],
            [
              24.322963424756704,
              53.667975143530036
            ],
            [
              24.32278455242984,
              53.66789277409613
            ],
            [
              24.317219368733802,
              53.664782692373734
            ],
            [
              24.3169578814044,
              53.66460736179571
            ]
          ],
          [
            [
              24.323708210106187,
              53.66819988259154
            ],
            [
              24.325261106083776,
              53.6686684465396
            ],
            [
              24.329554528450707,
              53.666266542123886
            ],
            [
              24.330863643698223,
              53.664922184065944
            ],
            [
              24.33048029342411,
              53.66451171080235
            ],
            [
              24.330309295871192,
              53.664279459367435
            ],
            [
              24.330214618789608,
              53.664032357777245
            ],
            [
              24.330199601384884,
              53.66377912470012
            ],
            [
              24.330264772093713,
              53.66352869498887
            ],
            [
              24.330407830138125,
              53.66328990442815
            ],
            [
              24.330540517367115,
              53.66315547843526
            ],
            [
              24.329258886078385,
              53.663684420531666
            ],
            [
              24.326427346884202,
              53.66745930459508
            ],
            [
              24.326214129551694,
              53.66768321123392
            ],
            [
              24.325933086517836,
              53.66787908626877
            ],
            [
              24.32559442484804,
              53.66803981520666
            ],
            [
              24.325210444844853,
              53.66815956004354
            ],
            [
              24.324795093262058,
              53.66823397135874
            ],
            [
              24.32436345664605,
              53.668260346335686
            ],
            [
              24.32393121322361,
              53.66823772696166
            ],
            [
              24.323708210106187,
              53.66819988259154
            ]
          ],
          [
            [
              24.33204557834371,
              53.66253429023652
            ],
            [
              24.332456447779414,
              53.662509609906145
            ],
            [
              24.33399632964682,
              53.6625032357217
            ],
            [
              24.335110168462872,
              53.661790985148606
            ],
            [
              24.335430772293595,
              53.6616213418559
            ],
            [
              24.335799471472352,
              53.66149042905816
            ],
            [
              24.336156358160544,
              53.66141305237831
            ],
            [
              24.333551911288705,
              53.66191253981766
            ],
            [
              24.33204557834371,
              53.66253429023652
            ]
          ],
          [
            [
              24.336215418930806,
              53.661401724760886
            ],
            [
              24.33662734054813,
              53.66136191330157
            ],
            [
              24.337057001636293,
              53.661368891167285
            ],
            [
              24.337476792013593,
              53.66142359794154
            ],
            [
              24.341237717932863,
              53.66213990555806
            ],
            [
              24.343765445221905,
              53.66167044470387
            ],
            [
              24.344164108631205,
              53.66161909761943
            ],
            [
              24.344571836605514,
              53.6616107369789
            ],
            [
              24.34497553631753,
              53.661645631256256
            ],
            [
              24.34536224425784,
              53.661722659936764
            ],
            [
              24.34885779468802,
              53.66263273215019
            ],
            [
              24.34920131133685,
              53.66274393964463
            ],
            [
              24.34950641186224,
              53.66288780973517
            ],
            [
              24.348354273870907,
              53.66071384662339
            ],
            [
              24.343574763913953,
              53.65998995691348
            ],
            [
              24.336215418930806,
              53.661401724760886
            ]
          ],
          [
            [
              24.351946203523017,
              53.665569840539824
            ],
            [
              24.352687340911427,
              53.666438019369636
            ],
            [
              24.355541658653628,
              53.667511673114596
            ],
            [
              24.359101164784683,
              53.66781555762959
            ],
            [
              24.359487824401533,
              53.66786929462664
            ],
            [
              24.35985284282122,
              53.667962019271684
            ],
            [
              24.360185115023963,
              53.668090910631456
            ],
            [
              24.360474531973402,
              53.66825204745339
            ],
            [
              24.36253455108374,
              53.669618172349246
            ],
            [
              24.36236267632957,
              53.66837522720804
            ],
            [
              24.351946203523017,
              53.665569840539824
            ]
          ],
          [
            [
              24.362812350770838,
              53.67162697769633
            ],
            [
              24.36264878341217,
              53.67173115143794
            ],
            [
              24.36228521505324,
              53.671886361896
            ],
            [
              24.36187737385444,
              53.67199638399149
            ],
            [
              24.36144105670938,
              53.672056956167516
            ],
            [
              24.35746722839555,
              53.672368553814266
            ],
            [
              24.354993703762805,
              53.673986808902875
            ],
            [
              24.35488317596032,
              53.67542094605117
            ],
            [
              24.3551658294258,
              53.676433543791674
            ],
            [
              24.357862828535914,
              53.67722473428335
            ],
            [
              24.358200658663115,
              53.67734653168708
            ],
            [
              24.358497823876288,
              53.67750111070029
            ],
            [
              24.36317749784404,
              53.680398452226825
            ],
            [
              24.363443430252094,
              53.680600789418925
            ],
            [
              24.363264811938688,
              53.67947270350109
            ],
            [
              24.3574305158072,
              53.6763459213983
            ],
            [
              24.357116718255014,
              53.676139066684
            ],
            [
              24.356881200110276,
              53.67589849165847
            ],
            [
              24.356733969951563,
              53.67563442123446
            ],
            [
              24.356681283544912,
              53.67535807872667
            ],
            [
              24.356725378227974,
              53.67508120880543
            ],
            [
              24.356864378131526,
              53.67481557832775
            ],
            [
              24.357092374214428,
              53.67457247626385
            ],
            [
              24.357399675658456,
              53.67436223396925
            ],
            [
              24.35777322189477,
              53.67419378618211
            ],
            [
              24.36291076313758,
              53.67233856391597
            ],
            [
              24.362812350770838,
              53.67162697769633
            ]
          ],
          [
            [
              24.36416272556478,
              53.684981604801514
            ],
            [
              24.364100615126542,
              53.68508128382883
            ],
            [
              24.364526583928786,
              53.685804374273644
            ],
            [
              24.364175882070956,
              53.6850251640228
            ],
            [
              24.36416272556478,
              53.684981604801514
            ]
          ],
          [
            [
              24.364742002260613,
              53.68628298871308
            ],
            [
              24.36526726525899,
              53.6889366067905
            ],
            [
              24.36527166557128,
              53.68922661873451
            ],
            [
              24.365171280239007,
              53.68951048505262
            ],
            [
              24.364970747395823,
              53.6897750844125
            ],
            [
              24.362879002718856,
              53.691891178524
            ],
            [
              24.36213011393876,
              53.69273653577534
            ],
            [
              24.362884844908535,
              53.695395367608675
            ],
            [
              24.365557953724124,
              53.69786227470587
            ],
            [
              24.370859148744113,
              53.70163013734244
            ],
            [
              24.37327566333423,
              53.70250688142428
            ],
            [
              24.373365072467152,
              53.70254690118313
            ],
            [
              24.373365124463692,
              53.701331141314384
            ],
            [
              24.36804690334023,
              53.69882124274484
            ],
            [
              24.367733231678606,
              53.6986415348398
            ],
            [
              24.367483199832606,
              53.698429712790364
            ],
            [
              24.363465921333507,
              53.694216970956376
            ],
            [
              24.363276001220726,
              53.69395748875642
            ],
            [
              24.363181623447485,
              53.69368026403357
            ],
            [
              24.36318693400814,
              53.693397480789784
            ],
            [
              24.36329169753118,
              53.69312156707909
            ],
            [
              24.36349130796735,
              53.69286464880817
            ],
            [
              24.3663999504181,
              53.689966224916866
            ],
            [
              24.364742002260613,
              53.68628298871308
            ]
          ],
          [
            [
              24.369062696735746,
              53.70680502215939
            ],
            [
              24.368010200955002,
              53.707198680923405
            ],
            [
              24.367067124397217,
              53.70760604895631
            ],
            [
              24.36707876279862,
              53.708018580853306
            ],
            [
              24.36828923806602,
              53.71113233360066
            ],
            [
              24.368922554506224,
              53.71188851502995
            ],
            [
              24.370154649158387,
              53.71240777874346
            ],
            [
              24.36955874985722,
              53.710855868224144
            ],
            [
              24.369541147751132,
              53.71080562040603
            ],
            [
              24.368613670588307,
              53.707878813640775
            ],
            [
              24.36857461342205,
              53.70763064991951
            ],
            [
              24.36861335474141,
              53.707382468858846
            ],
            [
              24.368728570717956,
              53.70714274240064
            ],
            [
              24.368916327132126,
              53.706919653738616
            ],
            [
              24.369062696735746,
              53.70680502215939
            ]
          ],
          [
            [
              24.371289077199975,
              53.71519992125357
            ],
            [
              24.371198972813936,
              53.71545472725382
            ],
            [
              24.37156736779212,
              53.71561797550212
            ],
            [
              24.371289077199975,
              53.71519992125357
            ]
          ],
          [
            [
              24.373750067604064,
              53.71889656435032
            ],
            [
              24.372066230676698,
              53.720381198410045
            ],
            [
              24.372102562475366,
              53.7210770212052
            ],
            [
              24.373894298841478,
              53.72206196562119
            ],
            [
              24.374160912801152,
              53.72223652782845
            ],
            [
              24.374372213553308,
              53.72243584484681
            ],
            [
              24.376780061194893,
              53.72522025196267
            ],
            [
              24.37601696899049,
              53.72415705443547
            ],
            [
              24.375861305465822,
              53.72383180608166
            ],
            [
              24.375127555975645,
              53.72096537779083
            ],
            [
              24.373750067604064,
              53.71889656435032
            ]
          ],
          [
            [
              24.37733085884554,
              53.725987628276826
            ],
            [
              24.377913211352613,
              53.72722469960378
            ],
            [
              24.378581872975573,
              53.72773043904838
            ],
            [
              24.37733085884554,
              53.725987628276826
            ]
          ],
          [
            [
              24.383486810406072,
              53.73215684766911
            ],
            [
              24.383758392338173,
              53.73236308643367
            ],
            [
              24.386714131626402,
              53.733915227059335
            ],
            [
              24.389096197923312,
              53.7343872933507
            ],
            [
              24.383486810406072,
              53.73215684766911
            ]
          ],
          [
            [
              24.39776676201699,
              53.736234884797085
            ],
            [
              24.398676111751932,
              53.73799431724649
            ],
            [
              24.399133786977195,
              53.738104510780865
            ],
            [
              24.401986492845047,
              53.73792186246119
            ],
            [
              24.402350766677554,
              53.73791585515381
            ],
            [
              24.402712008420412,
              53.73794424033993
            ],
            [
              24.411504109874457,
              53.739063445436145
            ],
            [
              24.417524198019127,
              53.73960893436911
            ],
            [
              24.419192724990125,
              53.73954059586612
            ],
            [
              24.413628428684568,
              53.73884376961927
            ],
            [
              24.413489563763406,
              53.7388236667695
            ],
            [
              24.39776676201699,
              53.736234884797085
            ]
          ],
          [
            [
              24.423415735594382,
              53.74006926318143
            ],
            [
              24.42358353233496,
              53.740239421069575
            ],
            [
              24.423730888186952,
              53.74049737102273
            ],
            [
              24.424578421855443,
              53.74269005386155
            ],
            [
              24.42463389148703,
              53.7429357025505
            ],
            [
              24.424612713016966,
              53.743180046841125
            ],
            [
              24.425878793804426,
              53.7420190927307
            ],
            [
              24.42368793938533,
              53.74010333409113
            ],
            [
              24.423415735594382,
              53.74006926318143
            ]
          ],
          [
            [
              24.42358869044322,
              53.7441189849655
            ],
            [
              24.423463754745026,
              53.74416949916957
            ],
            [
              24.41821192341646,
              53.74589724745791
            ],
            [
              24.414963473785885,
              53.74767301802831
            ],
            [
              24.422511927811932,
              53.745106226438864
            ],
            [
              24.42358869044322,
              53.7441189849655
            ]
          ],
          [
            [
              24.39589266383075,
              53.77932162325962
            ],
            [
              24.39463031055896,
              53.78357669790563
            ],
            [
              24.394582591008756,
              53.78370207939841
            ],
            [
              24.3925274734294,
              53.78810880861978
            ],
            [
              24.392471771467317,
              53.78835434266698
            ],
            [
              24.394280843599674,
              53.784910967333815
            ],
            [
              24.396269635004717,
              53.77989119159928
            ],
            [
              24.39589266383075,
              53.77932162325962
            ]
          ],
          [
            [
              24.391292016766922,
              53.79407354654549
            ],
            [
              24.391571868881666,
              53.79698117031039
            ],
            [
              24.393817421913607,
              53.799240152585355
            ],
            [
              24.391292016766922,
              53.79407354654549
            ]
          ],
          [
            [
              24.393892905071652,
              53.811107619575715
            ],
            [
              24.39322340265988,
              53.81213466004921
            ],
            [
              24.393453217203,
              53.81283171091674
            ],
            [
              24.393892905071652,
              53.811107619575715
            ]
          ],
          [
            [
              24.393139817114324,
              53.81536759092585
            ],
            [
              24.39169376821182,
              53.817420289255224
            ],
            [
              24.392057666639808,
              53.818348523339424
            ],
            [
              24.394564438836476,
              53.81991407321169
            ],
            [
              24.395152264712312,
              53.82004334857444
            ],
            [
              24.393139817114324,
              53.81536759092585
            ]
          ],
          [
            [
              24.408736975162896,
              53.86446824581611
            ],
            [
              24.410397594007495,
              53.86624557841366
            ],
            [
              24.415317088920204,
              53.86811798791043
            ],
            [
              24.415675714262232,
              53.86828676210632
            ],
            [
              24.415970011712112,
              53.86849433861872
            ],
            [
              24.41805322188096,
              53.87030579303464
            ],
            [
              24.41696008521802,
              53.86839813540307
            ],
            [
              24.408736975162896,
              53.86446824581611
            ]
          ],
          [
            [
              24.420701387037226,
              53.87572146127887
            ],
            [
              24.420280238115247,
              53.87629091181399
            ],
            [
              24.42069974340371,
              53.87734545363325
            ],
            [
              24.420759243172057,
              53.87761467529565
            ],
            [
              24.420964742344683,
              53.88182590017643
            ],
            [
              24.42187727405094,
              53.8829638766901
            ],
            [
              24.420701387037226,
              53.87572146127887
            ]
          ],
          [
            [
              24.42438746885634,
              53.89235255823004
            ],
            [
              24.424578305289206,
              53.89260444337615
            ],
            [
              24.42484191856143,
              53.892744416295685
            ],
            [
              24.42438746885634,
              53.89235255823004
            ]
          ],
          [
            [
              24.211962637731887,
              53.601611998738726
            ],
            [
              24.208120942479276,
              53.59901686925756
            ],
            [
              24.204079159206525,
              53.59730801706635
            ],
            [
              24.206054917855347,
              53.598952782704586
            ],
            [
              24.211962637731887,
              53.601611998738726
            ]
          ],
          [
            [
              24.199360084882166,
              53.59531246097149
            ],
            [
              24.195979741198858,
              53.59388278402966
            ],
            [
              24.19563928357774,
              53.59370596769186
            ],
            [
              24.19536457640976,
              53.593492633781
            ],
            [
              24.19516650244886,
              53.59325123452542
            ],
            [
              24.195052907839806,
              53.5929913339418
            ],
            [
              24.195028291437154,
              53.59272322887137
            ],
            [
              24.195093626803434,
              53.59245754100721
            ],
            [
              24.195246323902122,
              53.59220479608117
            ],
            [
              24.195480331961807,
              53.59197500688404
            ],
            [
              24.200021978857958,
              53.588379352500695
            ],
            [
              24.19702186569533,
              53.58598001190545
            ],
            [
              24.1968679458199,
              53.58583942033774
            ],
            [
              24.191459280616655,
              53.58015357656329
            ],
            [
              24.191298331634027,
              53.5799445251576
            ],
            [
              24.191199499806242,
              53.579722285749064
            ],
            [
              24.189339679470912,
              53.57339639014183
            ],
            [
              24.189306483827007,
              53.57313239215488
            ],
            [
              24.189360756099415,
              53.57286962819785
            ],
            [
              24.189500404547374,
              53.57261821791128
            ],
            [
              24.18972004963,
              53.57238784350529
            ],
            [
              24.194827022125637,
              53.56807998147737
            ],
            [
              24.192835325532812,
              53.565594243193146
            ],
            [
              24.188398298268275,
              53.56450432985125
            ],
            [
              24.187983206024697,
              53.564370827892986
            ],
            [
              24.187623544515876,
              53.564189248942924
            ],
            [
              24.18055152093036,
              53.55978854568874
            ],
            [
              24.18559541539179,
              53.564427931823225
            ],
            [
              24.185792729205453,
              53.56465356133102
            ],
            [
              24.185915257537513,
              53.56489717180573
            ],
            [
              24.188367348568324,
              53.57223433318067
            ],
            [
              24.188406417972995,
              53.5724130417061
            ],
            [
              24.189548402785963,
              53.58328907870681
            ],
            [
              24.192241813269224,
              53.592514913200155
            ],
            [
              24.197433372896782,
              53.59490197584898
            ],
            [
              24.199360084882166,
              53.59531246097149
            ]
          ],
          [
            [
              24.176872204466505,
              53.55690162402792
            ],
            [
              24.176200087561693,
              53.55593152696805
            ],
            [
              24.168032989608655,
              53.558324878882594
            ],
            [
              24.167665197583226,
              53.55840992501698
            ],
            [
              24.167278170540204,
              53.558455861203065
            ],
            [
              24.166883598937464,
              53.558461299896926
            ],
            [
              24.16649340118716,
              53.558426076817724
            ],
            [
              24.157439173677012,
              53.55712195549898
            ],
            [
              24.149056963961,
              53.56143507465095
            ],
            [
              24.148630003227733,
              53.561608454637735
            ],
            [
              24.14814806798852,
              53.56171996124575
            ],
            [
              24.147636153335984,
              53.561763811219045
            ],
            [
              24.13099697875251,
              53.56205046978416
            ],
            [
              24.13052572032587,
              53.56202933785348
            ],
            [
              24.130072028875134,
              53.56195073385411
            ],
            [
              24.12965555046109,
              53.56181806157737
            ],
            [
              24.12929431929569,
              53.561637066092075
            ],
            [
              24.122078703424513,
              53.55717929559736
            ],
            [
              24.105327454794885,
              53.5585491006192
            ],
            [
              24.104897107443854,
              53.55855976868717
            ],
            [
              24.087798499650628,
              53.558017009520675
            ],
            [
              24.081610428177758,
              53.558486270633864
            ],
            [
              24.077546495523077,
              53.56130308757064
            ],
            [
              24.077270291013928,
              53.5614643678383
            ],
            [
              24.076951962325907,
              53.561595425880775
            ],
            [
              24.076600768088927,
              53.56169244971626
            ],
            [
              24.065316148278093,
              53.56413832680689
            ],
            [
              24.053406579024315,
              53.56785667788418
            ],
            [
              24.0530273953358,
              53.56795014353388
            ],
            [
              24.046386170982448,
              53.56918260733351
            ],
            [
              24.045689673909845,
              53.56980986908563
            ],
            [
              24.04808278857996,
              53.57035700621937
            ],
            [
              24.06849331370239,
              53.56483542514957
            ],
            [
              24.068726389237412,
              53.564781340281925
            ],
            [
              24.08203323536312,
              53.56218455045544
            ],
            [
              24.08243121412876,
              53.562129827071296
            ],
            [
              24.10030446927873,
              53.560660057794514
            ],
            [
              24.100428012526482,
              53.56065192851915
            ],
            [
              24.11640003893545,
              53.55986196571739
            ],
            [
              24.12323063128697,
              53.55952613237615
            ],
            [
              24.123651820045513,
              53.559528692349794
            ],
            [
              24.124064969541628,
              53.55957740776794
            ],
            [
              24.12445586919325,
              53.55967060303423
            ],
            [
              24.124811073510628,
              53.559805072624776
            ],
            [
              24.12511836447046,
              53.559976191316
            ],
            [
              24.133155961400213,
              53.56536641742752
            ],
            [
              24.150446003519598,
              53.564947265963625
            ],
            [
              24.168445393963832,
              53.56206151566708
            ],
            [
              24.174246340662283,
              53.557362123220386
            ],
            [
              24.174538839525788,
              53.557167742947854
            ],
            [
              24.1748888200722,
              53.5570104154408
            ],
            [
              24.175283209937746,
              53.55689601689437
            ],
            [
              24.17570727847179,
              53.55682882006289
            ],
            [
              24.176145186828737,
              53.556811334713665
            ],
            [
              24.176580579396642,
              53.55684421391372
            ],
            [
              24.176872204466505,
              53.55690162402792
            ]
          ]
        ]
      },
      "properties": {
        "id": 13,
        "name": "Река Котра",
        "type": "river",
        "type_ru": "Река",
        "district": "Гродненский, Щучинский",
        "region": "Гродненская область",
        "location_description": "от моста автомобильной дороги Острино – Радунь – граница Литовской Республики (Дотишки) до впадения в реку Неман",
        "activities": "подводная охота, лов рыбы на дорожку с судов с двигателями",
        "coordinate_source": "point_approximate"
      }
    },
    {
      "type": "Feature",
      "geometry": {
        "type": "Polygon",
        "coordinates": [
          [
            [
              24.4135938,
              53.1849683
            ],
            [
              24.4135084,
              53.184827
            ],
            [
              24.4136108,
              53.1847554
            ],
            [
              24.4137646,
              53.1847718
            ],
            [
              24.4137953,
              53.1848639
            ],
            [
              24.4138261,
              53.1849498
            ],
            [
              24.4138773,
              53.1850317
            ],
            [
              24.4138875,
              53.1851156
            ],
            [
              24.4138056,
              53.1851586
            ],
            [
              24.4137133,
              53.1851423
            ],
            [
              24.4136758,
              53.1850542
            ],
            [
              24.4136348,
              53.1849908
            ],
            [
              24.4135938,
              53.1849683
            ]
          ]
        ]
      },
      "properties": {
        "id": 14,
        "name": "Водохранилище Волпянское",
        "type": "reservoir",
        "type_ru": "Водохранилище",
        "district": "Волковысский",
        "region": "Гродненская область",
        "location_description": "весь водоём, за исключением берега со стороны ГЭС «Волпа»",
        "activities": "подводная охота, лов рыбы на дорожку с судов с двигателями",
        "coordinate_source": "osm_geometry"
      }
    },
    {
      "type": "Feature",
      "geometry": {
        "type": "Polygon",
        "coordinates": [
          [
            [
              24.9994669,
              54.1279109
            ],
            [
              24.999496,
              54.1278924
            ],
            [
              24.9995688,
              54.1278697
            ],
            [
              24.9995809,
              54.1278455
            ],
            [
              24.9995688,
              54.1278285
            ],
            [
              24.999644,
              54.1277716
            ],
            [
              24.9997313,
              54.1277276
            ],
            [
              24.9998817,
              54.1277219
            ],
            [
              24.9999084,
              54.1277546
            ],
            [
              24.9998987,
              54.1278
            ],
            [
              24.9999399,
              54.1278157
            ],
            [
              25.0000054,
              54.1278157
            ],
            [
              25.0000709,
              54.1278143
            ],
            [
              25.000214,
              54.1278057
            ],
            [
              25.0001485,
              54.1278469
            ],
            [
              25.0000854,
              54.1278697
            ],
            [
              25.0000224,
              54.127891
            ],
            [
              24.9999181,
              54.1279251
            ],
            [
              24.9998817,
              54.1279408
            ],
            [
              24.9997313,
              54.1279237
            ],
            [
              24.9994669,
              54.1279109
            ]
          ]
        ]
      },
      "properties": {
        "id": 15,
        "name": "Обводнённые торфяники (Жирмунский сельсовет)",
        "type": "peat_bog",
        "type_ru": "Торфяник",
        "district": "Вороновский",
        "region": "Гродненская область",
        "location_description": "0,5 км северо-западнее центра Жирмунского сельсовета",
        "activities": "подводная охота, лов рыбы на дорожку с судов с двигателями",
        "coordinate_source": "osm_geometry"
      }
    },
    {
      "type": "Feature",
      "geometry": {
        "type": "Polygon",
        "coordinates": [
          [
            [
              25.0943181,
              54.1279771
            ],
            [
              25.0940181,
              54.1279282
            ],
            [
              25.0938804,
              54.1278158
            ],
            [
              25.0938657,
              54.1276948
            ],
            [
              25.0939542,
              54.1275824
            ],
            [
              25.0941263,
              54.1275305
            ],
            [
              25.0943476,
              54.1275593
            ],
            [
              25.0944852,
              54.1277005
            ],
            [
              25.0944951,
              54.1278446
            ],
            [
              25.0944262,
              54.1279656
            ],
            [
              25.0943181,
              54.1279771
            ]
          ]
        ]
      },
      "properties": {
        "id": 16,
        "name": "Обводнённые торфяники (дер. Талькунцы)",
        "type": "peat_bog",
        "type_ru": "Торфяник",
        "district": "Вороновский",
        "region": "Гродненская область",
        "location_description": "0,8 км восточнее дер. Талькунцы Радунского сельсовета",
        "activities": "подводная охота, лов рыбы на дорожку с судов с двигателями",
        "coordinate_source": "osm_geometry"
      }
    },
    {
      "type": "Feature",
      "geometry": {
        "type": "Polygon",
        "coordinates": [
          [
            [
              25.30614748969184,
              54.160454214296635
            ],
            [
              25.3065043548891,
              54.16028550860556
            ],
            [
              25.308182584115933,
              54.15964235496354
            ],
            [
              25.308488709589113,
              54.15914051159567
            ],
            [
              25.30864523558833,
              54.1586008862966
            ],
            [
              25.308765261766737,
              54.15834404419025
            ],
            [
              25.308969110127578,
              54.15810601123796
            ],
            [
              25.309248836617122,
              54.157896062092995
            ],
            [
              25.309593541162826,
              54.15772237702751
            ],
            [
              25.311010168973187,
              54.157140497595954
            ],
            [
              25.3112609730581,
              54.15705087798529
            ],
            [
              25.316568002600256,
              54.155416623191314
            ],
            [
              25.317116497358803,
              54.1552969045487
            ],
            [
              25.320448697665288,
              54.1548412263941
            ],
            [
              25.322227556518364,
              54.15439319781469
            ],
            [
              25.322657182446775,
              54.154313112835034
            ],
            [
              25.323105216494003,
              54.154283566357726
            ],
            [
              25.32355449687495,
              54.1543056901487
            ],
            [
              25.32398781407792,
              54.15437863676524
            ],
            [
              25.324388569882736,
              54.154499612007704
            ],
            [
              25.32474141299627,
              54.154663981921296
            ],
            [
              25.32683466460846,
              54.15585257182794
            ],
            [
              25.327140747405668,
              54.15606659783549
            ],
            [
              25.32736504790796,
              54.15631293329665
            ],
            [
              25.32749795910489,
              54.15658102909572
            ],
            [
              25.327533787272888,
              54.156859404037164
            ],
            [
              25.327470996095432,
              54.1571361364888
            ],
            [
              25.327312272785463,
              54.15739937492432
            ],
            [
              25.32672026966226,
              54.15812987283528
            ],
            [
              25.326507444755002,
              54.15834064575476
            ],
            [
              25.326233056003897,
              54.15852541927144
            ],
            [
              25.325906143503662,
              54.158678105272294
            ],
            [
              25.325537478326957,
              54.15879367283678
            ],
            [
              25.324320104626334,
              54.15909558695668
            ],
            [
              25.323975538357278,
              54.159368563713144
            ],
            [
              25.323677601310568,
              54.15956222888644
            ],
            [
              25.3233216138926,
              54.159718727787755
            ],
            [
              25.32292086718386,
              54.15983221714983
            ],
            [
              25.3215464718463,
              54.16012936279857
            ],
            [
              25.321113136970528,
              54.160195862823564
            ],
            [
              25.32066601426253,
              54.16021200300054
            ],
            [
              25.32022200979078,
              54.16017717305622
            ],
            [
              25.31979791168694,
              54.16009268993834
            ],
            [
              25.319409755198514,
              54.15996174800678
            ],
            [
              25.31936030777118,
              54.15993648529848
            ],
            [
              25.319111094948717,
              54.15997684760764
            ],
            [
              25.318495199402946,
              54.160233663888015
            ],
            [
              25.31805311726407,
              54.16072785810265
            ],
            [
              25.31786096716415,
              54.16090692765802
            ],
            [
              25.317623378453145,
              54.16106621300006
            ],
            [
              25.316808392792375,
              54.161533040367274
            ],
            [
              25.316553330258554,
              54.16174876456693
            ],
            [
              25.31627438376825,
              54.161942799264374
            ],
            [
              25.31593833399679,
              54.16210283356416
            ],
            [
              25.31555705979062,
              54.162223210218734
            ],
            [
              25.31532048554233,
              54.16226700804763
            ],
            [
              25.315243358419718,
              54.162330670860236
            ],
            [
              25.314935372376297,
              54.162504747195136
            ],
            [
              25.314577697919017,
              54.16264245937945
            ],
            [
              25.31290728859456,
              54.16316242568598
            ],
            [
              25.312743255428085,
              54.163208713010164
            ],
            [
              25.3100156151365,
              54.163901992031974
            ],
            [
              25.30960154949687,
              54.163980960722284
            ],
            [
              25.309169499780154,
              54.164012904235754
            ],
            [
              25.308734900999838,
              54.16399668138589
            ],
            [
              25.30831327926122,
              54.1639328717366
            ],
            [
              25.307250197170433,
              54.16370735778559
            ],
            [
              25.30614881924515,
              54.163716312060444
            ],
            [
              25.30569490191004,
              54.16369362870526
            ],
            [
              25.30525748145897,
              54.163619099044126
            ],
            [
              25.30485365968724,
              54.16349563698052
            ],
            [
              25.30449922442996,
              54.163328069505226
            ],
            [
              25.304208032206926,
              54.163122947928095
            ],
            [
              25.30399146646525,
              54.1628882916878
            ],
            [
              25.3038579926076,
              54.16263327476663
            ],
            [
              25.30381282719414,
              54.16236786698137
            ],
            [
              25.303857734227684,
              54.16210244418367
            ],
            [
              25.303990956452132,
              54.16184738261495
            ],
            [
              25.304207284309697,
              54.16161265327684
            ],
            [
              25.30449825982094,
              54.16140743217187
            ],
            [
              25.30614748969184,
              54.160454214296635
            ]
          ],
          [
            [
              25.312987360130055,
              54.15973165637974
            ],
            [
              25.313256244359835,
              54.15967841995029
            ],
            [
              25.313486474746053,
              54.159661542007996
            ],
            [
              25.314140567362116,
              54.159286894437344
            ],
            [
              25.314232486129196,
              54.15918415176928
            ],
            [
              25.31353574075133,
              54.15939869253164
            ],
            [
              25.313026880803932,
              54.15960771487418
            ],
            [
              25.3129975893031,
              54.159708734246564
            ],
            [
              25.312987360130055,
              54.15973165637974
            ]
          ]
        ]
      },
      "properties": {
        "id": 17,
        "name": "Пруд Вороновский",
        "type": "Polygon",
        "type_ru": "Пруд",
        "district": "Вороновский",
        "region": "Гродненская область",
        "location_description": "1,1 км севернее центра г.п. Вороново",
        "activities": "подводная охота, лов рыбы на дорожку с судов с двигателями",
        "coordinate_source": "osm_geometry"
      }
    },
    {
      "type": "Feature",
      "geometry": {
        "type": "Polygon",
        "coordinates": [
          [
            [
              23.64341722502467,
              53.77030705999789
            ],
            [
              23.643594501706495,
              53.77021200182662
            ],
            [
              23.643714091538786,
              53.7701698515956
            ],
            [
              23.643915247268232,
              53.770068990730685
            ],
            [
              23.64398240720376,
              53.77004011114268
            ],
            [
              23.64417779881607,
              53.76988567412535
            ],
            [
              23.644250869325695,
              53.769776209545455
            ],
            [
              23.644397876774633,
              53.76948953020902
            ],
            [
              23.64449410889429,
              53.76927632049746
            ],
            [
              23.644541401224288,
              53.76920254777841
            ],
            [
              23.644233699773054,
              53.768363761982485
            ],
            [
              23.644182210189985,
              53.768101072540546
            ],
            [
              23.6442184163388,
              53.767837493407
            ],
            [
              23.644340925230548,
              53.7675831537025
            ],
            [
              23.644545027533162,
              53.76734782730582
            ],
            [
              23.644822878759104,
              53.76714055728774
            ],
            [
              23.645163800869344,
              53.76696930845032
            ],
            [
              23.645554692681007,
              53.766840661315534
            ],
            [
              23.64598053329853,
              53.76675955931154
            ],
            [
              23.64642495922767,
              53.76672911886196
            ],
            [
              23.646870893014206,
              53.76675050966618
            ],
            [
              23.647301199279635,
              53.766822909765146
            ],
            [
              23.647699342979582,
              53.76694353711707
            ],
            [
              23.648050024625565,
              53.76710775647114
            ],
            [
              23.648339768091052,
              53.76730925743805
            ],
            [
              23.64855743843472,
              53.76754029692358
            ],
            [
              23.648694669849952,
              53.76779199661891
            ],
            [
              23.649016114201864,
              53.768667990653036
            ],
            [
              23.64903206554863,
              53.76871557487824
            ],
            [
              23.649124881374604,
              53.76902117314332
            ],
            [
              23.649160116177022,
              53.769292302707804
            ],
            [
              23.649155528232793,
              53.7694038571906
            ],
            [
              23.649153536829623,
              53.76945271162333
            ],
            [
              23.64908668070012,
              53.76974590675018
            ],
            [
              23.64891329263356,
              53.77002343714152
            ],
            [
              23.648844833801352,
              53.77010436961279
            ],
            [
              23.648798639103735,
              53.77020674098113
            ],
            [
              23.64877764667903,
              53.77025031003164
            ],
            [
              23.648592563738344,
              53.77061131339576
            ],
            [
              23.64853142764394,
              53.77071511682271
            ],
            [
              23.648312041682033,
              53.7710438206987
            ],
            [
              23.648016806272278,
              53.77135659369294
            ],
            [
              23.64744661492654,
              53.77180730236581
            ],
            [
              23.64700323739561,
              53.772071920177865
            ],
            [
              23.646757326836152,
              53.77218282076717
            ],
            [
              23.646631784387317,
              53.77226019342937
            ],
            [
              23.646557083771572,
              53.77229629432745
            ],
            [
              23.646533958914343,
              53.77230489777535
            ],
            [
              23.646501835329175,
              53.772329661390216
            ],
            [
              23.646199442437506,
              53.77252100836542
            ],
            [
              23.64584019832191,
              53.77267422762861
            ],
            [
              23.645576046542413,
              53.77274596058281
            ],
            [
              23.64553514022409,
              53.77279001178401
            ],
            [
              23.645247467113972,
              53.77299256575689
            ],
            [
              23.64489845386646,
              53.77315805925082
            ],
            [
              23.644501513217897,
              53.77328013197375
            ],
            [
              23.644071900309424,
              53.77335409234523
            ],
            [
              23.64362612629817,
              53.77337709785122
            ],
            [
              23.643181323633552,
              53.77334826431956
            ],
            [
              23.6427545874226,
              53.77326869991106
            ],
            [
              23.642362318232493,
              53.77314146251752
            ],
            [
              23.64201959162284,
              53.77297144220663
            ],
            [
              23.64173957866726,
              53.772765173237595
            ],
            [
              23.641533039753416,
              53.772530582881075
            ],
            [
              23.641407911121195,
              53.77227668670702
            ],
            [
              23.641369000019758,
              53.77201324206144
            ],
            [
              23.641417800176853,
              53.7717503730577
            ],
            [
              23.64155243463994,
              53.77149818149985
            ],
            [
              23.641725944449455,
              53.77125818453011
            ],
            [
              23.641951955765766,
              53.77101718508535
            ],
            [
              23.642256105381314,
              53.77080835375759
            ],
            [
              23.642629104470423,
              53.77059975862654
            ],
            [
              23.643105452966015,
              53.77039516664637
            ],
            [
              23.643239850300766,
              53.77035186786805
            ],
            [
              23.64341722502467,
              53.77030705999789
            ]
          ]
        ]
      },
      "properties": {
        "id": 18,
        "name": "Августовский канал",
        "type": "canal",
        "type_ru": "Канал",
        "district": "Гродненский",
        "region": "Гродненская область",
        "location_description": "в пределах Гродненского района",
        "activities": "подводная охота, лов рыбы на дорожку с судов с двигателями",
        "coordinate_source": "osm_geometry"
      }
    },
    {
      "type": "Feature",
      "geometry": {
        "type": "Polygon",
        "coordinates": [
          [
            [
              24.7651374,
              53.6956141
            ],
            [
              24.7652653,
              53.6955334
            ],
            [
              24.7654014,
              53.6955535
            ],
            [
              24.7658844,
              53.695353
            ],
            [
              24.766398,
              53.6955915
            ],
            [
              24.7670952,
              53.6957314
            ],
            [
              24.7678278,
              53.6960113
            ],
            [
              24.7684954,
              53.6963681
            ],
            [
              24.7692517,
              53.6967074
            ],
            [
              24.7696653,
              53.6968928
            ],
            [
              24.7706015,
              53.6970124
            ],
            [
              24.7714789,
              53.696953
            ],
            [
              24.7720721,
              53.6969233
            ],
            [
              24.7721306,
              53.6968095
            ],
            [
              24.7724147,
              53.6966265
            ],
            [
              24.7728158,
              53.6966166
            ],
            [
              24.773008,
              53.6966512
            ],
            [
              24.773384,
              53.6965078
            ],
            [
              24.7738018,
              53.6963495
            ],
            [
              24.7742279,
              53.6963445
            ],
            [
              24.7751804,
              53.6971113
            ],
            [
              24.7766664,
              53.6975942
            ],
            [
              24.7789957,
              53.6983115
            ],
            [
              24.7797909,
              53.6988547
            ],
            [
              24.7806716,
              53.6995741
            ],
            [
              24.7808683,
              53.6999102
            ],
            [
              24.7808142,
              53.7001512
            ],
            [
              24.7805075,
              53.7004337
            ],
            [
              24.7797033,
              53.7009312
            ],
            [
              24.7796769,
              53.7010212
            ],
            [
              24.7786332,
              53.7014059
            ],
            [
              24.7778717,
              53.7016097
            ],
            [
              24.7770918,
              53.7017076
            ],
            [
              24.77643,
              53.7015328
            ],
            [
              24.7761464,
              53.701211
            ],
            [
              24.7760519,
              53.7006304
            ],
            [
              24.7759219,
              53.7001686
            ],
            [
              24.7753547,
              53.6995111
            ],
            [
              24.7748348,
              53.6989654
            ],
            [
              24.7741258,
              53.6985316
            ],
            [
              24.773535,
              53.6983637
            ],
            [
              24.7729547,
              53.6983819
            ],
            [
              24.7721876,
              53.6983512
            ],
            [
              24.771219,
              53.6982079
            ],
            [
              24.7684244,
              53.6977218
            ],
            [
              24.7683087,
              53.6974988
            ],
            [
              24.7676886,
              53.697206
            ],
            [
              24.7671908,
              53.6968049
            ],
            [
              24.766316,
              53.6963038
            ],
            [
              24.7651374,
              53.6956141
            ]
          ]
        ]
      },
      "properties": {
        "id": 19,
        "name": "Озеро Локно",
        "type": "lake",
        "type_ru": "Озеро",
        "district": "Гродненский",
        "region": "Гродненская область",
        "location_description": "27 км на восток от г. Гродно, 0,1 км от дер. Локно",
        "activities": "подводная охота, лов рыбы на дорожку с судов с двигателями",
        "coordinate_source": "osm_geometry"
      }
    },
    {
      "type": "Feature",
      "geometry": {
        "type": "Polygon",
        "coordinates": [
          [
            [
              24.6309115,
              53.6462647
            ],
            [
              24.6303786,
              53.6462375
            ],
            [
              24.6302754,
              53.6462137
            ],
            [
              24.6302181,
              53.6461356
            ],
            [
              24.6305047,
              53.6457449
            ],
            [
              24.6306456,
              53.6456731
            ],
            [
              24.6310376,
              53.6454732
            ],
            [
              24.6311923,
              53.6454834
            ],
            [
              24.6322067,
              53.6457483
            ],
            [
              24.6324359,
              53.6457585
            ],
            [
              24.6325505,
              53.6458299
            ],
            [
              24.6331465,
              53.6460812
            ],
            [
              24.6331981,
              53.6461729
            ],
            [
              24.6331581,
              53.646284
            ],
            [
              24.633009,
              53.6464447
            ],
            [
              24.6329574,
              53.6465874
            ],
            [
              24.6328772,
              53.6466383
            ],
            [
              24.6320806,
              53.6464617
            ],
            [
              24.6314903,
              53.6463428
            ],
            [
              24.6309115,
              53.6462647
            ]
          ]
        ]
      },
      "properties": {
        "id": 20,
        "name": "Озеро Рыбница",
        "type": "lake",
        "type_ru": "Озеро",
        "district": "Гродненский",
        "region": "Гродненская область",
        "location_description": "20 км на восток от г. Гродно, у дер. Озеры",
        "activities": "подводная охота, лов рыбы на дорожку с судов с двигателями",
        "coordinate_source": "osm_geometry"
      }
    },
    {
      "type": "Feature",
      "geometry": {
        "type": "Polygon",
        "coordinates": [
          [
            [
              25.599674235193305,
              54.01338897196365
            ],
            [
              25.59972816529927,
              54.01291363238076
            ],
            [
              25.600051745936014,
              54.01272349502713
            ],
            [
              25.600510151837142,
              54.01158265265872
            ],
            [
              25.601453928692848,
              54.011503426332865
            ],
            [
              25.602748251238864,
              54.011788640400255
            ],
            [
              25.604042573783858,
              54.01128159181735
            ],
            [
              25.604878490427637,
              54.01132912788475
            ],
            [
              25.606550323715368,
              54.01015655571115
            ],
            [
              25.61002881555504,
              54.00906318161822
            ],
            [
              25.612590495592514,
              54.010742845928064
            ],
            [
              25.61245567032816,
              54.01144004516328
            ],
            [
              25.60706265972243,
              54.01262842602435
            ],
            [
              25.605660476965568,
              54.01337312739841
            ],
            [
              25.604150433995727,
              54.013816772945034
            ],
            [
              25.603530237775715,
              54.01380092854271
            ],
            [
              25.603179692086485,
              54.013357282827144
            ],
            [
              25.60107641795122,
              54.01310376886548
            ],
            [
              25.60064497710252,
              54.01353157277964
            ],
            [
              25.599674235193305,
              54.01338897196365
            ]
          ]
        ]
      },
      "properties": {
        "id": 21,
        "name": "Пруд Липнишки",
        "type": "peat_bog",
        "type_ru": "Пруд",
        "district": "Ивьевский",
        "region": "Гродненская область",
        "location_description": "14 км на северо-запад от г. Ивье, у аг. Липнишки",
        "activities": "подводная охота, лов рыбы на дорожку с судов с двигателями",
        "coordinate_source": "osm_geometry"
      }
    },
    {
      "type": "Feature",
      "geometry": {
        "type": "Polygon",
        "coordinates": [
          [
            [
              25.2540385,
              53.9428831
            ],
            [
              25.2539741,
              53.9428673
            ],
            [
              25.2538293,
              53.9428389
            ],
            [
              25.2537863,
              53.9428452
            ],
            [
              25.2537702,
              53.9428894
            ],
            [
              25.2537434,
              53.9431199
            ],
            [
              25.2537971,
              53.9431546
            ],
            [
              25.2538583,
              53.9431535
            ],
            [
              25.2540621,
              53.9429357
            ],
            [
              25.2540707,
              53.9428957
            ],
            [
              25.2540385,
              53.9428831
            ]
          ]
        ]
      },
      "properties": {
        "id": 22,
        "name": "Обводнённые торфяники (дер. Лучки)",
        "type": "peat_bog",
        "type_ru": "Торфяник",
        "district": "Лидский",
        "region": "Гродненская область",
        "location_description": "1,5–2,0 км севернее и 3–3,5 км западнее дер. Лучки Третьяковского сельсовета",
        "activities": "подводная охота, лов рыбы на дорожку с судов с двигателями",
        "coordinate_source": "osm_geometry"
      }
    },
    {
      "type": "Feature",
      "geometry": {
        "type": "Polygon",
        "coordinates": [
          [
            [
              25.3104013,
              53.816738
            ],
            [
              25.3101,
              53.81713
            ],
            [
              25.30975,
              53.81833
            ],
            [
              25.31001,
              53.81936
            ],
            [
              25.31096,
              53.82185
            ],
            [
              25.3113,
              53.82357
            ],
            [
              25.31456,
              53.82313
            ],
            [
              25.31516,
              53.82288
            ],
            [
              25.31516,
              53.82219
            ],
            [
              25.3149,
              53.82133
            ],
            [
              25.31396,
              53.81893
            ],
            [
              25.31353,
              53.81833
            ],
            [
              25.3119,
              53.81721
            ],
            [
              25.3109407,
              53.8166875
            ],
            [
              25.3086393,
              53.8112747
            ],
            [
              25.3079956,
              53.810825
            ],
            [
              25.3089639,
              53.8130706
            ],
            [
              25.3104013,
              53.816738
            ]
          ]
        ]
      },
      "properties": {
        "id": 23,
        "name": "Обводнённые торфяники (дер. Стерково)",
        "type": "peat_bog",
        "type_ru": "Торфяник",
        "district": "Лидский",
        "region": "Гродненская область",
        "location_description": "1 км юго-западнее дер. Стерково Больтишского сельсовета",
        "activities": "подводная охота, лов рыбы на дорожку с судов с двигателями",
        "coordinate_source": "osm_geometry"
      }
    },
    {
      "type": "Feature",
      "geometry": {
        "type": "Polygon",
        "coordinates": [
          [
            [
              25.3906361,
              53.7702153
            ],
            [
              25.3904697,
              53.7702481
            ],
            [
              25.3902479,
              53.7702235
            ],
            [
              25.39013,
              53.7701702
            ],
            [
              25.3900815,
              53.7701088
            ],
            [
              25.3901162,
              53.7700227
            ],
            [
              25.3902617,
              53.7699613
            ],
            [
              25.390338,
              53.7700023
            ],
            [
              25.3904073,
              53.7700391
            ],
            [
              25.3904974,
              53.7700637
            ],
            [
              25.3906083,
              53.7701047
            ],
            [
              25.390643,
              53.7701538
            ],
            [
              25.3906361,
              53.7702153
            ]
          ]
        ]
      },
      "properties": {
        "id": 24,
        "name": "Обводнённые торфяники (пос. Первомайский)",
        "type": "peat_bog",
        "type_ru": "Торфяник",
        "district": "Лидский",
        "region": "Гродненская область",
        "location_description": "2,5 км юго-восточнее пос. Первомайский Дубровенского сельсовета",
        "activities": "подводная охота, лов рыбы на дорожку с судов с двигателями",
        "coordinate_source": "osm_geometry"
      }
    },
    {
      "type": "Feature",
      "geometry": {
        "type": "Polygon",
        "coordinates": [
          [
            [
              25.3155794,
              53.8767189
            ],
            [
              25.3156391,
              53.8767597
            ],
            [
              25.3157852,
              53.8767997
            ],
            [
              25.3159078,
              53.8768259
            ],
            [
              25.3163775,
              53.8769151
            ],
            [
              25.3166027,
              53.8769496
            ],
            [
              25.3166645,
              53.8769335
            ],
            [
              25.3167074,
              53.8768819
            ],
            [
              25.3167189,
              53.8768291
            ],
            [
              25.3166775,
              53.8768039
            ],
            [
              25.31649,
              53.8767554
            ],
            [
              25.316367,
              53.8767228
            ],
            [
              25.3161792,
              53.8766859
            ],
            [
              25.3160174,
              53.8766536
            ],
            [
              25.3159157,
              53.8766275
            ],
            [
              25.3157774,
              53.8766013
            ],
            [
              25.3156804,
              53.8765961
            ],
            [
              25.3155947,
              53.8766505
            ],
            [
              25.3155794,
              53.8767189
            ]
          ]
        ]
      },
      "properties": {
        "id": 25,
        "name": "Озеро Новолидское",
        "type": "lake",
        "type_ru": "Озеро",
        "district": "Лидский",
        "region": "Гродненская область",
        "location_description": "восточная часть г. Лида",
        "activities": "подводная охота, лов рыбы на дорожку с судов с двигателями",
        "coordinate_source": "osm_geometry"
      }
    },
    {
      "type": "Feature",
      "geometry": {
        "type": "Polygon",
        "coordinates": [
          [
            [
              26.0283702,
              53.6134854
            ],
            [
              26.0282301,
              53.6135325
            ],
            [
              26.0283001,
              53.6136932
            ],
            [
              26.0287344,
              53.6138954
            ],
            [
              26.0298319,
              53.6140589
            ],
            [
              26.0302242,
              53.6141254
            ],
            [
              26.0303503,
              53.6140478
            ],
            [
              26.0304596,
              53.613799
            ],
            [
              26.0306071,
              53.6134632
            ],
            [
              26.0301868,
              53.6134106
            ],
            [
              26.02901,
              53.6133884
            ],
            [
              26.0285895,
              53.6134133
            ],
            [
              26.0283702,
              53.6134854
            ]
          ]
        ]
      },
      "properties": {
        "id": 26,
        "name": "Искусственный водоём на реке Плиса",
        "type": "artificial",
        "type_ru": "Искусственный водоём",
        "district": "Новогрудский",
        "region": "Гродненская область",
        "location_description": "в лесном массиве, 2 км на север от аг. Вселюб",
        "activities": "подводная охота, лов рыбы на дорожку с судов с двигателями",
        "coordinate_source": "osm_geometry"
      }
    },
    {
      "type": "Feature",
      "geometry": {
        "type": "Polygon",
        "coordinates": [
          [
            [
              26.0993141,
              53.5968871
            ],
            [
              26.0992278,
              53.5971211
            ],
            [
              26.0991437,
              53.5972884
            ],
            [
              26.0990461,
              53.5973095
            ],
            [
              26.0989721,
              53.597112
            ],
            [
              26.098624,
              53.596984
            ],
            [
              26.0984299,
              53.5968615
            ],
            [
              26.0981957,
              53.5967938
            ],
            [
              26.0981033,
              53.5968213
            ],
            [
              26.098168,
              53.5969017
            ],
            [
              26.0980786,
              53.5969785
            ],
            [
              26.09794,
              53.5969822
            ],
            [
              26.0978599,
              53.5969365
            ],
            [
              26.0978722,
              53.5968322
            ],
            [
              26.0978814,
              53.5967554
            ],
            [
              26.0979739,
              53.596675
            ],
            [
              26.0979215,
              53.5965287
            ],
            [
              26.0978845,
              53.5963952
            ],
            [
              26.097826,
              53.596302
            ],
            [
              26.0978722,
              53.5962361
            ],
            [
              26.0980355,
              53.5961904
            ],
            [
              26.0981125,
              53.5961155
            ],
            [
              26.0981248,
              53.5959838
            ],
            [
              26.0980447,
              53.5958832
            ],
            [
              26.0980632,
              53.5957955
            ],
            [
              26.0981325,
              53.595681
            ],
            [
              26.0981618,
              53.5956327
            ],
            [
              26.0983128,
              53.5955285
            ],
            [
              26.0985038,
              53.5953822
            ],
            [
              26.0986579,
              53.5952798
            ],
            [
              26.0987934,
              53.595097
            ],
            [
              26.0989937,
              53.594969
            ],
            [
              26.0991724,
              53.5949452
            ],
            [
              26.0993018,
              53.5950823
            ],
            [
              26.0990615,
              53.595331
            ],
            [
              26.0990368,
              53.5955888
            ],
            [
              26.0989937,
              53.5958247
            ],
            [
              26.0988828,
              53.5959509
            ],
            [
              26.0986609,
              53.5960679
            ],
            [
              26.0985223,
              53.5962142
            ],
            [
              26.0985315,
              53.5963769
            ],
            [
              26.0986671,
              53.5965232
            ],
            [
              26.0989875,
              53.5966476
            ],
            [
              26.0993141,
              53.5968871
            ]
          ]
        ]
      },
      "properties": {
        "id": 27,
        "name": "Озеро дер. Бенин",
        "type": "lake",
        "type_ru": "Озеро",
        "district": "Новогрудский",
        "region": "Гродненская область",
        "location_description": "0,138 км на запад от дер. Бенин",
        "activities": "подводная охота, лов рыбы на дорожку с судов с двигателями",
        "coordinate_source": "osm_geometry"
      }
    },
    {
      "type": "Feature",
      "geometry": {
        "type": "Polygon",
        "coordinates": [
          [
            [
              25.984209411029155,
              54.60985521688289
            ],
            [
              25.987532304887964,
              54.60976949933803
            ],
            [
              25.991654863526975,
              54.611481240560295
            ],
            [
              25.994608562980943,
              54.61101079565191
            ],
            [
              26.001179810326448,
              54.61007003777084
            ],
            [
              26.003763827442555,
              54.61007029268711
            ],
            [
              26.007085986087475,
              54.60912919077677
            ],
            [
              26.01454510765572,
              54.60707667692435
            ],
            [
              26.01831170623069,
              54.60605012806289
            ],
            [
              26.013213968993767,
              54.60566576169592
            ],
            [
              26.012770887964166,
              54.604810564995404
            ],
            [
              26.014690594468902,
              54.60455392981109
            ],
            [
              26.01970400178203,
              54.60451272323479
            ],
            [
              26.027313001305714,
              54.605665978894365
            ],
            [
              26.032471648433415,
              54.60664979070617
            ],
            [
              26.04045453343423,
              54.60592244774634
            ],
            [
              26.044075857577184,
              54.605965010674254
            ],
            [
              26.04512562139945,
              54.60741871931478
            ],
            [
              26.04437018161272,
              54.60861620586397
            ],
            [
              26.043027289921326,
              54.60947082087972
            ],
            [
              26.03865889432393,
              54.60895748545005
            ],
            [
              26.036209174092193,
              54.6101100197985
            ],
            [
              26.02907892652982,
              54.609556331110554
            ],
            [
              26.026424542277823,
              54.60994125224872
            ],
            [
              26.022514240830958,
              54.61058272314702
            ],
            [
              26.022880398808354,
              54.61224930194095
            ],
            [
              26.021555048786013,
              54.61250661086871
            ],
            [
              26.01978661791233,
              54.609001152242
            ],
            [
              26.014984272673956,
              54.60857334091119
            ],
            [
              26.00929972148532,
              54.610283089230876
            ],
            [
              26.004723546990306,
              54.61169270268442
            ],
            [
              25.993870510014602,
              54.612464444015444
            ],
            [
              25.990624937393306,
              54.61331838234477
            ],
            [
              25.986046564999242,
              54.61113860709344
            ],
            [
              25.98390499895146,
              54.61272057862587
            ],
            [
              25.982055913216072,
              54.61267855987376
            ],
            [
              25.98206009044253,
              54.61109586251297
            ],
            [
              25.984209411029155,
              54.60985521688289
            ]
          ]
        ]
      },
      "properties": {
        "id": 28,
        "name": "Пруд Яновское",
        "type": "pond",
        "type_ru": "Пруд",
        "district": "Островецкий",
        "region": "Гродненская область",
        "location_description": "0,1 км на запад от дер. Изобелино",
        "activities": "подводная охота, лов рыбы на дорожку с судов с двигателями",
        "coordinate_source": "point_approximate"
      }
    },
    {
      "type": "Feature",
      "geometry": {
        "type": "Polygon",
        "coordinates": [
          [
            [
              25.7294821,
              54.6279832
            ],
            [
              25.7294312,
              54.6279938
            ],
            [
              25.7285742,
              54.6277734
            ],
            [
              25.7285233,
              54.6276933
            ],
            [
              25.7285111,
              54.6276108
            ],
            [
              25.7284581,
              54.6275978
            ],
            [
              25.7283482,
              54.6275966
            ],
            [
              25.7283238,
              54.627586
            ],
            [
              25.7283462,
              54.6275743
            ],
            [
              25.7284927,
              54.6275589
            ],
            [
              25.7285925,
              54.6274776
            ],
            [
              25.7287024,
              54.6274081
            ],
            [
              25.7288062,
              54.6273998
            ],
            [
              25.7292134,
              54.627467
            ],
            [
              25.729478,
              54.6275507
            ],
            [
              25.7295147,
              54.6275884
            ],
            [
              25.7295126,
              54.6279337
            ],
            [
              25.7294821,
              54.6279832
            ]
          ]
        ]
      },
      "properties": {
        "id": 29,
        "name": "Озеро Слободское",
        "type": "lake",
        "type_ru": "Озеро",
        "district": "Островецкий",
        "region": "Гродненская область",
        "location_description": "19 км на северо-восток от г. Островец, возле дер. Слободка",
        "activities": "подводная охота, лов рыбы на дорожку с судов с двигателями",
        "coordinate_source": "osm_geometry"
      }
    },
    {
      "type": "Feature",
      "geometry": {
        "type": "Polygon",
        "coordinates": [
          [
            [
              25.3407302,
              53.0733509
            ],
            [
              25.3413579,
              53.0733799
            ],
            [
              25.3413096,
              53.0735507
            ],
            [
              25.341264,
              53.0736667
            ],
            [
              25.3411245,
              53.0738311
            ],
            [
              25.3406793,
              53.0741276
            ],
            [
              25.3402555,
              53.0743806
            ],
            [
              25.3400221,
              53.0744579
            ],
            [
              25.3396842,
              53.074553
            ],
            [
              25.3395018,
              53.0745981
            ],
            [
              25.3391772,
              53.0746191
            ],
            [
              25.3386676,
              53.0745836
            ],
            [
              25.3382465,
              53.0744853
            ],
            [
              25.3376618,
              53.0742565
            ],
            [
              25.3369886,
              53.0739375
            ],
            [
              25.3364709,
              53.0737489
            ],
            [
              25.3360203,
              53.0736297
            ],
            [
              25.3357118,
              53.0736087
            ],
            [
              25.3355268,
              53.0736377
            ],
            [
              25.3353175,
              53.0737022
            ],
            [
              25.3351486,
              53.0738166
            ],
            [
              25.3347945,
              53.0740873
            ],
            [
              25.3346282,
              53.0742759
            ],
            [
              25.3345585,
              53.0745192
            ],
            [
              25.3343761,
              53.0753394
            ],
            [
              25.3343385,
              53.0754828
            ],
            [
              25.3343949,
              53.075739
            ],
            [
              25.3343412,
              53.0760049
            ],
            [
              25.3342715,
              53.076187
            ],
            [
              25.3342018,
              53.0763142
            ],
            [
              25.3341106,
              53.0768637
            ],
            [
              25.3341374,
              53.0773197
            ],
            [
              25.3342608,
              53.0777628
            ],
            [
              25.3343305,
              53.078069
            ],
            [
              25.3343198,
              53.0783219
            ],
            [
              25.3342634,
              53.0785652
            ],
            [
              25.3342581,
              53.0786732
            ],
            [
              25.3342876,
              53.0787167
            ],
            [
              25.3341696,
              53.0788327
            ],
            [
              25.3339872,
              53.0789632
            ],
            [
              25.3338289,
              53.0790099
            ],
            [
              25.333735,
              53.0791114
            ],
            [
              25.333491,
              53.0794111
            ],
            [
              25.3333542,
              53.0794852
            ],
            [
              25.332984,
              53.0799219
            ],
            [
              25.3326783,
              53.0801475
            ],
            [
              25.3324985,
              53.0802312
            ],
            [
              25.3316563,
              53.0804149
            ],
            [
              25.3316035,
              53.0804414
            ],
            [
              25.3313613,
              53.0805631
            ],
            [
              25.3308651,
              53.0807516
            ],
            [
              25.3306505,
              53.0808805
            ],
            [
              25.3303045,
              53.0810159
            ],
            [
              25.3294247,
              53.0815846
            ],
            [
              25.329119,
              53.0817602
            ],
            [
              25.3291029,
              53.0818134
            ],
            [
              25.3289473,
              53.0818553
            ],
            [
              25.3285825,
              53.0819149
            ],
            [
              25.3282888,
              53.082072
            ],
            [
              25.3281842,
              53.0821461
            ],
            [
              25.3279562,
              53.0822605
            ],
            [
              25.3277376,
              53.0825038
            ],
            [
              25.3275606,
              53.0829476
            ],
            [
              25.3274935,
              53.0832062
            ],
            [
              25.3274855,
              53.0836549
            ],
            [
              25.3274949,
              53.0837161
            ],
            [
              25.3275204,
              53.083737
            ],
            [
              25.3275834,
              53.0837435
            ],
            [
              25.3275901,
              53.0837685
            ],
            [
              25.3275727,
              53.0837797
            ],
            [
              25.3275231,
              53.0837838
            ],
            [
              25.3275016,
              53.0838031
            ],
            [
              25.3274949,
              53.084056
            ],
            [
              25.3275365,
              53.084077
            ],
            [
              25.3275432,
              53.0841181
            ],
            [
              25.3274935,
              53.0841744
            ],
            [
              25.3274292,
              53.0843211
            ],
            [
              25.3273031,
              53.0844934
            ],
            [
              25.3272951,
              53.084516
            ],
            [
              25.3273594,
              53.0845289
            ],
            [
              25.3273246,
              53.08457
            ],
            [
              25.3272468,
              53.0846658
            ],
            [
              25.3270979,
              53.0848318
            ],
            [
              25.3269866,
              53.085042
            ],
            [
              25.3268404,
              53.0853763
            ],
            [
              25.3264368,
              53.0863131
            ],
            [
              25.3262866,
              53.0866159
            ],
            [
              25.3262061,
              53.0868849
            ],
            [
              25.3261793,
              53.0870267
            ],
            [
              25.3260961,
              53.0871459
            ],
            [
              25.3260425,
              53.0873054
            ],
            [
              25.326072,
              53.0874214
            ],
            [
              25.3261605,
              53.0873956
            ],
            [
              25.3262168,
              53.0873392
            ],
            [
              25.3262517,
              53.0873489
            ],
            [
              25.3262262,
              53.0873996
            ],
            [
              25.3261591,
              53.0874697
            ],
            [
              25.3259888,
              53.0876501
            ],
            [
              25.3258252,
              53.087808
            ],
            [
              25.3256348,
              53.0879433
            ],
            [
              25.3254953,
              53.0881527
            ],
            [
              25.3253692,
              53.0883912
            ],
            [
              25.3252821,
              53.0886352
            ],
            [
              25.3252762,
              53.0886514
            ],
            [
              25.325215,
              53.0888301
            ],
            [
              25.3251225,
              53.0890846
            ],
            [
              25.3250393,
              53.0893045
            ],
            [
              25.324979,
              53.0894648
            ],
            [
              25.3247577,
              53.0898764
            ],
            [
              25.3247328,
              53.0899441
            ],
            [
              25.3245217,
              53.0905191
            ],
            [
              25.3243446,
              53.0911264
            ],
            [
              25.3242534,
              53.0918899
            ],
            [
              25.3241515,
              53.0926308
            ],
            [
              25.3240496,
              53.0932203
            ],
            [
              25.323945,
              53.0937551
            ],
            [
              25.3239128,
              53.0941755
            ],
            [
              25.3238672,
              53.094293
            ],
            [
              25.3237545,
              53.0945379
            ],
            [
              25.3236392,
              53.0953528
            ],
            [
              25.3235105,
              53.0965238
            ],
            [
              25.3233737,
              53.0974015
            ],
            [
              25.3233147,
              53.0975432
            ],
            [
              25.3232905,
              53.0977188
            ],
            [
              25.3233093,
              53.0978766
            ],
            [
              25.3232315,
              53.098582
            ],
            [
              25.3231591,
              53.099165
            ],
            [
              25.3231537,
              53.0999268
            ],
            [
              25.3232181,
              53.1001748
            ],
            [
              25.3233629,
              53.1004228
            ],
            [
              25.3236338,
              53.1007932
            ],
            [
              25.3238699,
              53.101096
            ],
            [
              25.324181,
              53.1012779
            ],
            [
              25.3247577,
              53.1016081
            ],
            [
              25.3253075,
              53.1018561
            ],
            [
              25.3258789,
              53.1021282
            ],
            [
              25.3267264,
              53.102431
            ],
            [
              25.3274238,
              53.1025856
            ],
            [
              25.3278691,
              53.1026532
            ],
            [
              25.328384,
              53.1026918
            ],
            [
              25.3286576,
              53.1026693
            ],
            [
              25.32906,
              53.1026081
            ],
            [
              25.3297198,
              53.1025147
            ],
            [
              25.3300738,
              53.1025308
            ],
            [
              25.3304493,
              53.1026081
            ],
            [
              25.3307444,
              53.1027724
            ],
            [
              25.3308356,
              53.102972
            ],
            [
              25.3309751,
              53.1030783
            ],
            [
              25.3309804,
              53.1032973
            ],
            [
              25.3308624,
              53.1036323
            ],
            [
              25.3308839,
              53.1036645
            ],
            [
              25.3307927,
              53.1037998
            ],
            [
              25.3306344,
              53.1039141
            ],
            [
              25.3304279,
              53.1040445
            ],
            [
              25.3301623,
              53.1041733
            ],
            [
              25.3299719,
              53.1043392
            ],
            [
              25.329355,
              53.1048947
            ],
            [
              25.3289258,
              53.1051943
            ],
            [
              25.3287193,
              53.1053939
            ],
            [
              25.3286335,
              53.1055533
            ],
            [
              25.3285933,
              53.1056612
            ],
            [
              25.3286174,
              53.1057772
            ],
            [
              25.3287059,
              53.1058448
            ],
            [
              25.3287354,
              53.105935
            ],
            [
              25.3287408,
              53.1060461
            ],
            [
              25.3289366,
              53.1063295
            ],
            [
              25.3292209,
              53.1065404
            ],
            [
              25.329811,
              53.1067433
            ],
            [
              25.3298658,
              53.1067626
            ],
            [
              25.3300899,
              53.1068481
            ],
            [
              25.3302133,
              53.106885
            ],
            [
              25.3309643,
              53.1072875
            ],
            [
              25.3314364,
              53.1074775
            ],
            [
              25.3318226,
              53.1075935
            ],
            [
              25.3319138,
              53.1077191
            ],
            [
              25.3320801,
              53.1078092
            ],
            [
              25.332284,
              53.1078801
            ],
            [
              25.3324181,
              53.1081152
            ],
            [
              25.3324288,
              53.108273
            ],
            [
              25.332343,
              53.1083921
            ],
            [
              25.332064,
              53.1085016
            ],
            [
              25.33171,
              53.1086916
            ],
            [
              25.3313827,
              53.1088623
            ],
            [
              25.3308248,
              53.1089814
            ],
            [
              25.3303528,
              53.1090748
            ],
            [
              25.3300899,
              53.1091585
            ],
            [
              25.3296179,
              53.1094194
            ],
            [
              25.3290707,
              53.1097124
            ],
            [
              25.3286898,
              53.1098477
            ],
            [
              25.3282016,
              53.1098831
            ],
            [
              25.3273433,
              53.1099153
            ],
            [
              25.3260344,
              53.1099732
            ],
            [
              25.3251976,
              53.1100376
            ],
            [
              25.3251708,
              53.1096512
            ],
            [
              25.3263938,
              53.1096319
            ],
            [
              25.3266412,
              53.109631
            ],
            [
              25.3281105,
              53.1096255
            ],
            [
              25.3285021,
              53.1095578
            ],
            [
              25.3289419,
              53.1094065
            ],
            [
              25.329414,
              53.1091295
            ],
            [
              25.3297412,
              53.1089653
            ],
            [
              25.3301221,
              53.1088268
            ],
            [
              25.3304462,
              53.1087568
            ],
            [
              25.3307337,
              53.1086948
            ],
            [
              25.3312701,
              53.1085499
            ],
            [
              25.3316134,
              53.1084147
            ],
            [
              25.3316778,
              53.1082375
            ],
            [
              25.3315651,
              53.1080604
            ],
            [
              25.3312325,
              53.107835
            ],
            [
              25.3302133,
              53.1072682
            ],
            [
              25.3293228,
              53.1068657
            ],
            [
              25.3289527,
              53.1067755
            ],
            [
              25.3286308,
              53.1066209
            ],
            [
              25.3284055,
              53.106373
            ],
            [
              25.3281802,
              53.105964
            ],
            [
              25.3280675,
              53.1057965
            ],
            [
              25.3280944,
              53.1056967
            ],
            [
              25.328148,
              53.105629
            ],
            [
              25.3281319,
              53.1054873
            ],
            [
              25.3281748,
              53.1053907
            ],
            [
              25.3283089,
              53.105336
            ],
            [
              25.3283733,
              53.105146
            ],
            [
              25.3289731,
              53.1046407
            ],
            [
              25.3291887,
              53.1044535
            ],
            [
              25.3295642,
              53.1040638
            ],
            [
              25.3298593,
              53.1037675
            ],
            [
              25.3300738,
              53.1037096
            ],
            [
              25.3301758,
              53.1037611
            ],
            [
              25.3302562,
              53.1037933
            ],
            [
              25.3304332,
              53.1036194
            ],
            [
              25.3304923,
              53.1033907
            ],
            [
              25.3304172,
              53.1031717
            ],
            [
              25.3301811,
              53.1029431
            ],
            [
              25.3299719,
              53.1028303
            ],
            [
              25.3298236,
              53.1028132
            ],
            [
              25.329693,
              53.1027981
            ],
            [
              25.3294247,
              53.1027981
            ],
            [
              25.3290975,
              53.1028658
            ],
            [
              25.3288186,
              53.1029366
            ],
            [
              25.3285932,
              53.1029656
            ],
            [
              25.3281212,
              53.1029592
            ],
            [
              25.3278497,
              53.1029194
            ],
            [
              25.3274614,
              53.1028625
            ],
            [
              25.3269893,
              53.1027917
            ],
            [
              25.3268981,
              53.1027418
            ],
            [
              25.3267828,
              53.1027498
            ],
            [
              25.3266272,
              53.1027289
            ],
            [
              25.3262705,
              53.1026451
            ],
            [
              25.3262222,
              53.1026435
            ],
            [
              25.3261095,
              53.1026387
            ],
            [
              25.3260183,
              53.1025743
            ],
            [
              25.3259808,
              53.1025115
            ],
            [
              25.3258064,
              53.1024438
            ],
            [
              25.325726,
              53.102373
            ],
            [
              25.3255677,
              53.1023617
            ],
            [
              25.3254336,
              53.1023553
            ],
            [
              25.3253773,
              53.1022973
            ],
            [
              25.32538,
              53.1021991
            ],
            [
              25.3252056,
              53.1021105
            ],
            [
              25.3248355,
              53.1019285
            ],
            [
              25.324232,
              53.1016676
            ],
            [
              25.3241864,
              53.1016161
            ],
            [
              25.324012,
              53.1015533
            ],
            [
              25.3236875,
              53.1013536
            ],
            [
              25.3235239,
              53.1012167
            ],
            [
              25.3231591,
              53.1007819
            ],
            [
              25.3231457,
              53.1007207
            ],
            [
              25.3229392,
              53.1003986
            ],
            [
              25.3227809,
              53.1000089
            ],
            [
              25.3226763,
              53.0996546
            ],
            [
              25.3226629,
              53.0993615
            ],
            [
              25.3226709,
              53.0991988
            ],
            [
              25.3227594,
              53.0986787
            ],
            [
              25.3228372,
              53.0983711
            ],
            [
              25.3229687,
              53.0979169
            ],
            [
              25.3229713,
              53.0977719
            ],
            [
              25.323033,
              53.0974933
            ],
            [
              25.3230089,
              53.0973757
            ],
            [
              25.3230384,
              53.0971213
            ],
            [
              25.323135,
              53.0967331
            ],
            [
              25.3232208,
              53.0960535
            ],
            [
              25.3233388,
              53.0952449
            ],
            [
              25.3234488,
              53.0945588
            ],
            [
              25.3235346,
              53.0942318
            ],
            [
              25.3235507,
              53.0940128
            ],
            [
              25.3236365,
              53.0933798
            ],
            [
              25.3237277,
              53.0926646
            ],
            [
              25.3237572,
              53.0921508
            ],
            [
              25.3238001,
              53.0917674
            ],
            [
              25.3238511,
              53.0916933
            ],
            [
              25.3238538,
              53.0912536
            ],
            [
              25.3239262,
              53.0909717
            ],
            [
              25.3239101,
              53.0909314
            ],
            [
              25.3239611,
              53.0908799
            ],
            [
              25.3241515,
              53.090358
            ],
            [
              25.3241542,
              53.0903016
            ],
            [
              25.3242132,
              53.0902227
            ],
            [
              25.3243192,
              53.0898474
            ],
            [
              25.3242829,
              53.0898405
            ],
            [
              25.3242689,
              53.0898361
            ],
            [
              25.3242622,
              53.0898216
            ],
            [
              25.3242776,
              53.0898087
            ],
            [
              25.3243057,
              53.0898055
            ],
            [
              25.3243393,
              53.0898131
            ],
            [
              25.3243648,
              53.0897443
            ],
            [
              25.3244238,
              53.0896291
            ],
            [
              25.3244412,
              53.0895429
            ],
            [
              25.3244734,
              53.0894833
            ],
            [
              25.3244667,
              53.0894269
            ],
            [
              25.3244881,
              53.0893126
            ],
            [
              25.3246196,
              53.08905
            ],
            [
              25.3247845,
              53.0887117
            ],
            [
              25.3248543,
              53.0885249
            ],
            [
              25.3248784,
              53.0883944
            ],
            [
              25.3249803,
              53.0881399
            ],
            [
              25.3251252,
              53.0878128
            ],
            [
              25.325388,
              53.0872973
            ],
            [
              25.3254014,
              53.0871926
            ],
            [
              25.325498,
              53.0869623
            ],
            [
              25.3256133,
              53.0868237
            ],
            [
              25.3257796,
              53.086537
            ],
            [
              25.3259701,
              53.0862712
            ],
            [
              25.3261846,
              53.0858668
            ],
            [
              25.3265682,
              53.0851435
            ],
            [
              25.3266621,
              53.0848583
            ],
            [
              25.3266782,
              53.0847037
            ],
            [
              25.3267398,
              53.0846473
            ],
            [
              25.3268847,
              53.0844894
            ],
            [
              25.3268552,
              53.084433
            ],
            [
              25.3269464,
              53.0843509
            ],
            [
              25.3270617,
              53.0840963
            ],
            [
              25.3271073,
              53.0837258
            ],
            [
              25.3270698,
              53.0833665
            ],
            [
              25.3271154,
              53.0830137
            ],
            [
              25.3271556,
              53.0828252
            ],
            [
              25.3273407,
              53.0824981
            ],
            [
              25.3274935,
              53.0822162
            ],
            [
              25.3276759,
              53.0820245
            ],
            [
              25.3279522,
              53.0819004
            ],
            [
              25.3283143,
              53.0817361
            ],
            [
              25.3285772,
              53.0816313
            ],
            [
              25.3287059,
              53.0815314
            ],
            [
              25.32876,
              53.0814043
            ],
            [
              25.3294113,
              53.0810819
            ],
            [
              25.3297493,
              53.0809514
            ],
            [
              25.3301382,
              53.0806614
            ],
            [
              25.3303045,
              53.0805229
            ],
            [
              25.330562,
              53.0803811
            ],
            [
              25.3311226,
              53.0801185
            ],
            [
              25.3315437,
              53.080025
            ],
            [
              25.331997,
              53.0798977
            ],
            [
              25.3323403,
              53.0797543
            ],
            [
              25.3326112,
              53.0795755
            ],
            [
              25.3330108,
              53.0792097
            ],
            [
              25.3333274,
              53.0788665
            ],
            [
              25.3336251,
              53.0785104
            ],
            [
              25.333735,
              53.0782816
            ],
            [
              25.3337994,
              53.0780416
            ],
            [
              25.3338075,
              53.0778305
            ],
            [
              25.3337833,
              53.0776613
            ],
            [
              25.3336841,
              53.077534
            ],
            [
              25.333499,
              53.0773777
            ],
            [
              25.3334454,
              53.0772585
            ],
            [
              25.3334239,
              53.077099
            ],
            [
              25.3334373,
              53.0764979
            ],
            [
              25.3334025,
              53.0763433
            ],
            [
              25.3333998,
              53.0762385
            ],
            [
              25.3335097,
              53.0759017
            ],
            [
              25.333668,
              53.0756165
            ],
            [
              25.3337887,
              53.0754183
            ],
            [
              25.3339094,
              53.0752024
            ],
            [
              25.3341025,
              53.0748753
            ],
            [
              25.3342205,
              53.0746175
            ],
            [
              25.3342554,
              53.0741953
            ],
            [
              25.3342554,
              53.0740519
            ],
            [
              25.3343171,
              53.0739101
            ],
            [
              25.3342608,
              53.0738166
            ],
            [
              25.3341481,
              53.0736748
            ],
            [
              25.3341132,
              53.073591
            ],
            [
              25.3341642,
              53.0735507
            ],
            [
              25.334242,
              53.073541
            ],
            [
              25.3343305,
              53.0735958
            ],
            [
              25.3344083,
              53.0737102
            ],
            [
              25.3344807,
              53.0738053
            ],
            [
              25.3345531,
              53.0738343
            ],
            [
              25.3346604,
              53.0738182
            ],
            [
              25.3349823,
              53.0737119
            ],
            [
              25.3351217,
              53.0736313
            ],
            [
              25.3352237,
              53.0735024
            ],
            [
              25.3353015,
              53.0734282
            ],
            [
              25.335288,
              53.0733493
            ],
            [
              25.3353256,
              53.0732929
            ],
            [
              25.3353712,
              53.0732719
            ],
            [
              25.3355643,
              53.0732574
            ],
            [
              25.3359291,
              53.0732671
            ],
            [
              25.3363073,
              53.0733493
            ],
            [
              25.3368491,
              53.0735298
            ],
            [
              25.3377476,
              53.0739842
            ],
            [
              25.33815,
              53.074205
            ],
            [
              25.338563,
              53.0743323
            ],
            [
              25.3388822,
              53.0743709
            ],
            [
              25.3392604,
              53.0743661
            ],
            [
              25.3396386,
              53.0743049
            ],
            [
              25.3399363,
              53.0742178
            ],
            [
              25.3401965,
              53.0740986
            ],
            [
              25.3403789,
              53.0739375
            ],
            [
              25.3405371,
              53.0737586
            ],
            [
              25.3406712,
              53.0735572
            ],
            [
              25.3407302,
              53.0734202
            ],
            [
              25.3407302,
              53.0733509
            ]
          ]
        ]
      },
      "properties": {
        "id": 30,
        "name": "Озеро Лобазовское",
        "type": "lake",
        "type_ru": "Озеро",
        "district": "Слонимский",
        "region": "Гродненская область",
        "location_description": "северная часть г. Слонима",
        "activities": "подводная охота, лов рыбы на дорожку с судов с двигателями",
        "coordinate_source": "osm_geometry"
      }
    },
    {
      "type": "Feature",
      "geometry": {
        "type": "Polygon",
        "coordinates": [
          [
            [
              25.3407302,
              53.0733509
            ],
            [
              25.3413579,
              53.0733799
            ],
            [
              25.3413096,
              53.0735507
            ],
            [
              25.341264,
              53.0736667
            ],
            [
              25.3411245,
              53.0738311
            ],
            [
              25.3406793,
              53.0741276
            ],
            [
              25.3402555,
              53.0743806
            ],
            [
              25.3400221,
              53.0744579
            ],
            [
              25.3396842,
              53.074553
            ],
            [
              25.3395018,
              53.0745981
            ],
            [
              25.3391772,
              53.0746191
            ],
            [
              25.3386676,
              53.0745836
            ],
            [
              25.3382465,
              53.0744853
            ],
            [
              25.3376618,
              53.0742565
            ],
            [
              25.3369886,
              53.0739375
            ],
            [
              25.3364709,
              53.0737489
            ],
            [
              25.3360203,
              53.0736297
            ],
            [
              25.3357118,
              53.0736087
            ],
            [
              25.3355268,
              53.0736377
            ],
            [
              25.3353175,
              53.0737022
            ],
            [
              25.3351486,
              53.0738166
            ],
            [
              25.3347945,
              53.0740873
            ],
            [
              25.3346282,
              53.0742759
            ],
            [
              25.3345585,
              53.0745192
            ],
            [
              25.3343761,
              53.0753394
            ],
            [
              25.3343385,
              53.0754828
            ],
            [
              25.3343949,
              53.075739
            ],
            [
              25.3343412,
              53.0760049
            ],
            [
              25.3342715,
              53.076187
            ],
            [
              25.3342018,
              53.0763142
            ],
            [
              25.3341106,
              53.0768637
            ],
            [
              25.3341374,
              53.0773197
            ],
            [
              25.3342608,
              53.0777628
            ],
            [
              25.3343305,
              53.078069
            ],
            [
              25.3343198,
              53.0783219
            ],
            [
              25.3342634,
              53.0785652
            ],
            [
              25.3342581,
              53.0786732
            ],
            [
              25.3342876,
              53.0787167
            ],
            [
              25.3341696,
              53.0788327
            ],
            [
              25.3339872,
              53.0789632
            ],
            [
              25.3338289,
              53.0790099
            ],
            [
              25.333735,
              53.0791114
            ],
            [
              25.333491,
              53.0794111
            ],
            [
              25.3333542,
              53.0794852
            ],
            [
              25.332984,
              53.0799219
            ],
            [
              25.3326783,
              53.0801475
            ],
            [
              25.3324985,
              53.0802312
            ],
            [
              25.3316563,
              53.0804149
            ],
            [
              25.3316035,
              53.0804414
            ],
            [
              25.3313613,
              53.0805631
            ],
            [
              25.3308651,
              53.0807516
            ],
            [
              25.3306505,
              53.0808805
            ],
            [
              25.3303045,
              53.0810159
            ],
            [
              25.3294247,
              53.0815846
            ],
            [
              25.329119,
              53.0817602
            ],
            [
              25.3291029,
              53.0818134
            ],
            [
              25.3289473,
              53.0818553
            ],
            [
              25.3285825,
              53.0819149
            ],
            [
              25.3282888,
              53.082072
            ],
            [
              25.3281842,
              53.0821461
            ],
            [
              25.3279562,
              53.0822605
            ],
            [
              25.3277376,
              53.0825038
            ],
            [
              25.3275606,
              53.0829476
            ],
            [
              25.3274935,
              53.0832062
            ],
            [
              25.3274855,
              53.0836549
            ],
            [
              25.3274949,
              53.0837161
            ],
            [
              25.3275204,
              53.083737
            ],
            [
              25.3275834,
              53.0837435
            ],
            [
              25.3275901,
              53.0837685
            ],
            [
              25.3275727,
              53.0837797
            ],
            [
              25.3275231,
              53.0837838
            ],
            [
              25.3275016,
              53.0838031
            ],
            [
              25.3274949,
              53.084056
            ],
            [
              25.3275365,
              53.084077
            ],
            [
              25.3275432,
              53.0841181
            ],
            [
              25.3274935,
              53.0841744
            ],
            [
              25.3274292,
              53.0843211
            ],
            [
              25.3273031,
              53.0844934
            ],
            [
              25.3272951,
              53.084516
            ],
            [
              25.3273594,
              53.0845289
            ],
            [
              25.3273246,
              53.08457
            ],
            [
              25.3272468,
              53.0846658
            ],
            [
              25.3270979,
              53.0848318
            ],
            [
              25.3269866,
              53.085042
            ],
            [
              25.3268404,
              53.0853763
            ],
            [
              25.3264368,
              53.0863131
            ],
            [
              25.3262866,
              53.0866159
            ],
            [
              25.3262061,
              53.0868849
            ],
            [
              25.3261793,
              53.0870267
            ],
            [
              25.3260961,
              53.0871459
            ],
            [
              25.3260425,
              53.0873054
            ],
            [
              25.326072,
              53.0874214
            ],
            [
              25.3261605,
              53.0873956
            ],
            [
              25.3262168,
              53.0873392
            ],
            [
              25.3262517,
              53.0873489
            ],
            [
              25.3262262,
              53.0873996
            ],
            [
              25.3261591,
              53.0874697
            ],
            [
              25.3259888,
              53.0876501
            ],
            [
              25.3258252,
              53.087808
            ],
            [
              25.3256348,
              53.0879433
            ],
            [
              25.3254953,
              53.0881527
            ],
            [
              25.3253692,
              53.0883912
            ],
            [
              25.3252821,
              53.0886352
            ],
            [
              25.3252762,
              53.0886514
            ],
            [
              25.325215,
              53.0888301
            ],
            [
              25.3251225,
              53.0890846
            ],
            [
              25.3250393,
              53.0893045
            ],
            [
              25.324979,
              53.0894648
            ],
            [
              25.3247577,
              53.0898764
            ],
            [
              25.3247328,
              53.0899441
            ],
            [
              25.3245217,
              53.0905191
            ],
            [
              25.3243446,
              53.0911264
            ],
            [
              25.3242534,
              53.0918899
            ],
            [
              25.3241515,
              53.0926308
            ],
            [
              25.3240496,
              53.0932203
            ],
            [
              25.323945,
              53.0937551
            ],
            [
              25.3239128,
              53.0941755
            ],
            [
              25.3238672,
              53.094293
            ],
            [
              25.3237545,
              53.0945379
            ],
            [
              25.3236392,
              53.0953528
            ],
            [
              25.3235105,
              53.0965238
            ],
            [
              25.3233737,
              53.0974015
            ],
            [
              25.3233147,
              53.0975432
            ],
            [
              25.3232905,
              53.0977188
            ],
            [
              25.3233093,
              53.0978766
            ],
            [
              25.3232315,
              53.098582
            ],
            [
              25.3231591,
              53.099165
            ],
            [
              25.3231537,
              53.0999268
            ],
            [
              25.3232181,
              53.1001748
            ],
            [
              25.3233629,
              53.1004228
            ],
            [
              25.3236338,
              53.1007932
            ],
            [
              25.3238699,
              53.101096
            ],
            [
              25.324181,
              53.1012779
            ],
            [
              25.3247577,
              53.1016081
            ],
            [
              25.3253075,
              53.1018561
            ],
            [
              25.3258789,
              53.1021282
            ],
            [
              25.3267264,
              53.102431
            ],
            [
              25.3274238,
              53.1025856
            ],
            [
              25.3278691,
              53.1026532
            ],
            [
              25.328384,
              53.1026918
            ],
            [
              25.3286576,
              53.1026693
            ],
            [
              25.32906,
              53.1026081
            ],
            [
              25.3297198,
              53.1025147
            ],
            [
              25.3300738,
              53.1025308
            ],
            [
              25.3304493,
              53.1026081
            ],
            [
              25.3307444,
              53.1027724
            ],
            [
              25.3308356,
              53.102972
            ],
            [
              25.3309751,
              53.1030783
            ],
            [
              25.3309804,
              53.1032973
            ],
            [
              25.3308624,
              53.1036323
            ],
            [
              25.3308839,
              53.1036645
            ],
            [
              25.3307927,
              53.1037998
            ],
            [
              25.3306344,
              53.1039141
            ],
            [
              25.3304279,
              53.1040445
            ],
            [
              25.3301623,
              53.1041733
            ],
            [
              25.3299719,
              53.1043392
            ],
            [
              25.329355,
              53.1048947
            ],
            [
              25.3289258,
              53.1051943
            ],
            [
              25.3287193,
              53.1053939
            ],
            [
              25.3286335,
              53.1055533
            ],
            [
              25.3285933,
              53.1056612
            ],
            [
              25.3286174,
              53.1057772
            ],
            [
              25.3287059,
              53.1058448
            ],
            [
              25.3287354,
              53.105935
            ],
            [
              25.3287408,
              53.1060461
            ],
            [
              25.3289366,
              53.1063295
            ],
            [
              25.3292209,
              53.1065404
            ],
            [
              25.329811,
              53.1067433
            ],
            [
              25.3298658,
              53.1067626
            ],
            [
              25.3300899,
              53.1068481
            ],
            [
              25.3302133,
              53.106885
            ],
            [
              25.3309643,
              53.1072875
            ],
            [
              25.3314364,
              53.1074775
            ],
            [
              25.3318226,
              53.1075935
            ],
            [
              25.3319138,
              53.1077191
            ],
            [
              25.3320801,
              53.1078092
            ],
            [
              25.332284,
              53.1078801
            ],
            [
              25.3324181,
              53.1081152
            ],
            [
              25.3324288,
              53.108273
            ],
            [
              25.332343,
              53.1083921
            ],
            [
              25.332064,
              53.1085016
            ],
            [
              25.33171,
              53.1086916
            ],
            [
              25.3313827,
              53.1088623
            ],
            [
              25.3308248,
              53.1089814
            ],
            [
              25.3303528,
              53.1090748
            ],
            [
              25.3300899,
              53.1091585
            ],
            [
              25.3296179,
              53.1094194
            ],
            [
              25.3290707,
              53.1097124
            ],
            [
              25.3286898,
              53.1098477
            ],
            [
              25.3282016,
              53.1098831
            ],
            [
              25.3273433,
              53.1099153
            ],
            [
              25.3260344,
              53.1099732
            ],
            [
              25.3251976,
              53.1100376
            ],
            [
              25.3251708,
              53.1096512
            ],
            [
              25.3263938,
              53.1096319
            ],
            [
              25.3266412,
              53.109631
            ],
            [
              25.3281105,
              53.1096255
            ],
            [
              25.3285021,
              53.1095578
            ],
            [
              25.3289419,
              53.1094065
            ],
            [
              25.329414,
              53.1091295
            ],
            [
              25.3297412,
              53.1089653
            ],
            [
              25.3301221,
              53.1088268
            ],
            [
              25.3304462,
              53.1087568
            ],
            [
              25.3307337,
              53.1086948
            ],
            [
              25.3312701,
              53.1085499
            ],
            [
              25.3316134,
              53.1084147
            ],
            [
              25.3316778,
              53.1082375
            ],
            [
              25.3315651,
              53.1080604
            ],
            [
              25.3312325,
              53.107835
            ],
            [
              25.3302133,
              53.1072682
            ],
            [
              25.3293228,
              53.1068657
            ],
            [
              25.3289527,
              53.1067755
            ],
            [
              25.3286308,
              53.1066209
            ],
            [
              25.3284055,
              53.106373
            ],
            [
              25.3281802,
              53.105964
            ],
            [
              25.3280675,
              53.1057965
            ],
            [
              25.3280944,
              53.1056967
            ],
            [
              25.328148,
              53.105629
            ],
            [
              25.3281319,
              53.1054873
            ],
            [
              25.3281748,
              53.1053907
            ],
            [
              25.3283089,
              53.105336
            ],
            [
              25.3283733,
              53.105146
            ],
            [
              25.3289731,
              53.1046407
            ],
            [
              25.3291887,
              53.1044535
            ],
            [
              25.3295642,
              53.1040638
            ],
            [
              25.3298593,
              53.1037675
            ],
            [
              25.3300738,
              53.1037096
            ],
            [
              25.3301758,
              53.1037611
            ],
            [
              25.3302562,
              53.1037933
            ],
            [
              25.3304332,
              53.1036194
            ],
            [
              25.3304923,
              53.1033907
            ],
            [
              25.3304172,
              53.1031717
            ],
            [
              25.3301811,
              53.1029431
            ],
            [
              25.3299719,
              53.1028303
            ],
            [
              25.3298236,
              53.1028132
            ],
            [
              25.329693,
              53.1027981
            ],
            [
              25.3294247,
              53.1027981
            ],
            [
              25.3290975,
              53.1028658
            ],
            [
              25.3288186,
              53.1029366
            ],
            [
              25.3285932,
              53.1029656
            ],
            [
              25.3281212,
              53.1029592
            ],
            [
              25.3278497,
              53.1029194
            ],
            [
              25.3274614,
              53.1028625
            ],
            [
              25.3269893,
              53.1027917
            ],
            [
              25.3268981,
              53.1027418
            ],
            [
              25.3267828,
              53.1027498
            ],
            [
              25.3266272,
              53.1027289
            ],
            [
              25.3262705,
              53.1026451
            ],
            [
              25.3262222,
              53.1026435
            ],
            [
              25.3261095,
              53.1026387
            ],
            [
              25.3260183,
              53.1025743
            ],
            [
              25.3259808,
              53.1025115
            ],
            [
              25.3258064,
              53.1024438
            ],
            [
              25.325726,
              53.102373
            ],
            [
              25.3255677,
              53.1023617
            ],
            [
              25.3254336,
              53.1023553
            ],
            [
              25.3253773,
              53.1022973
            ],
            [
              25.32538,
              53.1021991
            ],
            [
              25.3252056,
              53.1021105
            ],
            [
              25.3248355,
              53.1019285
            ],
            [
              25.324232,
              53.1016676
            ],
            [
              25.3241864,
              53.1016161
            ],
            [
              25.324012,
              53.1015533
            ],
            [
              25.3236875,
              53.1013536
            ],
            [
              25.3235239,
              53.1012167
            ],
            [
              25.3231591,
              53.1007819
            ],
            [
              25.3231457,
              53.1007207
            ],
            [
              25.3229392,
              53.1003986
            ],
            [
              25.3227809,
              53.1000089
            ],
            [
              25.3226763,
              53.0996546
            ],
            [
              25.3226629,
              53.0993615
            ],
            [
              25.3226709,
              53.0991988
            ],
            [
              25.3227594,
              53.0986787
            ],
            [
              25.3228372,
              53.0983711
            ],
            [
              25.3229687,
              53.0979169
            ],
            [
              25.3229713,
              53.0977719
            ],
            [
              25.323033,
              53.0974933
            ],
            [
              25.3230089,
              53.0973757
            ],
            [
              25.3230384,
              53.0971213
            ],
            [
              25.323135,
              53.0967331
            ],
            [
              25.3232208,
              53.0960535
            ],
            [
              25.3233388,
              53.0952449
            ],
            [
              25.3234488,
              53.0945588
            ],
            [
              25.3235346,
              53.0942318
            ],
            [
              25.3235507,
              53.0940128
            ],
            [
              25.3236365,
              53.0933798
            ],
            [
              25.3237277,
              53.0926646
            ],
            [
              25.3237572,
              53.0921508
            ],
            [
              25.3238001,
              53.0917674
            ],
            [
              25.3238511,
              53.0916933
            ],
            [
              25.3238538,
              53.0912536
            ],
            [
              25.3239262,
              53.0909717
            ],
            [
              25.3239101,
              53.0909314
            ],
            [
              25.3239611,
              53.0908799
            ],
            [
              25.3241515,
              53.090358
            ],
            [
              25.3241542,
              53.0903016
            ],
            [
              25.3242132,
              53.0902227
            ],
            [
              25.3243192,
              53.0898474
            ],
            [
              25.3242829,
              53.0898405
            ],
            [
              25.3242689,
              53.0898361
            ],
            [
              25.3242622,
              53.0898216
            ],
            [
              25.3242776,
              53.0898087
            ],
            [
              25.3243057,
              53.0898055
            ],
            [
              25.3243393,
              53.0898131
            ],
            [
              25.3243648,
              53.0897443
            ],
            [
              25.3244238,
              53.0896291
            ],
            [
              25.3244412,
              53.0895429
            ],
            [
              25.3244734,
              53.0894833
            ],
            [
              25.3244667,
              53.0894269
            ],
            [
              25.3244881,
              53.0893126
            ],
            [
              25.3246196,
              53.08905
            ],
            [
              25.3247845,
              53.0887117
            ],
            [
              25.3248543,
              53.0885249
            ],
            [
              25.3248784,
              53.0883944
            ],
            [
              25.3249803,
              53.0881399
            ],
            [
              25.3251252,
              53.0878128
            ],
            [
              25.325388,
              53.0872973
            ],
            [
              25.3254014,
              53.0871926
            ],
            [
              25.325498,
              53.0869623
            ],
            [
              25.3256133,
              53.0868237
            ],
            [
              25.3257796,
              53.086537
            ],
            [
              25.3259701,
              53.0862712
            ],
            [
              25.3261846,
              53.0858668
            ],
            [
              25.3265682,
              53.0851435
            ],
            [
              25.3266621,
              53.0848583
            ],
            [
              25.3266782,
              53.0847037
            ],
            [
              25.3267398,
              53.0846473
            ],
            [
              25.3268847,
              53.0844894
            ],
            [
              25.3268552,
              53.084433
            ],
            [
              25.3269464,
              53.0843509
            ],
            [
              25.3270617,
              53.0840963
            ],
            [
              25.3271073,
              53.0837258
            ],
            [
              25.3270698,
              53.0833665
            ],
            [
              25.3271154,
              53.0830137
            ],
            [
              25.3271556,
              53.0828252
            ],
            [
              25.3273407,
              53.0824981
            ],
            [
              25.3274935,
              53.0822162
            ],
            [
              25.3276759,
              53.0820245
            ],
            [
              25.3279522,
              53.0819004
            ],
            [
              25.3283143,
              53.0817361
            ],
            [
              25.3285772,
              53.0816313
            ],
            [
              25.3287059,
              53.0815314
            ],
            [
              25.32876,
              53.0814043
            ],
            [
              25.3294113,
              53.0810819
            ],
            [
              25.3297493,
              53.0809514
            ],
            [
              25.3301382,
              53.0806614
            ],
            [
              25.3303045,
              53.0805229
            ],
            [
              25.330562,
              53.0803811
            ],
            [
              25.3311226,
              53.0801185
            ],
            [
              25.3315437,
              53.080025
            ],
            [
              25.331997,
              53.0798977
            ],
            [
              25.3323403,
              53.0797543
            ],
            [
              25.3326112,
              53.0795755
            ],
            [
              25.3330108,
              53.0792097
            ],
            [
              25.3333274,
              53.0788665
            ],
            [
              25.3336251,
              53.0785104
            ],
            [
              25.333735,
              53.0782816
            ],
            [
              25.3337994,
              53.0780416
            ],
            [
              25.3338075,
              53.0778305
            ],
            [
              25.3337833,
              53.0776613
            ],
            [
              25.3336841,
              53.077534
            ],
            [
              25.333499,
              53.0773777
            ],
            [
              25.3334454,
              53.0772585
            ],
            [
              25.3334239,
              53.077099
            ],
            [
              25.3334373,
              53.0764979
            ],
            [
              25.3334025,
              53.0763433
            ],
            [
              25.3333998,
              53.0762385
            ],
            [
              25.3335097,
              53.0759017
            ],
            [
              25.333668,
              53.0756165
            ],
            [
              25.3337887,
              53.0754183
            ],
            [
              25.3339094,
              53.0752024
            ],
            [
              25.3341025,
              53.0748753
            ],
            [
              25.3342205,
              53.0746175
            ],
            [
              25.3342554,
              53.0741953
            ],
            [
              25.3342554,
              53.0740519
            ],
            [
              25.3343171,
              53.0739101
            ],
            [
              25.3342608,
              53.0738166
            ],
            [
              25.3341481,
              53.0736748
            ],
            [
              25.3341132,
              53.073591
            ],
            [
              25.3341642,
              53.0735507
            ],
            [
              25.334242,
              53.073541
            ],
            [
              25.3343305,
              53.0735958
            ],
            [
              25.3344083,
              53.0737102
            ],
            [
              25.3344807,
              53.0738053
            ],
            [
              25.3345531,
              53.0738343
            ],
            [
              25.3346604,
              53.0738182
            ],
            [
              25.3349823,
              53.0737119
            ],
            [
              25.3351217,
              53.0736313
            ],
            [
              25.3352237,
              53.0735024
            ],
            [
              25.3353015,
              53.0734282
            ],
            [
              25.335288,
              53.0733493
            ],
            [
              25.3353256,
              53.0732929
            ],
            [
              25.3353712,
              53.0732719
            ],
            [
              25.3355643,
              53.0732574
            ],
            [
              25.3359291,
              53.0732671
            ],
            [
              25.3363073,
              53.0733493
            ],
            [
              25.3368491,
              53.0735298
            ],
            [
              25.3377476,
              53.0739842
            ],
            [
              25.33815,
              53.074205
            ],
            [
              25.338563,
              53.0743323
            ],
            [
              25.3388822,
              53.0743709
            ],
            [
              25.3392604,
              53.0743661
            ],
            [
              25.3396386,
              53.0743049
            ],
            [
              25.3399363,
              53.0742178
            ],
            [
              25.3401965,
              53.0740986
            ],
            [
              25.3403789,
              53.0739375
            ],
            [
              25.3405371,
              53.0737586
            ],
            [
              25.3406712,
              53.0735572
            ],
            [
              25.3407302,
              53.0734202
            ],
            [
              25.3407302,
              53.0733509
            ]
          ]
        ]
      },
      "properties": {
        "id": 31,
        "name": "Озеро Альбертинское",
        "type": "lake",
        "type_ru": "Озеро",
        "district": "Слонимский",
        "region": "Гродненская область",
        "location_description": "восточная часть г. Слонима",
        "activities": "подводная охота, лов рыбы на дорожку с судов с двигателями",
        "coordinate_source": "osm_geometry"
      }
    },
    {
      "type": "Feature",
      "geometry": {
        "type": "Polygon",
        "coordinates": [
          [
            [
              26.3618994,
              54.5090103
            ],
            [
              26.3618135,
              54.5089356
            ],
            [
              26.3618135,
              54.5088608
            ],
            [
              26.3616891,
              54.5087512
            ],
            [
              26.3617089,
              54.5087302
            ],
            [
              26.3617402,
              54.5087196
            ],
            [
              26.3617792,
              54.5087238
            ],
            [
              26.3619208,
              54.5088459
            ],
            [
              26.3620324,
              54.5088683
            ],
            [
              26.3621054,
              54.5089306
            ],
            [
              26.3620912,
              54.5089507
            ],
            [
              26.362041,
              54.5089854
            ],
            [
              26.3619666,
              54.5090104
            ],
            [
              26.3618994,
              54.5090103
            ]
          ]
        ]
      },
      "properties": {
        "id": 32,
        "name": "Озеро Рыжее",
        "type": "lake",
        "type_ru": "Озеро",
        "district": "Сморгонский",
        "region": "Гродненская область",
        "location_description": "14 км на северо-запад от г. Сморгонь, 0,5 км на восток от дер. Рачуны",
        "activities": "подводная охота, лов рыбы на дорожку с судов с двигателями",
        "coordinate_source": "osm_geometry"
      }
    },
    {
      "type": "Feature",
      "geometry": {
        "type": "Polygon",
        "coordinates": [
          [
            [
              26.327985554051025,
              54.456965960319394
            ],
            [
              26.32874673470738,
              54.456679642765835
            ],
            [
              26.329866116129153,
              54.45725225896811
            ],
            [
              26.330448200310144,
              54.45683580071278
            ],
            [
              26.33438849194286,
              54.45641931009828
            ],
            [
              26.339045353030855,
              54.45764263441279
            ],
            [
              26.342224684134123,
              54.4590741968467
            ],
            [
              26.345180269794355,
              54.46139069979887
            ],
            [
              26.34629978125804,
              54.46146878846986
            ],
            [
              26.34625506948518,
              54.46243180801088
            ],
            [
              26.345359519592222,
              54.46331672372747
            ],
            [
              26.342807060602013,
              54.46357696568646
            ],
            [
              26.34119494183119,
              54.46261395863522
            ],
            [
              26.340881437761624,
              54.461572870847846
            ],
            [
              26.338418539285243,
              54.4597769586847
            ],
            [
              26.33541839479352,
              54.458293363071164
            ],
            [
              26.33120939185534,
              54.45857968471759
            ],
            [
              26.32888104593519,
              54.45839749689671
            ],
            [
              26.327985554051025,
              54.456965960319394
            ]
          ]
        ]
      },
      "properties": {
        "id": 33,
        "name": "Пруд Осиновка",
        "type": "pond",
        "type_ru": "Пруд",
        "district": "Сморгонский",
        "region": "Гродненская область",
        "location_description": "6,6 км на юго-запад от г. Сморгонь, 0,1 км северо-западнее дер. Осиновка",
        "activities": "подводная охота, лов рыбы на дорожку с судов с двигателями",
        "coordinate_source": "point_approximate"
      }
    },
    {
      "type": "Feature",
      "geometry": {
        "type": "Polygon",
        "coordinates": [
          [
            [
              26.600419,
              54.4192818
            ],
            [
              26.6015,
              54.418597
            ],
            [
              26.6017635,
              54.418346
            ],
            [
              26.6024239,
              54.4172709
            ],
            [
              26.6029019,
              54.4166398
            ],
            [
              26.6033923,
              54.4161091
            ],
            [
              26.6036021,
              54.4159434
            ],
            [
              26.6037826,
              54.4158806
            ],
            [
              26.603959,
              54.4158656
            ],
            [
              26.6041526,
              54.4158806
            ],
            [
              26.6047336,
              54.4160194
            ],
            [
              26.6049759,
              54.4160488
            ],
            [
              26.6053726,
              54.4160732
            ],
            [
              26.6082391,
              54.416519
            ],
            [
              26.6087292,
              54.4166246
            ],
            [
              26.6093918,
              54.41668
            ],
            [
              26.610419,
              54.4166904
            ],
            [
              26.6113568,
              54.4168013
            ],
            [
              26.612073,
              54.4168954
            ],
            [
              26.613058,
              54.4171758
            ],
            [
              26.6139387,
              54.4175152
            ],
            [
              26.6145435,
              54.4177236
            ],
            [
              26.6151988,
              54.4179363
            ],
            [
              26.6157373,
              54.4181753
            ],
            [
              26.6169987,
              54.4187001
            ],
            [
              26.6183482,
              54.4193256
            ],
            [
              26.6195834,
              54.419849
            ],
            [
              26.6209329,
              54.4202882
            ],
            [
              26.6219698,
              54.4207096
            ],
            [
              26.6231668,
              54.4211222
            ],
            [
              26.6246611,
              54.4214505
            ],
            [
              26.6261773,
              54.4216215
            ],
            [
              26.6266815,
              54.4217526
            ],
            [
              26.6272072,
              54.4219336
            ],
            [
              26.6276257,
              54.4221833
            ],
            [
              26.628087,
              54.4225328
            ],
            [
              26.6283552,
              54.4229136
            ],
            [
              26.6288595,
              54.4237563
            ],
            [
              26.6290146,
              54.4244136
            ],
            [
              26.6292357,
              54.4255801
            ],
            [
              26.6295864,
              54.4262987
            ],
            [
              26.630204,
              54.4270394
            ],
            [
              26.6306691,
              54.4275361
            ],
            [
              26.6311647,
              54.4278643
            ],
            [
              26.631889,
              54.4285651
            ],
            [
              26.6323541,
              54.4293368
            ],
            [
              26.632476,
              54.4296029
            ],
            [
              26.6325218,
              54.4301263
            ],
            [
              26.6327036,
              54.4304118
            ],
            [
              26.6333071,
              54.4308758
            ],
            [
              26.6337264,
              54.4313681
            ],
            [
              26.6345727,
              54.4319712
            ],
            [
              26.6349363,
              54.4322085
            ],
            [
              26.635309,
              54.4322453
            ],
            [
              26.635447,
              54.432288
            ],
            [
              26.6361551,
              54.4326999
            ],
            [
              26.6368089,
              54.4331585
            ],
            [
              26.6368562,
              54.433234
            ],
            [
              26.6368295,
              54.4333238
            ],
            [
              26.6372565,
              54.4339845
            ],
            [
              26.6373233,
              54.4340819
            ],
            [
              26.6374623,
              54.4341752
            ],
            [
              26.6376606,
              54.4342728
            ],
            [
              26.6377778,
              54.4343719
            ],
            [
              26.63824,
              54.4350444
            ],
            [
              26.6385221,
              54.4356963
            ],
            [
              26.6385679,
              54.4365078
            ],
            [
              26.6389033,
              54.4370221
            ],
            [
              26.639864,
              54.4379134
            ],
            [
              26.6412211,
              54.4394299
            ],
            [
              26.6421665,
              54.4403167
            ],
            [
              26.6425052,
              54.4405451
            ],
            [
              26.64277,
              54.4406589
            ],
            [
              26.6431272,
              54.4407379
            ],
            [
              26.6435923,
              54.4408931
            ],
            [
              26.6444699,
              54.4410863
            ],
            [
              26.6448791,
              54.441128
            ],
            [
              26.6450815,
              54.4411487
            ],
            [
              26.6453399,
              54.4411329
            ],
            [
              26.6459571,
              54.4410782
            ],
            [
              26.6468053,
              54.4409132
            ],
            [
              26.647255,
              54.4407523
            ],
            [
              26.6476621,
              54.4405358
            ],
            [
              26.6479457,
              54.4403122
            ],
            [
              26.6471146,
              54.4400163
            ],
            [
              26.6465092,
              54.440285
            ],
            [
              26.6460409,
              54.4403989
            ],
            [
              26.6455149,
              54.4404767
            ],
            [
              26.6450636,
              54.440537
            ],
            [
              26.6446193,
              54.4405381
            ],
            [
              26.6441588,
              54.4404998
            ],
            [
              26.6436343,
              54.4403848
            ],
            [
              26.643233,
              54.4402483
            ],
            [
              26.6427426,
              54.4400256
            ],
            [
              26.6422598,
              54.43967
            ],
            [
              26.6418199,
              54.4392332
            ],
            [
              26.64138,
              54.4386966
            ],
            [
              26.6410689,
              54.4382224
            ],
            [
              26.6404895,
              54.4371866
            ],
            [
              26.6402213,
              54.4368871
            ],
            [
              26.6400304,
              54.4367947
            ],
            [
              26.6398887,
              54.4366843
            ],
            [
              26.6395883,
              54.4364129
            ],
            [
              26.6393415,
              54.4359012
            ],
            [
              26.6392664,
              54.435065
            ],
            [
              26.6389768,
              54.4344098
            ],
            [
              26.6389736,
              54.4342819
            ],
            [
              26.6390933,
              54.4339104
            ],
            [
              26.6388645,
              54.4337444
            ],
            [
              26.6379064,
              54.4332249
            ],
            [
              26.636956,
              54.4327095
            ],
            [
              26.635274,
              54.4314113
            ],
            [
              26.634034,
              54.4302823
            ],
            [
              26.6335919,
              54.4294607
            ],
            [
              26.6332368,
              54.429099
            ],
            [
              26.6329686,
              54.4285622
            ],
            [
              26.6322549,
              54.4279616
            ],
            [
              26.631209,
              54.4269643
            ],
            [
              26.6304435,
              54.4257411
            ],
            [
              26.6301469,
              54.4253978
            ],
            [
              26.629986,
              54.4248049
            ],
            [
              26.6297642,
              54.4229622
            ],
            [
              26.6287614,
              54.4221969
            ],
            [
              26.6279042,
              54.4217259
            ],
            [
              26.6273058,
              54.4215131
            ],
            [
              26.625117,
              54.4209548
            ],
            [
              26.623133,
              54.4201831
            ],
            [
              26.6210381,
              54.4192868
            ],
            [
              26.6205354,
              54.4192157
            ],
            [
              26.6201917,
              54.4192034
            ],
            [
              26.6197555,
              54.4192269
            ],
            [
              26.6193472,
              54.4191266
            ],
            [
              26.6189823,
              54.418943
            ],
            [
              26.6186865,
              54.4187782
            ],
            [
              26.6181933,
              54.4185834
            ],
            [
              26.6166333,
              54.4178431
            ],
            [
              26.6163646,
              54.417698
            ],
            [
              26.6161775,
              54.4175499
            ],
            [
              26.615851,
              54.4172932
            ],
            [
              26.6155256,
              54.4171811
            ],
            [
              26.6144462,
              54.4168481
            ],
            [
              26.6137538,
              54.4166698
            ],
            [
              26.612687,
              54.4164672
            ],
            [
              26.6118657,
              54.416273
            ],
            [
              26.6112405,
              54.4162178
            ],
            [
              26.6103343,
              54.4161239
            ],
            [
              26.6085558,
              54.4157571
            ],
            [
              26.608065,
              54.4157094
            ],
            [
              26.6075309,
              54.4157529
            ],
            [
              26.6071107,
              54.4157396
            ],
            [
              26.6067168,
              54.4156902
            ],
            [
              26.6060382,
              54.4156218
            ],
            [
              26.6053967,
              54.4155798
            ],
            [
              26.6051697,
              54.4155373
            ],
            [
              26.6048253,
              54.4154284
            ],
            [
              26.6044685,
              54.4153589
            ],
            [
              26.6041849,
              54.4153253
            ],
            [
              26.6039201,
              54.4153407
            ],
            [
              26.6035308,
              54.4153884
            ],
            [
              26.6032892,
              54.415496
            ],
            [
              26.6031634,
              54.4155872
            ],
            [
              26.6030033,
              54.4158632
            ],
            [
              26.6025103,
              54.4164139
            ],
            [
              26.6018398,
              54.4171254
            ],
            [
              26.6011398,
              54.4177851
            ],
            [
              26.600558,
              54.4181982
            ],
            [
              26.5999665,
              54.4185941
            ],
            [
              26.5998801,
              54.418715
            ],
            [
              26.6001856,
              54.4190267
            ],
            [
              26.600419,
              54.4192818
            ]
          ]
        ]
      },
      "properties": {
        "id": 34,
        "name": "Озеро около дер. Михневичи",
        "type": "lake",
        "type_ru": "Озеро",
        "district": "Сморгонский",
        "region": "Гродненская область",
        "location_description": "10 км на юго-восток от г. Сморгонь, 2 км на север от дер. Михневичи",
        "activities": "подводная охота, лов рыбы на дорожку с судов с двигателями",
        "coordinate_source": "osm_geometry"
      }
    },
    {
      "type": "Feature",
      "geometry": {
        "type": "Polygon",
        "coordinates": [
          [
            [
              26.4050651,
              54.4808121
            ],
            [
              26.4050025,
              54.4809795
            ],
            [
              26.4049559,
              54.4810758
            ],
            [
              26.4048849,
              54.4812599
            ],
            [
              26.4048004,
              54.481429
            ],
            [
              26.4047758,
              54.4814851
            ],
            [
              26.4047655,
              54.4815697
            ],
            [
              26.4047127,
              54.4816358
            ],
            [
              26.4047002,
              54.4816701
            ],
            [
              26.4047943,
              54.4816252
            ],
            [
              26.4048438,
              54.4814715
            ],
            [
              26.4048658,
              54.4814328
            ],
            [
              26.404935,
              54.4812711
            ],
            [
              26.4050283,
              54.4810889
            ],
            [
              26.4050717,
              54.4810384
            ],
            [
              26.4051071,
              54.4809609
            ],
            [
              26.4051456,
              54.4808665
            ],
            [
              26.4051547,
              54.4808264
            ],
            [
              26.4050651,
              54.4808121
            ]
          ]
        ]
      },
      "properties": {
        "id": 35,
        "name": "Водохранилище Рачунское (Снигянское)",
        "type": "reservoir",
        "type_ru": "Водохранилище",
        "district": "Сморгонский",
        "region": "Гродненская область",
        "location_description": "13 км на северо-запад от г. Сморгонь, 0,24 км на восток от дер. Снигяны",
        "activities": "подводная охота, лов рыбы на дорожку с судов с двигателями",
        "coordinate_source": "osm_geometry"
      }
    }
  ]
}