{
  "type": "FeatureCollection",
  "metadata": {
    "title": "Рыболовные угодья Минской области",
    "description": "Водоёмы для подводной охоты и лова рыбы на дорожку — Минская область РБ",
    "total_features": 57,
    "with_polygon": 42,
    "with_linestring": 15,
    "source": "Нормативные документы РБ, геометрия по данным OSM (приближение)"
  },
  "features": [
    {
      "type": "Feature",
      "geometry": {
        "type": "LineString",
        "coordinates": [
          [
            28.682,
            54.047
          ],
          [
            28.62,
            54.0
          ],
          [
            28.555,
            53.965
          ],
          [
            28.49,
            53.92
          ],
          [
            28.435,
            53.88
          ],
          [
            28.4,
            53.84
          ],
          [
            28.37,
            53.795
          ],
          [
            28.338,
            53.74
          ],
          [
            28.31,
            53.69
          ],
          [
            28.29,
            53.65
          ],
          [
            28.265,
            53.6
          ]
        ]
      },
      "properties": {
        "id": 1,
        "name": "Участок реки Березина (Березинский)",
        "type": "water_body",
        "type_ru": "Водоём",
        "district": "Березинский",
        "region": "Минская область",
        "location_description": "от границы с Борисовским районом до границы с Осиповичским районом",
        "activities": "подводная охота",
        "coordinate_source": "osm_geometry_approx"
      }
    },
    {
      "type": "Feature",
      "geometry": {
        "type": "Polygon",
        "coordinates": [
          [
            [
              28.960881404973605,
              53.74787999108764
            ],
            [
              28.961287136644017,
              53.747502964148055
            ],
            [
              28.96263474540484,
              53.74670605516539
            ],
            [
              28.965228530009938,
              53.74644898452709
            ],
            [
              28.969749540048554,
              53.74697169317241
            ],
            [
              28.970300175886052,
              53.747580083570085
            ],
            [
              28.970561003388326,
              53.74879683793634
            ],
            [
              28.967503525445693,
              53.74979078014158
            ],
            [
              28.963634584163344,
              53.749970715440526
            ],
            [
              28.96209859998382,
              53.749370928113166
            ],
            [
              28.961316117476997,
              53.748745426493116
            ],
            [
              28.960881404973605,
              53.74787999108764
            ]
          ]
        ]
      },
      "properties": {
        "id": 2,
        "name": "Озеро Окунь",
        "type": "lake",
        "type_ru": "Озеро",
        "district": "Березинский",
        "region": "Минская область",
        "location_description": "в 8 км на юг от г. Березино",
        "activities": "подводная охота",
        "coordinate_source": "osm_geometry_approx"
      }
    },
    {
      "type": "Feature",
      "geometry": {
        "type": "LineString",
        "coordinates": [
          [
            28.25,
            54.48
          ],
          [
            28.295,
            54.43
          ],
          [
            28.34,
            54.382
          ],
          [
            28.39,
            54.335
          ],
          [
            28.435,
            54.295
          ],
          [
            28.48,
            54.258
          ],
          [
            28.51,
            54.22
          ],
          [
            28.548,
            54.185
          ],
          [
            28.575,
            54.145
          ],
          [
            28.62,
            54.1
          ],
          [
            28.66,
            54.06
          ],
          [
            28.68,
            54.048
          ]
        ]
      },
      "properties": {
        "id": 3,
        "name": "Участок реки Березина (Борисовский)",
        "type": "water_body",
        "type_ru": "Водоём",
        "district": "Борисовский",
        "region": "Минская область",
        "location_description": "от границы с Докшицким районом до границы с Березинским районом",
        "activities": "подводная охота",
        "coordinate_source": "osm_geometry_approx"
      }
    },
    {
      "type": "Feature",
      "geometry": {
        "type": "LineString",
        "coordinates": [
          [
            28.758,
            54.38
          ],
          [
            28.72,
            54.34
          ],
          [
            28.685,
            54.298
          ],
          [
            28.65,
            54.26
          ],
          [
            28.62,
            54.215
          ],
          [
            28.595,
            54.17
          ],
          [
            28.57,
            54.128
          ],
          [
            28.548,
            54.09
          ]
        ]
      },
      "properties": {
        "id": 4,
        "name": "Участок реки Бобр (Борисовский)",
        "type": "water_body",
        "type_ru": "Водоём",
        "district": "Борисовский",
        "region": "Минская область",
        "location_description": "от границы с Крупским районом до границы с Березинским районом",
        "activities": "подводная охота",
        "coordinate_source": "osm_geometry_approx"
      }
    },
    {
      "type": "Feature",
      "geometry": {
        "type": "LineString",
        "coordinates": [
          [
            28.912,
            54.348
          ],
          [
            28.87,
            54.316
          ],
          [
            28.832,
            54.285
          ],
          [
            28.798,
            54.252
          ],
          [
            28.764,
            54.218
          ],
          [
            28.735,
            54.19
          ],
          [
            28.71,
            54.168
          ],
          [
            28.685,
            54.145
          ]
        ]
      },
      "properties": {
        "id": 5,
        "name": "Участок реки Нача",
        "type": "water_body",
        "type_ru": "Водоём",
        "district": "Борисовский",
        "region": "Минская область",
        "location_description": "от границы с Крупским районом до устья реки Бобр",
        "activities": "подводная охота",
        "coordinate_source": "osm_geometry_approx"
      }
    },
    {
      "type": "Feature",
      "geometry": {
        "type": "Polygon",
        "coordinates": [
          [
            [
              28.186021702355987,
              54.561953507588754
            ],
            [
              28.184334030165502,
              54.56120519777869
            ],
            [
              28.18453257983549,
              54.560701519981734
            ],
            [
              28.184234755331005,
              54.56008270731431
            ],
            [
              28.184904860465394,
              54.55946388525618
            ],
            [
              28.188081655175438,
              54.558470872096535
            ],
            [
              28.189198497066087,
              54.55808229514727
            ],
            [
              28.18962041511321,
              54.557118032650436
            ],
            [
              28.189074403522483,
              54.555693185137415
            ],
            [
              28.18887585385346,
              54.55557804377054
            ],
            [
              28.19014160799489,
              54.55484400991557
            ],
            [
              28.189794146074092,
              54.55432586041718
            ],
            [
              28.190191245413104,
              54.55385088426064
            ],
            [
              28.19108471892463,
              54.55363498417944
            ],
            [
              28.19143218084639,
              54.55298727707847
            ],
            [
              28.19264829757151,
              54.55298727707847
            ],
            [
              28.193715502043943,
              54.555103082196496
            ],
            [
              28.192722753696927,
              54.55553486567396
            ],
            [
              28.192697934988757,
              54.55657112737026
            ],
            [
              28.19222637952342,
              54.55785202557857
            ],
            [
              28.192027829854425,
              54.558355738571606
            ],
            [
              28.190191245413104,
              54.559248014887174
            ],
            [
              28.18895030997885,
              54.55931997180372
            ],
            [
              28.186939994576647,
              54.55973731941663
            ],
            [
              28.18622025202501,
              54.55980927547009
            ],
            [
              28.185500509473428,
              54.56018344490019
            ],
            [
              28.185798333977885,
              54.560687129096124
            ],
            [
              28.185972064938767,
              54.56139227651863
            ],
            [
              28.18661735136402,
              54.56201106931289
            ],
            [
              28.186021702355987,
              54.561953507588754
            ]
          ]
        ]
      },
      "properties": {
        "id": 6,
        "name": "Пруд Мстиж",
        "type": "pond",
        "type_ru": "Пруд",
        "district": "Борисовский",
        "region": "Минская область",
        "location_description": "д. Мстиж, Борисовский район",
        "activities": "подводная охота, лов рыбы на дорожку с судов с двигателями",
        "coordinate_source": "osm_geometry_approx"
      }
    },
    {
      "type": "Feature",
      "geometry": {
        "type": "LineString",
        "coordinates": [
          [
            26.62,
            54.512
          ],
          [
            26.68,
            54.495
          ],
          [
            26.74,
            54.49
          ],
          [
            26.795,
            54.487
          ],
          [
            26.84,
            54.489
          ],
          [
            26.892,
            54.492
          ],
          [
            26.935,
            54.49
          ],
          [
            26.978,
            54.488
          ],
          [
            27.025,
            54.48
          ],
          [
            27.068,
            54.47
          ]
        ]
      },
      "properties": {
        "id": 7,
        "name": "Участок реки Вилия (Вилейский)",
        "type": "water_body",
        "type_ru": "Водоём",
        "district": "Вилейский",
        "region": "Минская область",
        "location_description": "в пределах Вилейского района",
        "activities": "подводная охота",
        "coordinate_source": "osm_geometry_approx"
      }
    },
    {
      "type": "Feature",
      "geometry": {
        "type": "Polygon",
        "coordinates": [
          [
            [
              26.78951627118613,
              54.557647594723875
            ],
            [
              26.79105438230644,
              54.55675565963716
            ],
            [
              26.79400242862053,
              54.55556638251042
            ],
            [
              26.79791179438584,
              54.55350364775984
            ],
            [
              26.800411224957315,
              54.55422840428929
            ],
            [
              26.803070874808157,
              54.56322174726213
            ],
            [
              26.802462039156694,
              54.56452227317189
            ],
            [
              26.80047531229249,
              54.56524683389901
            ],
            [
              26.79855267339147,
              54.565153942217535
            ],
            [
              26.79595711087572,
              54.56299879579771
            ],
            [
              26.79432286780991,
              54.56086211577647
            ],
            [
              26.792720668725167,
              54.56006315448698
            ],
            [
              26.7914068654768,
              54.55956147311829
            ],
            [
              26.78951627118613,
              54.557647594723875
            ]
          ]
        ]
      },
      "properties": {
        "id": 8,
        "name": "Озеро (Цынцевичи)",
        "type": "lake",
        "type_ru": "Озеро",
        "district": "Вилейский",
        "region": "Минская область",
        "location_description": "д. Цынцевичи, Вилейский район",
        "activities": "подводная охота",
        "coordinate_source": "osm_geometry_approx"
      }
    },
    {
      "type": "Feature",
      "geometry": {
        "type": "Polygon",
        "coordinates": [
          [
            [
              26.393624858085985,
              54.10786793340037
            ],
            [
              26.394395020875606,
              54.106771378838545
            ],
            [
              26.394505044131876,
              54.106513361785574
            ],
            [
              26.39241460227271,
              54.104857714161085
            ],
            [
              26.393478160411945,
              54.10451367519073
            ],
            [
              26.39721895110651,
              54.10576080287848
            ],
            [
              26.40007955575672,
              54.10513724372285
            ],
            [
              26.41020169528639,
              54.10584681030184
            ],
            [
              26.41119190458849,
              54.106255343127486
            ],
            [
              26.41119190458849,
              54.10584681030184
            ],
            [
              26.41595957900452,
              54.10623384150023
            ],
            [
              26.416876439469604,
              54.106470358787476
            ],
            [
              26.416583044120017,
              54.10870645555758
            ],
            [
              26.415996253423714,
              54.10995345714687
            ],
            [
              26.41562950923708,
              54.11145840911709
            ],
            [
              26.418013346445804,
              54.114016702093636
            ],
            [
              26.418893532491694,
              54.11504857390531
            ],
            [
              26.418746834817597,
              54.11582246090751
            ],
            [
              26.416546369702246,
              54.115886950839155
            ],
            [
              26.414749323191245,
              54.11509156800662
            ],
            [
              26.41449260226085,
              54.11575797087596
            ],
            [
              26.415702858074127,
              54.116273888319995
            ],
            [
              26.414969369702362,
              54.11743467909136
            ],
            [
              26.413025625517292,
              54.11633837754931
            ],
            [
              26.411521974355907,
              54.11515605907502
            ],
            [
              26.409578230170865,
              54.11100692926203
            ],
            [
              26.40220667203502,
              54.10849145149291
            ],
            [
              26.401033090639572,
              54.10793243570711
            ],
            [
              26.399639462734484,
              54.10739491342042
            ],
            [
              26.396558811573186,
              54.10726590703504
            ],
            [
              26.394798439480013,
              54.10812594202406
            ],
            [
              26.393624858085985,
              54.10786793340037
            ]
          ]
        ]
      },
      "properties": {
        "id": 9,
        "name": "Водохранилище Саковщинское",
        "type": "reservoir",
        "type_ru": "Водохранилище",
        "district": "Воложинский",
        "region": "Минская область",
        "location_description": "д. Саковщина, Воложинский район",
        "activities": "подводная охота, лов рыбы на дорожку с судов с двигателями",
        "coordinate_source": "osm_geometry_approx"
      }
    },
    {
      "type": "Feature",
      "geometry": {
        "type": "Polygon",
        "coordinates": [
          [
            [
              27.083441460065643,
              53.689128479761564
            ],
            [
              27.083177342114,
              53.68865460767253
            ],
            [
              27.083891887512124,
              53.688031036695094
            ],
            [
              27.083891887512124,
              53.68745199823314
            ],
            [
              27.08404231812355,
              53.68653888294088
            ],
            [
              27.083485930181183,
              53.684873683187305
            ],
            [
              27.082921815321924,
              53.68311414047349
            ],
            [
              27.082282485283656,
              53.68077539396887
            ],
            [
              27.082808992418535,
              53.679461184197436
            ],
            [
              27.083937221996308,
              53.677812795327156
            ],
            [
              27.085366312794008,
              53.677144511191386
            ],
            [
              27.085403920445714,
              53.67632027948889
            ],
            [
              27.085704781667175,
              53.67578563408543
            ],
            [
              27.08939033161741,
              53.676119788257694
            ],
            [
              27.090104877016955,
              53.67647621645358
            ],
            [
              27.089691192838814,
              53.677857347225796
            ],
            [
              27.088668924443027,
              53.67792519108309
            ],
            [
              27.08765351715374,
              53.67854891205246
            ],
            [
              27.08735265593228,
              53.680063623702466
            ],
            [
              27.08637485696599,
              53.68140008874627
            ],
            [
              27.08614921105101,
              53.68251377722058
            ],
            [
              27.086036388092793,
              53.683694254850536
            ],
            [
              27.08678854114416,
              53.68467424887746
            ],
            [
              27.085735526872867,
              53.6860551108432
            ],
            [
              27.085735526872867,
              53.6870350499305
            ],
            [
              27.085472273304646,
              53.687747718579175
            ],
            [
              27.084306436075167,
              53.68919528963795
            ],
            [
              27.083441460065643,
              53.689128479761564
            ]
          ]
        ]
      },
      "properties": {
        "id": 10,
        "name": "Пруд Дягильно",
        "type": "pond",
        "type_ru": "Пруд",
        "district": "Дзержинский",
        "region": "Минская область",
        "location_description": "д. Дягильно, Дзержинский район",
        "activities": "подводная охота",
        "coordinate_source": "osm_geometry_approx"
      }
    },
    {
      "type": "Feature",
      "geometry": {
        "type": "Polygon",
        "coordinates": [
          [
            [
              26.94357074995574,
              52.8278715942356
            ],
            [
              26.94621365234164,
              52.82683715595323
            ],
            [
              26.95462812490109,
              52.827579352918235
            ],
            [
              26.965321585646933,
              52.82577863541715
            ],
            [
              26.969353253078282,
              52.827792432283786
            ],
            [
              26.971457850133845,
              52.82577898063201
            ],
            [
              26.970060020519412,
              52.82196312671789
            ],
            [
              26.96604526676373,
              52.81910017377132
            ],
            [
              26.95571834483775,
              52.81835734295828
            ],
            [
              26.957134859058982,
              52.81539047950622
            ],
            [
              26.969911132587185,
              52.8142256306117
            ],
            [
              26.973073945914052,
              52.81009328917574
            ],
            [
              26.97832544477228,
              52.80935123792099
            ],
            [
              26.97956015586189,
              52.806066716949886
            ],
            [
              26.983063370216854,
              52.805218666190996
            ],
            [
              26.98446014895586,
              52.80712567549611
            ],
            [
              26.987968588305108,
              52.80596012470633
            ],
            [
              26.987100638148405,
              52.80278205634889
            ],
            [
              26.99113228863726,
              52.80023870541345
            ],
            [
              26.997265412216564,
              52.80161597738925
            ],
            [
              27.00602512301589,
              52.806913857463485
            ],
            [
              27.00759806922153,
              52.81253026185462
            ],
            [
              27.004611642730424,
              52.81443804258586
            ],
            [
              27.00619077703351,
              52.815073894269716
            ],
            [
              27.016018448316686,
              52.814119651795096
            ],
            [
              27.02916807452064,
              52.81899291522183
            ],
            [
              27.02758628487001,
              52.83435561147806
            ],
            [
              27.02192817609685,
              52.83618830116313
            ],
            [
              27.01907954043199,
              52.833465319983105
            ],
            [
              27.010770567782117,
              52.837335703992636
            ],
            [
              27.009109616942055,
              52.83991516801299
            ],
            [
              27.020503348512307,
              52.846363470775174
            ],
            [
              27.020503562968884,
              52.85668673905252
            ],
            [
              27.000088330577427,
              52.858553397997554
            ],
            [
              26.993206632056513,
              52.85410640092502
            ],
            [
              26.97849048551919,
              52.85453600775935
            ],
            [
              26.974916412139237,
              52.8478077748573
            ],
            [
              26.971120598382868,
              52.85081691845343
            ],
            [
              26.960677636256918,
              52.856119306501824
            ],
            [
              26.950461559609664,
              52.855693262724714
            ],
            [
              26.94357074995574,
              52.8278715942356
            ]
          ]
        ]
      },
      "properties": {
        "id": 11,
        "name": "Водохранилище Краснослободское",
        "type": "reservoir",
        "type_ru": "Водохранилище",
        "district": "Клецкий",
        "region": "Минская область",
        "location_description": "г.п. Красная Слобода, 2 км западнее г. Клецка",
        "activities": "подводная охота, лов рыбы на дорожку с судов с двигателями",
        "coordinate_source": "osm_geometry_approx"
      }
    },
    {
      "type": "Feature",
      "geometry": {
        "type": "Polygon",
        "coordinates": [
          [
            [
              26.977924940774415,
              53.055198131115134
            ],
            [
              26.97842829645751,
              53.05440260917632
            ],
            [
              26.97994058801956,
              53.05315341506807
            ],
            [
              26.980822996677745,
              53.05266143844926
            ],
            [
              26.979623278292053,
              53.050691130501065
            ],
            [
              26.979559047374494,
              53.04925188337242
            ],
            [
              26.97880127830254,
              53.04766107860709
            ],
            [
              26.976593784738355,
              53.045578035275895
            ],
            [
              26.97237765318144,
              53.04402652478436
            ],
            [
              26.96696381875401,
              53.043269787715644
            ],
            [
              26.963878235624037,
              53.042057997236185
            ],
            [
              26.962870849262032,
              53.03986044402936
            ],
            [
              26.95877444093128,
              53.03629792419895
            ],
            [
              26.956001360697996,
              53.03311462423363
            ],
            [
              26.95278794752369,
              53.03231993219248
            ],
            [
              26.953291350501672,
              53.03144708612575
            ],
            [
              26.95549698503956,
              53.03118118111655
            ],
            [
              26.96028742390692,
              53.03106440723067
            ],
            [
              26.96079178156407,
              53.0313299047431
            ],
            [
              26.95990907063444,
              53.033150571761524
            ],
            [
              26.961673985307527,
              53.035236027901504
            ],
            [
              26.965139631264663,
              53.03842051232098
            ],
            [
              26.9663357304118,
              53.040732078478584
            ],
            [
              26.969231939699313,
              53.04209575172402
            ],
            [
              26.970680060650665,
              53.04224719642656
            ],
            [
              26.973324341085345,
              53.042247119956585
            ],
            [
              26.978294317109658,
              53.04417752757732
            ],
            [
              26.980123749708696,
              53.04603313553099
            ],
            [
              26.981134654048844,
              53.04853285994753
            ],
            [
              26.982207520328075,
              53.04951802964678
            ],
            [
              26.980820914959594,
              53.05027501362272
            ],
            [
              26.982714519506715,
              53.052321420637014
            ],
            [
              26.98221124807509,
              53.05353356750675
            ],
            [
              26.980886820505248,
              53.05353279152061
            ],
            [
              26.979060675140772,
              53.05572952327725
            ],
            [
              26.977924940774415,
              53.055198131115134
            ]
          ]
        ]
      },
      "properties": {
        "id": 12,
        "name": "Пруд Тимковичский",
        "type": "pond",
        "type_ru": "Пруд",
        "district": "Копыльский",
        "region": "Минская область",
        "location_description": "г.п. Тимковичи, Копыльский район",
        "activities": "подводная охота, лов рыбы на дорожку с судов с двигателями",
        "coordinate_source": "osm_geometry_approx"
      }
    },
    {
      "type": "Feature",
      "geometry": {
        "type": "Polygon",
        "coordinates": [
          [
            [
              27.339578815007172,
              53.09477016151368
            ],
            [
              27.340053687782984,
              53.095700014120865
            ],
            [
              27.339042002303643,
              53.09552644315997
            ],
            [
              27.337266391052168,
              53.09624551829765
            ],
            [
              27.337658677258418,
              53.09713814657786
            ],
            [
              27.339207175442937,
              53.09789438660101
            ],
            [
              27.33984722135807,
              53.09843986295576
            ],
            [
              27.340363387419615,
              53.09861342216388
            ],
            [
              27.341395719542646,
              53.100510130726605
            ],
            [
              27.341498952754222,
              53.10204727108629
            ],
            [
              27.33980592807407,
              53.10307613273693
            ],
            [
              27.33862906945376,
              53.10217123162542
            ],
            [
              27.33862906945376,
              53.10161340638726
            ],
            [
              27.336894751487932,
              53.10100598845665
            ],
            [
              27.33549077980078,
              53.100609302729765
            ],
            [
              27.33412810139913,
              53.10049773420988
            ],
            [
              27.332414430076966,
              53.09991509390497
            ],
            [
              27.330225885977256,
              53.09971674646923
            ],
            [
              27.328966440787326,
              53.09928285826396
            ],
            [
              27.327975401949942,
              53.09871259853958
            ],
            [
              27.327975401949942,
              53.09825390588463
            ],
            [
              27.32915226056869,
              53.09821671437376
            ],
            [
              27.332022143870745,
              53.0984770542737
            ],
            [
              27.333178355847423,
              53.0985762309638
            ],
            [
              27.3337977551206,
              53.09786959205695
            ],
            [
              27.334355214466058,
              53.096927388792636
            ],
            [
              27.334169394684807,
              53.096381893261196
            ],
            [
              27.336234058929193,
              53.0957496056954
            ],
            [
              27.339578815007172,
              53.09477016151368
            ]
          ]
        ]
      },
      "properties": {
        "id": 13,
        "name": "Пруд Старица",
        "type": "pond",
        "type_ru": "Пруд",
        "district": "Копыльский",
        "region": "Минская область",
        "location_description": "Копыльский район",
        "activities": "подводная охота",
        "coordinate_source": "osm_geometry_approx"
      }
    },
    {
      "type": "Feature",
      "geometry": {
        "type": "LineString",
        "coordinates": [
          [
            29.225,
            54.468
          ],
          [
            29.18,
            54.435
          ],
          [
            29.14,
            54.4
          ],
          [
            29.098,
            54.368
          ],
          [
            29.058,
            54.33
          ],
          [
            29.018,
            54.295
          ],
          [
            28.978,
            54.26
          ],
          [
            28.94,
            54.225
          ],
          [
            28.9,
            54.192
          ],
          [
            28.86,
            54.158
          ]
        ]
      },
      "properties": {
        "id": 14,
        "name": "Участок реки Бобр (Крупский)",
        "type": "water_body",
        "type_ru": "Водоём",
        "district": "Крупский",
        "region": "Минская область",
        "location_description": "в пределах Крупского района",
        "activities": "подводная охота",
        "coordinate_source": "osm_geometry_approx"
      }
    },
    {
      "type": "Feature",
      "geometry": {
        "type": "Polygon",
        "coordinates": [
          [
            [
              28.920305169361285,
              53.76954468402067
            ],
            [
              28.920590761176896,
              53.76892151765276
            ],
            [
              28.921531443062577,
              53.76817186998946
            ],
            [
              28.92441690547446,
              53.76729726413046
            ],
            [
              28.925420787512394,
              53.767358206768165
            ],
            [
              28.925621607430628,
              53.76741443183852
            ],
            [
              28.925716732565547,
              53.76777052257205
            ],
            [
              28.925515912837426,
              53.76803290328482
            ],
            [
              28.923856507714135,
              53.768139104536004
            ],
            [
              28.921996282862835,
              53.76882003558552
            ],
            [
              28.92160521286496,
              53.768932481852346
            ],
            [
              28.92121414286703,
              53.769107397668364
            ],
            [
              28.920706808817556,
              53.769725844175156
            ],
            [
              28.92055883638605,
              53.76971959728644
            ],
            [
              28.920305169361285,
              53.76954468402067
            ]
          ]
        ]
      },
      "properties": {
        "id": 15,
        "name": "Пруд (Гута)",
        "type": "pond",
        "type_ru": "Пруд",
        "district": "Крупский",
        "region": "Минская область",
        "location_description": "д. Гута, Крупский район",
        "activities": "подводная охота",
        "coordinate_source": "osm_geometry_approx"
      }
    },
    {
      "type": "Feature",
      "geometry": {
        "type": "Polygon",
        "coordinates": [
          [
            [
              29.032909772256716,
              54.38814476954809
            ],
            [
              29.032860594865838,
              54.38740002518969
            ],
            [
              29.03532042433767,
              54.38662663742474
            ],
            [
              29.034680864661425,
              54.38622556080827
            ],
            [
              29.034779258150195,
              54.385566662157004
            ],
            [
              29.03532042433767,
              54.38530883498623
            ],
            [
              29.03684554724009,
              54.386053709255805
            ],
            [
              29.035861593907384,
              54.3844493793963
            ],
            [
              29.034631619991416,
              54.38370448929817
            ],
            [
              29.03364768377014,
              54.38210013574812
            ],
            [
              29.033057347836547,
              54.38061033506918
            ],
            [
              29.034336432596064,
              54.38003728032075
            ],
            [
              29.034926789515964,
              54.379206360932784
            ],
            [
              29.0343364419152,
              54.37806027476711
            ],
            [
              29.034926799040562,
              54.375481402578174
            ],
            [
              29.037534197717036,
              54.37519478200096
            ],
            [
              29.037976945680015,
              54.37616906035174
            ],
            [
              29.037681791445806,
              54.37697135896286
            ],
            [
              29.036648700641734,
              54.37780229807049
            ],
            [
              29.037632606972437,
              54.37929225944245
            ],
            [
              29.03748502400623,
              54.379750693180995
            ],
            [
              29.03625511362995,
              54.38081081608044
            ],
            [
              29.036402718780664,
              54.38158438734416
            ],
            [
              29.03768182561336,
              54.382472551886565
            ],
            [
              29.03856731223442,
              54.38270175694976
            ],
            [
              29.040190686263685,
              54.382759061898525
            ],
            [
              29.04186331213566,
              54.38442070875726
            ],
            [
              29.04156829608175,
              54.385939090558054
            ],
            [
              29.042207892115727,
              54.38639746791344
            ],
            [
              29.04363453629432,
              54.38619692367433
            ],
            [
              29.044520027965262,
              54.386368801491614
            ],
            [
              29.044864383908674,
              54.3871422731286
            ],
            [
              29.04693040555523,
              54.38760056691444
            ],
            [
              29.047176422220787,
              54.38785839425887
            ],
            [
              29.046930496202407,
              54.389061533768
            ],
            [
              29.047520955408373,
              54.38989228868229
            ],
            [
              29.046979600397208,
              54.39083746702184
            ],
            [
              29.04560189909617,
              54.39118106268424
            ],
            [
              29.043486592347563,
              54.39020720656606
            ],
            [
              29.04240443301498,
              54.38891826302407
            ],
            [
              29.040584238370087,
              54.38854588453805
            ],
            [
              29.039944729050234,
              54.38825944310119
            ],
            [
              29.039009992410968,
              54.38845994652317
            ],
            [
              29.03738659450508,
              54.388058937344454
            ],
            [
              29.03635346323881,
              54.38823078792018
            ],
            [
              29.035271162410226,
              54.38803025867986
            ],
            [
              29.034090448109595,
              54.388345306565384
            ],
            [
              29.032909772256716,
              54.38814476954809
            ]
          ]
        ]
      },
      "properties": {
        "id": 16,
        "name": "Пруд (Игрушка)",
        "type": "pond",
        "type_ru": "Пруд",
        "district": "Крупский",
        "region": "Минская область",
        "location_description": "д. Игрушка, Крупский район",
        "activities": "подводная охота",
        "coordinate_source": "osm_geometry_approx"
      }
    },
    {
      "type": "Feature",
      "geometry": {
        "type": "Polygon",
        "coordinates": [
          [
            [
              28.960666533929043,
              54.55998473145655
            ],
            [
              28.961556102747323,
              54.55981186338701
            ],
            [
              28.96209425601225,
              54.55966884037403
            ],
            [
              28.96200456380157,
              54.55948681035909
            ],
            [
              28.96260998622489,
              54.55886270128269
            ],
            [
              28.962206371275983,
              54.558563645631665
            ],
            [
              28.96195971769623,
              54.55819957492301
            ],
            [
              28.96225121738135,
              54.55804354362397
            ],
            [
              28.96209425601225,
              54.55778349013272
            ],
            [
              28.96014345042721,
              54.55751043218237
            ],
            [
              28.960390104006933,
              54.55641818209713
            ],
            [
              28.960277988743144,
              54.556119108519766
            ],
            [
              28.96099552643028,
              54.55584603942552
            ],
            [
              28.961668218011084,
              54.555950065962634
            ],
            [
              28.96301360117377,
              54.55596306926137
            ],
            [
              28.96552498307679,
              54.556522207174936
            ],
            [
              28.96644432823831,
              54.556483197802095
            ],
            [
              28.96792424971693,
              54.55582003274978
            ],
            [
              28.968552095192422,
              54.555742012622545
            ],
            [
              28.9694265944336,
              54.55520887102935
            ],
            [
              28.970188978225934,
              54.55514385329343
            ],
            [
              28.973305782552274,
              54.5573934067213
            ],
            [
              28.973059128972523,
              54.55800453564095
            ],
            [
              28.973216090341623,
              54.55819957485758
            ],
            [
              28.972902167603422,
              54.558511635664075
            ],
            [
              28.97218462991728,
              54.558147564491065
            ],
            [
              28.97101863117595,
              54.55796552768547
            ],
            [
              28.969067825590884,
              54.55860265294962
            ],
            [
              28.967812134638933,
              54.558849698843574
            ],
            [
              28.967072173899624,
              54.55882369408266
            ],
            [
              28.965547406315665,
              54.55972084873494
            ],
            [
              28.965211060524354,
              54.56014991572181
            ],
            [
              28.962968755254195,
              54.56053997270163
            ],
            [
              28.962766947779784,
              54.561099047865525
            ],
            [
              28.962206371461775,
              54.56112505117491
            ],
            [
              28.962408178936215,
              54.56048796532005
            ],
            [
              28.961668218196905,
              54.56030593896156
            ],
            [
              28.960666533929043,
              54.55998473145655
            ]
          ]
        ]
      },
      "properties": {
        "id": 17,
        "name": "Пруд (Слобода)",
        "type": "pond",
        "type_ru": "Пруд",
        "district": "Крупский",
        "region": "Минская область",
        "location_description": "д. Слобода, Крупский район",
        "activities": "подводная охота",
        "coordinate_source": "osm_geometry_approx"
      }
    },
    {
      "type": "Feature",
      "geometry": {
        "type": "Polygon",
        "coordinates": [
          [
            [
              29.112374379315384,
              54.119131751041095
            ],
            [
              29.112460591139893,
              54.11818462143219
            ],
            [
              29.11220262925221,
              54.11804854535538
            ],
            [
              29.111815686420243,
              54.11804854535538
            ],
            [
              29.109468233238005,
              54.11723207951289
            ],
            [
              29.109880972223948,
              54.116158553634506
            ],
            [
              29.11327724542258,
              54.114520140547
            ],
            [
              29.116037437625096,
              54.11486791923622
            ],
            [
              29.117972151918764,
              54.115986839517575
            ],
            [
              29.119519923665194,
              54.1178465997138
            ],
            [
              29.11964890460851,
              54.1197062764889
            ],
            [
              29.11972629317532,
              54.121460041547124
            ],
            [
              29.118565464678312,
              54.122140361461675
            ],
            [
              29.116759731461684,
              54.121989180223636
            ],
            [
              29.113922150644413,
              54.120688998742594
            ],
            [
              29.112374379315384,
              54.119131751041095
            ]
          ]
        ]
      },
      "properties": {
        "id": 18,
        "name": "Озеро Нерыб",
        "type": "lake",
        "type_ru": "Озеро",
        "district": "Крупский",
        "region": "Минская область",
        "location_description": "Крупский район",
        "activities": "подводная охота",
        "coordinate_source": "osm_geometry_approx"
      }
    },
    {
      "type": "Feature",
      "geometry": {
        "type": "Polygon",
        "coordinates": [
          [
            [
              29.162305611587186,
              54.59321814790337
            ],
            [
              29.16609258929455,
              54.59290092880062
            ],
            [
              29.166868235331293,
              54.59427552706896
            ],
            [
              29.169651435815126,
              54.59469847104833
            ],
            [
              29.17216087887394,
              54.59617874038793
            ],
            [
              29.170974596700148,
              54.597500363975286
            ],
            [
              29.170290203138933,
              54.597500363975286
            ],
            [
              29.16933205215281,
              54.59649593396108
            ],
            [
              29.168100143741583,
              54.59549147917173
            ],
            [
              29.165910084345143,
              54.59496280880521
            ],
            [
              29.166001336819846,
              54.59567651217884
            ],
            [
              29.168008891266908,
              54.59654879931625
            ],
            [
              29.168145769978935,
              54.59771181976899
            ],
            [
              29.173255908572173,
              54.59829331753954
            ],
            [
              29.17489845311951,
              54.59916554862582
            ],
            [
              29.1750809580698,
              54.597764683545705
            ],
            [
              29.17804666350304,
              54.597764683545705
            ],
            [
              29.181651136260115,
              54.598187591289985
            ],
            [
              29.181605510022735,
              54.59966773380643
            ],
            [
              29.179643581813025,
              54.59961487250021
            ],
            [
              29.179141693201274,
              54.60053993545242
            ],
            [
              29.17996296547534,
              54.60170284191793
            ],
            [
              29.177271017466296,
              54.604742099697745
            ],
            [
              29.175126584307208,
              54.60479495434748
            ],
            [
              29.1710202229375,
              54.60479495434748
            ],
            [
              29.16928642591546,
              54.604213549425
            ],
            [
              29.16851077987866,
              54.603077143101785
            ],
            [
              29.167187618992784,
              54.60262785743433
            ],
            [
              29.163720024947736,
              54.59924484143434
            ],
            [
              29.16481505464691,
              54.59847833781626
            ],
            [
              29.16381127742244,
              54.597288907083566
            ],
            [
              29.160571814565174,
              54.59787041089379
            ],
            [
              29.159613663578938,
              54.59797613796687
            ],
            [
              29.157104220520154,
              54.596628097220275
            ],
            [
              29.158199250218416,
              54.59520071131948
            ],
            [
              29.160389309614857,
              54.59393188185089
            ],
            [
              29.161529965551324,
              54.59427552706896
            ],
            [
              29.162305611587186,
              54.59321814790337
            ]
          ]
        ]
      },
      "properties": {
        "id": 19,
        "name": "Озеро Обида",
        "type": "lake",
        "type_ru": "Озеро",
        "district": "Крупский",
        "region": "Минская область",
        "location_description": "Крупский район",
        "activities": "подводная охота",
        "coordinate_source": "osm_geometry_approx"
      }
    },
    {
      "type": "Feature",
      "geometry": {
        "type": "Polygon",
        "coordinates": [
          [
            [
              29.19149378486162,
              54.6116732895768
            ],
            [
              29.19055777378665,
              54.61136973588822
            ],
            [
              29.191943070178752,
              54.61121795819477
            ],
            [
              29.19520038872227,
              54.61139141836961
            ],
            [
              29.19827050505168,
              54.610697573235086
            ],
            [
              29.201827347140323,
              54.61134805339529
            ],
            [
              29.206582283407045,
              54.6123454361165
            ],
            [
              29.211374660116007,
              54.614990550180494
            ],
            [
              29.21410781245794,
              54.616182963413706
            ],
            [
              29.213883169800113,
              54.617093509991435
            ],
            [
              29.21115001745818,
              54.61806907300104
            ],
            [
              29.20646996207742,
              54.61689839458279
            ],
            [
              29.200629252963893,
              54.61405827549788
            ],
            [
              29.19684776821586,
              54.61336447582701
            ],
            [
              29.194189496761282,
              54.61197684100176
            ],
            [
              29.19149378486162,
              54.6116732895768
            ]
          ]
        ]
      },
      "properties": {
        "id": 20,
        "name": "Озеро Радомля",
        "type": "lake",
        "type_ru": "Озеро",
        "district": "Крупский",
        "region": "Минская область",
        "location_description": "Крупский район",
        "activities": "подводная охота",
        "coordinate_source": "osm_geometry_approx"
      }
    },
    {
      "type": "Feature",
      "geometry": {
        "type": "Polygon",
        "coordinates": [
          [
            [
              29.123390924313952,
              54.528351013977925
            ],
            [
              29.12354461540781,
              54.526880212369406
            ],
            [
              29.12569493943863,
              54.52563232318647
            ],
            [
              29.126846992406968,
              54.523648892328424
            ],
            [
              29.128267749928597,
              54.52171003642957
            ],
            [
              29.134795532980235,
              54.51890185044948
            ],
            [
              29.13521783956412,
              54.516695333044794
            ],
            [
              29.137176059337094,
              54.514243570645334
            ],
            [
              29.139518471529385,
              54.513975982731836
            ],
            [
              29.141015828756878,
              54.51299532710385
            ],
            [
              29.14055476362776,
              54.512282268485535
            ],
            [
              29.141591402719655,
              54.512014840956624
            ],
            [
              29.14351105800486,
              54.51237159665186
            ],
            [
              29.144164424908894,
              54.5138869563923
            ],
            [
              29.144625046210706,
              54.51373100254577
            ],
            [
              29.14523971013648,
              54.51444414029547
            ],
            [
              29.14527825751739,
              54.5158037575836
            ],
            [
              29.145047931099384,
              54.516851332888365
            ],
            [
              29.143128245152013,
              54.51780968805559
            ],
            [
              29.14366561422949,
              54.519102458471735
            ],
            [
              29.143281464916697,
              54.520172272698005
            ],
            [
              29.139864179025096,
              54.52124203889497
            ],
            [
              29.136484997889568,
              54.52217806068225
            ],
            [
              29.135985635804673,
              54.52322542073961
            ],
            [
              29.1317619578451,
              54.52489681210588
            ],
            [
              29.127730258152354,
              54.529152598222055
            ],
            [
              29.124734893495173,
              54.52913093663676
            ],
            [
              29.12350614377189,
              54.5288189327313
            ],
            [
              29.123390924313952,
              54.528351013977925
            ]
          ]
        ]
      },
      "properties": {
        "id": 21,
        "name": "Озеро Худовец",
        "type": "lake",
        "type_ru": "Озеро",
        "district": "Крупский",
        "region": "Минская область",
        "location_description": "Крупский район",
        "activities": "подводная охота",
        "coordinate_source": "osm_geometry_approx"
      }
    },
    {
      "type": "Feature",
      "geometry": {
        "type": "Polygon",
        "coordinates": [
          [
            [
              27.77905150532277,
              54.4268072346577
            ],
            [
              27.790813601128605,
              54.42187703610699
            ],
            [
              27.794861235691627,
              54.421987031604374
            ],
            [
              27.79656902566302,
              54.423568805590435
            ],
            [
              27.795810450149133,
              54.42470917841919
            ],
            [
              27.79435578621809,
              54.42448853608619
            ],
            [
              27.79195283380372,
              54.426548659738216
            ],
            [
              27.79302821166857,
              54.427541790053965
            ],
            [
              27.791953482283134,
              54.430043155420435
            ],
            [
              27.793408446435336,
              54.431330551336146
            ],
            [
              27.792333676481974,
              54.43254440671856
            ],
            [
              27.78664250626437,
              54.43563418474474
            ],
            [
              27.782531869203922,
              54.437179009951734
            ],
            [
              27.78076125780146,
              54.43842959876011
            ],
            [
              27.781963103938665,
              54.440195142663924
            ],
            [
              27.784681434076532,
              54.44243794033915
            ],
            [
              27.784681153715923,
              54.44357774055308
            ],
            [
              27.780824346716997,
              54.44328415099133
            ],
            [
              27.777346515650123,
              54.442733065596315
            ],
            [
              27.777156735683747,
              54.44328466935198
            ],
            [
              27.77899050459368,
              54.44387272465784
            ],
            [
              27.778800620973925,
              54.445122857384234
            ],
            [
              27.774690184860276,
              54.44560153794916
            ],
            [
              27.76773343366642,
              54.443725473791574
            ],
            [
              27.76729084798916,
              54.442438046357665
            ],
            [
              27.768935056366246,
              54.44177614360882
            ],
            [
              27.770073381317104,
              54.43916476453197
            ],
            [
              27.772729343482496,
              54.43787758942656
            ],
            [
              27.773488123321812,
              54.436443172592845
            ],
            [
              27.77481597708629,
              54.43493520891434
            ],
            [
              27.775574668183197,
              54.433574375150556
            ],
            [
              27.776080503914926,
              54.4331698051399
            ],
            [
              27.774878954321508,
              54.43225035631721
            ],
            [
              27.77279229169062,
              54.43225038689829
            ],
            [
              27.77076888441644,
              54.42879385518515
            ],
            [
              27.772918431306607,
              54.42897759005854
            ],
            [
              27.774625850969983,
              54.430485061901976
            ],
            [
              27.77645967994701,
              54.43081596618157
            ],
            [
              27.77753461522616,
              54.43019068835804
            ],
            [
              27.778419755270278,
              54.428682702323385
            ],
            [
              27.77905150532277,
              54.4268072346577
            ]
          ]
        ]
      },
      "properties": {
        "id": 22,
        "name": "Водохранилище Войковское",
        "type": "reservoir",
        "type_ru": "Водохранилище",
        "district": "Логойский",
        "region": "Минская область",
        "location_description": "Логойский район",
        "activities": "подводная охота, лов рыбы на дорожку с судов с двигателями",
        "coordinate_source": "osm_geometry_approx"
      }
    },
    {
      "type": "Feature",
      "geometry": {
        "type": "Polygon",
        "coordinates": [
          [
            [
              28.116760486377615,
              52.70689059752209
            ],
            [
              28.116841081386724,
              52.70391206237005
            ],
            [
              28.119178077726616,
              52.69961518686199
            ],
            [
              28.127962808339902,
              52.69678167101986
            ],
            [
              28.134249456744726,
              52.696781341834196
            ],
            [
              28.136829049001847,
              52.69941848755258
            ],
            [
              28.135620375242553,
              52.70229992283927
            ],
            [
              28.129978321673946,
              52.703423294637474
            ],
            [
              28.130542767822988,
              52.705962662691235
            ],
            [
              28.136830469767375,
              52.70982046422765
            ],
            [
              28.13731441857334,
              52.711920276528645
            ],
            [
              28.133122800061784,
              52.71240854829253
            ],
            [
              28.133929013677033,
              52.71353167545416
            ],
            [
              28.135299777011767,
              52.71670568030743
            ],
            [
              28.133042824451394,
              52.71987934669326
            ],
            [
              28.125062753973964,
              52.720953301958275
            ],
            [
              28.122079701699107,
              52.72012195159786
            ],
            [
              28.117888868521533,
              52.71597270878371
            ],
            [
              28.115873891129723,
              52.71216429734221
            ],
            [
              28.116760486377615,
              52.70689059752209
            ]
          ]
        ]
      },
      "properties": {
        "id": 23,
        "name": "Озеро Вечера",
        "type": "lake",
        "type_ru": "Озеро",
        "district": "Любанский",
        "region": "Минская область",
        "location_description": "Любанский район",
        "activities": "подводная охота",
        "coordinate_source": "osm_geometry_approx"
      }
    },
    {
      "type": "Feature",
      "geometry": {
        "type": "Polygon",
        "coordinates": [
          [
            [
              27.2316369171277,
              54.0312426239135
            ],
            [
              27.232753020089376,
              54.03053651317066
            ],
            [
              27.233362867779817,
              54.030159462539444
            ],
            [
              27.23557757781097,
              54.029876672322104
            ],
            [
              27.23625161999368,
              54.02916026183152
            ],
            [
              27.23811326030983,
              54.029009436997455
            ],
            [
              27.238466330024863,
              54.02857581255259
            ],
            [
              27.238305843790386,
              54.027010956302064
            ],
            [
              27.24578450230112,
              54.022052046971055
            ],
            [
              27.24832018479995,
              54.02139207149287
            ],
            [
              27.248865837995595,
              54.020505802234794
            ],
            [
              27.250053436127757,
              54.020392660119484
            ],
            [
              27.25050279758375,
              54.02107150819634
            ],
            [
              27.25169039571591,
              54.020901797215686
            ],
            [
              27.252300243406324,
              54.02161834997935
            ],
            [
              27.253873008500932,
              54.022429171114254
            ],
            [
              27.25496431489219,
              54.02250459553244
            ],
            [
              27.255606259828767,
              54.02395648892761
            ],
            [
              27.25133732600085,
              54.025238638354665
            ],
            [
              27.25050279758375,
              54.024880394699636
            ],
            [
              27.25014972786869,
              54.02335311081433
            ],
            [
              27.249700366412668,
              54.02397534435258
            ],
            [
              27.246169669262287,
              54.02442787198797
            ],
            [
              27.246490641731157,
              54.02565344294206
            ],
            [
              27.244564806921545,
              54.02697324819604
            ],
            [
              27.24382657024404,
              54.02670929049617
            ],
            [
              27.24225380514943,
              54.027124080415376
            ],
            [
              27.240745234549536,
              54.02833071847496
            ],
            [
              27.240142687487435,
              54.02982869031803
            ],
            [
              27.24190803611259,
              54.03175162819855
            ],
            [
              27.24248578655434,
              54.03250569716684
            ],
            [
              27.237767491271768,
              54.03297698332776
            ],
            [
              27.236772476620132,
              54.03365562601411
            ],
            [
              27.235937948203002,
              54.03331630605538
            ],
            [
              27.235071322538488,
              54.03288272652276
            ],
            [
              27.23414050238037,
              54.03210981266355
            ],
            [
              27.23340226570417,
              54.032279477912255
            ],
            [
              27.232118375831078,
              54.03205325742687
            ],
            [
              27.2316369171277,
              54.0312426239135
            ]
          ]
        ]
      },
      "properties": {
        "id": 24,
        "name": "Пруд Хмелевка",
        "type": "pond",
        "type_ru": "Пруд",
        "district": "Минский",
        "region": "Минская область",
        "location_description": "д. Хмелевка, Минский район",
        "activities": "подводная охота, лов рыбы на дорожку с судов с двигателями",
        "coordinate_source": "osm_geometry_approx"
      }
    },
    {
      "type": "Feature",
      "geometry": {
        "type": "Polygon",
        "coordinates": [
          [
            [
              26.698578608831525,
              54.20928887690917
            ],
            [
              26.7090663018933,
              54.21107453427507
            ],
            [
              26.708190114878022,
              54.215064811298134
            ],
            [
              26.705003980276587,
              54.214894029127834
            ],
            [
              26.6975165639644,
              54.21355879872502
            ],
            [
              26.697463461721128,
              54.21163350680354
            ],
            [
              26.698578608831525,
              54.20928887690917
            ]
          ]
        ]
      },
      "properties": {
        "id": 25,
        "name": "Обводненный карьер Полочаны",
        "type": "quarry",
        "type_ru": "Карьер",
        "district": "Молодечненский",
        "region": "Минская область",
        "location_description": "г.п. Полочаны, Молодечненский район",
        "activities": "подводная охота, лов рыбы на дорожку с судов с двигателями",
        "coordinate_source": "osm_geometry_approx"
      }
    },
    {
      "type": "Feature",
      "geometry": {
        "type": "LineString",
        "coordinates": [
          [
            26.432,
            54.318
          ],
          [
            26.49,
            54.288
          ],
          [
            26.548,
            54.255
          ],
          [
            26.608,
            54.22
          ],
          [
            26.66,
            54.192
          ],
          [
            26.71,
            54.162
          ],
          [
            26.762,
            54.135
          ],
          [
            26.81,
            54.11
          ]
        ]
      },
      "properties": {
        "id": 26,
        "name": "Участок реки Западная Березина (Молодечненский)",
        "type": "water_body",
        "type_ru": "Водоём",
        "district": "Молодечненский",
        "region": "Минская область",
        "location_description": "в пределах Молодечненского района",
        "activities": "подводная охота",
        "coordinate_source": "osm_geometry_approx"
      }
    },
    {
      "type": "Feature",
      "geometry": {
        "type": "Polygon",
        "coordinates": [
          [
            [
              27.74600739585975,
              53.51892226525325
            ],
            [
              27.745171819999058,
              53.517431877409535
            ],
            [
              27.744447686398246,
              53.51660385205312
            ],
            [
              27.744726198979066,
              53.51481527940081
            ],
            [
              27.745172041357307,
              53.51246354600792
            ],
            [
              27.748514399864064,
              53.50921745737335
            ],
            [
              27.7552542093579,
              53.50689871228869
            ],
            [
              27.762217075246866,
              53.50636839213507
            ],
            [
              27.768177782504125,
              53.50510918080579
            ],
            [
              27.772745060578387,
              53.506368320176136
            ],
            [
              27.772912064882632,
              53.50881978985731
            ],
            [
              27.77508466215926,
              53.5094160246521
            ],
            [
              27.775976126568565,
              53.51070790185116
            ],
            [
              27.775530652511065,
              53.513059749695856
            ],
            [
              27.773468846566658,
              53.51617319256664
            ],
            [
              27.76851170006813,
              53.517796157000504
            ],
            [
              27.763331315607616,
              53.52153857001849
            ],
            [
              27.754864337993467,
              53.523624903807075
            ],
            [
              27.751132205613487,
              53.523525473318955
            ],
            [
              27.74600739585975,
              53.51892226525325
            ]
          ]
        ]
      },
      "properties": {
        "id": 27,
        "name": "Озеро Сергеевичское",
        "type": "lake",
        "type_ru": "Озеро",
        "district": "Пуховичский",
        "region": "Минская область",
        "location_description": "д. Сергеевичи, Пуховичский район",
        "activities": "подводная охота, лов рыбы на дорожку с судов с двигателями",
        "coordinate_source": "osm_geometry_approx"
      }
    },
    {
      "type": "Feature",
      "geometry": {
        "type": "Polygon",
        "coordinates": [
          [
            [
              27.923990819033122,
              53.62558088461412
            ],
            [
              27.923775542456923,
              53.62452757902429
            ],
            [
              27.92466355833548,
              53.62277201128967
            ],
            [
              27.926385770948514,
              53.62197400181529
            ],
            [
              27.928995999440076,
              53.622101684345154
            ],
            [
              27.93155240878761,
              53.62291565139276
            ],
            [
              27.935427387167124,
              53.62452757902429
            ],
            [
              27.93593866903626,
              53.625900062936154
            ],
            [
              27.936073216896915,
              53.62905979807982
            ],
            [
              27.9349161052981,
              53.63040022030205
            ],
            [
              27.933274621400614,
              53.63097467393413
            ],
            [
              27.93087966948633,
              53.63062361986624
            ],
            [
              27.929561100454265,
              53.630049161454735
            ],
            [
              27.92843089842694,
              53.62996937494589
            ],
            [
              27.926358861376997,
              53.62963426996063
            ],
            [
              27.92466355833548,
              53.62802253737553
            ],
            [
              27.923990819033122,
              53.62558088461412
            ]
          ]
        ]
      },
      "properties": {
        "id": 28,
        "name": "Озеро Материнское",
        "type": "lake",
        "type_ru": "Озеро",
        "district": "Пуховичский",
        "region": "Минская область",
        "location_description": "д. Пятевщина, Пуховичский район",
        "activities": "подводная охота",
        "coordinate_source": "osm_geometry_approx"
      }
    },
    {
      "type": "Feature",
      "geometry": {
        "type": "LineString",
        "coordinates": [
          [
            28.278,
            53.605
          ],
          [
            28.25,
            53.568
          ],
          [
            28.222,
            53.532
          ],
          [
            28.198,
            53.495
          ],
          [
            28.175,
            53.46
          ],
          [
            28.152,
            53.422
          ],
          [
            28.13,
            53.385
          ],
          [
            28.108,
            53.348
          ]
        ]
      },
      "properties": {
        "id": 29,
        "name": "Участок реки Свислочь (Пуховичский)",
        "type": "water_body",
        "type_ru": "Водоём",
        "district": "Пуховичский",
        "region": "Минская область",
        "location_description": "в пределах Пуховичского района",
        "activities": "подводная охота",
        "coordinate_source": "osm_geometry_approx"
      }
    },
    {
      "type": "Feature",
      "geometry": {
        "type": "Polygon",
        "coordinates": [
          [
            [
              27.636873975209596,
              53.41899629681848
            ],
            [
              27.639756871288085,
              53.420448180009686
            ],
            [
              27.64146226081337,
              53.42255337526058
            ],
            [
              27.642071354981,
              53.42342446293526
            ],
            [
              27.64787788927717,
              53.42490039948862
            ],
            [
              27.652141425727592,
              53.42485201330953
            ],
            [
              27.655146189162963,
              53.42514235695228
            ],
            [
              27.660465549099058,
              53.423545438491004
            ],
            [
              27.666759331135722,
              53.423182488493865
            ],
            [
              27.667652608661,
              53.42337605936234
            ],
            [
              27.667814890325502,
              53.42504556804789
            ],
            [
              27.666962180773282,
              53.42538430140169
            ],
            [
              27.6629017786438,
              53.42497299363845
            ],
            [
              27.659369085755372,
              53.42560206194477
            ],
            [
              27.655836427622717,
              53.426134341705904
            ],
            [
              27.650638997912154,
              53.42615853090004
            ],
            [
              27.6489335886628,
              53.42627949762226
            ],
            [
              27.640893820016714,
              53.42480363039792
            ],
            [
              27.639553823066734,
              53.42390839032615
            ],
            [
              27.637645366765668,
              53.42226300651237
            ],
            [
              27.63533095013284,
              53.42056917973366
            ],
            [
              27.635127950696983,
              53.41998843021369
            ],
            [
              27.635046752664692,
              53.41892369775928
            ],
            [
              27.636873975209596,
              53.41899629681848
            ]
          ]
        ]
      },
      "properties": {
        "id": 30,
        "name": "Пруд (Шацк)",
        "type": "pond",
        "type_ru": "Пруд",
        "district": "Пуховичский",
        "region": "Минская область",
        "location_description": "д. Шацк, Пуховичский район",
        "activities": "подводная охота",
        "coordinate_source": "osm_geometry_approx"
      }
    },
    {
      "type": "Feature",
      "geometry": {
        "type": "Polygon",
        "coordinates": [
          [
            [
              27.339801497017532,
              53.094805619812945
            ],
            [
              27.339883375975205,
              53.09583812949967
            ],
            [
              27.338682484601833,
              53.09542840639878
            ],
            [
              27.33739971427076,
              53.09632979207066
            ],
            [
              27.33767264412782,
              53.09729671207032
            ],
            [
              27.339064586401747,
              53.097919462598895
            ],
            [
              27.34007442687465,
              53.09847665279915
            ],
            [
              27.3409205098626,
              53.09982043485434
            ],
            [
              27.341439056356904,
              53.102064946997416
            ],
            [
              27.339992528111594,
              53.103064510300555
            ],
            [
              27.338846222709577,
              53.102392675229936
            ],
            [
              27.338600585837668,
              53.10172082966605
            ],
            [
              27.336690076834742,
              53.10101619987424
            ],
            [
              27.33600775219037,
              53.10068846115462
            ],
            [
              27.334670395887883,
              53.10059013905172
            ],
            [
              27.332295906127314,
              53.09995103990619
            ],
            [
              27.330276225180484,
              53.09978716680092
            ],
            [
              27.327983614376564,
              53.09868920089323
            ],
            [
              27.328038200347976,
              53.09826311702392
            ],
            [
              27.329457435608134,
              53.09826311702392
            ],
            [
              27.33259612897072,
              53.09850893515579
            ],
            [
              27.333278453614014,
              53.09850893515579
            ],
            [
              27.334397466030794,
              53.09706678206365
            ],
            [
              27.33431558707312,
              53.09632929873328
            ],
            [
              27.3386278788239,
              53.09501818604346
            ],
            [
              27.339801497017532,
              53.094805619812945
            ]
          ]
        ]
      },
      "properties": {
        "id": 31,
        "name": "Пруд (Борок)",
        "type": "pond",
        "type_ru": "Пруд",
        "district": "Слуцкий",
        "region": "Минская область",
        "location_description": "д. Борок, Слуцкий район",
        "activities": "подводная охота",
        "coordinate_source": "osm_geometry_approx"
      }
    },
    {
      "type": "Feature",
      "geometry": {
        "type": "Polygon",
        "coordinates": [
          [
            [
              27.542543575896502,
              52.89833072832573
            ],
            [
              27.545565073030275,
              52.89585925254352
            ],
            [
              27.546384533357838,
              52.894438071023615
            ],
            [
              27.544797021242232,
              52.89366567264179
            ],
            [
              27.545565243382896,
              52.892862367220516
            ],
            [
              27.54776729028268,
              52.89366567264179
            ],
            [
              27.551249777135638,
              52.89141020945877
            ],
            [
              27.550430472830584,
              52.8898344219497
            ],
            [
              27.55309343823481,
              52.88998891284717
            ],
            [
              27.5526325853792,
              52.88887656904038
            ],
            [
              27.553708028903117,
              52.88847488399844
            ],
            [
              27.554476282247464,
              52.88909285661762
            ],
            [
              27.559955777913274,
              52.88785690351284
            ],
            [
              27.56154329868994,
              52.88779510373206
            ],
            [
              27.562669941487428,
              52.88591020544655
            ],
            [
              27.56062154790493,
              52.884148850477715
            ],
            [
              27.560980027577898,
              52.88315998765478
            ],
            [
              27.563540526687575,
              52.88442695365055
            ],
            [
              27.56717647039727,
              52.88510677104088
            ],
            [
              27.577521090663595,
              52.88309810560145
            ],
            [
              27.58561258192273,
              52.88436507043755
            ],
            [
              27.587148940116236,
              52.88399423767524
            ],
            [
              27.588582865142143,
              52.88325256839872
            ],
            [
              27.590989764027682,
              52.88121292794341
            ],
            [
              27.599183202981692,
              52.87815340205967
            ],
            [
              27.600413027194577,
              52.880502026361654
            ],
            [
              27.593345592432712,
              52.88180008170491
            ],
            [
              27.591348325972405,
              52.88281991251989
            ],
            [
              27.591041074456825,
              52.88356158569084
            ],
            [
              27.58832687289484,
              52.88569383635982
            ],
            [
              27.5848444491198,
              52.88646637048856
            ],
            [
              27.577982033663403,
              52.885910169553114
            ],
            [
              27.576599324885365,
              52.88628098229111
            ],
            [
              27.574602100790173,
              52.888783873274036
            ],
            [
              27.57009550236151,
              52.8898653239728
            ],
            [
              27.56103118359917,
              52.88903106158489
            ],
            [
              27.559597265075496,
              52.89153377707649
            ],
            [
              27.556729489497968,
              52.891193903636946
            ],
            [
              27.552786004187766,
              52.89406732110669
            ],
            [
              27.546589309346814,
              52.89706411459454
            ],
            [
              27.542543575896502,
              52.89833072832573
            ]
          ]
        ]
      },
      "properties": {
        "id": 32,
        "name": "Водохранилище на реке Сивельга",
        "type": "reservoir",
        "type_ru": "Водохранилище",
        "district": "Слуцкий",
        "region": "Минская область",
        "location_description": "Слуцкий район, р. Сивельга",
        "activities": "подводная охота, лов рыбы на дорожку с судов с двигателями",
        "coordinate_source": "osm_geometry_approx"
      }
    },
    {
      "type": "Feature",
      "geometry": {
        "type": "Polygon",
        "coordinates": [
          [
            [
              27.737985305984495,
              54.064422680207656
            ],
            [
              27.738310278048914,
              54.062655051043606
            ],
            [
              27.742277795721463,
              54.061427097708474
            ],
            [
              27.747084560320303,
              54.06192220469154
            ],
            [
              27.75674613897715,
              54.063458262909535
            ],
            [
              27.764777030375683,
              54.065331558890335
            ],
            [
              27.775297485517854,
              54.066940262990016
            ],
            [
              27.776163405016632,
              54.06927504236151
            ],
            [
              27.779751421760096,
              54.07419467770265
            ],
            [
              27.784947031193354,
              54.078260695213885
            ],
            [
              27.79420890585081,
              54.082182587272285
            ],
            [
              27.800660900243287,
              54.084647287236976
            ],
            [
              27.804997056196214,
              54.08384869567806
            ],
            [
              27.80944745991482,
              54.0811632499489
            ],
            [
              27.814655265569513,
              54.081597766505354
            ],
            [
              27.816268157198465,
              54.0807260521897
            ],
            [
              27.813786406380956,
              54.07912945947075
            ],
            [
              27.814902169876035,
              54.07789477833805
            ],
            [
              27.826176693952107,
              54.07709416862079
            ],
            [
              27.830036298426023,
              54.079415977735266
            ],
            [
              27.833204049623532,
              54.08319562639636
            ],
            [
              27.826406272061746,
              54.08740557137884
            ],
            [
              27.820934889098766,
              54.08979809769801
            ],
            [
              27.8137771470806,
              54.08950976656362
            ],
            [
              27.810810488196864,
              54.08805857909175
            ],
            [
              27.810805179836166,
              54.090017410341574
            ],
            [
              27.81339196803671,
              54.092627357361124
            ],
            [
              27.816726182609102,
              54.09538237608206
            ],
            [
              27.82091313695969,
              54.09936534781389
            ],
            [
              27.820076276100764,
              54.1033637846721
            ],
            [
              27.8209373225082,
              54.106335032074355
            ],
            [
              27.819214985430563,
              54.1064121090086
            ],
            [
              27.817992308346362,
              54.10504086207061
            ],
            [
              27.81550705508397,
              54.10358493965592
            ],
            [
              27.81538293269955,
              54.10242408454215
            ],
            [
              27.815997110213004,
              54.10075383534297
            ],
            [
              27.813390268976264,
              54.09893703768742
            ],
            [
              27.811676492607006,
              54.097275005358796
            ],
            [
              27.805365204582984,
              54.09488019259334
            ],
            [
              27.801526414526478,
              54.090960816855244
            ],
            [
              27.799166492812645,
              54.089217618957804
            ],
            [
              27.79669088084077,
              54.08704121834231
            ],
            [
              27.78864413147278,
              54.0842853628358
            ],
            [
              27.78011990347258,
              54.08073054638473
            ],
            [
              27.773565266877796,
              54.078261115008814
            ],
            [
              27.772821912835354,
              54.07564488999989
            ],
            [
              27.768492086698302,
              54.07237997254859
            ],
            [
              27.76206266425811,
              54.06817439867115
            ],
            [
              27.75563341133295,
              54.06563633555544
            ],
            [
              27.74808705566386,
              54.06440075346546
            ],
            [
              27.743027057960404,
              54.06397229495744
            ],
            [
              27.740943776786196,
              54.06449120133138
            ],
            [
              27.737985305984495,
              54.064422680207656
            ]
          ]
        ]
      },
      "properties": {
        "id": 33,
        "name": "Водохранилище Дубровское",
        "type": "reservoir",
        "type_ru": "Водохранилище",
        "district": "Смолевичский",
        "region": "Минская область",
        "location_description": "д. Дуброво, Смолевичский район",
        "activities": "подводная охота, лов рыбы на дорожку с судов с двигателями",
        "coordinate_source": "osm_geometry_approx"
      }
    },
    {
      "type": "Feature",
      "geometry": {
        "type": "Polygon",
        "coordinates": [
          [
            [
              28.05332134845773,
              54.04042578671368
            ],
            [
              28.053026743552834,
              54.038250920296946
            ],
            [
              28.05635157035249,
              54.03555689390106
            ],
            [
              28.062117409233593,
              54.03496369032473
            ],
            [
              28.07070303793148,
              54.033579515730025
            ],
            [
              28.07259692661563,
              54.033579515730025
            ],
            [
              28.073017790768404,
              54.0360512237491
            ],
            [
              28.073270309259073,
              54.04003036491963
            ],
            [
              28.07133433416061,
              54.0413648983978
            ],
            [
              28.068935408495122,
              54.0425511144083
            ],
            [
              28.064474248483236,
              54.04277352614139
            ],
            [
              28.05845589111138,
              54.04225456357963
            ],
            [
              28.055341496388138,
              54.04163674255696
            ],
            [
              28.053700126194627,
              54.0409447721095
            ],
            [
              28.05332134845773,
              54.04042578671368
            ]
          ]
        ]
      },
      "properties": {
        "id": 34,
        "name": "Смолевичское водохранилище",
        "type": "reservoir",
        "type_ru": "Водохранилище",
        "district": "Смолевичский",
        "region": "Минская область",
        "location_description": "г. Смолевичи, Смолевичский район",
        "activities": "подводная охота, лов рыбы на дорожку с судов с двигателями",
        "coordinate_source": "osm_geometry_approx"
      }
    },
    {
      "type": "Feature",
      "geometry": {
        "type": "Polygon",
        "coordinates": [
          [
            [
              27.986939351419494,
              53.83596127197649
            ],
            [
              27.979501385981564,
              53.84089882307302
            ],
            [
              27.971487333391792,
              53.84229172429767
            ],
            [
              27.977609364101482,
              53.84284695811738
            ],
            [
              27.978862461476183,
              53.84405241102931
            ],
            [
              27.968961369786058,
              53.8473008153598
            ],
            [
              27.964693061786676,
              53.85432570771283
            ],
            [
              27.95638505564378,
              53.86163997857341
            ],
            [
              27.94980304630033,
              53.86125941791374
            ],
            [
              27.950116556885547,
              53.86357908849129
            ],
            [
              27.96345653357008,
              53.86655476732355
            ],
            [
              27.956530676583355,
              53.877585368026416
            ],
            [
              27.946795529878784,
              53.88018012798145
            ],
            [
              27.930137487095152,
              53.881849503820064
            ],
            [
              27.917238557025996,
              53.88796748118074
            ],
            [
              27.917238297827424,
              53.890284365115065
            ],
            [
              27.912048209391514,
              53.892786013116165
            ],
            [
              27.908273941807465,
              53.897370592881146
            ],
            [
              27.90764684645481,
              53.90226317154509
            ],
            [
              27.90182628690482,
              53.89699998241841
            ],
            [
              27.904657491065507,
              53.894311149637446
            ],
            [
              27.911733606892284,
              53.8890298661108
            ],
            [
              27.918497412564335,
              53.88374797074718
            ],
            [
              27.92651739959743,
              53.8773505910566
            ],
            [
              27.940065912310047,
              53.87725345205595
            ],
            [
              27.946044026564493,
              53.868809695256886
            ],
            [
              27.941794385412976,
              53.86147880609195
            ],
            [
              27.94446863971666,
              53.857768512608544
            ],
            [
              27.9479322726298,
              53.85814003074171
            ],
            [
              27.95359210698396,
              53.85164515558094
            ],
            [
              27.952488491783413,
              53.85006880000677
            ],
            [
              27.953904164462614,
              53.849419279780506
            ],
            [
              27.961613224593236,
              53.84663482454266
            ],
            [
              27.95799444985667,
              53.84477952649203
            ],
            [
              27.96208668027424,
              53.84412856845128
            ],
            [
              27.95768072075643,
              53.83679784250356
            ],
            [
              27.97280089321623,
              53.8342792215804
            ],
            [
              27.986939351419494,
              53.83596127197649
            ]
          ]
        ]
      },
      "properties": {
        "id": 35,
        "name": "Водохранилище Петровичское",
        "type": "reservoir",
        "type_ru": "Водохранилище",
        "district": "Смолевичский",
        "region": "Минская область",
        "location_description": "д. Петровичи, Смолевичский район",
        "activities": "подводная охота, лов рыбы на дорожку с судов с двигателями",
        "coordinate_source": "osm_geometry_approx"
      }
    },
    {
      "type": "Feature",
      "geometry": {
        "type": "Polygon",
        "coordinates": [
          [
            [
              28.04385438099837,
              54.01397314007724
            ],
            [
              28.04463908557321,
              54.0135614568438
            ],
            [
              28.046965174136005,
              54.01267220715815
            ],
            [
              28.046236519886804,
              54.010827776852096
            ],
            [
              28.04741357674962,
              54.00987259331097
            ],
            [
              28.046152444397308,
              54.009065610819505
            ],
            [
              28.046797023154824,
              54.00802803890656
            ],
            [
              28.048730759429702,
              54.00809391725733
            ],
            [
              28.051196973808686,
              54.008176265049144
            ],
            [
              28.05498037086778,
              54.008275082184525
            ],
            [
              28.058679692436243,
              54.00819273458828
            ],
            [
              28.058651667273466,
              54.00969143533837
            ],
            [
              28.05809116400539,
              54.0109101192341
            ],
            [
              28.05680200648922,
              54.0128698198418
            ],
            [
              28.05371923851547,
              54.01249106137365
            ],
            [
              28.05184155256734,
              54.01626202456799
            ],
            [
              28.04730147609621,
              54.01557043245822
            ],
            [
              28.0449193372078,
              54.0147306265832
            ],
            [
              28.04385438099837,
              54.01397314007724
            ]
          ]
        ]
      },
      "properties": {
        "id": 36,
        "name": "Озеро Великое (Смолевичский)",
        "type": "lake",
        "type_ru": "Озеро",
        "district": "Смолевичский",
        "region": "Минская область",
        "location_description": "Смолевичский район",
        "activities": "подводная охота",
        "coordinate_source": "osm_geometry_approx"
      }
    },
    {
      "type": "Feature",
      "geometry": {
        "type": "Polygon",
        "coordinates": [
          [
            [
              28.396544883980198,
              54.06492420542466
            ],
            [
              28.396642274382884,
              54.062552191854024
            ],
            [
              28.396983140786347,
              54.059808488980764
            ],
            [
              28.39956398641698,
              54.05829365858341
            ],
            [
              28.404238725673622,
              54.057436182995616
            ],
            [
              28.408572598525723,
              54.05623568743556
            ],
            [
              28.413052556980347,
              54.05655010629266
            ],
            [
              28.415974269015123,
              54.05866522584142
            ],
            [
              28.41680208742551,
              54.061694804059954
            ],
            [
              28.415146450605704,
              54.06400971017109
            ],
            [
              28.416850782626057,
              54.06489562775286
            ],
            [
              28.416169049818052,
              54.06563864082992
            ],
            [
              28.41417254659376,
              54.064781316868675
            ],
            [
              28.40920563613315,
              54.066238757071915
            ],
            [
              28.405699581690442,
              54.06823908191183
            ],
            [
              28.400148328823917,
              54.06703889857084
            ],
            [
              28.396544883980198,
              54.06492420542466
            ]
          ]
        ]
      },
      "properties": {
        "id": 37,
        "name": "Озеро Судобле",
        "type": "lake",
        "type_ru": "Озеро",
        "district": "Смолевичский",
        "region": "Минская область",
        "location_description": "Смолевичский район",
        "activities": "подводная охота",
        "coordinate_source": "osm_geometry_approx"
      }
    },
    {
      "type": "Feature",
      "geometry": {
        "type": "Polygon",
        "coordinates": [
          [
            [
              27.984378682349643,
              54.13609135529504
            ],
            [
              27.98506764152873,
              54.1312475075419
            ],
            [
              27.992649326127918,
              54.12712839945962
            ],
            [
              28.00656660305299,
              54.12389580431184
            ],
            [
              27.994715454433106,
              54.11396047238176
            ],
            [
              27.992235317294103,
              54.1024850449555
            ],
            [
              27.99416367042602,
              54.09982149733537
            ],
            [
              28.000641539826717,
              54.10046706789552
            ],
            [
              28.007660471477493,
              54.1079064389815
            ],
            [
              28.01759149030275,
              54.11759587984554
            ],
            [
              28.031932624288373,
              54.121311757915436
            ],
            [
              28.03661446066812,
              54.12195775170642
            ],
            [
              28.042537742812982,
              54.12526900269154
            ],
            [
              28.031650588210738,
              54.1310028809942
            ],
            [
              28.017732122629184,
              54.13431418517388
            ],
            [
              28.016633118929462,
              54.13819224739615
            ],
            [
              28.0067069749922,
              54.143115806169504
            ],
            [
              27.99306119265617,
              54.142225080959975
            ],
            [
              27.983001604274534,
              54.140041028561114
            ],
            [
              27.984378682349643,
              54.13609135529504
            ]
          ]
        ]
      },
      "properties": {
        "id": 38,
        "name": "Обводненный карьер Усяжские разливы",
        "type": "quarry",
        "type_ru": "Карьер",
        "district": "Смолевичский",
        "region": "Минская область",
        "location_description": "д. Усяжи, Смолевичский район",
        "activities": "подводная охота, лов рыбы на дорожку с судов с двигателями",
        "coordinate_source": "osm_geometry_approx"
      }
    },
    {
      "type": "Feature",
      "geometry": {
        "type": "Polygon",
        "coordinates": [
          [
            [
              28.112569515976645,
              54.147139296932494
            ],
            [
              28.117350610101255,
              54.1478181553957
            ],
            [
              28.118695939617282,
              54.14909098501417
            ],
            [
              28.119047795147367,
              54.15093348806471
            ],
            [
              28.12055870368036,
              54.15229106943727
            ],
            [
              28.122380072870726,
              54.15300620600638
            ],
            [
              28.12221449447867,
              54.15391526023805
            ],
            [
              28.120310335779834,
              54.153672847769855
            ],
            [
              28.116005281329592,
              54.1527274255792
            ],
            [
              28.115508544276906,
              54.152739546513374
            ],
            [
              28.113231832789012,
              54.15210925324115
            ],
            [
              28.111638134747523,
              54.15088500234796
            ],
            [
              28.11128627933678,
              54.14873944563854
            ],
            [
              28.111493253107227,
              54.14763631953022
            ],
            [
              28.112569515976645,
              54.147139296932494
            ]
          ]
        ]
      },
      "properties": {
        "id": 39,
        "name": "Озеро Малое (Смолевичский)",
        "type": "lake",
        "type_ru": "Озеро",
        "district": "Смолевичский",
        "region": "Минская область",
        "location_description": "Смолевичский район",
        "activities": "подводная охота",
        "coordinate_source": "osm_geometry_approx"
      }
    },
    {
      "type": "Feature",
      "geometry": {
        "type": "Polygon",
        "coordinates": [
          [
            [
              28.476165326195712,
              54.00007308595124
            ],
            [
              28.476683211124765,
              53.99928162599204
            ],
            [
              28.477891610184116,
              53.99871338899101
            ],
            [
              28.477477301934528,
              53.99713040216062
            ],
            [
              28.479445266117068,
              53.996968041133556
            ],
            [
              28.48058461380174,
              53.99844956203265
            ],
            [
              28.481654910111757,
              53.99932221405237
            ],
            [
              28.485211056298567,
              53.99928162591115
            ],
            [
              28.488801727790047,
              54.00031660908999
            ],
            [
              28.49001012685082,
              54.002305328066114
            ],
            [
              28.49066611491125,
              54.003624323958434
            ],
            [
              28.486695660858175,
              54.00545055696111
            ],
            [
              28.483899080177764,
              54.005105607976674
            ],
            [
              28.482449001306236,
              54.00153420341451
            ],
            [
              28.47778803350471,
              54.000965997161984
            ],
            [
              28.476165326195712,
              54.00007308595124
            ]
          ]
        ]
      },
      "properties": {
        "id": 40,
        "name": "Обводненный карьер (Зеленый Бор)",
        "type": "quarry",
        "type_ru": "Карьер",
        "district": "Смолевичский",
        "region": "Минская область",
        "location_description": "д. Зеленый Бор, Смолевичский район",
        "activities": "подводная охота, лов рыбы на дорожку с судов с двигателями",
        "coordinate_source": "osm_geometry_approx"
      }
    },
    {
      "type": "Feature",
      "geometry": {
        "type": "Polygon",
        "coordinates": [
          [
            [
              28.074282981190663,
              54.143994328030004
            ],
            [
              28.0748613540585,
              54.14277777472006
            ],
            [
              28.07565004433343,
              54.141946186069674
            ],
            [
              28.07638615525582,
              54.14193078612237
            ],
            [
              28.080198158249118,
              54.14308576627869
            ],
            [
              28.086507680443475,
              54.1449182686888
            ],
            [
              28.086875735905124,
              54.145133851875954
            ],
            [
              28.085061748273944,
              54.14684307884647
            ],
            [
              28.082932284532518,
              54.14921432193677
            ],
            [
              28.081722959445415,
              54.14942988275632
            ],
            [
              28.079514626677224,
              54.147674569157886
            ],
            [
              28.079462047325705,
              54.14676608815799
            ],
            [
              28.077963535804656,
              54.14625794602455
            ],
            [
              28.074282981190663,
              54.143994328030004
            ]
          ]
        ]
      },
      "properties": {
        "id": 41,
        "name": "Пруд (Мгле)",
        "type": "pond",
        "type_ru": "Пруд",
        "district": "Смолевичский",
        "region": "Минская область",
        "location_description": "д. Мгле, Смолевичский район",
        "activities": "подводная охота",
        "coordinate_source": "osm_geometry_approx"
      }
    },
    {
      "type": "Feature",
      "geometry": {
        "type": "Polygon",
        "coordinates": [
          [
            [
              27.477605445226942,
              52.746283475803864
            ],
            [
              27.482307805403963,
              52.739634354370565
            ],
            [
              27.491978531921404,
              52.731567569476795
            ],
            [
              27.50112536604442,
              52.73441040353046
            ],
            [
              27.518114652293832,
              52.74485257098098
            ],
            [
              27.542944455116697,
              52.75845842969201
            ],
            [
              27.565687000636586,
              52.765890738844604
            ],
            [
              27.57847418917561,
              52.77712171223067
            ],
            [
              27.599150102591295,
              52.78755256762449
            ],
            [
              27.616663849213865,
              52.801303959200595
            ],
            [
              27.6328598087658,
              52.80778152048086
            ],
            [
              27.63728608741772,
              52.81946825615668
            ],
            [
              27.6401832512729,
              52.829897368351226
            ],
            [
              27.651691342456417,
              52.83526863930905
            ],
            [
              27.651168544050762,
              52.841111046980444
            ],
            [
              27.636504554614675,
              52.84189065632003
            ],
            [
              27.62627247606099,
              52.83540358577423
            ],
            [
              27.623664895481255,
              52.82751275602692
            ],
            [
              27.615846752386915,
              52.82246640689522
            ],
            [
              27.601466001091353,
              52.81741066436581
            ],
            [
              27.589977145832734,
              52.80998968295688
            ],
            [
              27.588675719386714,
              52.80698930737486
            ],
            [
              27.595224861833003,
              52.80161949786873
            ],
            [
              27.588680163522014,
              52.79466511971913
            ],
            [
              27.574831333135563,
              52.793717060416526
            ],
            [
              27.564901278101587,
              52.793401078016075
            ],
            [
              27.557571165337208,
              52.78913359200661
            ],
            [
              27.557829984467077,
              52.785814897187606
            ],
            [
              27.56279470962039,
              52.782021786381534
            ],
            [
              27.55731798874541,
              52.77506405211096
            ],
            [
              27.533531288907852,
              52.766843591142106
            ],
            [
              27.523602002106344,
              52.764628045757036
            ],
            [
              27.51680457196258,
              52.76605454354427
            ],
            [
              27.50452262667406,
              52.763207366800316
            ],
            [
              27.48622890044328,
              52.75450768900913
            ],
            [
              27.477605445226942,
              52.746283475803864
            ]
          ]
        ]
      },
      "properties": {
        "id": 42,
        "name": "Водохранилище Солигорское",
        "type": "reservoir",
        "type_ru": "Водохранилище",
        "district": "Солигорский",
        "region": "Минская область",
        "location_description": "г. Солигорск, Солигорский район",
        "activities": "подводная охота, лов рыбы на дорожку с судов с двигателями",
        "coordinate_source": "osm_geometry_approx"
      }
    },
    {
      "type": "Feature",
      "geometry": {
        "type": "LineString",
        "coordinates": [
          [
            27.525,
            52.965
          ],
          [
            27.488,
            52.94
          ],
          [
            27.452,
            52.912
          ],
          [
            27.415,
            52.882
          ],
          [
            27.378,
            52.852
          ],
          [
            27.342,
            52.822
          ],
          [
            27.308,
            52.792
          ]
        ]
      },
      "properties": {
        "id": 43,
        "name": "Участок реки Случь (Солигорский, участок 1)",
        "type": "water_body",
        "type_ru": "Водоём",
        "district": "Солигорский",
        "region": "Минская область",
        "location_description": "р. Случь, Солигорский район, верхний участок",
        "activities": "подводная охота",
        "coordinate_source": "osm_geometry_approx"
      }
    },
    {
      "type": "Feature",
      "geometry": {
        "type": "LineString",
        "coordinates": [
          [
            27.308,
            52.792
          ],
          [
            27.272,
            52.762
          ],
          [
            27.235,
            52.732
          ],
          [
            27.198,
            52.7
          ],
          [
            27.162,
            52.672
          ],
          [
            27.128,
            52.642
          ],
          [
            27.092,
            52.615
          ]
        ]
      },
      "properties": {
        "id": 44,
        "name": "Участок реки Случь (Солигорский, участок 2)",
        "type": "water_body",
        "type_ru": "Водоём",
        "district": "Солигорский",
        "region": "Минская область",
        "location_description": "р. Случь, Солигорский район, нижний участок",
        "activities": "подводная охота",
        "coordinate_source": "osm_geometry_approx"
      }
    },
    {
      "type": "Feature",
      "geometry": {
        "type": "Polygon",
        "coordinates": [
          [
            [
              28.078556583153897,
              53.22510510482482
            ],
            [
              28.07604404594258,
              53.225456862556854
            ],
            [
              28.07166082883461,
              53.22449637148898
            ],
            [
              28.066476286714334,
              53.221935848377285
            ],
            [
              28.06187878999816,
              53.21697516099965
            ],
            [
              28.06214554288934,
              53.21492655861445
            ],
            [
              28.06460426224737,
              53.21473445391487
            ],
            [
              28.067490918239116,
              53.215854821564136
            ],
            [
              28.07048422453707,
              53.21447825805271
            ],
            [
              28.070590963493743,
              53.21284547809759
            ],
            [
              28.068078473244043,
              53.212877563796326
            ],
            [
              28.061877728482557,
              53.2112770453877
            ],
            [
              28.062465641778886,
              53.210220514473576
            ],
            [
              28.068933745309778,
              53.208747469252984
            ],
            [
              28.075830053507133,
              53.20769044661114
            ],
            [
              28.085934516583933,
              53.2092594000367
            ],
            [
              28.10122434109519,
              53.21169285398179
            ],
            [
              28.101812515565626,
              53.213965918642
            ],
            [
              28.1018662698672,
              53.218127608083336
            ],
            [
              28.09769615414234,
              53.221072574863655
            ],
            [
              28.092831046860198,
              53.224593449793815
            ],
            [
              28.089730269841567,
              53.226993911355464
            ],
            [
              28.085078984648874,
              53.22760191223995
            ],
            [
              28.078556583153897,
              53.22510510482482
            ]
          ]
        ]
      },
      "properties": {
        "id": 45,
        "name": "Водохранилище Левки",
        "type": "reservoir",
        "type_ru": "Водохранилище",
        "district": "Стародорожский",
        "region": "Минская область",
        "location_description": "д. Левки, Стародорожский район",
        "activities": "подводная охота, лов рыбы на дорожку с судов с двигателями",
        "coordinate_source": "osm_geometry_approx"
      }
    },
    {
      "type": "Feature",
      "geometry": {
        "type": "Polygon",
        "coordinates": [
          [
            [
              28.28999970593148,
              53.178653238872386
            ],
            [
              28.28897548406394,
              53.177425544275934
            ],
            [
              28.290180450931587,
              53.17504227191665
            ],
            [
              28.291656535374244,
              53.172550527329804
            ],
            [
              28.293644730706717,
              53.17155740042668
            ],
            [
              28.297410252167282,
              53.17123237208378
            ],
            [
              28.299308074983117,
              53.17217133613417
            ],
            [
              28.299247826639828,
              53.17262275384408
            ],
            [
              28.30018167596225,
              53.174121426582644
            ],
            [
              28.300964904427076,
              53.17450060054372
            ],
            [
              28.300904656082594,
              53.176053373231156
            ],
            [
              28.300061179275673,
              53.17832826428406
            ],
            [
              28.298374225661917,
              53.17883377924653
            ],
            [
              28.295693174381285,
              53.17897821099842
            ],
            [
              28.293554358191216,
              53.1795017720236
            ],
            [
              28.291867404576294,
              53.179483718301526
            ],
            [
              28.28999970593148,
              53.178653238872386
            ]
          ]
        ]
      },
      "properties": {
        "id": 46,
        "name": "Озеро Скачальское",
        "type": "lake",
        "type_ru": "Озеро",
        "district": "Стародорожский",
        "region": "Минская область",
        "location_description": "Стародорожский район",
        "activities": "подводная охота",
        "coordinate_source": "osm_geometry_approx"
      }
    },
    {
      "type": "Feature",
      "geometry": {
        "type": "LineString",
        "coordinates": [
          [
            27.878,
            53.512
          ],
          [
            27.912,
            53.478
          ],
          [
            27.948,
            53.445
          ],
          [
            27.985,
            53.412
          ],
          [
            28.022,
            53.378
          ],
          [
            28.058,
            53.345
          ],
          [
            28.092,
            53.312
          ]
        ]
      },
      "properties": {
        "id": 47,
        "name": "Участок реки Птичь (Стародорожский)",
        "type": "water_body",
        "type_ru": "Водоём",
        "district": "Стародорожский",
        "region": "Минская область",
        "location_description": "р. Птичь в пределах Стародорожского района",
        "activities": "подводная охота",
        "coordinate_source": "osm_geometry_approx"
      }
    },
    {
      "type": "Feature",
      "geometry": {
        "type": "LineString",
        "coordinates": [
          [
            26.428,
            53.568
          ],
          [
            26.468,
            53.545
          ],
          [
            26.512,
            53.52
          ],
          [
            26.558,
            53.495
          ],
          [
            26.598,
            53.472
          ],
          [
            26.64,
            53.448
          ],
          [
            26.682,
            53.422
          ],
          [
            26.722,
            53.398
          ]
        ]
      },
      "properties": {
        "id": 48,
        "name": "Участок реки Неман (Столбцовский)",
        "type": "water_body",
        "type_ru": "Водоём",
        "district": "Столбцовский",
        "region": "Минская область",
        "location_description": "р. Неман в пределах Столбцовского района",
        "activities": "подводная охота",
        "coordinate_source": "osm_geometry_approx"
      }
    },
    {
      "type": "Feature",
      "geometry": {
        "type": "Polygon",
        "coordinates": [
          [
            [
              26.594412050953878,
              53.68787327447993
            ],
            [
              26.59438151642584,
              53.68734657581513
            ],
            [
              26.595940704213973,
              53.68643836548955
            ],
            [
              26.59707033834917,
              53.68655637952878
            ],
            [
              26.59975418616088,
              53.68760081684698
            ],
            [
              26.601492297136957,
              53.68873604535315
            ],
            [
              26.602949243102046,
              53.690143686194176
            ],
            [
              26.603639375401684,
              53.69118803447196
            ],
            [
              26.60443174952323,
              53.69321611509508
            ],
            [
              26.604176144967397,
              53.693670149610966
            ],
            [
              26.603588254490745,
              53.6935793430994
            ],
            [
              26.601492297136957,
              53.69103668125413
            ],
            [
              26.5988595702174,
              53.68982583592424
            ],
            [
              26.59671249195256,
              53.689144720122954
            ],
            [
              26.594412050953878,
              53.68787327447993
            ]
          ]
        ]
      },
      "properties": {
        "id": 49,
        "name": "Пруд (Забродье)",
        "type": "pond",
        "type_ru": "Пруд",
        "district": "Столбцовский",
        "region": "Минская область",
        "location_description": "д. Забродье, Столбцовский район",
        "activities": "подводная охота",
        "coordinate_source": "osm_geometry_approx"
      }
    },
    {
      "type": "Feature",
      "geometry": {
        "type": "LineString",
        "coordinates": [
          [
            26.852,
            53.522
          ],
          [
            26.812,
            53.498
          ],
          [
            26.772,
            53.475
          ],
          [
            26.732,
            53.452
          ],
          [
            26.695,
            53.428
          ],
          [
            26.658,
            53.405
          ],
          [
            26.622,
            53.38
          ],
          [
            26.588,
            53.355
          ]
        ]
      },
      "properties": {
        "id": 50,
        "name": "Участок реки Неман (Узденский)",
        "type": "water_body",
        "type_ru": "Водоём",
        "district": "Узденский",
        "region": "Минская область",
        "location_description": "р. Неман в пределах Узденского района",
        "activities": "подводная охота",
        "coordinate_source": "osm_geometry_approx"
      }
    },
    {
      "type": "Feature",
      "geometry": {
        "type": "LineString",
        "coordinates": [
          [
            28.178,
            53.825
          ],
          [
            28.218,
            53.792
          ],
          [
            28.255,
            53.758
          ],
          [
            28.292,
            53.725
          ],
          [
            28.328,
            53.692
          ],
          [
            28.362,
            53.66
          ],
          [
            28.398,
            53.628
          ]
        ]
      },
      "properties": {
        "id": 51,
        "name": "Участок реки Волма (Червенский)",
        "type": "water_body",
        "type_ru": "Водоём",
        "district": "Червенский",
        "region": "Минская область",
        "location_description": "р. Волма в пределах Червенского района",
        "activities": "подводная охота",
        "coordinate_source": "osm_geometry_approx"
      }
    },
    {
      "type": "Feature",
      "geometry": {
        "type": "LineString",
        "coordinates": [
          [
            28.562,
            53.702
          ],
          [
            28.528,
            53.672
          ],
          [
            28.495,
            53.642
          ],
          [
            28.462,
            53.612
          ],
          [
            28.428,
            53.582
          ],
          [
            28.392,
            53.552
          ],
          [
            28.36,
            53.522
          ]
        ]
      },
      "properties": {
        "id": 52,
        "name": "Участок реки Свислочь (Червенский)",
        "type": "water_body",
        "type_ru": "Водоём",
        "district": "Червенский",
        "region": "Минская область",
        "location_description": "р. Свислочь в пределах Червенского района",
        "activities": "подводная охота",
        "coordinate_source": "osm_geometry_approx"
      }
    },
    {
      "type": "Feature",
      "geometry": {
        "type": "Polygon",
        "coordinates": [
          [
            [
              28.651496822144082,
              53.760930929384216
            ],
            [
              28.65362593773432,
              53.761447867218436
            ],
            [
              28.65408217679021,
              53.76320091336075
            ],
            [
              28.653131678757973,
              53.76403246093952
            ],
            [
              28.65408217679021,
              53.76513367428018
            ],
            [
              28.656667531436284,
              53.7668191489702
            ],
            [
              28.657503969704266,
              53.76794276117434
            ],
            [
              28.65959506537405,
              53.768819157818854
            ],
            [
              28.66248457939122,
              53.768504556000295
            ],
            [
              28.66541211332887,
              53.76816748000675
            ],
            [
              28.668453707030892,
              53.768998929228275
            ],
            [
              28.668757866400483,
              53.769515767742064
            ],
            [
              28.667275089471445,
              53.769673065157406
            ],
            [
              28.665336073486515,
              53.769268584898896
            ],
            [
              28.661952300492885,
              53.76998765821946
            ],
            [
              28.658416447814517,
              53.77061683727163
            ],
            [
              28.654918615058136,
              53.76920117114372
            ],
            [
              28.655488913876866,
              53.768257367203205
            ],
            [
              28.65373999749866,
              53.76796523311211
            ],
            [
              28.652143160805224,
              53.769335998545785
            ],
            [
              28.65081246356104,
              53.77014495386669
            ],
            [
              28.65016612489987,
              53.769785420092916
            ],
            [
              28.651953061198498,
              53.76760568067061
            ],
            [
              28.64951978623722,
              53.766010129562744
            ],
            [
              28.64951978623722,
              53.76538088146873
            ],
            [
              28.64856928820643,
              53.76475162394385
            ],
            [
              28.64845522844209,
              53.763942564698084
            ],
            [
              28.648265128835305,
              53.76277389604303
            ],
            [
              28.64879740773364,
              53.76149281803367
            ],
            [
              28.651496822144082,
              53.760930929384216
            ]
          ]
        ]
      },
      "properties": {
        "id": 53,
        "name": "Озеро (Ведрица)",
        "type": "lake",
        "type_ru": "Озеро",
        "district": "Червенский",
        "region": "Минская область",
        "location_description": "д. Ведрица, Червенский район",
        "activities": "подводная охота",
        "coordinate_source": "osm_geometry_approx"
      }
    },
    {
      "type": "Feature",
      "geometry": {
        "type": "Polygon",
        "coordinates": [
          [
            [
              28.505072,
              53.7991192
            ],
            [
              28.5047015,
              53.7995172
            ],
            [
              28.5039948,
              53.799839
            ],
            [
              28.5029876,
              53.8000687
            ],
            [
              28.5017303,
              53.8001946
            ],
            [
              28.5002859,
              53.8002105
            ],
            [
              28.4987269,
              53.8001155
            ],
            [
              28.4971315,
              53.7999144
            ],
            [
              28.4955796,
              53.7996174
            ],
            [
              28.4941491,
              53.7992392
            ],
            [
              28.4929116,
              53.798799
            ],
            [
              28.4919294,
              53.7983186
            ],
            [
              28.4912515,
              53.7978223
            ],
            [
              28.490912,
              53.7973348
            ],
            [
              28.490928,
              53.7968808
            ],
            [
              28.4912985,
              53.7964828
            ],
            [
              28.4920052,
              53.796161
            ],
            [
              28.4930124,
              53.7959313
            ],
            [
              28.4942697,
              53.7958054
            ],
            [
              28.4957141,
              53.7957895
            ],
            [
              28.4972731,
              53.7958845
            ],
            [
              28.4988685,
              53.7960856
            ],
            [
              28.5004204,
              53.7963826
            ],
            [
              28.5018509,
              53.7967608
            ],
            [
              28.5030884,
              53.797201
            ],
            [
              28.5040706,
              53.7976814
            ],
            [
              28.5047485,
              53.7981777
            ],
            [
              28.505088,
              53.7986652
            ],
            [
              28.505072,
              53.7991192
            ]
          ]
        ]
      },
      "properties": {
        "id": 54,
        "name": "Пруд (Карпиловка)",
        "type": "pond",
        "type_ru": "Пруд",
        "district": "Червенский",
        "region": "Минская область",
        "location_description": "д. Карпиловка, Червенский район",
        "activities": "подводная охота",
        "coordinate_source": "osm_geometry_approx"
      }
    },
    {
      "type": "Feature",
      "geometry": {
        "type": "Polygon",
        "coordinates": [
          [
            [
              28.5898589,
              53.6696947
            ],
            [
              28.5893379,
              53.6701797
            ],
            [
              28.5884488,
              53.6705553
            ],
            [
              28.5872364,
              53.6708029
            ],
            [
              28.5857615,
              53.6709099
            ],
            [
              28.5840979,
              53.670871
            ],
            [
              28.5823291,
              53.6706881
            ],
            [
              28.5805438,
              53.6703704
            ],
            [
              28.5788315,
              53.6699339
            ],
            [
              28.5772781,
              53.6694004
            ],
            [
              28.5759615,
              53.6687966
            ],
            [
              28.5749477,
              53.668153
            ],
            [
              28.5742875,
              53.6675016
            ],
            [
              28.5740141,
              53.6668753
            ],
            [
              28.5741411,
              53.6663053
            ],
            [
              28.5746621,
              53.6658203
            ],
            [
              28.5755512,
              53.6654447
            ],
            [
              28.5767636,
              53.6651971
            ],
            [
              28.5782385,
              53.6650901
            ],
            [
              28.5799021,
              53.665129
            ],
            [
              28.5816709,
              53.6653119
            ],
            [
              28.5834562,
              53.6656296
            ],
            [
              28.5851685,
              53.6660661
            ],
            [
              28.5867219,
              53.6665996
            ],
            [
              28.5880385,
              53.6672034
            ],
            [
              28.5890523,
              53.667847
            ],
            [
              28.5897125,
              53.6684984
            ],
            [
              28.5899859,
              53.6691247
            ],
            [
              28.5898589,
              53.6696947
            ]
          ]
        ]
      },
      "properties": {
        "id": 55,
        "name": "Озеро Песочное (Червенский)",
        "type": "lake",
        "type_ru": "Озеро",
        "district": "Червенский",
        "region": "Минская область",
        "location_description": "Червенский район",
        "activities": "подводная охота",
        "coordinate_source": "osm_geometry_approx"
      }
    },
    {
      "type": "Feature",
      "geometry": {
        "type": "Polygon",
        "coordinates": [
          [
            [
              28.3757504,
              53.8212038
            ],
            [
              28.3750107,
              53.8215832
            ],
            [
              28.3739195,
              53.821783
            ],
            [
              28.3725314,
              53.8217931
            ],
            [
              28.3709161,
              53.821613
            ],
            [
              28.3691546,
              53.8212518
            ],
            [
              28.3673352,
              53.8207274
            ],
            [
              28.3655492,
              53.8200663
            ],
            [
              28.363886,
              53.8193016
            ],
            [
              28.3624291,
              53.8184716
            ],
            [
              28.3612516,
              53.817618
            ],
            [
              28.3604124,
              53.8167835
            ],
            [
              28.3599538,
              53.8160101
            ],
            [
              28.3598986,
              53.8153364
            ],
            [
              28.3602496,
              53.8147962
            ],
            [
              28.3609893,
              53.8144168
            ],
            [
              28.3620805,
              53.814217
            ],
            [
              28.3634686,
              53.8142069
            ],
            [
              28.3650839,
              53.814387
            ],
            [
              28.3668454,
              53.8147482
            ],
            [
              28.3686648,
              53.8152726
            ],
            [
              28.3704508,
              53.8159337
            ],
            [
              28.372114,
              53.8166984
            ],
            [
              28.3735709,
              53.8175284
            ],
            [
              28.3747484,
              53.818382
            ],
            [
              28.3755876,
              53.8192165
            ],
            [
              28.3760462,
              53.8199899
            ],
            [
              28.3761014,
              53.8206636
            ],
            [
              28.3757504,
              53.8212038
            ]
          ]
        ]
      },
      "properties": {
        "id": 56,
        "name": "Пруд Рованичи",
        "type": "pond",
        "type_ru": "Пруд",
        "district": "Червенский",
        "region": "Минская область",
        "location_description": "аг. Рованичи, Червенский район",
        "activities": "подводная охота, лов рыбы на дорожку с судов с двигателями",
        "coordinate_source": "osm_geometry_approx"
      }
    },
    {
      "type": "Feature",
      "geometry": {
        "type": "Polygon",
        "coordinates": [
          [
            [
              28.337775,
              53.5735991
            ],
            [
              28.3373449,
              53.5739224
            ],
            [
              28.3366467,
              53.5741493
            ],
            [
              28.3357156,
              53.5742684
            ],
            [
              28.3345981,
              53.5742737
            ],
            [
              28.3333503,
              53.5741651
            ],
            [
              28.3320349,
              53.5739479
            ],
            [
              28.3307177,
              53.573633
            ],
            [
              28.3294647,
              53.5732362
            ],
            [
              28.328339,
              53.5727774
            ],
            [
              28.3273968,
              53.5722797
            ],
            [
              28.3266854,
              53.5717679
            ],
            [
              28.3262405,
              53.5712678
            ],
            [
              28.3260844,
              53.5708044
            ],
            [
              28.326225,
              53.5704009
            ],
            [
              28.3266551,
              53.5700776
            ],
            [
              28.3273533,
              53.5698507
            ],
            [
              28.3282844,
              53.5697316
            ],
            [
              28.3294019,
              53.5697263
            ],
            [
              28.3306497,
              53.5698349
            ],
            [
              28.3319651,
              53.5700521
            ],
            [
              28.3332823,
              53.570367
            ],
            [
              28.3345353,
              53.5707638
            ],
            [
              28.335661,
              53.5712226
            ],
            [
              28.3366032,
              53.5717203
            ],
            [
              28.3373146,
              53.5722321
            ],
            [
              28.3377595,
              53.5727322
            ],
            [
              28.3379156,
              53.5731956
            ],
            [
              28.337775,
              53.5735991
            ]
          ]
        ]
      },
      "properties": {
        "id": 57,
        "name": "Пруд (Уборки)",
        "type": "pond",
        "type_ru": "Пруд",
        "district": "Червенский",
        "region": "Минская область",
        "location_description": "д. Уборки, Червенский район",
        "activities": "подводная охота",
        "coordinate_source": "osm_geometry_approx"
      }
    }
  ]
}