{
  "type": "FeatureCollection",
  "metadata": {
    "title": "Рыболовные угодья Витебской области",
    "description": "Водоёмы для подводной охоты и лова рыбы на дорожку — Витебская область РБ",
    "total_features": 348,
    "source": "Решение Витебского облисполкома от 31 мая 2023 г. № 298 (изменение решения от 19 июля 2022 г. № 380)",
    "coordinate_note": "Координаты рассчитаны на основании текстовых описаний местоположения из нормативного документа. Требуется уточнение по данным OSM/топокартам.",
    "updated_from_osm": "2026-02-26"
  },
  "features": [
    {
      "type": "Feature",
      "geometry": {
        "type": "Polygon",
        "coordinates": [
          [
            [
              29.84778087999781,
              55.037396396396396
            ],
            [
              29.86035912000219,
              55.037396396396396
            ],
            [
              29.86035912000219,
              55.0446036036036
            ],
            [
              29.84778087999781,
              55.0446036036036
            ],
            [
              29.84778087999781,
              55.037396396396396
            ]
          ]
        ]
      },
      "properties": {
        "id": 1,
        "name": "Озеро Боровно",
        "type": "lake",
        "type_ru": "Озеро",
        "district": "Бешенковичский",
        "region": "Витебская область",
        "location_description": "в 2 км на северо-запад от д. Обухово, 25 км на восток от г.п. Бешенковичи",
        "activities": "подводная охота, лов рыбы на дорожку с судов с двигателями",
        "coordinate_source": "calculated_from_decree_description"
      }
    },
    {
      "type": "Feature",
      "geometry": {
        "type": "Polygon",
        "coordinates": [
          [
            [
              29.265723822583997,
              55.1456763963964
            ],
            [
              29.278336177416005,
              55.1456763963964
            ],
            [
              29.278336177416005,
              55.1528836036036
            ],
            [
              29.265723822583997,
              55.1528836036036
            ],
            [
              29.265723822583997,
              55.1456763963964
            ]
          ]
        ]
      },
      "properties": {
        "id": 2,
        "name": "Озеро Гарносвечье",
        "type": "lake",
        "type_ru": "Озеро",
        "district": "Бешенковичский",
        "region": "Витебская область",
        "location_description": "в 17 км на северо-запад от г.п. Бешенковичи, 6,7 км на юг от г.п. Улла",
        "activities": "подводная охота",
        "coordinate_source": "calculated_from_decree_description"
      }
    },
    {
      "type": "Feature",
      "geometry": {
        "type": "Polygon",
        "coordinates": [
          [
            [
              29.75481373561527,
              55.2093663963964
            ],
            [
              29.767446264384734,
              55.2093663963964
            ],
            [
              29.767446264384734,
              55.2165736036036
            ],
            [
              29.75481373561527,
              55.2165736036036
            ],
            [
              29.75481373561527,
              55.2093663963964
            ]
          ]
        ]
      },
      "properties": {
        "id": 3,
        "name": "Озеро Глубокое",
        "type": "lake",
        "type_ru": "Озеро",
        "district": "Бешенковичский",
        "region": "Витебская область",
        "location_description": "в 27 км на северо-восток от г.п. Бешенковичи, 2 км на север от д. Островно",
        "activities": "подводная охота",
        "coordinate_source": "calculated_from_decree_description"
      }
    },
    {
      "type": "Feature",
      "geometry": {
        "type": "Polygon",
        "coordinates": [
          [
            [
              29.743704746273945,
              55.2029963963964
            ],
            [
              29.756335253726053,
              55.2029963963964
            ],
            [
              29.756335253726053,
              55.2102036036036
            ],
            [
              29.743704746273945,
              55.2102036036036
            ],
            [
              29.743704746273945,
              55.2029963963964
            ]
          ]
        ]
      },
      "properties": {
        "id": 4,
        "name": "Озеро Городно",
        "type": "lake",
        "type_ru": "Озеро",
        "district": "Бешенковичский",
        "region": "Витебская область",
        "location_description": "в 26 км на северо-восток от г.п. Бешенковичи, 0,2 км на юго-восток от д. Городно",
        "activities": "подводная охота",
        "coordinate_source": "calculated_from_decree_description"
      }
    },
    {
      "type": "Feature",
      "geometry": {
        "type": "Polygon",
        "coordinates": [
          [
            [
              29.743704746273945,
              55.2029963963964
            ],
            [
              29.756335253726053,
              55.2029963963964
            ],
            [
              29.756335253726053,
              55.2102036036036
            ],
            [
              29.743704746273945,
              55.2102036036036
            ],
            [
              29.743704746273945,
              55.2029963963964
            ]
          ]
        ]
      },
      "properties": {
        "id": 5,
        "name": "Озеро Долгое",
        "type": "lake",
        "type_ru": "Озеро",
        "district": "Бешенковичский",
        "region": "Витебская область",
        "location_description": "в 26 км на северо-восток от г.п. Бешенковичи, около д. Островно",
        "activities": "подводная охота",
        "coordinate_source": "calculated_from_decree_description"
      }
    },
    {
      "type": "Feature",
      "geometry": {
        "type": "Polygon",
        "coordinates": [
          [
            [
              29.21013878331296,
              55.1775263963964
            ],
            [
              29.222761216687037,
              55.1775263963964
            ],
            [
              29.222761216687037,
              55.184733603603604
            ],
            [
              29.21013878331296,
              55.184733603603604
            ],
            [
              29.21013878331296,
              55.1775263963964
            ]
          ]
        ]
      },
      "properties": {
        "id": 6,
        "name": "Озеро Колодно",
        "type": "lake",
        "type_ru": "Озеро",
        "district": "Бешенковичский",
        "region": "Витебская область",
        "location_description": "в 22 км на северо-запад от г.п. Бешенковичи, 3,5 км на юг от г.п. Улла",
        "activities": "подводная охота",
        "coordinate_source": "calculated_from_decree_description"
      }
    },
    {
      "type": "Feature",
      "geometry": {
        "type": "Polygon",
        "coordinates": [
          [
            [
              29.14343272455496,
              55.2157363963964
            ],
            [
              29.156067275445043,
              55.2157363963964
            ],
            [
              29.156067275445043,
              55.2229436036036
            ],
            [
              29.14343272455496,
              55.2229436036036
            ],
            [
              29.14343272455496,
              55.2157363963964
            ]
          ]
        ]
      },
      "properties": {
        "id": 7,
        "name": "Озеро Кореневское (Святое)",
        "type": "lake",
        "type_ru": "Озеро",
        "district": "Бешенковичский",
        "region": "Витебская область",
        "location_description": "в 28 км на северо-запад от г.п. Бешенковичи, 4 км на запад от г.п. Улла",
        "activities": "подводная охота, лов рыбы на дорожку с судов с двигателями",
        "coordinate_source": "calculated_from_decree_description"
      }
    },
    {
      "type": "Feature",
      "geometry": {
        "type": "Polygon",
        "coordinates": [
          [
            [
              29.232370800221485,
              55.1647863963964
            ],
            [
              29.244989199778512,
              55.1647863963964
            ],
            [
              29.244989199778512,
              55.1719936036036
            ],
            [
              29.232370800221485,
              55.1719936036036
            ],
            [
              29.232370800221485,
              55.1647863963964
            ]
          ]
        ]
      },
      "properties": {
        "id": 8,
        "name": "Озеро Лешно",
        "type": "lake",
        "type_ru": "Озеро",
        "district": "Бешенковичский",
        "region": "Витебская область",
        "location_description": "в 20 км на северо-запад от г.п. Бешенковичи, 4,5 км на юг от г.п. Улла",
        "activities": "подводная охота",
        "coordinate_source": "calculated_from_decree_description"
      }
    },
    {
      "type": "Feature",
      "geometry": {
        "type": "Polygon",
        "coordinates": [
          [
            [
              29.75481373561527,
              55.2093663963964
            ],
            [
              29.767446264384734,
              55.2093663963964
            ],
            [
              29.767446264384734,
              55.2165736036036
            ],
            [
              29.75481373561527,
              55.2165736036036
            ],
            [
              29.75481373561527,
              55.2093663963964
            ]
          ]
        ]
      },
      "properties": {
        "id": 9,
        "name": "Озеро Луковское",
        "type": "lake",
        "type_ru": "Озеро",
        "district": "Бешенковичский",
        "region": "Витебская область",
        "location_description": "в 27 км на северо-восток от г.п. Бешенковичи, около д. Малый Двор",
        "activities": "подводная охота",
        "coordinate_source": "calculated_from_decree_description"
      }
    },
    {
      "type": "Feature",
      "geometry": {
        "type": "Polygon",
        "coordinates": [
          [
            [
              29.743704746273945,
              55.2029963963964
            ],
            [
              29.756335253726053,
              55.2029963963964
            ],
            [
              29.756335253726053,
              55.2102036036036
            ],
            [
              29.743704746273945,
              55.2102036036036
            ],
            [
              29.743704746273945,
              55.2029963963964
            ]
          ]
        ]
      },
      "properties": {
        "id": 10,
        "name": "Озеро Мелкое",
        "type": "lake",
        "type_ru": "Озеро",
        "district": "Бешенковичский",
        "region": "Витебская область",
        "location_description": "в 26 км на северо-восток от г.п. Бешенковичи, 0,5 км на запад от д. Островно",
        "activities": "подводная охота",
        "coordinate_source": "calculated_from_decree_description"
      }
    },
    {
      "type": "Feature",
      "geometry": {
        "type": "Polygon",
        "coordinates": [
          [
            [
              29.14025087999781,
              55.037396396396396
            ],
            [
              29.152829120002192,
              55.037396396396396
            ],
            [
              29.152829120002192,
              55.0446036036036
            ],
            [
              29.14025087999781,
              55.0446036036036
            ],
            [
              29.14025087999781,
              55.037396396396396
            ]
          ]
        ]
      },
      "properties": {
        "id": 11,
        "name": "Озеро Низголовье",
        "type": "lake",
        "type_ru": "Озеро",
        "district": "Бешенковичский",
        "region": "Витебская область",
        "location_description": "в 20 км на запад от г.п. Бешенковичи, 2,5 км на юг от д. Сокорово",
        "activities": "подводная охота",
        "coordinate_source": "calculated_from_decree_description"
      }
    },
    {
      "type": "Feature",
      "geometry": {
        "type": "Polygon",
        "coordinates": [
          [
            [
              29.70627087999781,
              55.037396396396396
            ],
            [
              29.71884912000219,
              55.037396396396396
            ],
            [
              29.71884912000219,
              55.0446036036036
            ],
            [
              29.70627087999781,
              55.0446036036036
            ],
            [
              29.70627087999781,
              55.037396396396396
            ]
          ]
        ]
      },
      "properties": {
        "id": 12,
        "name": "Озеро Островенское",
        "type": "lake",
        "type_ru": "Озеро",
        "district": "Бешенковичский",
        "region": "Витебская область",
        "location_description": "в 16 км на восток от г.п. Бешенковичи, 0,1 км на юго-восток от д. Соржица",
        "activities": "подводная охота",
        "coordinate_source": "calculated_from_decree_description"
      }
    },
    {
      "type": "Feature",
      "geometry": {
        "type": "Polygon",
        "coordinates": [
          [
            [
              29.75481373561527,
              55.2093663963964
            ],
            [
              29.767446264384734,
              55.2093663963964
            ],
            [
              29.767446264384734,
              55.2165736036036
            ],
            [
              29.75481373561527,
              55.2165736036036
            ],
            [
              29.75481373561527,
              55.2093663963964
            ]
          ]
        ]
      },
      "properties": {
        "id": 13,
        "name": "Озеро Островно",
        "type": "lake",
        "type_ru": "Озеро",
        "district": "Бешенковичский",
        "region": "Витебская область",
        "location_description": "в 27 км на северо-восток от г.п. Бешенковичи, 0,1 км на запад от д. Островно",
        "activities": "подводная охота",
        "coordinate_source": "calculated_from_decree_description"
      }
    },
    {
      "type": "Feature",
      "geometry": {
        "type": "Polygon",
        "coordinates": [
          [
            [
              29.232370800221485,
              55.1647863963964
            ],
            [
              29.244989199778512,
              55.1647863963964
            ],
            [
              29.244989199778512,
              55.1719936036036
            ],
            [
              29.232370800221485,
              55.1719936036036
            ],
            [
              29.232370800221485,
              55.1647863963964
            ]
          ]
        ]
      },
      "properties": {
        "id": 14,
        "name": "Озеро Платишно",
        "type": "lake",
        "type_ru": "Озеро",
        "district": "Бешенковичский",
        "region": "Витебская область",
        "location_description": "в 20 км на северо-запад от г.п. Бешенковичи, около д. Бортники 2",
        "activities": "подводная охота, лов рыбы на дорожку с судов с двигателями",
        "coordinate_source": "calculated_from_decree_description"
      }
    },
    {
      "type": "Feature",
      "geometry": {
        "type": "Polygon",
        "coordinates": [
          [
            [
              29.281760879997808,
              55.037396396396396
            ],
            [
              29.29433912000219,
              55.037396396396396
            ],
            [
              29.29433912000219,
              55.0446036036036
            ],
            [
              29.281760879997808,
              55.0446036036036
            ],
            [
              29.281760879997808,
              55.037396396396396
            ]
          ]
        ]
      },
      "properties": {
        "id": 15,
        "name": "Озеро Слободское",
        "type": "lake",
        "type_ru": "Озеро",
        "district": "Бешенковичский",
        "region": "Витебская область",
        "location_description": "в 11 км на запад от г.п. Бешенковичи, около д. Литвяки",
        "activities": "подводная охота, лов рыбы на дорожку с судов с двигателями",
        "coordinate_source": "calculated_from_decree_description"
      }
    },
    {
      "type": "Feature",
      "geometry": {
        "type": "Polygon",
        "coordinates": [
          [
            [
              29.73772087999781,
              55.037396396396396
            ],
            [
              29.75029912000219,
              55.037396396396396
            ],
            [
              29.75029912000219,
              55.0446036036036
            ],
            [
              29.73772087999781,
              55.0446036036036
            ],
            [
              29.73772087999781,
              55.037396396396396
            ]
          ]
        ]
      },
      "properties": {
        "id": 16,
        "name": "Озеро Сарро",
        "type": "lake",
        "type_ru": "Озеро",
        "district": "Бешенковичский",
        "region": "Витебская область",
        "location_description": "в 18 км на восток от г.п. Бешенковичи, около д. Холм и д. Синяны",
        "activities": "подводная охота, лов рыбы на дорожку с судов с двигателями",
        "coordinate_source": "calculated_from_decree_description"
      }
    },
    {
      "type": "Feature",
      "geometry": {
        "type": "Polygon",
        "coordinates": [
          [
            [
              29.89495087999781,
              55.037396396396396
            ],
            [
              29.90752912000219,
              55.037396396396396
            ],
            [
              29.90752912000219,
              55.0446036036036
            ],
            [
              29.89495087999781,
              55.0446036036036
            ],
            [
              29.89495087999781,
              55.037396396396396
            ]
          ]
        ]
      },
      "properties": {
        "id": 17,
        "name": "Озеро Черница",
        "type": "lake",
        "type_ru": "Озеро",
        "district": "Бешенковичский",
        "region": "Витебская область",
        "location_description": "в 28 км на восток от г.п. Бешенковичи, 1 км на северо-запад от д. Лотыгово",
        "activities": "подводная охота",
        "coordinate_source": "calculated_from_decree_description"
      }
    },
    {
      "type": "Feature",
      "geometry": {
        "type": "Point",
        "coordinates": [
          29.461,
          55.041
        ]
      },
      "properties": {
        "id": 18,
        "name": "Река Западная Двина",
        "type": "river",
        "type_ru": "Река",
        "district": "Бешенковичский",
        "region": "Витебская область",
        "location_description": "в пределах Бешенковичского района",
        "activities": "подводная охота, лов рыбы на дорожку с судов с двигателями",
        "coordinate_source": "calculated_from_decree_description"
      }
    },
    {
      "type": "Feature",
      "geometry": {
        "type": "Point",
        "coordinates": [
          29.29426,
          55.13654
        ]
      },
      "properties": {
        "id": 19,
        "name": "Река Улла",
        "type": "river",
        "type_ru": "Река",
        "district": "Бешенковичский",
        "region": "Витебская область",
        "location_description": "в пределах Бешенковичского района",
        "activities": "подводная охота",
        "coordinate_source": "calculated_from_decree_description"
      }
    },
    {
      "type": "Feature",
      "geometry": {
        "type": "Polygon",
        "coordinates": [
          [
            [
              26.7709404,
              55.5803036
            ],
            [
              26.7703021,
              55.5802823
            ],
            [
              26.7702538,
              55.5793969
            ],
            [
              26.7703718,
              55.5792119
            ],
            [
              26.7694491,
              55.5786631
            ],
            [
              26.7688215,
              55.5789451
            ],
            [
              26.7683387,
              55.5788753
            ],
            [
              26.7684996,
              55.5786024
            ],
            [
              26.7688483,
              55.5780809
            ],
            [
              26.7693794,
              55.5776745
            ],
            [
              26.769889,
              55.5777625
            ],
            [
              26.7695242,
              55.5785539
            ],
            [
              26.7704683,
              55.579027
            ],
            [
              26.7711872,
              55.5787268
            ],
            [
              26.7717022,
              55.5787177
            ],
            [
              26.7723405,
              55.5788571
            ],
            [
              26.7719221,
              55.5796819
            ],
            [
              26.7714125,
              55.580061
            ],
            [
              26.7709404,
              55.5803036
            ]
          ]
        ]
      },
      "properties": {
        "id": 20,
        "name": "Озеро Бержонка",
        "type": "lake",
        "type_ru": "Озеро",
        "district": "Браславский",
        "region": "Витебская область",
        "location_description": "в 9 км на юг от г. Браслава, 3 км на север от д. Милашки",
        "activities": "подводная охота",
        "coordinate_source": "osm_geometry"
      }
    },
    {
      "type": "Feature",
      "geometry": {
        "type": "Polygon",
        "coordinates": [
          [
            [
              26.4255644,
              55.4134719
            ],
            [
              26.4255376,
              55.4134453
            ],
            [
              26.4255202,
              55.4134133
            ],
            [
              26.4255255,
              55.4133859
            ],
            [
              26.425555,
              55.4133631
            ],
            [
              26.4256073,
              55.413357
            ],
            [
              26.4256556,
              55.4133646
            ],
            [
              26.4256945,
              55.4133844
            ],
            [
              26.4257173,
              55.413411
            ],
            [
              26.425724,
              55.4134438
            ],
            [
              26.425716,
              55.4134734
            ],
            [
              26.4257026,
              55.4134856
            ],
            [
              26.4256395,
              55.413497
            ],
            [
              26.4256114,
              55.4134955
            ],
            [
              26.4255926,
              55.413491
            ],
            [
              26.4255644,
              55.4134719
            ]
          ]
        ]
      },
      "properties": {
        "id": 21,
        "name": "Озеро Видзовское (Видзке)",
        "type": "lake",
        "type_ru": "Озеро",
        "district": "Браславский",
        "region": "Витебская область",
        "location_description": "в 34 км на юго-запад от г. Браслава, 1 км от г.п. Видзы",
        "activities": "подводная охота, лов рыбы на дорожку с судов с двигателями",
        "coordinate_source": "osm_geometry"
      }
    },
    {
      "type": "Feature",
      "geometry": {
        "type": "MultiPolygon",
        "coordinates": [
          [
            [
              [
                27.1088773,
                55.7736735
              ],
              [
                27.1089739,
                55.773586
              ],
              [
                27.1088612,
                55.7734563
              ],
              [
                27.1089309,
                55.7733054
              ],
              [
                27.1091831,
                55.7732239
              ],
              [
                27.1093762,
                55.773239
              ],
              [
                27.1097946,
                55.7734321
              ],
              [
                27.1100897,
                55.7734714
              ],
              [
                27.1104866,
                55.773411
              ],
              [
                27.1108246,
                55.7732752
              ],
              [
                27.1112698,
                55.7731696
              ],
              [
                27.1113986,
                55.773064
              ],
              [
                27.1110713,
                55.7728619
              ],
              [
                27.1111196,
                55.7727381
              ],
              [
                27.1116614,
                55.7726567
              ],
              [
                27.1123481,
                55.7727261
              ],
              [
                27.112568,
                55.7726597
              ],
              [
                27.1126163,
                55.7725662
              ],
              [
                27.112568,
                55.772367
              ],
              [
                27.1125948,
                55.7722071
              ],
              [
                27.1125787,
                55.7720653
              ],
              [
                27.1124124,
                55.7719174
              ],
              [
                27.1122515,
                55.7718571
              ],
              [
                27.1119243,
                55.7718631
              ],
              [
                27.1116883,
                55.7719325
              ],
              [
                27.11142,
                55.7718631
              ],
              [
                27.1112966,
                55.7717273
              ],
              [
                27.1113288,
                55.7714075
              ],
              [
                27.1113932,
                55.7712837
              ],
              [
                27.111581,
                55.7712596
              ],
              [
                27.1117955,
                55.7712928
              ],
              [
                27.1120423,
                55.7714135
              ],
              [
                27.1123803,
                55.771501
              ],
              [
                27.1129435,
                55.7714316
              ],
              [
                27.1132171,
                55.7712868
              ],
              [
                27.1132815,
                55.7710755
              ],
              [
                27.1132547,
                55.7708764
              ],
              [
                27.1130401,
                55.7706169
              ],
              [
                27.112804,
                55.7704328
              ],
              [
                27.1124822,
                55.7703091
              ],
              [
                27.1121389,
                55.770291
              ],
              [
                27.1117526,
                55.7703845
              ],
              [
                27.1115112,
                55.7703423
              ],
              [
                27.1112055,
                55.7701009
              ],
              [
                27.1109587,
                55.7698625
              ],
              [
                27.1108675,
                55.7696694
              ],
              [
                27.1109426,
                55.7695125
              ],
              [
                27.1108836,
                55.7693404
              ],
              [
                27.1106422,
                55.7692167
              ],
              [
                27.1103364,
                55.7691805
              ],
              [
                27.1100789,
                55.7691896
              ],
              [
                27.1097839,
                55.7691081
              ],
              [
                27.1096176,
                55.7690749
              ],
              [
                27.1093762,
                55.7691262
              ],
              [
                27.1091026,
                55.7691564
              ],
              [
                27.1088076,
                55.7691111
              ],
              [
                27.1082711,
                55.7690266
              ],
              [
                27.1079975,
                55.7690296
              ],
              [
                27.1078259,
                55.769099
              ],
              [
                27.107622,
                55.7691926
              ],
              [
                27.1074343,
                55.7691896
              ],
              [
                27.107166,
                55.7690085
              ],
              [
                27.1071768,
                55.768921
              ],
              [
                27.1072411,
                55.7687912
              ],
              [
                27.1072465,
                55.7686886
              ],
              [
                27.10715,
                55.7686494
              ],
              [
                27.1069354,
                55.7686494
              ],
              [
                27.1066296,
                55.7686856
              ],
              [
                27.1061253,
                55.7687007
              ],
              [
                27.105605,
                55.7685891
              ],
              [
                27.1052831,
                55.7684985
              ],
              [
                27.1048862,
                55.7684442
              ],
              [
                27.1044838,
                55.7684201
              ],
              [
                27.1041459,
                55.7683386
              ],
              [
                27.1039039,
                55.7681375
              ],
              [
                27.1038362,
                55.7678966
              ],
              [
                27.1039635,
                55.7675298
              ],
              [
                27.1043229,
                55.7673005
              ],
              [
                27.1047521,
                55.7671888
              ],
              [
                27.1054172,
                55.767219
              ],
              [
                27.1060663,
                55.7672099
              ],
              [
                27.1064794,
                55.7670923
              ],
              [
                27.1070266,
                55.7668689
              ],
              [
                27.1072251,
                55.7666607
              ],
              [
                27.107107,
                55.7664736
              ],
              [
                27.1066832,
                55.7663469
              ],
              [
                27.1064258,
                55.766199
              ],
              [
                27.1063936,
                55.7660058
              ],
              [
                27.1066189,
                55.7655924
              ],
              [
                27.1068549,
                55.7653992
              ],
              [
                27.1068335,
                55.7652483
              ],
              [
                27.1064633,
                55.7650341
              ],
              [
                27.1060985,
                55.7649224
              ],
              [
                27.1058196,
                55.7649315
              ],
              [
                27.1054548,
                55.765022
              ],
              [
                27.1051973,
                55.7650129
              ],
              [
                27.1049237,
                55.7648711
              ],
              [
                27.1046877,
                55.7647262
              ],
              [
                27.104398,
                55.7646659
              ],
              [
                27.1041352,
                55.764696
              ],
              [
                27.1039206,
                55.7648047
              ],
              [
                27.1037006,
                55.7649405
              ],
              [
                27.1034324,
                55.7649737
              ],
              [
                27.103191,
                55.7650069
              ],
              [
                27.1029925,
                55.7650944
              ],
              [
                27.1026921,
                55.7654958
              ],
              [
                27.1024078,
                55.7656376
              ],
              [
                27.102145,
                55.7657282
              ],
              [
                27.102145,
                55.765858
              ],
              [
                27.1020859,
                55.7659817
              ],
              [
                27.1016836,
                55.7661296
              ],
              [
                27.1013564,
                55.7663076
              ],
              [
                27.1010774,
                55.7663982
              ],
              [
                27.1006161,
                55.7664555
              ],
              [
                27.1003479,
                55.7664283
              ],
              [
                27.1000367,
                55.7664706
              ],
              [
                27.09979,
                55.7666003
              ],
              [
                27.0993984,
                55.7667814
              ],
              [
                27.0988834,
                55.7670198
              ],
              [
                27.0985669,
                55.7670983
              ],
              [
                27.0982718,
                55.7671858
              ],
              [
                27.0981002,
                55.7673156
              ],
              [
                27.0980412,
                55.767729
              ],
              [
                27.0978963,
                55.7679252
              ],
              [
                27.0974457,
                55.7680338
              ],
              [
                27.0970112,
                55.7680579
              ],
              [
                27.0967269,
                55.76807
              ],
              [
                27.0963782,
                55.7681605
              ],
              [
                27.0961744,
                55.7682571
              ],
              [
                27.095831,
                55.7684412
              ],
              [
                27.0954394,
                55.7688697
              ],
              [
                27.0947474,
                55.7689995
              ],
              [
                27.1088773,
                55.7736735
              ]
            ]
          ],
          [
            [
              [
                27.1077025,
                55.7745455
              ],
              [
                27.1081424,
                55.7743554
              ],
              [
                27.1082282,
                55.7742498
              ],
              [
                27.1083462,
                55.7741201
              ],
              [
                27.1085018,
                55.7738908
              ],
              [
                27.1088773,
                55.7736735
              ],
              [
                27.1077025,
                55.7745455
              ]
            ]
          ],
          [
            [
              [
                27.1077025,
                55.7745455
              ],
              [
                27.1073162,
                55.7747145
              ],
              [
                27.1072197,
                55.7750464
              ],
              [
                27.1068334,
                55.7753058
              ],
              [
                27.1064365,
                55.7754145
              ],
              [
                27.1058786,
                55.7754145
              ],
              [
                27.1054816,
                55.7756196
              ],
              [
                27.1053314,
                55.7757343
              ],
              [
                27.1049774,
                55.7758188
              ],
              [
                27.1045375,
                55.7757825
              ],
              [
                27.1042478,
                55.7758489
              ],
              [
                27.104162,
                55.7760118
              ],
              [
                27.1040118,
                55.7761868
              ],
              [
                27.1036792,
                55.7762291
              ],
              [
                27.1033466,
                55.7760722
              ],
              [
                27.1030033,
                55.7756739
              ],
              [
                27.1034646,
                55.7751972
              ],
              [
                27.1039152,
                55.7749257
              ],
              [
                27.1039474,
                55.7747567
              ],
              [
                27.1038186,
                55.7744912
              ],
              [
                27.1034217,
                55.7743645
              ],
              [
                27.103014,
                55.7743765
              ],
              [
                27.1024775,
                55.7744429
              ],
              [
                27.1017587,
                55.7742076
              ],
              [
                27.1013939,
                55.7739662
              ],
              [
                27.1009648,
                55.7737127
              ],
              [
                27.1006322,
                55.7737912
              ],
              [
                27.1002459,
                55.7739662
              ],
              [
                27.0997739,
                55.77393
              ],
              [
                27.0994842,
                55.7738395
              ],
              [
                27.0992052,
                55.7736946
              ],
              [
                27.0992589,
                55.7734955
              ],
              [
                27.0995271,
                55.7731877
              ],
              [
                27.099967,
                55.7730489
              ],
              [
                27.0999241,
                55.7728498
              ],
              [
                27.0996666,
                55.7725058
              ],
              [
                27.0996666,
                55.7723187
              ],
              [
                27.0998061,
                55.7720472
              ],
              [
                27.1002781,
                55.771842
              ],
              [
                27.1008897,
                55.7717032
              ],
              [
                27.1015441,
                55.7716971
              ],
              [
                27.1022308,
                55.771848
              ],
              [
                27.1031535,
                55.7725058
              ],
              [
                27.1037435,
                55.7727231
              ],
              [
                27.1043014,
                55.7727834
              ],
              [
                27.1046126,
                55.7726144
              ],
              [
                27.1046233,
                55.7723489
              ],
              [
                27.1042371,
                55.7719385
              ],
              [
                27.1038401,
                55.7717092
              ],
              [
                27.1032178,
                55.7715221
              ],
              [
                27.102853,
                55.7711299
              ],
              [
                27.1024883,
                55.7707497
              ],
              [
                27.1022844,
                55.7704901
              ],
              [
                27.1017694,
                55.7702186
              ],
              [
                27.101469,
                55.7701824
              ],
              [
                27.1011686,
                55.7703151
              ],
              [
                27.101115,
                55.7705324
              ],
              [
                27.101115,
                55.7707134
              ],
              [
                27.1009755,
                55.7709126
              ],
              [
                27.100482,
                55.7712083
              ],
              [
                27.0999992,
                55.771498
              ],
              [
                27.0993662,
                55.7714497
              ],
              [
                27.0990121,
                55.7712204
              ],
              [
                27.0988405,
                55.7710212
              ],
              [
                27.0988619,
                55.7707557
              ],
              [
                27.0996666,
                55.7705807
              ],
              [
                27.0997095,
                55.7703694
              ],
              [
                27.0996237,
                55.7699832
              ],
              [
                27.0995271,
                55.7696271
              ],
              [
                27.0992911,
                55.7694521
              ],
              [
                27.099055,
                55.769434
              ],
              [
                27.0986259,
                55.7695487
              ],
              [
                27.0981753,
                55.7696935
              ],
              [
                27.0980251,
                55.7699651
              ],
              [
                27.0979714,
                55.7702186
              ],
              [
                27.0977461,
                55.7703634
              ],
              [
                27.0971131,
                55.770291
              ],
              [
                27.0966947,
                55.770128
              ],
              [
                27.0961904,
                55.7698323
              ],
              [
                27.0958149,
                55.7694943
              ],
              [
                27.0955521,
                55.7692982
              ],
              [
                27.0947474,
                55.7689995
              ],
              [
                27.1077025,
                55.7745455
              ]
            ]
          ]
        ]
      },
      "properties": {
        "id": 22,
        "name": "Озеро Войты",
        "type": "lake",
        "type_ru": "Озеро",
        "district": "Браславский",
        "region": "Витебская область",
        "location_description": "в 15 км на северо-восток от г. Браслава, 0,4 км на восток от д. Красногорка",
        "activities": "подводная охота, лов рыбы на дорожку с судов с двигателями",
        "coordinate_source": "osm_geometry"
      }
    },
    {
      "type": "Feature",
      "geometry": {
        "type": "Polygon",
        "coordinates": [
          [
            [
              26.9549527,
              55.7137113
            ],
            [
              26.9552565,
              55.7137912
            ],
            [
              26.9559351,
              55.7138482
            ],
            [
              26.9563402,
              55.7139452
            ],
            [
              26.956634,
              55.7139909
            ],
            [
              26.9568061,
              55.7138653
            ],
            [
              26.9568365,
              55.7136599
            ],
            [
              26.9563605,
              55.7133176
            ],
            [
              26.9556616,
              55.7131693
            ],
            [
              26.9550945,
              55.7132606
            ],
            [
              26.9550134,
              55.7132777
            ],
            [
              26.9548311,
              55.7134831
            ],
            [
              26.9549527,
              55.7137113
            ]
          ]
        ]
      },
      "properties": {
        "id": 23,
        "name": "Озеро Глыбовщина (Глубовщина)",
        "type": "lake",
        "type_ru": "Озеро",
        "district": "Браславский",
        "region": "Витебская область",
        "location_description": "в 17 км на северо-восток от г. Браслава, между д. Глубовщина и д. Оплиса 1",
        "activities": "подводная охота, лов рыбы на дорожку с судов с двигателями",
        "coordinate_source": "osm_geometry"
      }
    },
    {
      "type": "Feature",
      "geometry": {
        "type": "Polygon",
        "coordinates": [
          [
            [
              27.0138252,
              55.4521952
            ],
            [
              27.0136535,
              55.4521313
            ],
            [
              27.013557,
              55.4520613
            ],
            [
              27.0134443,
              55.451964
            ],
            [
              27.0134872,
              55.4517571
            ],
            [
              27.0134389,
              55.4516141
            ],
            [
              27.0133799,
              55.4514529
            ],
            [
              27.0134926,
              55.4512065
            ],
            [
              27.0136374,
              55.4510848
            ],
            [
              27.0137984,
              55.4510513
            ],
            [
              27.0140612,
              55.4510574
            ],
            [
              27.0143348,
              55.4510939
            ],
            [
              27.0146942,
              55.4511821
            ],
            [
              27.0149463,
              55.451243
            ],
            [
              27.0151985,
              55.451389
            ],
            [
              27.0152897,
              55.4514955
            ],
            [
              27.0155096,
              55.4515746
            ],
            [
              27.0156383,
              55.4516354
            ],
            [
              27.0156491,
              55.4516872
            ],
            [
              27.0154989,
              55.4517967
            ],
            [
              27.0153594,
              55.4519153
            ],
            [
              27.0151287,
              55.4520248
            ],
            [
              27.0147773,
              55.4520878
            ],
            [
              27.0143826,
              55.4521624
            ],
            [
              27.0140902,
              55.4521955
            ],
            [
              27.0138252,
              55.4521952
            ]
          ]
        ]
      },
      "properties": {
        "id": 24,
        "name": "Озеро Густаты (Густавы, Густата)",
        "type": "lake",
        "type_ru": "Озеро",
        "district": "Браславский",
        "region": "Витебская область",
        "location_description": "в 22 км на юго-восток от г. Браслава, около 0,3 км на юго-восток от д. Густата",
        "activities": "подводная охота, лов рыбы на дорожку с судов с двигателями",
        "coordinate_source": "osm_geometry"
      }
    },
    {
      "type": "Feature",
      "geometry": {
        "type": "Polygon",
        "coordinates": [
          [
            [
              26.6286835,
              55.5652536
            ],
            [
              26.6283213,
              55.565633
            ],
            [
              26.6278182,
              55.5659426
            ],
            [
              26.6274524,
              55.5659652
            ],
            [
              26.62726,
              55.56636
            ],
            [
              26.62743,
              55.56679
            ],
            [
              26.62854,
              55.56721
            ],
            [
              26.6293833,
              55.5670987
            ],
            [
              26.6298173,
              55.5666896
            ],
            [
              26.6295349,
              55.5662877
            ],
            [
              26.6291805,
              55.5658755
            ],
            [
              26.6291171,
              55.5654552
            ],
            [
              26.6286835,
              55.5652536
            ]
          ]
        ]
      },
      "properties": {
        "id": 25,
        "name": "Озеро Даубли (Даубля, Даубле)",
        "type": "lake",
        "type_ru": "Озеро",
        "district": "Браславский",
        "region": "Витебская область",
        "location_description": "в 12 км на юго-запад от г. Браслава, около д. Даубли",
        "activities": "подводная охота, лов рыбы на дорожку с судов с двигателями",
        "coordinate_source": "osm_geometry"
      }
    },
    {
      "type": "Feature",
      "geometry": {
        "type": "Polygon",
        "coordinates": [
          [
            [
              26.5740774,
              55.5374855
            ],
            [
              26.5740855,
              55.5375948
            ],
            [
              26.5741242,
              55.5376316
            ],
            [
              26.5741607,
              55.5376569
            ],
            [
              26.5741953,
              55.5376638
            ],
            [
              26.57424,
              55.5376626
            ],
            [
              26.574303,
              55.5376408
            ],
            [
              26.5743701,
              55.5375557
            ],
            [
              26.5743783,
              55.5374567
            ],
            [
              26.5744026,
              55.5374142
            ],
            [
              26.5744209,
              55.5373992
            ],
            [
              26.5744209,
              55.5373774
            ],
            [
              26.5744026,
              55.5373567
            ],
            [
              26.5743539,
              55.5373245
            ],
            [
              26.5742949,
              55.5373084
            ],
            [
              26.5742319,
              55.5372934
            ],
            [
              26.5741811,
              55.5372853
            ],
            [
              26.5741404,
              55.5372853
            ],
            [
              26.574116,
              55.5372934
            ],
            [
              26.5740835,
              55.5373176
            ],
            [
              26.574051,
              55.5373601
            ],
            [
              26.5740489,
              55.5373889
            ],
            [
              26.5740591,
              55.5374176
            ],
            [
              26.5740754,
              55.5374303
            ],
            [
              26.5740916,
              55.5374429
            ],
            [
              26.5740835,
              55.5374625
            ],
            [
              26.5740774,
              55.5374855
            ]
          ]
        ]
      },
      "properties": {
        "id": 26,
        "name": "Озеро Илгайцы (Имайце)",
        "type": "lake",
        "type_ru": "Озеро",
        "district": "Браславский",
        "region": "Витебская область",
        "location_description": "в 17 км на юго-запад от г. Браслава, около д. Илгайцы",
        "activities": "подводная охота",
        "coordinate_source": "osm_geometry"
      }
    },
    {
      "type": "Feature",
      "geometry": {
        "type": "Polygon",
        "coordinates": [
          [
            [
              27.0055964,
              55.7716486
            ],
            [
              27.0054999,
              55.7714555
            ],
            [
              27.0055964,
              55.7713228
            ],
            [
              27.0058539,
              55.7712322
            ],
            [
              27.006238,
              55.7712784
            ],
            [
              27.0064097,
              55.7713025
            ],
            [
              27.0065706,
              55.7714594
            ],
            [
              27.0067015,
              55.7716909
            ],
            [
              27.006562,
              55.7718116
            ],
            [
              27.0063582,
              55.7718418
            ],
            [
              27.0060149,
              55.7717995
            ],
            [
              27.0057681,
              55.771703
            ],
            [
              27.0055964,
              55.7716486
            ]
          ]
        ]
      },
      "properties": {
        "id": 27,
        "name": "Озеро Ильжа",
        "type": "lake",
        "type_ru": "Озеро",
        "district": "Браславский",
        "region": "Витебская область",
        "location_description": "в 20 км на северо-восток от г. Браслава, около 0,9 км на северо-восток от д. Заплющино",
        "activities": "подводная охота, лов рыбы на дорожку с судов с двигателями",
        "coordinate_source": "osm_geometry"
      }
    },
    {
      "type": "Feature",
      "geometry": {
        "type": "Polygon",
        "coordinates": [
          [
            [
              26.915328841595265,
              55.5515963963964
            ],
            [
              26.928071158404737,
              55.5515963963964
            ],
            [
              26.928071158404737,
              55.5588036036036
            ],
            [
              26.915328841595265,
              55.5588036036036
            ],
            [
              26.915328841595265,
              55.5515963963964
            ]
          ]
        ]
      },
      "properties": {
        "id": 28,
        "name": "Озеро Иново",
        "type": "lake",
        "type_ru": "Озеро",
        "district": "Браславский",
        "region": "Витебская область",
        "location_description": "в 13 км на юго-восток от г. Браслава, около д. Иново",
        "activities": "подводная охота, лов рыбы на дорожку с судов с двигателями",
        "coordinate_source": "calculated_from_decree_description"
      }
    },
    {
      "type": "Feature",
      "geometry": {
        "type": "Polygon",
        "coordinates": [
          [
            [
              27.1658957,
              55.4943973
            ],
            [
              27.1672422,
              55.4944338
            ],
            [
              27.1680468,
              55.4943335
            ],
            [
              27.1693943,
              55.4939326
            ],
            [
              27.1700531,
              55.4937744
            ],
            [
              27.1703589,
              55.4937865
            ],
            [
              27.1713191,
              55.4942211
            ],
            [
              27.1716624,
              55.4943001
            ],
            [
              27.1731162,
              55.4943183
            ],
            [
              27.1735125,
              55.4942766
            ],
            [
              27.173776,
              55.4941603
            ],
            [
              27.1741784,
              55.4939445
            ],
            [
              27.1745082,
              55.4938624
            ],
            [
              27.1750367,
              55.4938291
            ],
            [
              27.1760817,
              55.4936652
            ],
            [
              27.1764904,
              55.4936254
            ],
            [
              27.177043,
              55.4935221
            ],
            [
              27.1776974,
              55.4931848
            ],
            [
              27.1780944,
              55.4929508
            ],
            [
              27.1786737,
              55.4925831
            ],
            [
              27.178899,
              55.4922761
            ],
            [
              27.1790058,
              55.4919672
            ],
            [
              27.1790764,
              55.4915093
            ],
            [
              27.1789956,
              55.491252
            ],
            [
              27.1785897,
              55.4908578
            ],
            [
              27.1783787,
              55.4906806
            ],
            [
              27.1777779,
              55.49048
            ],
            [
              27.1766728,
              55.490401
            ],
            [
              27.1760237,
              55.4904739
            ],
            [
              27.1748114,
              55.490711
            ],
            [
              27.1738243,
              55.4909663
            ],
            [
              27.1733469,
              55.4910058
            ],
            [
              27.1730357,
              55.4909906
            ],
            [
              27.1726763,
              55.4908599
            ],
            [
              27.1718019,
              55.4906502
            ],
            [
              27.1711689,
              55.4906502
            ],
            [
              27.1701057,
              55.4908545
            ],
            [
              27.1687335,
              55.4912459
            ],
            [
              27.1682024,
              55.491255
            ],
            [
              27.1679357,
              55.4913832
            ],
            [
              27.1672368,
              55.4918963
            ],
            [
              27.1663511,
              55.4923031
            ],
            [
              27.1659547,
              55.4926925
            ],
            [
              27.1656662,
              55.4928
            ],
            [
              27.1653807,
              55.4927867
            ],
            [
              27.1646029,
              55.4926864
            ],
            [
              27.1641523,
              55.4926955
            ],
            [
              27.1636587,
              55.4928049
            ],
            [
              27.1632242,
              55.4929477
            ],
            [
              27.162897,
              55.4931757
            ],
            [
              27.1627521,
              55.4934705
            ],
            [
              27.1627897,
              55.493981
            ],
            [
              27.1630257,
              55.4942667
            ],
            [
              27.163471,
              55.4944672
            ],
            [
              27.1640557,
              55.4945949
            ],
            [
              27.1643668,
              55.49461
            ],
            [
              27.1649998,
              55.494528
            ],
            [
              27.1658957,
              55.4943973
            ]
          ]
        ]
      },
      "properties": {
        "id": 29,
        "name": "Озеро Корня",
        "type": "lake",
        "type_ru": "Озеро",
        "district": "Браславский",
        "region": "Витебская область",
        "location_description": "в 18 км на юго-восток от г. Браслава, около д. Довьяты Большие",
        "activities": "подводная охота, лов рыбы на дорожку с судов с двигателями",
        "coordinate_source": "osm_geometry"
      }
    },
    {
      "type": "Feature",
      "geometry": {
        "type": "Polygon",
        "coordinates": [
          [
            [
              27.0055964,
              55.7716486
            ],
            [
              27.0054999,
              55.7714555
            ],
            [
              27.0055964,
              55.7713228
            ],
            [
              27.0058539,
              55.7712322
            ],
            [
              27.006238,
              55.7712784
            ],
            [
              27.0064097,
              55.7713025
            ],
            [
              27.0065706,
              55.7714594
            ],
            [
              27.0067015,
              55.7716909
            ],
            [
              27.006562,
              55.7718116
            ],
            [
              27.0063582,
              55.7718418
            ],
            [
              27.0060149,
              55.7717995
            ],
            [
              27.0057681,
              55.771703
            ],
            [
              27.0055964,
              55.7716486
            ]
          ]
        ]
      },
      "properties": {
        "id": 30,
        "name": "Озеро Кривец (Кривое)",
        "type": "lake",
        "type_ru": "Озеро",
        "district": "Браславский",
        "region": "Витебская область",
        "location_description": "в 18 км на северо-восток от г. Браслава, 0,8 км на северо-запад от д. Шашкишки",
        "activities": "подводная охота",
        "coordinate_source": "osm_geometry"
      }
    },
    {
      "type": "Feature",
      "geometry": {
        "type": "Polygon",
        "coordinates": [
          [
            [
              26.7039496,
              55.6345038
            ],
            [
              26.7041266,
              55.6341949
            ],
            [
              26.7043304,
              55.6338588
            ],
            [
              26.7046308,
              55.6336892
            ],
            [
              26.7055482,
              55.6334773
            ],
            [
              26.7058861,
              55.633453
            ],
            [
              26.706031,
              55.6333925
            ],
            [
              26.7060363,
              55.6333319
            ],
            [
              26.7058539,
              55.6333047
            ],
            [
              26.7056823,
              55.6331593
            ],
            [
              26.7056501,
              55.6329928
            ],
            [
              26.7057574,
              55.6329382
            ],
            [
              26.706031,
              55.6328535
            ],
            [
              26.7064011,
              55.6327475
            ],
            [
              26.7069322,
              55.6326354
            ],
            [
              26.7074525,
              55.6325809
            ],
            [
              26.7076403,
              55.6324598
            ],
            [
              26.7077744,
              55.6322478
            ],
            [
              26.7077637,
              55.6320177
            ],
            [
              26.7076242,
              55.6317845
            ],
            [
              26.7073345,
              55.6315634
            ],
            [
              26.7070234,
              55.6315483
            ],
            [
              26.7063475,
              55.6316331
            ],
            [
              26.7058647,
              55.6317572
            ],
            [
              26.7048508,
              55.631836
            ],
            [
              26.7045289,
              55.631842
            ],
            [
              26.703225,
              55.6315967
            ],
            [
              26.7027533,
              55.6315543
            ],
            [
              26.702455,
              55.6315967
            ],
            [
              26.7016375,
              55.6319662
            ],
            [
              26.7012083,
              55.632054
            ],
            [
              26.7007202,
              55.6320873
            ],
            [
              26.700291,
              55.6321146
            ],
            [
              26.7001247,
              55.6321812
            ],
            [
              26.7000443,
              55.6323023
            ],
            [
              26.7000443,
              55.6324568
            ],
            [
              26.6999745,
              55.6327838
            ],
            [
              26.6997492,
              55.6331442
            ],
            [
              26.6994113,
              55.6334712
            ],
            [
              26.6990089,
              55.6337801
            ],
            [
              26.6984671,
              55.6339163
            ],
            [
              26.6979736,
              55.6340375
            ],
            [
              26.6975445,
              55.6340677
            ],
            [
              26.6972601,
              55.6341404
            ],
            [
              26.6969726,
              55.6342507
            ],
            [
              26.6967291,
              55.6344251
            ],
            [
              26.6966969,
              55.6346007
            ],
            [
              26.6966057,
              55.6351094
            ],
            [
              26.6965789,
              55.6355242
            ],
            [
              26.6966057,
              55.635718
            ],
            [
              26.6968042,
              55.6359481
            ],
            [
              26.6970026,
              55.6360874
            ],
            [
              26.697464,
              55.6362025
            ],
            [
              26.6979414,
              55.6366506
            ],
            [
              26.6981131,
              55.6367536
            ],
            [
              26.6985208,
              55.6368474
            ],
            [
              26.6987461,
              55.6368383
            ],
            [
              26.6991484,
              55.6367203
            ],
            [
              26.6992879,
              55.6366476
            ],
            [
              26.6994756,
              55.6365416
            ],
            [
              26.6998297,
              55.6363811
            ],
            [
              26.7001033,
              55.6362933
            ],
            [
              26.7004198,
              55.6362418
            ],
            [
              26.7006987,
              55.6361207
            ],
            [
              26.7011332,
              55.6360329
            ],
            [
              26.7016965,
              55.6359905
            ],
            [
              26.702013,
              55.6360057
            ],
            [
              26.702646,
              55.6361086
            ],
            [
              26.7029947,
              55.6362903
            ],
            [
              26.7032897,
              55.6363024
            ],
            [
              26.7035472,
              55.6362418
            ],
            [
              26.7038906,
              55.636154
            ],
            [
              26.7041641,
              55.6359936
            ],
            [
              26.7042339,
              55.6358694
            ],
            [
              26.704148,
              55.6351245
            ],
            [
              26.70403,
              55.6348823
            ],
            [
              26.7039496,
              55.6345038
            ]
          ]
        ]
      },
      "properties": {
        "id": 31,
        "name": "Озеро Муйсата",
        "type": "lake",
        "type_ru": "Озеро",
        "district": "Браславский",
        "region": "Витебская область",
        "location_description": "в 20 км на запад от г. Браслава, около д. Михалинка",
        "activities": "подводная охота",
        "coordinate_source": "osm_geometry"
      }
    },
    {
      "type": "Feature",
      "geometry": {
        "type": "Polygon",
        "coordinates": [
          [
            [
              26.5740774,
              55.5374855
            ],
            [
              26.5740855,
              55.5375948
            ],
            [
              26.5741242,
              55.5376316
            ],
            [
              26.5741607,
              55.5376569
            ],
            [
              26.5741953,
              55.5376638
            ],
            [
              26.57424,
              55.5376626
            ],
            [
              26.574303,
              55.5376408
            ],
            [
              26.5743701,
              55.5375557
            ],
            [
              26.5743783,
              55.5374567
            ],
            [
              26.5744026,
              55.5374142
            ],
            [
              26.5744209,
              55.5373992
            ],
            [
              26.5744209,
              55.5373774
            ],
            [
              26.5744026,
              55.5373567
            ],
            [
              26.5743539,
              55.5373245
            ],
            [
              26.5742949,
              55.5373084
            ],
            [
              26.5742319,
              55.5372934
            ],
            [
              26.5741811,
              55.5372853
            ],
            [
              26.5741404,
              55.5372853
            ],
            [
              26.574116,
              55.5372934
            ],
            [
              26.5740835,
              55.5373176
            ],
            [
              26.574051,
              55.5373601
            ],
            [
              26.5740489,
              55.5373889
            ],
            [
              26.5740591,
              55.5374176
            ],
            [
              26.5740754,
              55.5374303
            ],
            [
              26.5740916,
              55.5374429
            ],
            [
              26.5740835,
              55.5374625
            ],
            [
              26.5740774,
              55.5374855
            ]
          ]
        ]
      },
      "properties": {
        "id": 32,
        "name": "Озеро Муйсо (Муйса)",
        "type": "lake",
        "type_ru": "Озеро",
        "district": "Браславский",
        "region": "Витебская область",
        "location_description": "в 18 км на юго-запад от г. Браслава, около д. Минковичи",
        "activities": "подводная охота, лов рыбы на дорожку с судов с двигателями",
        "coordinate_source": "osm_geometry"
      }
    },
    {
      "type": "Feature",
      "geometry": {
        "type": "Polygon",
        "coordinates": [
          [
            [
              26.5398306,
              55.5003091
            ],
            [
              26.5397769,
              55.5005097
            ],
            [
              26.5399057,
              55.5006191
            ],
            [
              26.5404636,
              55.5007406
            ],
            [
              26.5408391,
              55.5007649
            ],
            [
              26.5410215,
              55.5008561
            ],
            [
              26.5413326,
              55.5010019
            ],
            [
              26.5416545,
              55.5011599
            ],
            [
              26.5417618,
              55.5012146
            ],
            [
              26.5416759,
              55.5008378
            ],
            [
              26.5415686,
              55.5006434
            ],
            [
              26.5413648,
              55.500534
            ],
            [
              26.5411609,
              55.5004185
            ],
            [
              26.5411609,
              55.5003274
            ],
            [
              26.5412468,
              55.5001694
            ],
            [
              26.5410644,
              55.5000721
            ],
            [
              26.5407425,
              55.5000053
            ],
            [
              26.5404958,
              55.5000357
            ],
            [
              26.5401417,
              55.5000721
            ],
            [
              26.5400022,
              55.5001937
            ],
            [
              26.5398306,
              55.5003091
            ]
          ]
        ]
      },
      "properties": {
        "id": 33,
        "name": "Озеро Оболь (Обола, Оболе)",
        "type": "lake",
        "type_ru": "Озеро",
        "district": "Браславский",
        "region": "Витебская область",
        "location_description": "в 22 км на юго-запад от г. Браслава, около д. Дворище",
        "activities": "подводная охота, лов рыбы на дорожку с судов с двигателями",
        "coordinate_source": "osm_geometry"
      }
    },
    {
      "type": "Feature",
      "geometry": {
        "type": "Polygon",
        "coordinates": [
          [
            [
              26.6652507,
              55.695789
            ],
            [
              26.6643763,
              55.695783
            ],
            [
              26.6640919,
              55.6956923
            ],
            [
              26.6643012,
              55.695526
            ],
            [
              26.6648727,
              55.6953393
            ],
            [
              26.6656637,
              55.6952267
            ],
            [
              26.666522,
              55.6949062
            ],
            [
              26.6670155,
              55.6949364
            ],
            [
              26.6678222,
              55.695034
            ],
            [
              26.6669726,
              55.6952871
            ],
            [
              26.6661519,
              55.6954413
            ],
            [
              26.6654974,
              55.6956711
            ],
            [
              26.6652507,
              55.695789
            ]
          ]
        ]
      },
      "properties": {
        "id": 34,
        "name": "Озеро Орехово (Ожехово)",
        "type": "lake",
        "type_ru": "Озеро",
        "district": "Браславский",
        "region": "Витебская область",
        "location_description": "в 10 км на северо-запад от г. Браслава, около д. Крюки",
        "activities": "подводная охота, лов рыбы на дорожку с судов с двигателями",
        "coordinate_source": "osm_geometry"
      }
    },
    {
      "type": "Feature",
      "geometry": {
        "type": "Polygon",
        "coordinates": [
          [
            [
              26.9369149,
              55.7239088
            ],
            [
              26.9360862,
              55.7237743
            ],
            [
              26.9354862,
              55.7238358
            ],
            [
              26.935219,
              55.7242182
            ],
            [
              26.9353566,
              55.7246391
            ],
            [
              26.9359162,
              55.7248686
            ],
            [
              26.9367542,
              55.7247715
            ],
            [
              26.9372722,
              55.7245935
            ],
            [
              26.9374259,
              55.7241941
            ],
            [
              26.9372143,
              55.7240193
            ],
            [
              26.9369149,
              55.7239088
            ]
          ]
        ]
      },
      "properties": {
        "id": 35,
        "name": "Озеро Оплиса (Оплеса, Оплисо)",
        "type": "lake",
        "type_ru": "Озеро",
        "district": "Браславский",
        "region": "Витебская область",
        "location_description": "в 16 км на северо-восток от г. Браслава, около д. Оплиса",
        "activities": "подводная охота, лов рыбы на дорожку с судов с двигателями",
        "coordinate_source": "osm_geometry"
      }
    },
    {
      "type": "Feature",
      "geometry": {
        "type": "Polygon",
        "coordinates": [
          [
            [
              26.8233247,
              55.5456942
            ],
            [
              26.8221951,
              55.5441149
            ],
            [
              26.8212771,
              55.5428454
            ],
            [
              26.8212777,
              55.5427368
            ],
            [
              26.8214084,
              55.5425628
            ],
            [
              26.8214095,
              55.5424029
            ],
            [
              26.8210244,
              55.5420314
            ],
            [
              26.8196134,
              55.5397064
            ],
            [
              26.8192141,
              55.5393802
            ],
            [
              26.8190758,
              55.5391522
            ],
            [
              26.8192075,
              55.5390063
            ],
            [
              26.8193431,
              55.5386433
            ],
            [
              26.8194388,
              55.5383864
            ],
            [
              26.8193406,
              55.5381987
            ],
            [
              26.8194228,
              55.5380386
            ],
            [
              26.8197941,
              55.5378194
            ],
            [
              26.8202658,
              55.5377868
            ],
            [
              26.8205719,
              55.5377277
            ],
            [
              26.8208318,
              55.537584
            ],
            [
              26.820964,
              55.5373836
            ],
            [
              26.8210122,
              55.5372006
            ],
            [
              26.8210444,
              55.5368246
            ],
            [
              26.8210049,
              55.5366798
            ],
            [
              26.8208986,
              55.5365243
            ],
            [
              26.820686,
              55.5363481
            ],
            [
              26.8202328,
              55.5363417
            ],
            [
              26.8199322,
              55.5362264
            ],
            [
              26.8196724,
              55.5360055
            ],
            [
              26.8192585,
              55.5359474
            ],
            [
              26.8189624,
              55.536022
            ],
            [
              26.8188324,
              55.5361658
            ],
            [
              26.8187935,
              55.5363268
            ],
            [
              26.8188547,
              55.5365147
            ],
            [
              26.8188978,
              55.5366856
            ],
            [
              26.8188692,
              55.5368176
            ],
            [
              26.818784,
              55.5370081
            ],
            [
              26.8188141,
              55.5374209
            ],
            [
              26.8186291,
              55.5390388
            ],
            [
              26.8189365,
              55.5393172
            ],
            [
              26.819154,
              55.539637
            ],
            [
              26.8191678,
              55.5398982
            ],
            [
              26.8190703,
              55.5401877
            ],
            [
              26.8188696,
              55.5402349
            ],
            [
              26.8186399,
              55.5402167
            ],
            [
              26.8178557,
              55.5397067
            ],
            [
              26.8174275,
              55.5396687
            ],
            [
              26.8168245,
              55.5397921
            ],
            [
              26.8166221,
              55.5402102
            ],
            [
              26.8165143,
              55.540537
            ],
            [
              26.8161369,
              55.5407636
            ],
            [
              26.8159598,
              55.5409901
            ],
            [
              26.8151475,
              55.5417671
            ],
            [
              26.8149433,
              55.5420053
            ],
            [
              26.8149851,
              55.5421135
            ],
            [
              26.8150558,
              55.5422094
            ],
            [
              26.814874,
              55.5424759
            ],
            [
              26.8149818,
              55.5426938
            ],
            [
              26.8152881,
              55.5430782
            ],
            [
              26.8154054,
              55.5435216
            ],
            [
              26.8153153,
              55.5439267
            ],
            [
              26.8149664,
              55.5441925
            ],
            [
              26.8149048,
              55.5443581
            ],
            [
              26.8156056,
              55.544785
            ],
            [
              26.8159444,
              55.5453863
            ],
            [
              26.8154978,
              55.5459396
            ],
            [
              26.8157875,
              55.5460923
            ],
            [
              26.8155228,
              55.5464327
            ],
            [
              26.8156354,
              55.5465853
            ],
            [
              26.8157081,
              55.5466839
            ],
            [
              26.8160666,
              55.5468751
            ],
            [
              26.8165228,
              55.5470021
            ],
            [
              26.8166659,
              55.5469024
            ],
            [
              26.8168223,
              55.5466913
            ],
            [
              26.8171445,
              55.5462781
            ],
            [
              26.8174119,
              55.5457656
            ],
            [
              26.8178434,
              55.5454658
            ],
            [
              26.81849,
              55.54533
            ],
            [
              26.8202809,
              55.5455424
            ],
            [
              26.8206771,
              55.5459138
            ],
            [
              26.8209958,
              55.5465523
            ],
            [
              26.8217004,
              55.5469234
            ],
            [
              26.8216824,
              55.547044
            ],
            [
              26.8209958,
              55.5471593
            ],
            [
              26.8207471,
              55.5472109
            ],
            [
              26.8205996,
              55.547336
            ],
            [
              26.8205359,
              55.5474882
            ],
            [
              26.8210429,
              55.5490919
            ],
            [
              26.8210206,
              55.5492348
            ],
            [
              26.8207742,
              55.5494719
            ],
            [
              26.82037,
              55.54988
            ],
            [
              26.8200356,
              55.5499732
            ],
            [
              26.8197961,
              55.5499952
            ],
            [
              26.8195855,
              55.5500009
            ],
            [
              26.8193894,
              55.5501314
            ],
            [
              26.81917,
              55.55031
            ],
            [
              26.8189383,
              55.5506061
            ],
            [
              26.81917,
              55.55125
            ],
            [
              26.82089,
              55.55288
            ],
            [
              26.8211247,
              55.5530784
            ],
            [
              26.8211138,
              55.5532655
            ],
            [
              26.820698,
              55.5535753
            ],
            [
              26.8203742,
              55.5536308
            ],
            [
              26.8201083,
              55.5535881
            ],
            [
              26.8194994,
              55.5533211
            ],
            [
              26.819349,
              55.5534112
            ],
            [
              26.8193865,
              55.5535258
            ],
            [
              26.8195464,
              55.5538674
            ],
            [
              26.8196001,
              55.5542219
            ],
            [
              26.8197902,
              55.5548256
            ],
            [
              26.819724,
              55.5555842
            ],
            [
              26.8196,
              55.5564
            ],
            [
              26.8193444,
              55.5568165
            ],
            [
              26.8188899,
              55.5570001
            ],
            [
              26.8182164,
              55.5571312
            ],
            [
              26.8175696,
              55.557463
            ],
            [
              26.8173579,
              55.5579147
            ],
            [
              26.8174843,
              55.5583475
            ],
            [
              26.8178855,
              55.5587475
            ],
            [
              26.8184843,
              55.559478
            ],
            [
              26.8183367,
              55.5598618
            ],
            [
              26.8179908,
              55.5600829
            ],
            [
              26.8177103,
              55.5603291
            ],
            [
              26.8177189,
              55.5605917
            ],
            [
              26.8179726,
              55.560794
            ],
            [
              26.8183998,
              55.5608736
            ],
            [
              26.8188227,
              55.5608922
            ],
            [
              26.81926,
              55.56078
            ],
            [
              26.82037,
              55.56
            ],
            [
              26.8217789,
              55.559531
            ],
            [
              26.822688,
              55.5597037
            ],
            [
              26.8234099,
              55.5597582
            ],
            [
              26.82415,
              55.5595963
            ],
            [
              26.8249693,
              55.5593825
            ],
            [
              26.8256624,
              55.5592083
            ],
            [
              26.82561,
              55.55889
            ],
            [
              26.8254699,
              55.5584189
            ],
            [
              26.82578,
              55.55794
            ],
            [
              26.8265445,
              55.5574803
            ],
            [
              26.82698,
              55.55691
            ],
            [
              26.8269849,
              55.55511
            ],
            [
              26.8266066,
              55.5534885
            ],
            [
              26.82621,
              55.5527105
            ],
            [
              26.8253694,
              55.5524079
            ],
            [
              26.8245333,
              55.5521801
            ],
            [
              26.8239959,
              55.5518479
            ],
            [
              26.8238779,
              55.5517448
            ],
            [
              26.8241773,
              55.5514492
            ],
            [
              26.8242091,
              55.5511681
            ],
            [
              26.8241252,
              55.550936
            ],
            [
              26.8235111,
              55.550573
            ],
            [
              26.8234176,
              55.55048
            ],
            [
              26.8233967,
              55.5503397
            ],
            [
              26.8234625,
              55.5500358
            ],
            [
              26.823501,
              55.5494748
            ],
            [
              26.8236619,
              55.5489286
            ],
            [
              26.823371,
              55.5483168
            ],
            [
              26.8224833,
              55.5477724
            ],
            [
              26.8222754,
              55.5477105
            ],
            [
              26.8221832,
              55.5475669
            ],
            [
              26.8221867,
              55.547484
            ],
            [
              26.82312,
              55.54705
            ],
            [
              26.8236235,
              55.5468618
            ],
            [
              26.8237076,
              55.5467799
            ],
            [
              26.8236607,
              55.5466624
            ],
            [
              26.8233247,
              55.5456942
            ]
          ]
        ]
      },
      "properties": {
        "id": 36,
        "name": "Озеро Опса",
        "type": "lake",
        "type_ru": "Озеро",
        "district": "Браславский",
        "region": "Витебская область",
        "location_description": "в 16 км на юго-запад от г. Браслава, около д. Опса",
        "activities": "подводная охота, лов рыбы на дорожку с судов с двигателями",
        "coordinate_source": "osm_geometry"
      }
    },
    {
      "type": "Feature",
      "geometry": {
        "type": "Polygon",
        "coordinates": [
          [
            [
              26.7493922,
              55.477518
            ],
            [
              26.7496224,
              55.4774863
            ],
            [
              26.7499647,
              55.4773647
            ],
            [
              26.7503826,
              55.4772417
            ],
            [
              26.7506043,
              55.477124
            ],
            [
              26.7506759,
              55.477042
            ],
            [
              26.7506634,
              55.4769546
            ],
            [
              26.7506338,
              55.4768832
            ],
            [
              26.7505668,
              55.4767673
            ],
            [
              26.7499546,
              55.476142
            ],
            [
              26.7497301,
              55.4759932
            ],
            [
              26.7495231,
              55.4759579
            ],
            [
              26.7492929,
              55.4759436
            ],
            [
              26.7491127,
              55.4759854
            ],
            [
              26.7483799,
              55.4763367
            ],
            [
              26.7479081,
              55.4766414
            ],
            [
              26.747508,
              55.4769814
            ],
            [
              26.7470963,
              55.4772134
            ],
            [
              26.746834,
              55.4774771
            ],
            [
              26.7466736,
              55.477645
            ],
            [
              26.7464479,
              55.47803
            ],
            [
              26.7463067,
              55.4788987
            ],
            [
              26.7461441,
              55.4791014
            ],
            [
              26.7461275,
              55.4791914
            ],
            [
              26.7462904,
              55.4791752
            ],
            [
              26.746518,
              55.4790462
            ],
            [
              26.7466429,
              55.4789445
            ],
            [
              26.7467492,
              55.4788375
            ],
            [
              26.7469369,
              55.4786165
            ],
            [
              26.747078,
              55.4784139
            ],
            [
              26.7473587,
              55.4782077
            ],
            [
              26.747849,
              55.4779803
            ],
            [
              26.7481152,
              55.4778111
            ],
            [
              26.7483554,
              55.4777466
            ],
            [
              26.7485557,
              55.4777265
            ],
            [
              26.7487046,
              55.4776958
            ],
            [
              26.7490705,
              55.4776117
            ],
            [
              26.7493922,
              55.477518
            ]
          ]
        ]
      },
      "properties": {
        "id": 37,
        "name": "Озеро Подворное",
        "type": "lake",
        "type_ru": "Озеро",
        "district": "Браславский",
        "region": "Витебская область",
        "location_description": "в 16 км на юг от г. Браслава, около д. Замошье",
        "activities": "подводная охота, лов рыбы на дорожку с судов с двигателями",
        "coordinate_source": "osm_geometry"
      }
    },
    {
      "type": "Feature",
      "geometry": {
        "type": "Polygon",
        "coordinates": [
          [
            [
              26.5398306,
              55.5003091
            ],
            [
              26.5397769,
              55.5005097
            ],
            [
              26.5399057,
              55.5006191
            ],
            [
              26.5404636,
              55.5007406
            ],
            [
              26.5408391,
              55.5007649
            ],
            [
              26.5410215,
              55.5008561
            ],
            [
              26.5413326,
              55.5010019
            ],
            [
              26.5416545,
              55.5011599
            ],
            [
              26.5417618,
              55.5012146
            ],
            [
              26.5416759,
              55.5008378
            ],
            [
              26.5415686,
              55.5006434
            ],
            [
              26.5413648,
              55.500534
            ],
            [
              26.5411609,
              55.5004185
            ],
            [
              26.5411609,
              55.5003274
            ],
            [
              26.5412468,
              55.5001694
            ],
            [
              26.5410644,
              55.5000721
            ],
            [
              26.5407425,
              55.5000053
            ],
            [
              26.5404958,
              55.5000357
            ],
            [
              26.5401417,
              55.5000721
            ],
            [
              26.5400022,
              55.5001937
            ],
            [
              26.5398306,
              55.5003091
            ]
          ]
        ]
      },
      "properties": {
        "id": 38,
        "name": "Озеро Ставок",
        "type": "lake",
        "type_ru": "Озеро",
        "district": "Браславский",
        "region": "Витебская область",
        "location_description": "в 23 км на юго-запад от г. Браслава, 0,52 км на юг от д. Дрисвяты",
        "activities": "подводная охота, лов рыбы на дорожку с судов с двигателями",
        "coordinate_source": "osm_geometry"
      }
    },
    {
      "type": "Feature",
      "geometry": {
        "type": "Polygon",
        "coordinates": [
          [
            [
              26.60899538237209,
              55.6343963963964
            ],
            [
              26.621764617627907,
              55.6343963963964
            ],
            [
              26.621764617627907,
              55.6416036036036
            ],
            [
              26.60899538237209,
              55.6416036036036
            ],
            [
              26.60899538237209,
              55.6343963963964
            ]
          ]
        ]
      },
      "properties": {
        "id": 39,
        "name": "Озеро Уся",
        "type": "lake",
        "type_ru": "Озеро",
        "district": "Браславский",
        "region": "Витебская область",
        "location_description": "в 10 км на запад от г. Браслава, около д. Усяны",
        "activities": "подводная охота, лов рыбы на дорожку с судов с двигателями",
        "coordinate_source": "calculated_from_decree_description"
      }
    },
    {
      "type": "Feature",
      "geometry": {
        "type": "Polygon",
        "coordinates": [
          [
            [
              28.3684746,
              56.0650314
            ],
            [
              28.3683487,
              56.0645725
            ],
            [
              28.3684117,
              56.0641182
            ],
            [
              28.3684871,
              56.0636359
            ],
            [
              28.3686759,
              56.0632496
            ],
            [
              28.3684452,
              56.0628937
            ],
            [
              28.3680651,
              56.0625019
            ],
            [
              28.3679964,
              56.0622263
            ],
            [
              28.3682942,
              56.0620788
            ],
            [
              28.368982,
              56.0617627
            ],
            [
              28.3688982,
              56.061662
            ],
            [
              28.3686172,
              56.0616175
            ],
            [
              28.3683445,
              56.0615988
            ],
            [
              28.3681013,
              56.0614162
            ],
            [
              28.3677532,
              56.0614302
            ],
            [
              28.3680216,
              56.0613014
            ],
            [
              28.3682271,
              56.061353
            ],
            [
              28.3684704,
              56.0611984
            ],
            [
              28.368852,
              56.0610813
            ],
            [
              28.369305,
              56.0610743
            ],
            [
              28.3696908,
              56.0612101
            ],
            [
              28.3700977,
              56.0612054
            ],
            [
              28.3701019,
              56.0612616
            ],
            [
              28.3700306,
              56.0613647
            ],
            [
              28.3703619,
              56.0614771
            ],
            [
              28.3703241,
              56.0616574
            ],
            [
              28.369888,
              56.0615777
            ],
            [
              28.3698125,
              56.06136
            ],
            [
              28.3694937,
              56.0612312
            ],
            [
              28.3692882,
              56.0611446
            ],
            [
              28.3687933,
              56.0612406
            ],
            [
              28.3685249,
              56.0613014
            ],
            [
              28.3685962,
              56.0614607
            ],
            [
              28.3689862,
              56.0616574
            ],
            [
              28.3690701,
              56.0617557
            ],
            [
              28.3691288,
              56.0619664
            ],
            [
              28.3694937,
              56.061751
            ],
            [
              28.3696531,
              56.0619571
            ],
            [
              28.3700515,
              56.0620133
            ],
            [
              28.3700893,
              56.0621046
            ],
            [
              28.3698544,
              56.0621889
            ],
            [
              28.369607,
              56.0620976
            ],
            [
              28.3694769,
              56.0622474
            ],
            [
              28.3695147,
              56.0623387
            ],
            [
              28.3700515,
              56.0623668
            ],
            [
              28.3703283,
              56.0623106
            ],
            [
              28.3701857,
              56.0625776
            ],
            [
              28.3697286,
              56.0627485
            ],
            [
              28.3694895,
              56.0630997
            ],
            [
              28.3696112,
              56.0634088
            ],
            [
              28.3689443,
              56.0640948
            ],
            [
              28.3689359,
              56.0644226
            ],
            [
              28.3684746,
              56.0650314
            ]
          ]
        ]
      },
      "properties": {
        "id": 40,
        "name": "Озеро Бузянка (Бузинка)",
        "type": "lake",
        "type_ru": "Озеро",
        "district": "Верхнедвинский",
        "region": "Витебская область",
        "location_description": "в 40 км на северо-восток от г. Верхнедвинска, 1 км на юго-восток от д. Лисно",
        "activities": "подводная охота, лов рыбы на дорожку с судов с двигателями",
        "coordinate_source": "osm_geometry"
      }
    },
    {
      "type": "Feature",
      "geometry": {
        "type": "Polygon",
        "coordinates": [
          [
            [
              28.3684746,
              56.0650314
            ],
            [
              28.3683487,
              56.0645725
            ],
            [
              28.3684117,
              56.0641182
            ],
            [
              28.3684871,
              56.0636359
            ],
            [
              28.3686759,
              56.0632496
            ],
            [
              28.3684452,
              56.0628937
            ],
            [
              28.3680651,
              56.0625019
            ],
            [
              28.3679964,
              56.0622263
            ],
            [
              28.3682942,
              56.0620788
            ],
            [
              28.368982,
              56.0617627
            ],
            [
              28.3688982,
              56.061662
            ],
            [
              28.3686172,
              56.0616175
            ],
            [
              28.3683445,
              56.0615988
            ],
            [
              28.3681013,
              56.0614162
            ],
            [
              28.3677532,
              56.0614302
            ],
            [
              28.3680216,
              56.0613014
            ],
            [
              28.3682271,
              56.061353
            ],
            [
              28.3684704,
              56.0611984
            ],
            [
              28.368852,
              56.0610813
            ],
            [
              28.369305,
              56.0610743
            ],
            [
              28.3696908,
              56.0612101
            ],
            [
              28.3700977,
              56.0612054
            ],
            [
              28.3701019,
              56.0612616
            ],
            [
              28.3700306,
              56.0613647
            ],
            [
              28.3703619,
              56.0614771
            ],
            [
              28.3703241,
              56.0616574
            ],
            [
              28.369888,
              56.0615777
            ],
            [
              28.3698125,
              56.06136
            ],
            [
              28.3694937,
              56.0612312
            ],
            [
              28.3692882,
              56.0611446
            ],
            [
              28.3687933,
              56.0612406
            ],
            [
              28.3685249,
              56.0613014
            ],
            [
              28.3685962,
              56.0614607
            ],
            [
              28.3689862,
              56.0616574
            ],
            [
              28.3690701,
              56.0617557
            ],
            [
              28.3691288,
              56.0619664
            ],
            [
              28.3694937,
              56.061751
            ],
            [
              28.3696531,
              56.0619571
            ],
            [
              28.3700515,
              56.0620133
            ],
            [
              28.3700893,
              56.0621046
            ],
            [
              28.3698544,
              56.0621889
            ],
            [
              28.369607,
              56.0620976
            ],
            [
              28.3694769,
              56.0622474
            ],
            [
              28.3695147,
              56.0623387
            ],
            [
              28.3700515,
              56.0623668
            ],
            [
              28.3703283,
              56.0623106
            ],
            [
              28.3701857,
              56.0625776
            ],
            [
              28.3697286,
              56.0627485
            ],
            [
              28.3694895,
              56.0630997
            ],
            [
              28.3696112,
              56.0634088
            ],
            [
              28.3689443,
              56.0640948
            ],
            [
              28.3689359,
              56.0644226
            ],
            [
              28.3684746,
              56.0650314
            ]
          ]
        ]
      },
      "properties": {
        "id": 41,
        "name": "Озеро Кобылинское",
        "type": "lake",
        "type_ru": "Озеро",
        "district": "Верхнедвинский",
        "region": "Витебская область",
        "location_description": "в 38 км на северо-восток от г. Верхнедвинска, 0,25 км от д. Кобылинцы",
        "activities": "подводная охота",
        "coordinate_source": "osm_geometry"
      }
    },
    {
      "type": "Feature",
      "geometry": {
        "type": "Polygon",
        "coordinates": [
          [
            [
              28.3684746,
              56.0650314
            ],
            [
              28.3683487,
              56.0645725
            ],
            [
              28.3684117,
              56.0641182
            ],
            [
              28.3684871,
              56.0636359
            ],
            [
              28.3686759,
              56.0632496
            ],
            [
              28.3684452,
              56.0628937
            ],
            [
              28.3680651,
              56.0625019
            ],
            [
              28.3679964,
              56.0622263
            ],
            [
              28.3682942,
              56.0620788
            ],
            [
              28.368982,
              56.0617627
            ],
            [
              28.3688982,
              56.061662
            ],
            [
              28.3686172,
              56.0616175
            ],
            [
              28.3683445,
              56.0615988
            ],
            [
              28.3681013,
              56.0614162
            ],
            [
              28.3677532,
              56.0614302
            ],
            [
              28.3680216,
              56.0613014
            ],
            [
              28.3682271,
              56.061353
            ],
            [
              28.3684704,
              56.0611984
            ],
            [
              28.368852,
              56.0610813
            ],
            [
              28.369305,
              56.0610743
            ],
            [
              28.3696908,
              56.0612101
            ],
            [
              28.3700977,
              56.0612054
            ],
            [
              28.3701019,
              56.0612616
            ],
            [
              28.3700306,
              56.0613647
            ],
            [
              28.3703619,
              56.0614771
            ],
            [
              28.3703241,
              56.0616574
            ],
            [
              28.369888,
              56.0615777
            ],
            [
              28.3698125,
              56.06136
            ],
            [
              28.3694937,
              56.0612312
            ],
            [
              28.3692882,
              56.0611446
            ],
            [
              28.3687933,
              56.0612406
            ],
            [
              28.3685249,
              56.0613014
            ],
            [
              28.3685962,
              56.0614607
            ],
            [
              28.3689862,
              56.0616574
            ],
            [
              28.3690701,
              56.0617557
            ],
            [
              28.3691288,
              56.0619664
            ],
            [
              28.3694937,
              56.061751
            ],
            [
              28.3696531,
              56.0619571
            ],
            [
              28.3700515,
              56.0620133
            ],
            [
              28.3700893,
              56.0621046
            ],
            [
              28.3698544,
              56.0621889
            ],
            [
              28.369607,
              56.0620976
            ],
            [
              28.3694769,
              56.0622474
            ],
            [
              28.3695147,
              56.0623387
            ],
            [
              28.3700515,
              56.0623668
            ],
            [
              28.3703283,
              56.0623106
            ],
            [
              28.3701857,
              56.0625776
            ],
            [
              28.3697286,
              56.0627485
            ],
            [
              28.3694895,
              56.0630997
            ],
            [
              28.3696112,
              56.0634088
            ],
            [
              28.3689443,
              56.0640948
            ],
            [
              28.3689359,
              56.0644226
            ],
            [
              28.3684746,
              56.0650314
            ]
          ]
        ]
      },
      "properties": {
        "id": 42,
        "name": "Озеро Купальное",
        "type": "lake",
        "type_ru": "Озеро",
        "district": "Верхнедвинский",
        "region": "Витебская область",
        "location_description": "в 37 км на северо-восток от г. Верхнедвинска, 1 км на север от д. Любасна",
        "activities": "подводная охота",
        "coordinate_source": "osm_geometry"
      }
    },
    {
      "type": "Feature",
      "geometry": {
        "type": "MultiPolygon",
        "coordinates": [
          [
            [
              [
                28.2675409,
                55.9505276
              ],
              [
                28.2676935,
                55.9505394
              ],
              [
                28.2678652,
                55.9504824
              ],
              [
                28.2681441,
                55.950406
              ],
              [
                28.2682407,
                55.9503652
              ],
              [
                28.2686,
                55.95011
              ],
              [
                28.2688951,
                55.9499147
              ],
              [
                28.2689756,
                55.9498006
              ],
              [
                28.2690185,
                55.9496654
              ],
              [
                28.2691473,
                55.9496113
              ],
              [
                28.2693505,
                55.9494806
              ],
              [
                28.2693618,
                55.9492989
              ],
              [
                28.2692224,
                55.9491668
              ],
              [
                28.2689327,
                55.9490346
              ],
              [
                28.2686913,
                55.9488814
              ],
              [
                28.2684928,
                55.9488394
              ],
              [
                28.2681227,
                55.9488123
              ],
              [
                28.2675809,
                55.9487072
              ],
              [
                28.2673985,
                55.9487252
              ],
              [
                28.2673073,
                55.9488033
              ],
              [
                28.2671946,
                55.9488514
              ],
              [
                28.2670176,
                55.9488574
              ],
              [
                28.2668352,
                55.9488093
              ],
              [
                28.2665026,
                55.9487282
              ],
              [
                28.2662719,
                55.9486441
              ],
              [
                28.2660359,
                55.948533
              ],
              [
                28.2657087,
                55.9484639
              ],
              [
                28.2654405,
                55.9484729
              ],
              [
                28.2651293,
                55.948503
              ],
              [
                28.2675409,
                55.9505276
              ]
            ]
          ],
          [
            [
              [
                28.2651293,
                55.948503
              ],
              [
                28.2647645,
                55.948557
              ],
              [
                28.2645553,
                55.9486532
              ],
              [
                28.2643622,
                55.9488003
              ],
              [
                28.2641745,
                55.9489535
              ],
              [
                28.26413,
                55.94916
              ],
              [
                28.2641798,
                55.949368
              ],
              [
                28.2642657,
                55.9494942
              ],
              [
                28.2645285,
                55.9497074
              ],
              [
                28.2647538,
                55.9498546
              ],
              [
                28.2650757,
                55.9500018
              ],
              [
                28.2655692,
                55.950143
              ],
              [
                28.2661915,
                55.9503412
              ],
              [
                28.2664758,
                55.9503773
              ],
              [
                28.2667279,
                55.9503742
              ],
              [
                28.2670101,
                55.9504128
              ],
              [
                28.2671356,
                55.9504463
              ],
              [
                28.2673716,
                55.9505124
              ],
              [
                28.2675409,
                55.9505276
              ],
              [
                28.2651293,
                55.948503
              ]
            ]
          ]
        ]
      },
      "properties": {
        "id": 43,
        "name": "Озеро Святое",
        "type": "lake",
        "type_ru": "Озеро",
        "district": "Верхнедвинский",
        "region": "Витебская область",
        "location_description": "в 28 км на северо-восток от г. Верхнедвинска, 0,9 км на юго-восток от урочища Борисово",
        "activities": "подводная охота",
        "coordinate_source": "osm_geometry"
      }
    },
    {
      "type": "Feature",
      "geometry": {
        "type": "Polygon",
        "coordinates": [
          [
            [
              28.3684746,
              56.0650314
            ],
            [
              28.3683487,
              56.0645725
            ],
            [
              28.3684117,
              56.0641182
            ],
            [
              28.3684871,
              56.0636359
            ],
            [
              28.3686759,
              56.0632496
            ],
            [
              28.3684452,
              56.0628937
            ],
            [
              28.3680651,
              56.0625019
            ],
            [
              28.3679964,
              56.0622263
            ],
            [
              28.3682942,
              56.0620788
            ],
            [
              28.368982,
              56.0617627
            ],
            [
              28.3688982,
              56.061662
            ],
            [
              28.3686172,
              56.0616175
            ],
            [
              28.3683445,
              56.0615988
            ],
            [
              28.3681013,
              56.0614162
            ],
            [
              28.3677532,
              56.0614302
            ],
            [
              28.3680216,
              56.0613014
            ],
            [
              28.3682271,
              56.061353
            ],
            [
              28.3684704,
              56.0611984
            ],
            [
              28.368852,
              56.0610813
            ],
            [
              28.369305,
              56.0610743
            ],
            [
              28.3696908,
              56.0612101
            ],
            [
              28.3700977,
              56.0612054
            ],
            [
              28.3701019,
              56.0612616
            ],
            [
              28.3700306,
              56.0613647
            ],
            [
              28.3703619,
              56.0614771
            ],
            [
              28.3703241,
              56.0616574
            ],
            [
              28.369888,
              56.0615777
            ],
            [
              28.3698125,
              56.06136
            ],
            [
              28.3694937,
              56.0612312
            ],
            [
              28.3692882,
              56.0611446
            ],
            [
              28.3687933,
              56.0612406
            ],
            [
              28.3685249,
              56.0613014
            ],
            [
              28.3685962,
              56.0614607
            ],
            [
              28.3689862,
              56.0616574
            ],
            [
              28.3690701,
              56.0617557
            ],
            [
              28.3691288,
              56.0619664
            ],
            [
              28.3694937,
              56.061751
            ],
            [
              28.3696531,
              56.0619571
            ],
            [
              28.3700515,
              56.0620133
            ],
            [
              28.3700893,
              56.0621046
            ],
            [
              28.3698544,
              56.0621889
            ],
            [
              28.369607,
              56.0620976
            ],
            [
              28.3694769,
              56.0622474
            ],
            [
              28.3695147,
              56.0623387
            ],
            [
              28.3700515,
              56.0623668
            ],
            [
              28.3703283,
              56.0623106
            ],
            [
              28.3701857,
              56.0625776
            ],
            [
              28.3697286,
              56.0627485
            ],
            [
              28.3694895,
              56.0630997
            ],
            [
              28.3696112,
              56.0634088
            ],
            [
              28.3689443,
              56.0640948
            ],
            [
              28.3689359,
              56.0644226
            ],
            [
              28.3684746,
              56.0650314
            ]
          ]
        ]
      },
      "properties": {
        "id": 44,
        "name": "Озеро Страдное",
        "type": "lake",
        "type_ru": "Озеро",
        "district": "Верхнедвинский",
        "region": "Витебская область",
        "location_description": "в 38 км на северо-восток от г. Верхнедвинска, 0,5 км от д. Страдное",
        "activities": "подводная охота, лов рыбы на дорожку с судов с двигателями",
        "coordinate_source": "osm_geometry"
      }
    },
    {
      "type": "Feature",
      "geometry": {
        "type": "Polygon",
        "coordinates": [
          [
            [
              28.070546726751584,
              55.8698263963964
            ],
            [
              28.083393273248415,
              55.8698263963964
            ],
            [
              28.083393273248415,
              55.8770336036036
            ],
            [
              28.070546726751584,
              55.8770336036036
            ],
            [
              28.070546726751584,
              55.8698263963964
            ]
          ]
        ]
      },
      "properties": {
        "id": 45,
        "name": "Озеро Стрешно",
        "type": "lake",
        "type_ru": "Озеро",
        "district": "Верхнедвинский",
        "region": "Витебская область",
        "location_description": "в 2,7 км на юго-запад от д. Доброплесы Верхнедвинского района",
        "activities": "подводная охота",
        "coordinate_source": "calculated_from_decree_description"
      }
    },
    {
      "type": "Feature",
      "geometry": {
        "type": "Polygon",
        "coordinates": [
          [
            [
              28.32225,
              56.0765
            ],
            [
              28.32175,
              56.07525
            ],
            [
              28.32025,
              56.0735
            ],
            [
              28.32,
              56.07325
            ],
            [
              28.31725,
              56.073
            ],
            [
              28.3165,
              56.07325
            ],
            [
              28.31575,
              56.07375
            ],
            [
              28.3145,
              56.07525
            ],
            [
              28.3145,
              56.07675
            ],
            [
              28.3155,
              56.07725
            ],
            [
              28.31575,
              56.0775
            ],
            [
              28.3155,
              56.07825
            ],
            [
              28.31475,
              56.07875
            ],
            [
              28.316,
              56.07925
            ],
            [
              28.3165,
              56.079
            ],
            [
              28.31675,
              56.07875
            ],
            [
              28.317,
              56.079
            ],
            [
              28.3175,
              56.07925
            ],
            [
              28.3206139,
              56.0780546
            ],
            [
              28.32225,
              56.0765
            ]
          ]
        ]
      },
      "properties": {
        "id": 46,
        "name": "Озеро Тятно",
        "type": "lake",
        "type_ru": "Озеро",
        "district": "Верхнедвинский",
        "region": "Витебская область",
        "location_description": "в 32 км на северо-восток от г. Верхнедвинска, 2 км на восток от д. Дубровы",
        "activities": "подводная охота, лов рыбы на дорожку с судов с двигателями",
        "coordinate_source": "osm_geometry"
      }
    },
    {
      "type": "Feature",
      "geometry": {
        "type": "Point",
        "coordinates": [
          27.941,
          55.797
        ]
      },
      "properties": {
        "id": 47,
        "name": "Река Дрисса",
        "type": "river",
        "type_ru": "Река",
        "district": "Верхнедвинский",
        "region": "Витебская область",
        "location_description": "в пределах Верхнедвинского района",
        "activities": "подводная охота, лов рыбы на дорожку с судов с двигателями",
        "coordinate_source": "calculated_from_decree_description"
      }
    },
    {
      "type": "Feature",
      "geometry": {
        "type": "Point",
        "coordinates": [
          27.86087,
          55.797
        ]
      },
      "properties": {
        "id": 48,
        "name": "Река Западная Двина",
        "type": "river",
        "type_ru": "Река",
        "district": "Верхнедвинский",
        "region": "Витебская область",
        "location_description": "в пределах Верхнедвинского района",
        "activities": "подводная охота, лов рыбы на дорожку с судов с двигателями",
        "coordinate_source": "calculated_from_decree_description"
      }
    },
    {
      "type": "Feature",
      "geometry": {
        "type": "Point",
        "coordinates": [
          27.941,
          55.70691
        ]
      },
      "properties": {
        "id": 49,
        "name": "Река Свольна",
        "type": "river",
        "type_ru": "Река",
        "district": "Верхнедвинский",
        "region": "Витебская область",
        "location_description": "в пределах Верхнедвинского района",
        "activities": "подводная охота",
        "coordinate_source": "calculated_from_decree_description"
      }
    },
    {
      "type": "Feature",
      "geometry": {
        "type": "Polygon",
        "coordinates": [
          [
            [
              30.3515325,
              55.1891188
            ],
            [
              30.3515553,
              55.1891479
            ],
            [
              30.3515888,
              55.1891647
            ],
            [
              30.3517457,
              55.1891724
            ],
            [
              30.3517927,
              55.1891632
            ],
            [
              30.3518262,
              55.1891433
            ],
            [
              30.3518651,
              55.189079
            ],
            [
              30.3518772,
              55.1890001
            ],
            [
              30.3518651,
              55.188968
            ],
            [
              30.3518222,
              55.1889419
            ],
            [
              30.351782,
              55.1889396
            ],
            [
              30.3517471,
              55.1889534
            ],
            [
              30.351735,
              55.1889779
            ],
            [
              30.3517498,
              55.1890001
            ],
            [
              30.3517538,
              55.1890231
            ],
            [
              30.3517229,
              55.1890353
            ],
            [
              30.3516908,
              55.1890376
            ],
            [
              30.3516519,
              55.18902
            ],
            [
              30.3516465,
              55.1889948
            ],
            [
              30.3516358,
              55.1889741
            ],
            [
              30.3516036,
              55.1889695
            ],
            [
              30.351554,
              55.1889764
            ],
            [
              30.3515392,
              55.1889917
            ],
            [
              30.3515097,
              55.1890254
            ],
            [
              30.351495,
              55.1890606
            ],
            [
              30.3515325,
              55.1891188
            ]
          ]
        ]
      },
      "properties": {
        "id": 50,
        "name": "Озеро Бернское (Пионерское)",
        "type": "lake",
        "type_ru": "Озеро",
        "district": "Витебский",
        "region": "Витебская область",
        "location_description": "в 10 км на восток от г. Витебска, на север от д. Вороны",
        "activities": "подводная охота",
        "coordinate_source": "osm_geometry"
      }
    },
    {
      "type": "Feature",
      "geometry": {
        "type": "Polygon",
        "coordinates": [
          [
            [
              30.00430737813007,
              55.1863963963964
            ],
            [
              30.01693262186993,
              55.1863963963964
            ],
            [
              30.01693262186993,
              55.1936036036036
            ],
            [
              30.00430737813007,
              55.1936036036036
            ],
            [
              30.00430737813007,
              55.1863963963964
            ]
          ]
        ]
      },
      "properties": {
        "id": 51,
        "name": "Озеро Большие Летцы (Летцы)",
        "type": "lake",
        "type_ru": "Озеро",
        "district": "Витебский",
        "region": "Витебская область",
        "location_description": "в 12 км на запад от г. Витебска, 0,2 км от д. Большие Летцы",
        "activities": "подводная охота, лов рыбы на дорожку с судов с двигателями",
        "coordinate_source": "calculated_from_decree_description"
      }
    },
    {
      "type": "Feature",
      "geometry": {
        "type": "Polygon",
        "coordinates": [
          [
            [
              30.193673061960464,
              55.2764863963964
            ],
            [
              30.206326938039535,
              55.2764863963964
            ],
            [
              30.206326938039535,
              55.2836936036036
            ],
            [
              30.193673061960464,
              55.2836936036036
            ],
            [
              30.193673061960464,
              55.2764863963964
            ]
          ]
        ]
      },
      "properties": {
        "id": 52,
        "name": "Озеро Боровское",
        "type": "lake",
        "type_ru": "Озеро",
        "district": "Витебский",
        "region": "Витебская область",
        "location_description": "в 10 км на север от г. Витебска",
        "activities": "подводная охота",
        "coordinate_source": "calculated_from_decree_description"
      }
    },
    {
      "type": "Feature",
      "geometry": {
        "type": "Polygon",
        "coordinates": [
          [
            [
              30.483761000479472,
              55.3519963963964
            ],
            [
              30.49643899952053,
              55.3519963963964
            ],
            [
              30.49643899952053,
              55.3592036036036
            ],
            [
              30.483761000479472,
              55.3592036036036
            ],
            [
              30.483761000479472,
              55.3519963963964
            ]
          ]
        ]
      },
      "properties": {
        "id": 53,
        "name": "Озеро Вымно",
        "type": "lake",
        "type_ru": "Озеро",
        "district": "Витебский",
        "region": "Витебская область",
        "location_description": "в 26 км на северо-восток от г. Витебска, 0,1 км на восток от д. Вымно",
        "activities": "подводная охота",
        "coordinate_source": "calculated_from_decree_description"
      }
    },
    {
      "type": "Feature",
      "geometry": {
        "type": "Polygon",
        "coordinates": [
          [
            [
              30.40569648329195,
              55.0653763963964
            ],
            [
              30.418283516708048,
              55.0653763963964
            ],
            [
              30.418283516708048,
              55.072583603603604
            ],
            [
              30.40569648329195,
              55.072583603603604
            ],
            [
              30.40569648329195,
              55.0653763963964
            ]
          ]
        ]
      },
      "properties": {
        "id": 54,
        "name": "Озеро Долгое",
        "type": "lake",
        "type_ru": "Озеро",
        "district": "Витебский",
        "region": "Витебская область",
        "location_description": "в 19 км на юго-восток от г. Витебска, около д. Зазыбы-Любашковские",
        "activities": "подводная охота",
        "coordinate_source": "calculated_from_decree_description"
      }
    },
    {
      "type": "Feature",
      "geometry": {
        "type": "Polygon",
        "coordinates": [
          [
            [
              30.3956482,
              55.0755696
            ],
            [
              30.395667,
              55.0755081
            ],
            [
              30.3957689,
              55.0754375
            ],
            [
              30.3958145,
              55.0752962
            ],
            [
              30.3958681,
              55.0752624
            ],
            [
              30.3960398,
              55.0752747
            ],
            [
              30.3960934,
              55.0753254
            ],
            [
              30.3960049,
              55.0754267
            ],
            [
              30.3959835,
              55.075522
            ],
            [
              30.3958333,
              55.0756033
            ],
            [
              30.3957286,
              55.0756233
            ],
            [
              30.395683,
              55.0756033
            ],
            [
              30.3956482,
              55.0755696
            ]
          ]
        ]
      },
      "properties": {
        "id": 55,
        "name": "Озеро Домановское (Дымановское)",
        "type": "lake",
        "type_ru": "Озеро",
        "district": "Витебский",
        "region": "Витебская область",
        "location_description": "в 18 км на юго-восток от г. Витебска, на юг от д. Дыманово",
        "activities": "подводная охота",
        "coordinate_source": "osm_geometry"
      }
    },
    {
      "type": "Feature",
      "geometry": {
        "type": "Polygon",
        "coordinates": [
          [
            [
              30.193701614122023,
              55.0963063963964
            ],
            [
              30.206298385877975,
              55.0963063963964
            ],
            [
              30.206298385877975,
              55.1035136036036
            ],
            [
              30.193701614122023,
              55.1035136036036
            ],
            [
              30.193701614122023,
              55.0963063963964
            ]
          ]
        ]
      },
      "properties": {
        "id": 56,
        "name": "Озеро Городно",
        "type": "lake",
        "type_ru": "Озеро",
        "district": "Витебский",
        "region": "Витебская область",
        "location_description": "в 10 км на юг от г. Витебска, около д. Сосновка",
        "activities": "подводная охота",
        "coordinate_source": "calculated_from_decree_description"
      }
    },
    {
      "type": "Feature",
      "geometry": {
        "type": "Polygon",
        "coordinates": [
          [
            [
              30.4854646,
              55.0385871
            ],
            [
              30.4858321,
              55.0384872
            ],
            [
              30.4859903,
              55.0384995
            ],
            [
              30.486221,
              55.0386194
            ],
            [
              30.4863793,
              55.038707
            ],
            [
              30.4866475,
              55.0387777
            ],
            [
              30.4869157,
              55.0387808
            ],
            [
              30.4871142,
              55.0387762
            ],
            [
              30.4872537,
              55.0387285
            ],
            [
              30.4874012,
              55.0387147
            ],
            [
              30.4874682,
              55.0386686
            ],
            [
              30.4874387,
              55.0386025
            ],
            [
              30.4874361,
              55.0385272
            ],
            [
              30.4874709,
              55.0384703
            ],
            [
              30.4876614,
              55.0384442
            ],
            [
              30.487892,
              55.0384657
            ],
            [
              30.4881415,
              55.0384934
            ],
            [
              30.4884768,
              55.0384995
            ],
            [
              30.4887664,
              55.0384765
            ],
            [
              30.4889488,
              55.0384841
            ],
            [
              30.489158,
              55.0385825
            ],
            [
              30.489319,
              55.0386793
            ],
            [
              30.4894933,
              55.0387147
            ],
            [
              30.4898849,
              55.0387316
            ],
            [
              30.4901209,
              55.0386932
            ],
            [
              30.490239,
              55.0386363
            ],
            [
              30.490306,
              55.0385395
            ],
            [
              30.4904509,
              55.0384749
            ],
            [
              30.4906493,
              55.038438
            ],
            [
              30.49077,
              55.0384718
            ],
            [
              30.4909363,
              55.0385502
            ],
            [
              30.4909632,
              55.0386763
            ],
            [
              30.491049,
              55.0387439
            ],
            [
              30.4912153,
              55.0387854
            ],
            [
              30.4913977,
              55.0388069
            ],
            [
              30.4917222,
              55.0387792
            ],
            [
              30.492146,
              55.0386839
            ],
            [
              30.4923633,
              55.0385733
            ],
            [
              30.4926154,
              55.0385333
            ],
            [
              30.4929319,
              55.0385733
            ],
            [
              30.4930714,
              55.0385702
            ],
            [
              30.4932243,
              55.0385349
            ],
            [
              30.4932994,
              55.0384657
            ],
            [
              30.4934254,
              55.0384442
            ],
            [
              30.4940724,
              55.0385145
            ],
            [
              30.4948872,
              55.0385764
            ],
            [
              30.4950374,
              55.0386194
            ],
            [
              30.4951152,
              55.0387331
            ],
            [
              30.4950857,
              55.0389007
            ],
            [
              30.494957,
              55.0389975
            ],
            [
              30.4947692,
              55.0391573
            ],
            [
              30.4946244,
              55.0392972
            ],
            [
              30.4942971,
              55.0394847
            ],
            [
              30.4941148,
              55.039497
            ],
            [
              30.4939324,
              55.0394878
            ],
            [
              30.4937446,
              55.039477
            ],
            [
              30.4935032,
              55.0394509
            ],
            [
              30.4935086,
              55.039477
            ],
            [
              30.493589,
              55.0395508
            ],
            [
              30.4937822,
              55.0395831
            ],
            [
              30.4940316,
              55.0396737
            ],
            [
              30.4936025,
              55.0397152
            ],
            [
              30.4924625,
              55.0397813
            ],
            [
              30.4920736,
              55.0398105
            ],
            [
              30.4918644,
              55.0398013
            ],
            [
              30.4911751,
              55.0396737
            ],
            [
              30.4907888,
              55.0396153
            ],
            [
              30.4906896,
              55.0396261
            ],
            [
              30.4907137,
              55.0396476
            ],
            [
              30.4908827,
              55.0396676
            ],
            [
              30.4910275,
              55.0397368
            ],
            [
              30.491403,
              55.039809
            ],
            [
              30.4916418,
              55.0398843
            ],
            [
              30.492087,
              55.0398751
            ],
            [
              30.4926422,
              55.0398413
            ],
            [
              30.4935247,
              55.0397783
            ],
            [
              30.4937553,
              55.0398136
            ],
            [
              30.4937875,
              55.039766
            ],
            [
              30.4939109,
              55.0397567
            ],
            [
              30.4941845,
              55.0397752
            ],
            [
              30.4948175,
              55.0397306
            ],
            [
              30.4950803,
              55.0398136
            ],
            [
              30.4952922,
              55.0398382
            ],
            [
              30.4955283,
              55.0398274
            ],
            [
              30.4957348,
              55.0397537
            ],
            [
              30.4958957,
              55.0397352
            ],
            [
              30.4961157,
              55.039683
            ],
            [
              30.4963464,
              55.0395293
            ],
            [
              30.4966253,
              55.0394878
            ],
            [
              30.4969177,
              55.0395277
            ],
            [
              30.4972503,
              55.0395723
            ],
            [
              30.4978055,
              55.0394524
            ],
            [
              30.4980502,
              55.0393801
            ],
            [
              30.4981756,
              55.0393249
            ],
            [
              30.4984162,
              55.0393278
            ],
            [
              30.4992887,
              55.0394447
            ],
            [
              30.4993585,
              55.0394278
            ],
            [
              30.499506,
              55.0394355
            ],
            [
              30.4991385,
              55.039371
            ],
            [
              30.4987738,
              55.0393064
            ],
            [
              30.4983821,
              55.0392542
            ],
            [
              30.4981622,
              55.0391911
            ],
            [
              30.4979745,
              55.0390836
            ],
            [
              30.4977277,
              55.0389898
            ],
            [
              30.4973924,
              55.0389237
            ],
            [
              30.4969338,
              55.0389007
            ],
            [
              30.4965073,
              55.0388008
            ],
            [
              30.4962257,
              55.0387208
            ],
            [
              30.4959843,
              55.0387009
            ],
            [
              30.4956329,
              55.0386086
            ],
            [
              30.4954398,
              55.0385625
            ],
            [
              30.4950455,
              55.0384903
            ],
            [
              30.4947343,
              55.0384411
            ],
            [
              30.4944339,
              55.0384165
            ],
            [
              30.4939646,
              55.0383796
            ],
            [
              30.4937205,
              55.0383289
            ],
            [
              30.4936534,
              55.0382643
            ],
            [
              30.4935488,
              55.0382152
            ],
            [
              30.4934013,
              55.038209
            ],
            [
              30.4932377,
              55.0382736
            ],
            [
              30.493125,
              55.0382459
            ],
            [
              30.4930446,
              55.0381429
            ],
            [
              30.4929641,
              55.0380661
            ],
            [
              30.4928246,
              55.0380553
            ],
            [
              30.4925296,
              55.0381245
            ],
            [
              30.4922962,
              55.0381168
            ],
            [
              30.4921541,
              55.0380692
            ],
            [
              30.4921702,
              55.0379954
            ],
            [
              30.4923043,
              55.0379324
            ],
            [
              30.4925671,
              55.0379078
            ],
            [
              30.4928246,
              55.0378862
            ],
            [
              30.4930714,
              55.0378033
            ],
            [
              30.493235,
              55.0377049
            ],
            [
              30.4932833,
              55.0375174
            ],
            [
              30.4932779,
              55.0373083
            ],
            [
              30.493235,
              55.0370947
            ],
            [
              30.4931384,
              55.0369871
            ],
            [
              30.4930016,
              55.0369594
            ],
            [
              30.492897,
              55.0370117
            ],
            [
              30.4928005,
              55.0372991
            ],
            [
              30.4925832,
              55.0375312
            ],
            [
              30.4923257,
              55.0376741
            ],
            [
              30.4921514,
              55.0377233
            ],
            [
              30.4920065,
              55.0377156
            ],
            [
              30.4917812,
              55.0376788
            ],
            [
              30.4913038,
              55.0376188
            ],
            [
              30.4907781,
              55.0376127
            ],
            [
              30.4898688,
              55.0376265
            ],
            [
              30.4887262,
              55.0375958
            ],
            [
              30.4884016,
              55.0375788
            ],
            [
              30.4881522,
              55.0375158
            ],
            [
              30.4880208,
              55.0373806
            ],
            [
              30.4877123,
              55.0372561
            ],
            [
              30.4874602,
              55.0372115
            ],
            [
              30.4872537,
              55.0371761
            ],
            [
              30.4870954,
              55.0371054
            ],
            [
              30.4870284,
              55.0370102
            ],
            [
              30.4870069,
              55.0368657
            ],
            [
              30.486972,
              55.0366305
            ],
            [
              30.4868218,
              55.0364845
            ],
            [
              30.4865912,
              55.036423
            ],
            [
              30.4864705,
              55.0363154
            ],
            [
              30.4864383,
              55.0361909
            ],
            [
              30.4864973,
              55.0360495
            ],
            [
              30.486618,
              55.0359388
            ],
            [
              30.4866099,
              55.0358466
            ],
            [
              30.4865348,
              55.0357298
            ],
            [
              30.4863042,
              55.0355515
            ],
            [
              30.4861593,
              55.0353778
            ],
            [
              30.4857168,
              55.0350873
            ],
            [
              30.4851025,
              55.0348521
            ],
            [
              30.4847833,
              55.0347752
            ],
            [
              30.4842657,
              55.034743
            ],
            [
              30.4839698,
              55.0348072
            ],
            [
              30.4835109,
              55.0348401
            ],
            [
              30.483162,
              55.0349513
            ],
            [
              30.483005,
              55.0349781
            ],
            [
              30.4828836,
              55.0350321
            ],
            [
              30.4827454,
              55.0352766
            ],
            [
              30.482751,
              55.0353343
            ],
            [
              30.4828265,
              55.0353711
            ],
            [
              30.4829662,
              55.035408
            ],
            [
              30.4830696,
              55.0355345
            ],
            [
              30.4830909,
              55.0356806
            ],
            [
              30.4830587,
              55.0358128
            ],
            [
              30.4830077,
              55.0358758
            ],
            [
              30.4829858,
              55.0359718
            ],
            [
              30.4830372,
              55.0360725
            ],
            [
              30.4831445,
              55.0362386
            ],
            [
              30.4830292,
              55.0363077
            ],
            [
              30.482989,
              55.0364245
            ],
            [
              30.4830305,
              55.0365197
            ],
            [
              30.4833883,
              55.036784
            ],
            [
              30.4835476,
              55.0368416
            ],
            [
              30.4837475,
              55.0370467
            ],
            [
              30.4840374,
              55.0372608
            ],
            [
              30.4843141,
              55.0375032
            ],
            [
              30.4845446,
              55.037668
            ],
            [
              30.4845554,
              55.037791
            ],
            [
              30.4844964,
              55.0378171
            ],
            [
              30.484255,
              55.0378171
            ],
            [
              30.4838419,
              55.0378155
            ],
            [
              30.4835388,
              55.0378663
            ],
            [
              30.4832813,
              55.0380184
            ],
            [
              30.4832062,
              55.038106
            ],
            [
              30.483222,
              55.0382224
            ],
            [
              30.4834288,
              55.0383535
            ],
            [
              30.4835254,
              55.0383812
            ],
            [
              30.4837266,
              55.0383981
            ],
            [
              30.4838419,
              55.0384611
            ],
            [
              30.4838097,
              55.0385026
            ],
            [
              30.4833189,
              55.0388223
            ],
            [
              30.483343,
              55.0388361
            ],
            [
              30.4836327,
              55.038687
            ],
            [
              30.4837992,
              55.0385867
            ],
            [
              30.4839867,
              55.0385149
            ],
            [
              30.4843676,
              55.0385887
            ],
            [
              30.4847968,
              55.0386163
            ],
            [
              30.4851562,
              55.0386056
            ],
            [
              30.4854646,
              55.0385871
            ]
          ]
        ]
      },
      "properties": {
        "id": 57,
        "name": "Озеро Запецкое",
        "type": "lake",
        "type_ru": "Озеро",
        "district": "Витебский",
        "region": "Витебская область",
        "location_description": "в 12 км на восток от г. Витебска, 0,9 км на северо-запад от д. Замшино",
        "activities": "подводная охота",
        "coordinate_source": "osm_geometry"
      }
    },
    {
      "type": "Feature",
      "geometry": {
        "type": "Polygon",
        "coordinates": [
          [
            [
              30.01515117766618,
              55.2883063963964
            ],
            [
              30.02780882233382,
              55.2883063963964
            ],
            [
              30.02780882233382,
              55.2955136036036
            ],
            [
              30.01515117766618,
              55.2955136036036
            ],
            [
              30.01515117766618,
              55.2883063963964
            ]
          ]
        ]
      },
      "properties": {
        "id": 58,
        "name": "Озеро Караваинское",
        "type": "lake",
        "type_ru": "Озеро",
        "district": "Витебский",
        "region": "Витебская область",
        "location_description": "в 16 км на северо-запад от г. Витебска, 3 км на восток от д. Зароново",
        "activities": "подводная охота",
        "coordinate_source": "calculated_from_decree_description"
      }
    },
    {
      "type": "Feature",
      "geometry": {
        "type": "Polygon",
        "coordinates": [
          [
            [
              29.970517111015475,
              55.3137863963964
            ],
            [
              29.983182888984523,
              55.3137863963964
            ],
            [
              29.983182888984523,
              55.320993603603604
            ],
            [
              29.970517111015475,
              55.320993603603604
            ],
            [
              29.970517111015475,
              55.3137863963964
            ]
          ]
        ]
      },
      "properties": {
        "id": 59,
        "name": "Озеро Княжно-Топорино",
        "type": "lake",
        "type_ru": "Озеро",
        "district": "Витебский",
        "region": "Витебская область",
        "location_description": "в 20 км на северо-запад от г. Витебска, 1 км на юго-восток от д. Зароново",
        "activities": "подводная охота, лов рыбы на дорожку с судов с двигателями",
        "coordinate_source": "calculated_from_decree_description"
      }
    },
    {
      "type": "Feature",
      "geometry": {
        "type": "Polygon",
        "coordinates": [
          [
            [
              30.205759,
              55.0217628
            ],
            [
              30.2059854,
              55.0216673
            ],
            [
              30.2060665,
              55.0216624
            ],
            [
              30.2061135,
              55.0216918
            ],
            [
              30.2060921,
              55.0217383
            ],
            [
              30.2058743,
              55.0218264
            ],
            [
              30.2057932,
              55.0218313
            ],
            [
              30.2057419,
              55.0218019
            ],
            [
              30.205759,
              55.0217628
            ]
          ]
        ]
      },
      "properties": {
        "id": 60,
        "name": "Озеро Макарово (Замошье)",
        "type": "lake",
        "type_ru": "Озеро",
        "district": "Витебский",
        "region": "Витебская область",
        "location_description": "в 17 км на юг от г. Витебска, около д. Зазыбы",
        "activities": "подводная охота",
        "coordinate_source": "osm_geometry"
      }
    },
    {
      "type": "Feature",
      "geometry": {
        "type": "Polygon",
        "coordinates": [
          [
            [
              30.015183475996984,
              55.0844863963964
            ],
            [
              30.027776524003016,
              55.0844863963964
            ],
            [
              30.027776524003016,
              55.0916936036036
            ],
            [
              30.015183475996984,
              55.0916936036036
            ],
            [
              30.015183475996984,
              55.0844863963964
            ]
          ]
        ]
      },
      "properties": {
        "id": 61,
        "name": "Озеро Мошно-Воеводки",
        "type": "lake",
        "type_ru": "Озеро",
        "district": "Витебский",
        "region": "Витебская область",
        "location_description": "в 16 км на юго-запад от г. Витебска, 0,2 км от д. Воеводки",
        "activities": "подводная охота, лов рыбы на дорожку с судов с двигателями",
        "coordinate_source": "calculated_from_decree_description"
      }
    },
    {
      "type": "Feature",
      "geometry": {
        "type": "Polygon",
        "coordinates": [
          [
            [
              30.31640625188353,
              55.2564563963964
            ],
            [
              30.32905374811647,
              55.2564563963964
            ],
            [
              30.32905374811647,
              55.263663603603604
            ],
            [
              30.31640625188353,
              55.263663603603604
            ],
            [
              30.31640625188353,
              55.2564563963964
            ]
          ]
        ]
      },
      "properties": {
        "id": 62,
        "name": "Озеро Обуховское",
        "type": "lake",
        "type_ru": "Озеро",
        "district": "Витебский",
        "region": "Витебская область",
        "location_description": "в 11 км на северо-восток от г. Витебска, 0,2 км на север от д. Остряне",
        "activities": "подводная охота",
        "coordinate_source": "calculated_from_decree_description"
      }
    },
    {
      "type": "Feature",
      "geometry": {
        "type": "Polygon",
        "coordinates": [
          [
            [
              30.4854646,
              55.0385871
            ],
            [
              30.4858321,
              55.0384872
            ],
            [
              30.4859903,
              55.0384995
            ],
            [
              30.486221,
              55.0386194
            ],
            [
              30.4863793,
              55.038707
            ],
            [
              30.4866475,
              55.0387777
            ],
            [
              30.4869157,
              55.0387808
            ],
            [
              30.4871142,
              55.0387762
            ],
            [
              30.4872537,
              55.0387285
            ],
            [
              30.4874012,
              55.0387147
            ],
            [
              30.4874682,
              55.0386686
            ],
            [
              30.4874387,
              55.0386025
            ],
            [
              30.4874361,
              55.0385272
            ],
            [
              30.4874709,
              55.0384703
            ],
            [
              30.4876614,
              55.0384442
            ],
            [
              30.487892,
              55.0384657
            ],
            [
              30.4881415,
              55.0384934
            ],
            [
              30.4884768,
              55.0384995
            ],
            [
              30.4887664,
              55.0384765
            ],
            [
              30.4889488,
              55.0384841
            ],
            [
              30.489158,
              55.0385825
            ],
            [
              30.489319,
              55.0386793
            ],
            [
              30.4894933,
              55.0387147
            ],
            [
              30.4898849,
              55.0387316
            ],
            [
              30.4901209,
              55.0386932
            ],
            [
              30.490239,
              55.0386363
            ],
            [
              30.490306,
              55.0385395
            ],
            [
              30.4904509,
              55.0384749
            ],
            [
              30.4906493,
              55.038438
            ],
            [
              30.49077,
              55.0384718
            ],
            [
              30.4909363,
              55.0385502
            ],
            [
              30.4909632,
              55.0386763
            ],
            [
              30.491049,
              55.0387439
            ],
            [
              30.4912153,
              55.0387854
            ],
            [
              30.4913977,
              55.0388069
            ],
            [
              30.4917222,
              55.0387792
            ],
            [
              30.492146,
              55.0386839
            ],
            [
              30.4923633,
              55.0385733
            ],
            [
              30.4926154,
              55.0385333
            ],
            [
              30.4929319,
              55.0385733
            ],
            [
              30.4930714,
              55.0385702
            ],
            [
              30.4932243,
              55.0385349
            ],
            [
              30.4932994,
              55.0384657
            ],
            [
              30.4934254,
              55.0384442
            ],
            [
              30.4940724,
              55.0385145
            ],
            [
              30.4948872,
              55.0385764
            ],
            [
              30.4950374,
              55.0386194
            ],
            [
              30.4951152,
              55.0387331
            ],
            [
              30.4950857,
              55.0389007
            ],
            [
              30.494957,
              55.0389975
            ],
            [
              30.4947692,
              55.0391573
            ],
            [
              30.4946244,
              55.0392972
            ],
            [
              30.4942971,
              55.0394847
            ],
            [
              30.4941148,
              55.039497
            ],
            [
              30.4939324,
              55.0394878
            ],
            [
              30.4937446,
              55.039477
            ],
            [
              30.4935032,
              55.0394509
            ],
            [
              30.4935086,
              55.039477
            ],
            [
              30.493589,
              55.0395508
            ],
            [
              30.4937822,
              55.0395831
            ],
            [
              30.4940316,
              55.0396737
            ],
            [
              30.4936025,
              55.0397152
            ],
            [
              30.4924625,
              55.0397813
            ],
            [
              30.4920736,
              55.0398105
            ],
            [
              30.4918644,
              55.0398013
            ],
            [
              30.4911751,
              55.0396737
            ],
            [
              30.4907888,
              55.0396153
            ],
            [
              30.4906896,
              55.0396261
            ],
            [
              30.4907137,
              55.0396476
            ],
            [
              30.4908827,
              55.0396676
            ],
            [
              30.4910275,
              55.0397368
            ],
            [
              30.491403,
              55.039809
            ],
            [
              30.4916418,
              55.0398843
            ],
            [
              30.492087,
              55.0398751
            ],
            [
              30.4926422,
              55.0398413
            ],
            [
              30.4935247,
              55.0397783
            ],
            [
              30.4937553,
              55.0398136
            ],
            [
              30.4937875,
              55.039766
            ],
            [
              30.4939109,
              55.0397567
            ],
            [
              30.4941845,
              55.0397752
            ],
            [
              30.4948175,
              55.0397306
            ],
            [
              30.4950803,
              55.0398136
            ],
            [
              30.4952922,
              55.0398382
            ],
            [
              30.4955283,
              55.0398274
            ],
            [
              30.4957348,
              55.0397537
            ],
            [
              30.4958957,
              55.0397352
            ],
            [
              30.4961157,
              55.039683
            ],
            [
              30.4963464,
              55.0395293
            ],
            [
              30.4966253,
              55.0394878
            ],
            [
              30.4969177,
              55.0395277
            ],
            [
              30.4972503,
              55.0395723
            ],
            [
              30.4978055,
              55.0394524
            ],
            [
              30.4980502,
              55.0393801
            ],
            [
              30.4981756,
              55.0393249
            ],
            [
              30.4984162,
              55.0393278
            ],
            [
              30.4992887,
              55.0394447
            ],
            [
              30.4993585,
              55.0394278
            ],
            [
              30.499506,
              55.0394355
            ],
            [
              30.4991385,
              55.039371
            ],
            [
              30.4987738,
              55.0393064
            ],
            [
              30.4983821,
              55.0392542
            ],
            [
              30.4981622,
              55.0391911
            ],
            [
              30.4979745,
              55.0390836
            ],
            [
              30.4977277,
              55.0389898
            ],
            [
              30.4973924,
              55.0389237
            ],
            [
              30.4969338,
              55.0389007
            ],
            [
              30.4965073,
              55.0388008
            ],
            [
              30.4962257,
              55.0387208
            ],
            [
              30.4959843,
              55.0387009
            ],
            [
              30.4956329,
              55.0386086
            ],
            [
              30.4954398,
              55.0385625
            ],
            [
              30.4950455,
              55.0384903
            ],
            [
              30.4947343,
              55.0384411
            ],
            [
              30.4944339,
              55.0384165
            ],
            [
              30.4939646,
              55.0383796
            ],
            [
              30.4937205,
              55.0383289
            ],
            [
              30.4936534,
              55.0382643
            ],
            [
              30.4935488,
              55.0382152
            ],
            [
              30.4934013,
              55.038209
            ],
            [
              30.4932377,
              55.0382736
            ],
            [
              30.493125,
              55.0382459
            ],
            [
              30.4930446,
              55.0381429
            ],
            [
              30.4929641,
              55.0380661
            ],
            [
              30.4928246,
              55.0380553
            ],
            [
              30.4925296,
              55.0381245
            ],
            [
              30.4922962,
              55.0381168
            ],
            [
              30.4921541,
              55.0380692
            ],
            [
              30.4921702,
              55.0379954
            ],
            [
              30.4923043,
              55.0379324
            ],
            [
              30.4925671,
              55.0379078
            ],
            [
              30.4928246,
              55.0378862
            ],
            [
              30.4930714,
              55.0378033
            ],
            [
              30.493235,
              55.0377049
            ],
            [
              30.4932833,
              55.0375174
            ],
            [
              30.4932779,
              55.0373083
            ],
            [
              30.493235,
              55.0370947
            ],
            [
              30.4931384,
              55.0369871
            ],
            [
              30.4930016,
              55.0369594
            ],
            [
              30.492897,
              55.0370117
            ],
            [
              30.4928005,
              55.0372991
            ],
            [
              30.4925832,
              55.0375312
            ],
            [
              30.4923257,
              55.0376741
            ],
            [
              30.4921514,
              55.0377233
            ],
            [
              30.4920065,
              55.0377156
            ],
            [
              30.4917812,
              55.0376788
            ],
            [
              30.4913038,
              55.0376188
            ],
            [
              30.4907781,
              55.0376127
            ],
            [
              30.4898688,
              55.0376265
            ],
            [
              30.4887262,
              55.0375958
            ],
            [
              30.4884016,
              55.0375788
            ],
            [
              30.4881522,
              55.0375158
            ],
            [
              30.4880208,
              55.0373806
            ],
            [
              30.4877123,
              55.0372561
            ],
            [
              30.4874602,
              55.0372115
            ],
            [
              30.4872537,
              55.0371761
            ],
            [
              30.4870954,
              55.0371054
            ],
            [
              30.4870284,
              55.0370102
            ],
            [
              30.4870069,
              55.0368657
            ],
            [
              30.486972,
              55.0366305
            ],
            [
              30.4868218,
              55.0364845
            ],
            [
              30.4865912,
              55.036423
            ],
            [
              30.4864705,
              55.0363154
            ],
            [
              30.4864383,
              55.0361909
            ],
            [
              30.4864973,
              55.0360495
            ],
            [
              30.486618,
              55.0359388
            ],
            [
              30.4866099,
              55.0358466
            ],
            [
              30.4865348,
              55.0357298
            ],
            [
              30.4863042,
              55.0355515
            ],
            [
              30.4861593,
              55.0353778
            ],
            [
              30.4857168,
              55.0350873
            ],
            [
              30.4851025,
              55.0348521
            ],
            [
              30.4847833,
              55.0347752
            ],
            [
              30.4842657,
              55.034743
            ],
            [
              30.4839698,
              55.0348072
            ],
            [
              30.4835109,
              55.0348401
            ],
            [
              30.483162,
              55.0349513
            ],
            [
              30.483005,
              55.0349781
            ],
            [
              30.4828836,
              55.0350321
            ],
            [
              30.4827454,
              55.0352766
            ],
            [
              30.482751,
              55.0353343
            ],
            [
              30.4828265,
              55.0353711
            ],
            [
              30.4829662,
              55.035408
            ],
            [
              30.4830696,
              55.0355345
            ],
            [
              30.4830909,
              55.0356806
            ],
            [
              30.4830587,
              55.0358128
            ],
            [
              30.4830077,
              55.0358758
            ],
            [
              30.4829858,
              55.0359718
            ],
            [
              30.4830372,
              55.0360725
            ],
            [
              30.4831445,
              55.0362386
            ],
            [
              30.4830292,
              55.0363077
            ],
            [
              30.482989,
              55.0364245
            ],
            [
              30.4830305,
              55.0365197
            ],
            [
              30.4833883,
              55.036784
            ],
            [
              30.4835476,
              55.0368416
            ],
            [
              30.4837475,
              55.0370467
            ],
            [
              30.4840374,
              55.0372608
            ],
            [
              30.4843141,
              55.0375032
            ],
            [
              30.4845446,
              55.037668
            ],
            [
              30.4845554,
              55.037791
            ],
            [
              30.4844964,
              55.0378171
            ],
            [
              30.484255,
              55.0378171
            ],
            [
              30.4838419,
              55.0378155
            ],
            [
              30.4835388,
              55.0378663
            ],
            [
              30.4832813,
              55.0380184
            ],
            [
              30.4832062,
              55.038106
            ],
            [
              30.483222,
              55.0382224
            ],
            [
              30.4834288,
              55.0383535
            ],
            [
              30.4835254,
              55.0383812
            ],
            [
              30.4837266,
              55.0383981
            ],
            [
              30.4838419,
              55.0384611
            ],
            [
              30.4838097,
              55.0385026
            ],
            [
              30.4833189,
              55.0388223
            ],
            [
              30.483343,
              55.0388361
            ],
            [
              30.4836327,
              55.038687
            ],
            [
              30.4837992,
              55.0385867
            ],
            [
              30.4839867,
              55.0385149
            ],
            [
              30.4843676,
              55.0385887
            ],
            [
              30.4847968,
              55.0386163
            ],
            [
              30.4851562,
              55.0386056
            ],
            [
              30.4854646,
              55.0385871
            ]
          ]
        ]
      },
      "properties": {
        "id": 63,
        "name": "Озеро Остравито",
        "type": "lake",
        "type_ru": "Озеро",
        "district": "Витебский",
        "region": "Витебская область",
        "location_description": "в 10 км на восток от г. Витебска, 2 км на север от д. Вороны",
        "activities": "подводная охота",
        "coordinate_source": "osm_geometry"
      }
    },
    {
      "type": "Feature",
      "geometry": {
        "type": "Polygon",
        "coordinates": [
          [
            [
              30.4854646,
              55.0385871
            ],
            [
              30.4858321,
              55.0384872
            ],
            [
              30.4859903,
              55.0384995
            ],
            [
              30.486221,
              55.0386194
            ],
            [
              30.4863793,
              55.038707
            ],
            [
              30.4866475,
              55.0387777
            ],
            [
              30.4869157,
              55.0387808
            ],
            [
              30.4871142,
              55.0387762
            ],
            [
              30.4872537,
              55.0387285
            ],
            [
              30.4874012,
              55.0387147
            ],
            [
              30.4874682,
              55.0386686
            ],
            [
              30.4874387,
              55.0386025
            ],
            [
              30.4874361,
              55.0385272
            ],
            [
              30.4874709,
              55.0384703
            ],
            [
              30.4876614,
              55.0384442
            ],
            [
              30.487892,
              55.0384657
            ],
            [
              30.4881415,
              55.0384934
            ],
            [
              30.4884768,
              55.0384995
            ],
            [
              30.4887664,
              55.0384765
            ],
            [
              30.4889488,
              55.0384841
            ],
            [
              30.489158,
              55.0385825
            ],
            [
              30.489319,
              55.0386793
            ],
            [
              30.4894933,
              55.0387147
            ],
            [
              30.4898849,
              55.0387316
            ],
            [
              30.4901209,
              55.0386932
            ],
            [
              30.490239,
              55.0386363
            ],
            [
              30.490306,
              55.0385395
            ],
            [
              30.4904509,
              55.0384749
            ],
            [
              30.4906493,
              55.038438
            ],
            [
              30.49077,
              55.0384718
            ],
            [
              30.4909363,
              55.0385502
            ],
            [
              30.4909632,
              55.0386763
            ],
            [
              30.491049,
              55.0387439
            ],
            [
              30.4912153,
              55.0387854
            ],
            [
              30.4913977,
              55.0388069
            ],
            [
              30.4917222,
              55.0387792
            ],
            [
              30.492146,
              55.0386839
            ],
            [
              30.4923633,
              55.0385733
            ],
            [
              30.4926154,
              55.0385333
            ],
            [
              30.4929319,
              55.0385733
            ],
            [
              30.4930714,
              55.0385702
            ],
            [
              30.4932243,
              55.0385349
            ],
            [
              30.4932994,
              55.0384657
            ],
            [
              30.4934254,
              55.0384442
            ],
            [
              30.4940724,
              55.0385145
            ],
            [
              30.4948872,
              55.0385764
            ],
            [
              30.4950374,
              55.0386194
            ],
            [
              30.4951152,
              55.0387331
            ],
            [
              30.4950857,
              55.0389007
            ],
            [
              30.494957,
              55.0389975
            ],
            [
              30.4947692,
              55.0391573
            ],
            [
              30.4946244,
              55.0392972
            ],
            [
              30.4942971,
              55.0394847
            ],
            [
              30.4941148,
              55.039497
            ],
            [
              30.4939324,
              55.0394878
            ],
            [
              30.4937446,
              55.039477
            ],
            [
              30.4935032,
              55.0394509
            ],
            [
              30.4935086,
              55.039477
            ],
            [
              30.493589,
              55.0395508
            ],
            [
              30.4937822,
              55.0395831
            ],
            [
              30.4940316,
              55.0396737
            ],
            [
              30.4936025,
              55.0397152
            ],
            [
              30.4924625,
              55.0397813
            ],
            [
              30.4920736,
              55.0398105
            ],
            [
              30.4918644,
              55.0398013
            ],
            [
              30.4911751,
              55.0396737
            ],
            [
              30.4907888,
              55.0396153
            ],
            [
              30.4906896,
              55.0396261
            ],
            [
              30.4907137,
              55.0396476
            ],
            [
              30.4908827,
              55.0396676
            ],
            [
              30.4910275,
              55.0397368
            ],
            [
              30.491403,
              55.039809
            ],
            [
              30.4916418,
              55.0398843
            ],
            [
              30.492087,
              55.0398751
            ],
            [
              30.4926422,
              55.0398413
            ],
            [
              30.4935247,
              55.0397783
            ],
            [
              30.4937553,
              55.0398136
            ],
            [
              30.4937875,
              55.039766
            ],
            [
              30.4939109,
              55.0397567
            ],
            [
              30.4941845,
              55.0397752
            ],
            [
              30.4948175,
              55.0397306
            ],
            [
              30.4950803,
              55.0398136
            ],
            [
              30.4952922,
              55.0398382
            ],
            [
              30.4955283,
              55.0398274
            ],
            [
              30.4957348,
              55.0397537
            ],
            [
              30.4958957,
              55.0397352
            ],
            [
              30.4961157,
              55.039683
            ],
            [
              30.4963464,
              55.0395293
            ],
            [
              30.4966253,
              55.0394878
            ],
            [
              30.4969177,
              55.0395277
            ],
            [
              30.4972503,
              55.0395723
            ],
            [
              30.4978055,
              55.0394524
            ],
            [
              30.4980502,
              55.0393801
            ],
            [
              30.4981756,
              55.0393249
            ],
            [
              30.4984162,
              55.0393278
            ],
            [
              30.4992887,
              55.0394447
            ],
            [
              30.4993585,
              55.0394278
            ],
            [
              30.499506,
              55.0394355
            ],
            [
              30.4991385,
              55.039371
            ],
            [
              30.4987738,
              55.0393064
            ],
            [
              30.4983821,
              55.0392542
            ],
            [
              30.4981622,
              55.0391911
            ],
            [
              30.4979745,
              55.0390836
            ],
            [
              30.4977277,
              55.0389898
            ],
            [
              30.4973924,
              55.0389237
            ],
            [
              30.4969338,
              55.0389007
            ],
            [
              30.4965073,
              55.0388008
            ],
            [
              30.4962257,
              55.0387208
            ],
            [
              30.4959843,
              55.0387009
            ],
            [
              30.4956329,
              55.0386086
            ],
            [
              30.4954398,
              55.0385625
            ],
            [
              30.4950455,
              55.0384903
            ],
            [
              30.4947343,
              55.0384411
            ],
            [
              30.4944339,
              55.0384165
            ],
            [
              30.4939646,
              55.0383796
            ],
            [
              30.4937205,
              55.0383289
            ],
            [
              30.4936534,
              55.0382643
            ],
            [
              30.4935488,
              55.0382152
            ],
            [
              30.4934013,
              55.038209
            ],
            [
              30.4932377,
              55.0382736
            ],
            [
              30.493125,
              55.0382459
            ],
            [
              30.4930446,
              55.0381429
            ],
            [
              30.4929641,
              55.0380661
            ],
            [
              30.4928246,
              55.0380553
            ],
            [
              30.4925296,
              55.0381245
            ],
            [
              30.4922962,
              55.0381168
            ],
            [
              30.4921541,
              55.0380692
            ],
            [
              30.4921702,
              55.0379954
            ],
            [
              30.4923043,
              55.0379324
            ],
            [
              30.4925671,
              55.0379078
            ],
            [
              30.4928246,
              55.0378862
            ],
            [
              30.4930714,
              55.0378033
            ],
            [
              30.493235,
              55.0377049
            ],
            [
              30.4932833,
              55.0375174
            ],
            [
              30.4932779,
              55.0373083
            ],
            [
              30.493235,
              55.0370947
            ],
            [
              30.4931384,
              55.0369871
            ],
            [
              30.4930016,
              55.0369594
            ],
            [
              30.492897,
              55.0370117
            ],
            [
              30.4928005,
              55.0372991
            ],
            [
              30.4925832,
              55.0375312
            ],
            [
              30.4923257,
              55.0376741
            ],
            [
              30.4921514,
              55.0377233
            ],
            [
              30.4920065,
              55.0377156
            ],
            [
              30.4917812,
              55.0376788
            ],
            [
              30.4913038,
              55.0376188
            ],
            [
              30.4907781,
              55.0376127
            ],
            [
              30.4898688,
              55.0376265
            ],
            [
              30.4887262,
              55.0375958
            ],
            [
              30.4884016,
              55.0375788
            ],
            [
              30.4881522,
              55.0375158
            ],
            [
              30.4880208,
              55.0373806
            ],
            [
              30.4877123,
              55.0372561
            ],
            [
              30.4874602,
              55.0372115
            ],
            [
              30.4872537,
              55.0371761
            ],
            [
              30.4870954,
              55.0371054
            ],
            [
              30.4870284,
              55.0370102
            ],
            [
              30.4870069,
              55.0368657
            ],
            [
              30.486972,
              55.0366305
            ],
            [
              30.4868218,
              55.0364845
            ],
            [
              30.4865912,
              55.036423
            ],
            [
              30.4864705,
              55.0363154
            ],
            [
              30.4864383,
              55.0361909
            ],
            [
              30.4864973,
              55.0360495
            ],
            [
              30.486618,
              55.0359388
            ],
            [
              30.4866099,
              55.0358466
            ],
            [
              30.4865348,
              55.0357298
            ],
            [
              30.4863042,
              55.0355515
            ],
            [
              30.4861593,
              55.0353778
            ],
            [
              30.4857168,
              55.0350873
            ],
            [
              30.4851025,
              55.0348521
            ],
            [
              30.4847833,
              55.0347752
            ],
            [
              30.4842657,
              55.034743
            ],
            [
              30.4839698,
              55.0348072
            ],
            [
              30.4835109,
              55.0348401
            ],
            [
              30.483162,
              55.0349513
            ],
            [
              30.483005,
              55.0349781
            ],
            [
              30.4828836,
              55.0350321
            ],
            [
              30.4827454,
              55.0352766
            ],
            [
              30.482751,
              55.0353343
            ],
            [
              30.4828265,
              55.0353711
            ],
            [
              30.4829662,
              55.035408
            ],
            [
              30.4830696,
              55.0355345
            ],
            [
              30.4830909,
              55.0356806
            ],
            [
              30.4830587,
              55.0358128
            ],
            [
              30.4830077,
              55.0358758
            ],
            [
              30.4829858,
              55.0359718
            ],
            [
              30.4830372,
              55.0360725
            ],
            [
              30.4831445,
              55.0362386
            ],
            [
              30.4830292,
              55.0363077
            ],
            [
              30.482989,
              55.0364245
            ],
            [
              30.4830305,
              55.0365197
            ],
            [
              30.4833883,
              55.036784
            ],
            [
              30.4835476,
              55.0368416
            ],
            [
              30.4837475,
              55.0370467
            ],
            [
              30.4840374,
              55.0372608
            ],
            [
              30.4843141,
              55.0375032
            ],
            [
              30.4845446,
              55.037668
            ],
            [
              30.4845554,
              55.037791
            ],
            [
              30.4844964,
              55.0378171
            ],
            [
              30.484255,
              55.0378171
            ],
            [
              30.4838419,
              55.0378155
            ],
            [
              30.4835388,
              55.0378663
            ],
            [
              30.4832813,
              55.0380184
            ],
            [
              30.4832062,
              55.038106
            ],
            [
              30.483222,
              55.0382224
            ],
            [
              30.4834288,
              55.0383535
            ],
            [
              30.4835254,
              55.0383812
            ],
            [
              30.4837266,
              55.0383981
            ],
            [
              30.4838419,
              55.0384611
            ],
            [
              30.4838097,
              55.0385026
            ],
            [
              30.4833189,
              55.0388223
            ],
            [
              30.483343,
              55.0388361
            ],
            [
              30.4836327,
              55.038687
            ],
            [
              30.4837992,
              55.0385867
            ],
            [
              30.4839867,
              55.0385149
            ],
            [
              30.4843676,
              55.0385887
            ],
            [
              30.4847968,
              55.0386163
            ],
            [
              30.4851562,
              55.0386056
            ],
            [
              30.4854646,
              55.0385871
            ]
          ]
        ]
      },
      "properties": {
        "id": 64,
        "name": "Озеро Полонское",
        "type": "lake",
        "type_ru": "Озеро",
        "district": "Витебский",
        "region": "Витебская область",
        "location_description": "в 12 км на восток от г. Витебска, около д. Вороны",
        "activities": "подводная охота",
        "coordinate_source": "osm_geometry"
      }
    },
    {
      "type": "Feature",
      "geometry": {
        "type": "Polygon",
        "coordinates": [
          [
            [
              30.0103703,
              55.2847369
            ],
            [
              30.0105345,
              55.2848229
            ],
            [
              30.0108048,
              55.2849386
            ],
            [
              30.0111455,
              55.2849768
            ],
            [
              30.0113869,
              55.2849722
            ],
            [
              30.011411,
              55.2850134
            ],
            [
              30.0113171,
              55.2850531
            ],
            [
              30.0112018,
              55.2851295
            ],
            [
              30.0111374,
              55.2852609
            ],
            [
              30.0109684,
              55.2853204
            ],
            [
              30.0107646,
              55.285325
            ],
            [
              30.0105795,
              55.2852838
            ],
            [
              30.0104266,
              55.2851814
            ],
            [
              30.0103837,
              55.2850318
            ],
            [
              30.0101772,
              55.2848653
            ],
            [
              30.0101852,
              55.284766
            ],
            [
              30.0102308,
              55.2847354
            ],
            [
              30.0103703,
              55.2847369
            ]
          ]
        ]
      },
      "properties": {
        "id": 65,
        "name": "Озеро Сосна (Должанское)",
        "type": "lake",
        "type_ru": "Озеро",
        "district": "Витебский",
        "region": "Витебская область",
        "location_description": "в 18 км на северо-запад от г. Витебска, 0,1 км на юг от д. Должа",
        "activities": "подводная охота",
        "coordinate_source": "osm_geometry"
      }
    },
    {
      "type": "Feature",
      "geometry": {
        "type": "Polygon",
        "coordinates": [
          [
            [
              30.193712945284997,
              55.0242363963964
            ],
            [
              30.206287054715002,
              55.0242363963964
            ],
            [
              30.206287054715002,
              55.0314436036036
            ],
            [
              30.193712945284997,
              55.0314436036036
            ],
            [
              30.193712945284997,
              55.0242363963964
            ]
          ]
        ]
      },
      "properties": {
        "id": 66,
        "name": "Озеро Скрыдлево",
        "type": "lake",
        "type_ru": "Озеро",
        "district": "Витебский",
        "region": "Витебская область",
        "location_description": "в 18 км на юг от г. Витебска, 0,3 км от д. Скрыдлево",
        "activities": "подводная охота, лов рыбы на дорожку с судов с двигателями",
        "coordinate_source": "calculated_from_decree_description"
      }
    },
    {
      "type": "Feature",
      "geometry": {
        "type": "Polygon",
        "coordinates": [
          [
            [
              29.970517111015475,
              55.3137863963964
            ],
            [
              29.983182888984523,
              55.3137863963964
            ],
            [
              29.983182888984523,
              55.320993603603604
            ],
            [
              29.970517111015475,
              55.320993603603604
            ],
            [
              29.970517111015475,
              55.3137863963964
            ]
          ]
        ]
      },
      "properties": {
        "id": 67,
        "name": "Озеро Цыганово",
        "type": "lake",
        "type_ru": "Озеро",
        "district": "Витебский",
        "region": "Витебская область",
        "location_description": "в 20 км на северо-запад от г. Витебска, 1 км на север от д. Герасимово",
        "activities": "подводная охота",
        "coordinate_source": "calculated_from_decree_description"
      }
    },
    {
      "type": "Feature",
      "geometry": {
        "type": "Polygon",
        "coordinates": [
          [
            [
              30.528386917595952,
              55.377476396396396
            ],
            [
              30.541073082404047,
              55.377476396396396
            ],
            [
              30.541073082404047,
              55.3846836036036
            ],
            [
              30.528386917595952,
              55.3846836036036
            ],
            [
              30.528386917595952,
              55.377476396396396
            ]
          ]
        ]
      },
      "properties": {
        "id": 68,
        "name": "Озеро Яновичское",
        "type": "lake",
        "type_ru": "Озеро",
        "district": "Витебский",
        "region": "Витебская область",
        "location_description": "в 30 км на северо-восток от г. Витебска, 0,2 км от г.п. Яновичи",
        "activities": "подводная охота, лов рыбы на дорожку с судов с двигателями",
        "coordinate_source": "calculated_from_decree_description"
      }
    },
    {
      "type": "Feature",
      "geometry": {
        "type": "Polygon",
        "coordinates": [
          [
            [
              30.2022207,
              55.2631274
            ],
            [
              30.2020919,
              55.263291
            ],
            [
              30.2020866,
              55.2633674
            ],
            [
              30.2021456,
              55.26343
            ],
            [
              30.2022421,
              55.2634683
            ],
            [
              30.2022931,
              55.2634683
            ],
            [
              30.2023548,
              55.2634346
            ],
            [
              30.202387,
              55.2633857
            ],
            [
              30.202387,
              55.2633032
            ],
            [
              30.2023119,
              55.2632115
            ],
            [
              30.2022743,
              55.2631351
            ],
            [
              30.2022493,
              55.2631057
            ],
            [
              30.2022207,
              55.2631274
            ]
          ]
        ]
      },
      "properties": {
        "id": 69,
        "name": "Водохранилище Витебское",
        "type": "reservoir",
        "type_ru": "Водохранилище",
        "district": "Витебский",
        "region": "Витебская область",
        "location_description": "вблизи поселка Сокольники Витебского района",
        "activities": "подводная охота",
        "coordinate_source": "osm_geometry"
      }
    },
    {
      "type": "Feature",
      "geometry": {
        "type": "Point",
        "coordinates": [
          30.2,
          55.19
        ]
      },
      "properties": {
        "id": 70,
        "name": "Река Западная Двина",
        "type": "river",
        "type_ru": "Река",
        "district": "Витебский",
        "region": "Витебская область",
        "location_description": "в пределах Витебского района",
        "activities": "подводная охота, лов рыбы на дорожку с судов с двигателями",
        "coordinate_source": "calculated_from_decree_description"
      }
    },
    {
      "type": "Feature",
      "geometry": {
        "type": "Polygon",
        "coordinates": [
          [
            [
              27.6857209331332,
              54.9732363963964
            ],
            [
              27.6982790668668,
              54.9732363963964
            ],
            [
              27.6982790668668,
              54.980443603603604
            ],
            [
              27.6857209331332,
              54.980443603603604
            ],
            [
              27.6857209331332,
              54.9732363963964
            ]
          ]
        ]
      },
      "properties": {
        "id": 71,
        "name": "Озеро Большой Супонец",
        "type": "lake",
        "type_ru": "Озеро",
        "district": "Глубокский",
        "region": "Витебская область",
        "location_description": "в 19 км на запад от г.п. Ушачи, 0,1 км от д. Скрабатуны, Глубокский район",
        "activities": "подводная охота, лов рыбы на дорожку с судов с двигателями",
        "coordinate_source": "calculated_from_decree_description"
      }
    },
    {
      "type": "Feature",
      "geometry": {
        "type": "Polygon",
        "coordinates": [
          [
            [
              27.9240355,
              55.268843
            ],
            [
              27.9241374,
              55.2688782
            ],
            [
              27.9242957,
              55.2688843
            ],
            [
              27.9244325,
              55.2688354
            ],
            [
              27.9244781,
              55.2687513
            ],
            [
              27.9244164,
              55.2686749
            ],
            [
              27.9242688,
              55.2686062
            ],
            [
              27.9240784,
              55.2685466
            ],
            [
              27.9239765,
              55.2685405
            ],
            [
              27.9238585,
              55.268571
            ],
            [
              27.9238102,
              55.2686062
            ],
            [
              27.9238316,
              55.2686765
            ],
            [
              27.9239175,
              55.2687009
            ],
            [
              27.9239899,
              55.2687284
            ],
            [
              27.9240033,
              55.2687636
            ],
            [
              27.9239979,
              55.2687987
            ],
            [
              27.9240355,
              55.268843
            ]
          ]
        ]
      },
      "properties": {
        "id": 72,
        "name": "Озеро Велец (Белец)",
        "type": "lake",
        "type_ru": "Озеро",
        "district": "Глубокский",
        "region": "Витебская область",
        "location_description": "в 20 км на северо-восток от г. Глубокое, 0,2 км от д. Велец",
        "activities": "подводная охота, лов рыбы на дорожку с судов с двигателями",
        "coordinate_source": "osm_geometry"
      }
    },
    {
      "type": "Feature",
      "geometry": {
        "type": "Polygon",
        "coordinates": [
          [
            [
              27.6878469,
              55.1612682
            ],
            [
              27.6878013,
              55.1612574
            ],
            [
              27.6877315,
              55.161144
            ],
            [
              27.6877275,
              55.1610981
            ],
            [
              27.6878227,
              55.1610705
            ],
            [
              27.6879193,
              55.1610705
            ],
            [
              27.6879448,
              55.1610843
            ],
            [
              27.687989,
              55.1612184
            ],
            [
              27.6879609,
              55.1612375
            ],
            [
              27.6878791,
              55.1612643
            ],
            [
              27.6878469,
              55.1612682
            ]
          ]
        ]
      },
      "properties": {
        "id": 73,
        "name": "Озеро Забелье (Забельское)",
        "type": "lake",
        "type_ru": "Озеро",
        "district": "Глубокский",
        "region": "Витебская область",
        "location_description": "в 4 км на север от г. Глубокое, 0,2 км от д. Забелье",
        "activities": "подводная охота, лов рыбы на дорожку с судов с двигателями",
        "coordinate_source": "osm_geometry"
      }
    },
    {
      "type": "Feature",
      "geometry": {
        "type": "Polygon",
        "coordinates": [
          [
            [
              27.9352176,
              55.2658677
            ],
            [
              27.9354295,
              55.265857
            ],
            [
              27.9356977,
              55.2658982
            ],
            [
              27.9359928,
              55.2659303
            ],
            [
              27.9363897,
              55.2659624
            ],
            [
              27.9367277,
              55.265967
            ],
            [
              27.9370469,
              55.2659471
            ],
            [
              27.9373169,
              55.2658828
            ],
            [
              27.9376064,
              55.2658572
            ],
            [
              27.9380684,
              55.2657662
            ],
            [
              27.93901,
              55.26535
            ],
            [
              27.93978,
              55.26483
            ],
            [
              27.93995,
              55.26424
            ],
            [
              27.9401977,
              55.2636024
            ],
            [
              27.9401828,
              55.2634338
            ],
            [
              27.9401411,
              55.2632831
            ],
            [
              27.9400305,
              55.263105
            ],
            [
              27.9399071,
              55.2629493
            ],
            [
              27.9396945,
              55.2628166
            ],
            [
              27.9395134,
              55.2627086
            ],
            [
              27.9393767,
              55.262623
            ],
            [
              27.939315,
              55.2624725
            ],
            [
              27.9394244,
              55.2623121
            ],
            [
              27.9396229,
              55.2622126
            ],
            [
              27.9400433,
              55.2621729
            ],
            [
              27.9403645,
              55.2621426
            ],
            [
              27.9410138,
              55.2621064
            ],
            [
              27.9410452,
              55.2620776
            ],
            [
              27.9411397,
              55.2620521
            ],
            [
              27.9412582,
              55.262005
            ],
            [
              27.9416161,
              55.2615358
            ],
            [
              27.9424941,
              55.2609291
            ],
            [
              27.9434841,
              55.2605991
            ],
            [
              27.9436287,
              55.2604865
            ],
            [
              27.9437403,
              55.2603979
            ],
            [
              27.9437751,
              55.2603363
            ],
            [
              27.9438037,
              55.2602129
            ],
            [
              27.9437644,
              55.2599952
            ],
            [
              27.9438741,
              55.2598251
            ],
            [
              27.943747,
              55.2598343
            ],
            [
              27.9436345,
              55.2597989
            ],
            [
              27.9435989,
              55.2597181
            ],
            [
              27.9436366,
              55.2596543
            ],
            [
              27.943695,
              55.2595942
            ],
            [
              27.9438001,
              55.2595687
            ],
            [
              27.9439603,
              55.2595493
            ],
            [
              27.9440966,
              55.2594648
            ],
            [
              27.9442101,
              55.2594598
            ],
            [
              27.9443648,
              55.2593658
            ],
            [
              27.9443096,
              55.2590261
            ],
            [
              27.9442155,
              55.2585538
            ],
            [
              27.9441379,
              55.2583105
            ],
            [
              27.9440545,
              55.2581242
            ],
            [
              27.9439383,
              55.257907
            ],
            [
              27.9438876,
              55.2578258
            ],
            [
              27.9437764,
              55.2577417
            ],
            [
              27.9436509,
              55.2576751
            ],
            [
              27.9435266,
              55.2576335
            ],
            [
              27.9434399,
              55.2576023
            ],
            [
              27.9434277,
              55.2575159
            ],
            [
              27.9434709,
              55.2574712
            ],
            [
              27.9435151,
              55.257355
            ],
            [
              27.9435594,
              55.257292
            ],
            [
              27.9432714,
              55.2571676
            ],
            [
              27.943129,
              55.2570023
            ],
            [
              27.9429686,
              55.2567561
            ],
            [
              27.9428435,
              55.2565836
            ],
            [
              27.9426622,
              55.2565007
            ],
            [
              27.9426432,
              55.2562861
            ],
            [
              27.9426585,
              55.2561019
            ],
            [
              27.9427177,
              55.2558624
            ],
            [
              27.9427209,
              55.2556689
            ],
            [
              27.9425945,
              55.2554982
            ],
            [
              27.94244,
              55.2553562
            ],
            [
              27.9424102,
              55.2552669
            ],
            [
              27.9423597,
              55.2551589
            ],
            [
              27.9422027,
              55.2550461
            ],
            [
              27.9418403,
              55.2549038
            ],
            [
              27.9408129,
              55.2547637
            ],
            [
              27.9401387,
              55.2548582
            ],
            [
              27.9397397,
              55.2550137
            ],
            [
              27.93943,
              55.25522
            ],
            [
              27.9388835,
              55.2555956
            ],
            [
              27.938209,
              55.2557368
            ],
            [
              27.9377295,
              55.2557728
            ],
            [
              27.9372185,
              55.2558673
            ],
            [
              27.9367076,
              55.2559313
            ],
            [
              27.93549,
              55.25616
            ],
            [
              27.93428,
              55.25634
            ],
            [
              27.9337105,
              55.2563591
            ],
            [
              27.9330769,
              55.2563928
            ],
            [
              27.9323567,
              55.2565364
            ],
            [
              27.9319983,
              55.2566505
            ],
            [
              27.9302736,
              55.2567595
            ],
            [
              27.930029,
              55.2567772
            ],
            [
              27.9298021,
              55.2568355
            ],
            [
              27.9296315,
              55.2569215
            ],
            [
              27.9295856,
              55.2570584
            ],
            [
              27.9293559,
              55.2570873
            ],
            [
              27.9291463,
              55.2571441
            ],
            [
              27.929008,
              55.2572517
            ],
            [
              27.9287412,
              55.2573705
            ],
            [
              27.9281272,
              55.2574348
            ],
            [
              27.9276972,
              55.2574525
            ],
            [
              27.9272017,
              55.2573295
            ],
            [
              27.9267678,
              55.2572325
            ],
            [
              27.9264261,
              55.2571941
            ],
            [
              27.9262195,
              55.2572054
            ],
            [
              27.9260486,
              55.2572574
            ],
            [
              27.9256448,
              55.2573795
            ],
            [
              27.9254534,
              55.2575124
            ],
            [
              27.9252229,
              55.2576582
            ],
            [
              27.9249629,
              55.258002
            ],
            [
              27.9248463,
              55.2581035
            ],
            [
              27.924755,
              55.2583423
            ],
            [
              27.9247889,
              55.2586127
            ],
            [
              27.9246549,
              55.2588344
            ],
            [
              27.9243802,
              55.259159
            ],
            [
              27.9239516,
              55.2596226
            ],
            [
              27.9237389,
              55.2598267
            ],
            [
              27.9236383,
              55.2600658
            ],
            [
              27.92364,
              55.26046
            ],
            [
              27.923988,
              55.2609266
            ],
            [
              27.9242854,
              55.2611703
            ],
            [
              27.9250649,
              55.2616513
            ],
            [
              27.9254495,
              55.2618325
            ],
            [
              27.9256332,
              55.2619305
            ],
            [
              27.9257711,
              55.2619853
            ],
            [
              27.9261575,
              55.2619853
            ],
            [
              27.9267375,
              55.261909
            ],
            [
              27.9273962,
              55.2618507
            ],
            [
              27.9278221,
              55.2618093
            ],
            [
              27.9284097,
              55.261692
            ],
            [
              27.9286945,
              55.2615777
            ],
            [
              27.928893,
              55.2615593
            ],
            [
              27.9290378,
              55.2615639
            ],
            [
              27.9291826,
              55.2616021
            ],
            [
              27.9293194,
              55.2616617
            ],
            [
              27.9293731,
              55.2617473
            ],
            [
              27.9295099,
              55.2618497
            ],
            [
              27.9297271,
              55.2619919
            ],
            [
              27.930108,
              55.2622058
            ],
            [
              27.9302153,
              55.2622288
            ],
            [
              27.9303521,
              55.2622502
            ],
            [
              27.9304299,
              55.2623052
            ],
            [
              27.9304755,
              55.2623464
            ],
            [
              27.9306418,
              55.2624458
            ],
            [
              27.9308537,
              55.2625329
            ],
            [
              27.9311487,
              55.2626139
            ],
            [
              27.931315,
              55.2626949
            ],
            [
              27.9316851,
              55.2627744
            ],
            [
              27.9322591,
              55.2628126
            ],
            [
              27.9326776,
              55.2628477
            ],
            [
              27.933037,
              55.2629914
            ],
            [
              27.933147,
              55.2630816
            ],
            [
              27.9331845,
              55.2631947
            ],
            [
              27.933104,
              55.2633628
            ],
            [
              27.9329994,
              55.263563
            ],
            [
              27.9329243,
              55.2637357
            ],
            [
              27.9328734,
              55.2638687
            ],
            [
              27.9329297,
              55.2640918
            ],
            [
              27.9328948,
              55.2642935
            ],
            [
              27.9329377,
              55.2645228
            ],
            [
              27.9330611,
              55.2647581
            ],
            [
              27.933104,
              55.2649156
            ],
            [
              27.9331711,
              55.2651876
            ],
            [
              27.9331094,
              55.2654245
            ],
            [
              27.9330826,
              55.2656904
            ],
            [
              27.933324,
              55.2659471
            ],
            [
              27.9336941,
              55.2660694
            ],
            [
              27.9341447,
              55.2660694
            ],
            [
              27.9345202,
              55.2660205
            ],
            [
              27.9349279,
              55.2659441
            ],
            [
              27.9352176,
              55.2658677
            ]
          ]
        ]
      },
      "properties": {
        "id": 74,
        "name": "Озеро Мнюта",
        "type": "lake",
        "type_ru": "Озеро",
        "district": "Глубокский",
        "region": "Витебская область",
        "location_description": "в 20 км на северо-восток от г. Глубокое, 0,8 км на юго-восток от д. Велец",
        "activities": "подводная охота",
        "coordinate_source": "osm_geometry"
      }
    },
    {
      "type": "Feature",
      "geometry": {
        "type": "Polygon",
        "coordinates": [
          [
            [
              27.81940334520631,
              55.2118263963964
            ],
            [
              27.83203665479369,
              55.2118263963964
            ],
            [
              27.83203665479369,
              55.2190336036036
            ],
            [
              27.81940334520631,
              55.2190336036036
            ],
            [
              27.81940334520631,
              55.2118263963964
            ]
          ]
        ]
      },
      "properties": {
        "id": 75,
        "name": "Озеро Окунево",
        "type": "lake",
        "type_ru": "Озеро",
        "district": "Глубокский",
        "region": "Витебская область",
        "location_description": "в 12 км на северо-восток от г. Глубокое, 0,4 км на юг от д. Володьково",
        "activities": "подводная охота, лов рыбы на дорожку с судов с двигателями",
        "coordinate_source": "calculated_from_decree_description"
      }
    },
    {
      "type": "Feature",
      "geometry": {
        "type": "Polygon",
        "coordinates": [
          [
            [
              27.4980175,
              55.2552251
            ],
            [
              27.4984293,
              55.2549912
            ],
            [
              27.4983475,
              55.2549224
            ],
            [
              27.4981731,
              55.2549828
            ],
            [
              27.4980189,
              55.2550806
            ],
            [
              27.4978714,
              55.25506
            ],
            [
              27.4978888,
              55.2551242
            ],
            [
              27.4979854,
              55.2552182
            ],
            [
              27.4980175,
              55.2552251
            ]
          ]
        ]
      },
      "properties": {
        "id": 76,
        "name": "Озеро Плисса (Малая Плисса)",
        "type": "lake",
        "type_ru": "Озеро",
        "district": "Глубокский",
        "region": "Витебская область",
        "location_description": "в 18 км на северо-запад от г. Глубокое, 1 км на юг от д. Луцк-Мосарский",
        "activities": "подводная охота",
        "coordinate_source": "osm_geometry"
      }
    },
    {
      "type": "Feature",
      "geometry": {
        "type": "Polygon",
        "coordinates": [
          [
            [
              27.6745257,
              55.2381969
            ],
            [
              27.6745015,
              55.2382489
            ],
            [
              27.6745445,
              55.2382841
            ],
            [
              27.6746142,
              55.2382932
            ],
            [
              27.6751211,
              55.2382856
            ],
            [
              27.6751962,
              55.2382626
            ],
            [
              27.6752365,
              55.2382259
            ],
            [
              27.6755208,
              55.237839
            ],
            [
              27.6755154,
              55.23781
            ],
            [
              27.6754698,
              55.2377916
            ],
            [
              27.6750916,
              55.2377855
            ],
            [
              27.6748314,
              55.2377763
            ],
            [
              27.6747644,
              55.2377947
            ],
            [
              27.6747,
              55.2378375
            ],
            [
              27.6745257,
              55.2381969
            ]
          ]
        ]
      },
      "properties": {
        "id": 77,
        "name": "Озеро Сетовское",
        "type": "lake",
        "type_ru": "Озеро",
        "district": "Глубокский",
        "region": "Витебская область",
        "location_description": "в 11 км на север от г. Глубокое, 0,4 км от д. Воробьи",
        "activities": "подводная охота, лов рыбы на дорожку с судов с двигателями",
        "coordinate_source": "osm_geometry"
      }
    },
    {
      "type": "Feature",
      "geometry": {
        "type": "Polygon",
        "coordinates": [
          [
            [
              28.01996508325247,
              55.3264763963964
            ],
            [
              28.03263491674753,
              55.3264763963964
            ],
            [
              28.03263491674753,
              55.3336836036036
            ],
            [
              28.01996508325247,
              55.3336836036036
            ],
            [
              28.01996508325247,
              55.3264763963964
            ]
          ]
        ]
      },
      "properties": {
        "id": 78,
        "name": "Озеро Свядово",
        "type": "lake",
        "type_ru": "Озеро",
        "district": "Глубокский",
        "region": "Витебская область",
        "location_description": "в 30 км на северо-восток от г. Глубокое, 0,4 км от д. Свядово",
        "activities": "подводная охота",
        "coordinate_source": "calculated_from_decree_description"
      }
    },
    {
      "type": "Feature",
      "geometry": {
        "type": "Polygon",
        "coordinates": [
          [
            [
              27.886293492710966,
              55.0207463963964
            ],
            [
              27.898866507289032,
              55.0207463963964
            ],
            [
              27.898866507289032,
              55.0279536036036
            ],
            [
              27.886293492710966,
              55.0279536036036
            ],
            [
              27.886293492710966,
              55.0207463963964
            ]
          ]
        ]
      },
      "properties": {
        "id": 79,
        "name": "Озеро Церковище",
        "type": "lake",
        "type_ru": "Озеро",
        "district": "Глубокский",
        "region": "Витебская область",
        "location_description": "в 18 км на юго-восток от г. Глубокое, 0,4 км от д. Мосар",
        "activities": "подводная охота",
        "coordinate_source": "calculated_from_decree_description"
      }
    },
    {
      "type": "Feature",
      "geometry": {
        "type": "Polygon",
        "coordinates": [
          [
            [
              27.6721811,
              55.1617849
            ],
            [
              27.6725459,
              55.1617948
            ],
            [
              27.6725974,
              55.1617629
            ],
            [
              27.6726789,
              55.1617776
            ],
            [
              27.6726403,
              55.1618315
            ],
            [
              27.6726746,
              55.1618757
            ],
            [
              27.6726274,
              55.1619198
            ],
            [
              27.6723227,
              55.1619345
            ],
            [
              27.6721425,
              55.1618413
            ],
            [
              27.6721811,
              55.1617849
            ]
          ]
        ]
      },
      "properties": {
        "id": 80,
        "name": "Озеро Чечелевское",
        "type": "lake",
        "type_ru": "Озеро",
        "district": "Глубокский",
        "region": "Витебская область",
        "location_description": "в 2 км на северо-запад от г. Глубокое, 0,1 км от д. Чечели",
        "activities": "подводная охота",
        "coordinate_source": "osm_geometry"
      }
    },
    {
      "type": "Feature",
      "geometry": {
        "type": "Polygon",
        "coordinates": [
          [
            [
              28.190055446940875,
              55.1353963963964
            ],
            [
              28.202664553059122,
              55.1353963963964
            ],
            [
              28.202664553059122,
              55.142603603603604
            ],
            [
              28.190055446940875,
              55.142603603603604
            ],
            [
              28.190055446940875,
              55.1353963963964
            ]
          ]
        ]
      },
      "properties": {
        "id": 81,
        "name": "Озеро Шо",
        "type": "lake",
        "type_ru": "Озеро",
        "district": "Глубокский",
        "region": "Витебская область",
        "location_description": "в 32 км на восток от г. Глубокое, 0,2 км от д. Надозерье",
        "activities": "подводная охота",
        "coordinate_source": "calculated_from_decree_description"
      }
    },
    {
      "type": "Feature",
      "geometry": {
        "type": "Polygon",
        "coordinates": [
          [
            [
              29.991584006494175,
              55.8257563963964
            ],
            [
              30.004415993505827,
              55.8257563963964
            ],
            [
              30.004415993505827,
              55.8329636036036
            ],
            [
              29.991584006494175,
              55.8329636036036
            ],
            [
              29.991584006494175,
              55.8257563963964
            ]
          ]
        ]
      },
      "properties": {
        "id": 82,
        "name": "Озеро Белое (Сурмино)",
        "type": "lake",
        "type_ru": "Озеро",
        "district": "Городокский",
        "region": "Витебская область",
        "location_description": "в 40 км на север от г. Городка, 4,5 км на запад от п.г.т. Езерище",
        "activities": "подводная охота",
        "coordinate_source": "calculated_from_decree_description"
      }
    },
    {
      "type": "Feature",
      "geometry": {
        "type": "Polygon",
        "coordinates": [
          [
            [
              29.5590519,
              55.7556038
            ],
            [
              29.5600661,
              55.75567
            ],
            [
              29.5604467,
              55.7559985
            ],
            [
              29.5602234,
              55.7567133
            ],
            [
              29.560078,
              55.7573279
            ],
            [
              29.5603451,
              55.7580064
            ],
            [
              29.5613107,
              55.7589361
            ],
            [
              29.5612744,
              55.7593979
            ],
            [
              29.5596164,
              55.7599616
            ],
            [
              29.5585406,
              55.7596598
            ],
            [
              29.558371,
              55.7593828
            ],
            [
              29.5584032,
              55.7591111
            ],
            [
              29.5581156,
              55.7588297
            ],
            [
              29.5572444,
              55.7585497
            ],
            [
              29.5568427,
              55.7582004
            ],
            [
              29.5568673,
              55.7578869
            ],
            [
              29.5573932,
              55.7573934
            ],
            [
              29.5580276,
              55.7573484
            ],
            [
              29.5581027,
              55.7569258
            ],
            [
              29.5582647,
              55.7567989
            ],
            [
              29.5585534,
              55.7565635
            ],
            [
              29.5585426,
              55.7559055
            ],
            [
              29.5590519,
              55.7556038
            ]
          ]
        ]
      },
      "properties": {
        "id": 83,
        "name": "Озеро Берново",
        "type": "lake",
        "type_ru": "Озеро",
        "district": "Городокский",
        "region": "Витебская область",
        "location_description": "в 22 км на северо-запад от г. Городка, 3 км на запад от д. Вировля",
        "activities": "подводная охота",
        "coordinate_source": "osm_geometry"
      }
    },
    {
      "type": "Feature",
      "geometry": {
        "type": "Polygon",
        "coordinates": [
          [
            [
              29.643280741576444,
              55.6628463963964
            ],
            [
              29.656059258423557,
              55.6628463963964
            ],
            [
              29.656059258423557,
              55.6700536036036
            ],
            [
              29.643280741576444,
              55.6700536036036
            ],
            [
              29.643280741576444,
              55.6628463963964
            ]
          ]
        ]
      },
      "properties": {
        "id": 84,
        "name": "Озеро Большая Осмота",
        "type": "lake",
        "type_ru": "Озеро",
        "district": "Городокский",
        "region": "Витебская область",
        "location_description": "в 31 км на северо-запад от г. Городка, 2 км юго-западнее д. Осмато",
        "activities": "подводная охота, лов рыбы на дорожку с судов с двигателями",
        "coordinate_source": "calculated_from_decree_description"
      }
    },
    {
      "type": "Feature",
      "geometry": {
        "type": "Polygon",
        "coordinates": [
          [
            [
              29.766892154884793,
              55.5927863963964
            ],
            [
              29.779647845115207,
              55.5927863963964
            ],
            [
              29.779647845115207,
              55.5999936036036
            ],
            [
              29.766892154884793,
              55.5999936036036
            ],
            [
              29.766892154884793,
              55.5927863963964
            ]
          ]
        ]
      },
      "properties": {
        "id": 85,
        "name": "Озеро Верино",
        "type": "lake",
        "type_ru": "Озеро",
        "district": "Городокский",
        "region": "Витебская область",
        "location_description": "в 20 км на северо-запад от г. Городка, около д. Кисели",
        "activities": "подводная охота",
        "coordinate_source": "calculated_from_decree_description"
      }
    },
    {
      "type": "Feature",
      "geometry": {
        "type": "Polygon",
        "coordinates": [
          [
            [
              30.21635215488479,
              55.5927863963964
            ],
            [
              30.229107845115205,
              55.5927863963964
            ],
            [
              30.229107845115205,
              55.5999936036036
            ],
            [
              30.21635215488479,
              55.5999936036036
            ],
            [
              30.21635215488479,
              55.5927863963964
            ]
          ]
        ]
      },
      "properties": {
        "id": 86,
        "name": "Озеро Вышедское",
        "type": "lake",
        "type_ru": "Озеро",
        "district": "Городокский",
        "region": "Витебская область",
        "location_description": "в 20 км на северо-восток от г. Городка, 11 км на юго-восток от д. Бычиха",
        "activities": "подводная охота",
        "coordinate_source": "calculated_from_decree_description"
      }
    },
    {
      "type": "Feature",
      "geometry": {
        "type": "Polygon",
        "coordinates": [
          [
            [
              29.5590519,
              55.7556038
            ],
            [
              29.5600661,
              55.75567
            ],
            [
              29.5604467,
              55.7559985
            ],
            [
              29.5602234,
              55.7567133
            ],
            [
              29.560078,
              55.7573279
            ],
            [
              29.5603451,
              55.7580064
            ],
            [
              29.5613107,
              55.7589361
            ],
            [
              29.5612744,
              55.7593979
            ],
            [
              29.5596164,
              55.7599616
            ],
            [
              29.5585406,
              55.7596598
            ],
            [
              29.558371,
              55.7593828
            ],
            [
              29.5584032,
              55.7591111
            ],
            [
              29.5581156,
              55.7588297
            ],
            [
              29.5572444,
              55.7585497
            ],
            [
              29.5568427,
              55.7582004
            ],
            [
              29.5568673,
              55.7578869
            ],
            [
              29.5573932,
              55.7573934
            ],
            [
              29.5580276,
              55.7573484
            ],
            [
              29.5581027,
              55.7569258
            ],
            [
              29.5582647,
              55.7567989
            ],
            [
              29.5585534,
              55.7565635
            ],
            [
              29.5585426,
              55.7559055
            ],
            [
              29.5590519,
              55.7556038
            ]
          ]
        ]
      },
      "properties": {
        "id": 87,
        "name": "Озеро Горковское",
        "type": "lake",
        "type_ru": "Озеро",
        "district": "Городокский",
        "region": "Витебская область",
        "location_description": "в 28 км на северо-запад от г. Городка, 1 км на юго-запад от д. Оболь",
        "activities": "подводная охота, лов рыбы на дорожку с судов с двигателями",
        "coordinate_source": "osm_geometry"
      }
    },
    {
      "type": "Feature",
      "geometry": {
        "type": "Polygon",
        "coordinates": [
          [
            [
              29.9244493,
              55.8696789
            ],
            [
              29.9244296,
              55.8698724
            ],
            [
              29.9238319,
              55.8699211
            ],
            [
              29.9226269,
              55.8700365
            ],
            [
              29.9216147,
              55.8699107
            ],
            [
              29.9206834,
              55.8695809
            ],
            [
              29.9196738,
              55.8687621
            ],
            [
              29.919335,
              55.8683538
            ],
            [
              29.9187732,
              55.8678583
            ],
            [
              29.9184536,
              55.867002
            ],
            [
              29.9188197,
              55.8666095
            ],
            [
              29.918191,
              55.8658319
            ],
            [
              29.9180129,
              55.8652874
            ],
            [
              29.9178366,
              55.8646938
            ],
            [
              29.9173371,
              55.8640838
            ],
            [
              29.9164263,
              55.8636881
            ],
            [
              29.9163381,
              55.8631275
            ],
            [
              29.9167495,
              55.8627153
            ],
            [
              29.9181304,
              55.8623196
            ],
            [
              29.9185637,
              55.8624312
            ],
            [
              29.9192285,
              55.8628375
            ],
            [
              29.9203373,
              55.8633243
            ],
            [
              29.9210891,
              55.8636505
            ],
            [
              29.9219089,
              55.8636881
            ],
            [
              29.9219585,
              55.8638565
            ],
            [
              29.923031,
              55.8643543
            ],
            [
              29.923405,
              55.8653772
            ],
            [
              29.9236107,
              55.8660201
            ],
            [
              29.9240606,
              55.8667577
            ],
            [
              29.9244414,
              55.8672305
            ],
            [
              29.9243588,
              55.8675654
            ],
            [
              29.9242959,
              55.8680495
            ],
            [
              29.9235226,
              55.8682999
            ],
            [
              29.9235333,
              55.8686582
            ],
            [
              29.92396,
              55.8690002
            ],
            [
              29.9241217,
              55.8694199
            ],
            [
              29.9243623,
              55.869474
            ],
            [
              29.9244493,
              55.8696789
            ]
          ]
        ]
      },
      "properties": {
        "id": 88,
        "name": "Озеро Езерище",
        "type": "lake",
        "type_ru": "Озеро",
        "district": "Городокский",
        "region": "Витебская область",
        "location_description": "в 42 км на север от г. Городка, 0,1 км на восток от п.г.т. Езерище",
        "activities": "подводная охота",
        "coordinate_source": "osm_geometry"
      }
    },
    {
      "type": "Feature",
      "geometry": {
        "type": "Polygon",
        "coordinates": [
          [
            [
              29.540053,
              55.7352748
            ],
            [
              29.5398745,
              55.7350847
            ],
            [
              29.5394077,
              55.7349035
            ],
            [
              29.5392422,
              55.7348333
            ],
            [
              29.539052,
              55.7343696
            ],
            [
              29.5392844,
              55.7340034
            ],
            [
              29.5395408,
              55.733942
            ],
            [
              29.5402458,
              55.7339657
            ],
            [
              29.5413003,
              55.7342285
            ],
            [
              29.5419934,
              55.7343598
            ],
            [
              29.5425232,
              55.7346875
            ],
            [
              29.5429697,
              55.7348491
            ],
            [
              29.5437905,
              55.7353475
            ],
            [
              29.5443867,
              55.7355238
            ],
            [
              29.5445683,
              55.7356676
            ],
            [
              29.5444516,
              55.7359149
            ],
            [
              29.5441541,
              55.7360569
            ],
            [
              29.5436908,
              55.7360897
            ],
            [
              29.5432379,
              55.7359878
            ],
            [
              29.5424869,
              55.7356646
            ],
            [
              29.5419856,
              55.7355625
            ],
            [
              29.54125,
              55.73562
            ],
            [
              29.540637,
              55.7355444
            ],
            [
              29.540053,
              55.7352748
            ]
          ]
        ]
      },
      "properties": {
        "id": 89,
        "name": "Озеро Жодень",
        "type": "lake",
        "type_ru": "Озеро",
        "district": "Городокский",
        "region": "Витебская область",
        "location_description": "в 32 км на северо-запад от г. Городка, 1 км на юг от д. Прудок",
        "activities": "подводная охота",
        "coordinate_source": "osm_geometry"
      }
    },
    {
      "type": "Feature",
      "geometry": {
        "type": "Polygon",
        "coordinates": [
          [
            [
              30.5311044,
              55.7848383
            ],
            [
              30.5310075,
              55.78403
            ],
            [
              30.5296557,
              55.7828782
            ],
            [
              30.530388,
              55.7821118
            ],
            [
              30.5306798,
              55.7811175
            ],
            [
              30.5301797,
              55.7802295
            ],
            [
              30.5297311,
              55.7800118
            ],
            [
              30.5288386,
              55.7787483
            ],
            [
              30.5284973,
              55.7779663
            ],
            [
              30.5279539,
              55.7773682
            ],
            [
              30.527344,
              55.7766885
            ],
            [
              30.5268867,
              55.7765808
            ],
            [
              30.5264407,
              55.776665
            ],
            [
              30.5262416,
              55.7768866
            ],
            [
              30.5260786,
              55.7770633
            ],
            [
              30.5264945,
              55.7777618
            ],
            [
              30.5260189,
              55.7785456
            ],
            [
              30.5264025,
              55.7789677
            ],
            [
              30.5264695,
              55.7791429
            ],
            [
              30.5263382,
              55.7794746
            ],
            [
              30.5257829,
              55.7799152
            ],
            [
              30.5248799,
              55.7808468
            ],
            [
              30.5257474,
              55.781398
            ],
            [
              30.5258017,
              55.7816647
            ],
            [
              30.5256191,
              55.7818204
            ],
            [
              30.525069,
              55.7818487
            ],
            [
              30.5242841,
              55.7812858
            ],
            [
              30.5237973,
              55.7814425
            ],
            [
              30.5234313,
              55.7817017
            ],
            [
              30.5233821,
              55.7822252
            ],
            [
              30.5234827,
              55.7833235
            ],
            [
              30.5245389,
              55.7840591
            ],
            [
              30.5241407,
              55.7845988
            ],
            [
              30.5243707,
              55.7851189
            ],
            [
              30.5252106,
              55.785627
            ],
            [
              30.5264948,
              55.785951
            ],
            [
              30.5268446,
              55.7864145
            ],
            [
              30.5290444,
              55.7873479
            ],
            [
              30.5300253,
              55.7881729
            ],
            [
              30.5311047,
              55.7881098
            ],
            [
              30.5316883,
              55.7884052
            ],
            [
              30.5319801,
              55.7881208
            ],
            [
              30.5316422,
              55.7876574
            ],
            [
              30.5306573,
              55.7871583
            ],
            [
              30.5304821,
              55.7863948
            ],
            [
              30.5311044,
              55.7848383
            ]
          ]
        ]
      },
      "properties": {
        "id": 90,
        "name": "Озеро Завесно",
        "type": "lake",
        "type_ru": "Озеро",
        "district": "Городокский",
        "region": "Витебская область",
        "location_description": "в 43 км на северо-восток от г. Городка, 8 км на северо-запад от д. Рудня",
        "activities": "подводная охота",
        "coordinate_source": "osm_geometry"
      }
    },
    {
      "type": "Feature",
      "geometry": {
        "type": "Polygon",
        "coordinates": [
          [
            [
              29.94668866725392,
              55.4908763963964
            ],
            [
              29.959411332746082,
              55.4908763963964
            ],
            [
              29.959411332746082,
              55.498083603603604
            ],
            [
              29.94668866725392,
              55.498083603603604
            ],
            [
              29.94668866725392,
              55.4908763963964
            ]
          ]
        ]
      },
      "properties": {
        "id": 91,
        "name": "Озеро Кошо",
        "type": "lake",
        "type_ru": "Озеро",
        "district": "Городокский",
        "region": "Витебская область",
        "location_description": "в 4 км на северо-запад от г. Городка",
        "activities": "подводная охота",
        "coordinate_source": "calculated_from_decree_description"
      }
    },
    {
      "type": "Feature",
      "geometry": {
        "type": "Polygon",
        "coordinates": [
          [
            [
              29.99165292777764,
              55.4023363963964
            ],
            [
              30.004347072222362,
              55.4023363963964
            ],
            [
              30.004347072222362,
              55.4095436036036
            ],
            [
              29.99165292777764,
              55.4095436036036
            ],
            [
              29.99165292777764,
              55.4023363963964
            ]
          ]
        ]
      },
      "properties": {
        "id": 92,
        "name": "Озеро Лосвидо",
        "type": "lake",
        "type_ru": "Озеро",
        "district": "Городокский",
        "region": "Витебская область",
        "location_description": "в 7 км на юг от г. Городка",
        "activities": "подводная охота",
        "coordinate_source": "calculated_from_decree_description"
      }
    },
    {
      "type": "Feature",
      "geometry": {
        "type": "Polygon",
        "coordinates": [
          [
            [
              29.575854493973253,
              55.7010663963964
            ],
            [
              29.588645506026744,
              55.7010663963964
            ],
            [
              29.588645506026744,
              55.7082736036036
            ],
            [
              29.575854493973253,
              55.7082736036036
            ],
            [
              29.575854493973253,
              55.7010663963964
            ]
          ]
        ]
      },
      "properties": {
        "id": 93,
        "name": "Озеро Малое Свинно",
        "type": "lake",
        "type_ru": "Озеро",
        "district": "Городокский",
        "region": "Витебская область",
        "location_description": "в 37 км на северо-запад от г. Городка, 0,1 км на северо-восток от д. Чухилино",
        "activities": "подводная охота, лов рыбы на дорожку с судов с двигателями",
        "coordinate_source": "calculated_from_decree_description"
      }
    },
    {
      "type": "Feature",
      "geometry": {
        "type": "Polygon",
        "coordinates": [
          [
            [
              30.299027,
              55.8479155
            ],
            [
              30.2990431,
              55.8482046
            ],
            [
              30.2989465,
              55.8484365
            ],
            [
              30.2990001,
              55.8489755
            ],
            [
              30.2986944,
              55.8494815
            ],
            [
              30.2984796,
              55.8496516
            ],
            [
              30.2981579,
              55.8497796
            ],
            [
              30.2976805,
              55.8498127
            ],
            [
              30.2971011,
              55.8499482
            ],
            [
              30.2966173,
              55.8499758
            ],
            [
              30.2960099,
              55.8499756
            ],
            [
              30.2953631,
              55.8498218
            ],
            [
              30.2950425,
              55.8498542
            ],
            [
              30.2948213,
              55.8499272
            ],
            [
              30.2945423,
              55.849888
            ],
            [
              30.2942902,
              55.849879
            ],
            [
              30.2939018,
              55.8499838
            ],
            [
              30.2934694,
              55.8499603
            ],
            [
              30.2924725,
              55.8498379
            ],
            [
              30.2917099,
              55.8496381
            ],
            [
              30.2904224,
              55.8492948
            ],
            [
              30.2895802,
              55.8489725
            ],
            [
              30.2893388,
              55.8488189
            ],
            [
              30.288978,
              55.8483624
            ],
            [
              30.288646,
              55.8478599
            ],
            [
              30.2882123,
              55.8476174
            ],
            [
              30.2881586,
              55.8471114
            ],
            [
              30.2883625,
              55.8468283
            ],
            [
              30.288738,
              55.8465844
            ],
            [
              30.2895212,
              55.8463495
            ],
            [
              30.2900147,
              55.846229
            ],
            [
              30.2903069,
              55.8459629
            ],
            [
              30.2913397,
              55.8456116
            ],
            [
              30.2917904,
              55.8455002
            ],
            [
              30.292184,
              55.8452981
            ],
            [
              30.2926969,
              55.8451448
            ],
            [
              30.2931905,
              55.8451388
            ],
            [
              30.2942258,
              55.8449882
            ],
            [
              30.2947247,
              55.8450062
            ],
            [
              30.2961116,
              55.8450711
            ],
            [
              30.2967846,
              55.8451779
            ],
            [
              30.2972513,
              55.8452773
            ],
            [
              30.2978736,
              55.8453616
            ],
            [
              30.2983189,
              55.8454008
            ],
            [
              30.2986783,
              55.8453556
            ],
            [
              30.2989089,
              55.8454339
            ],
            [
              30.2991342,
              55.8455634
            ],
            [
              30.2994025,
              55.8459339
            ],
            [
              30.299322,
              55.8461386
            ],
            [
              30.2990806,
              55.8462441
            ],
            [
              30.2989418,
              55.8463682
            ],
            [
              30.2988553,
              55.8466326
            ],
            [
              30.2990431,
              55.8467048
            ],
            [
              30.2991021,
              55.8467862
            ],
            [
              30.2990162,
              55.8468825
            ],
            [
              30.2987587,
              55.8470632
            ],
            [
              30.2985102,
              55.8473044
            ],
            [
              30.2984154,
              55.847518
            ],
            [
              30.2985066,
              55.8476354
            ],
            [
              30.2989304,
              55.847795
            ],
            [
              30.299027,
              55.8479155
            ]
          ]
        ]
      },
      "properties": {
        "id": 94,
        "name": "Озеро Медесно",
        "type": "lake",
        "type_ru": "Озеро",
        "district": "Городокский",
        "region": "Витебская область",
        "location_description": "в 30 км на северо-восток от г. Городка, 3 км на восток от д. Веречье",
        "activities": "подводная охота",
        "coordinate_source": "osm_geometry"
      }
    },
    {
      "type": "Feature",
      "geometry": {
        "type": "Polygon",
        "coordinates": [
          [
            [
              30.299027,
              55.8479155
            ],
            [
              30.2990431,
              55.8482046
            ],
            [
              30.2989465,
              55.8484365
            ],
            [
              30.2990001,
              55.8489755
            ],
            [
              30.2986944,
              55.8494815
            ],
            [
              30.2984796,
              55.8496516
            ],
            [
              30.2981579,
              55.8497796
            ],
            [
              30.2976805,
              55.8498127
            ],
            [
              30.2971011,
              55.8499482
            ],
            [
              30.2966173,
              55.8499758
            ],
            [
              30.2960099,
              55.8499756
            ],
            [
              30.2953631,
              55.8498218
            ],
            [
              30.2950425,
              55.8498542
            ],
            [
              30.2948213,
              55.8499272
            ],
            [
              30.2945423,
              55.849888
            ],
            [
              30.2942902,
              55.849879
            ],
            [
              30.2939018,
              55.8499838
            ],
            [
              30.2934694,
              55.8499603
            ],
            [
              30.2924725,
              55.8498379
            ],
            [
              30.2917099,
              55.8496381
            ],
            [
              30.2904224,
              55.8492948
            ],
            [
              30.2895802,
              55.8489725
            ],
            [
              30.2893388,
              55.8488189
            ],
            [
              30.288978,
              55.8483624
            ],
            [
              30.288646,
              55.8478599
            ],
            [
              30.2882123,
              55.8476174
            ],
            [
              30.2881586,
              55.8471114
            ],
            [
              30.2883625,
              55.8468283
            ],
            [
              30.288738,
              55.8465844
            ],
            [
              30.2895212,
              55.8463495
            ],
            [
              30.2900147,
              55.846229
            ],
            [
              30.2903069,
              55.8459629
            ],
            [
              30.2913397,
              55.8456116
            ],
            [
              30.2917904,
              55.8455002
            ],
            [
              30.292184,
              55.8452981
            ],
            [
              30.2926969,
              55.8451448
            ],
            [
              30.2931905,
              55.8451388
            ],
            [
              30.2942258,
              55.8449882
            ],
            [
              30.2947247,
              55.8450062
            ],
            [
              30.2961116,
              55.8450711
            ],
            [
              30.2967846,
              55.8451779
            ],
            [
              30.2972513,
              55.8452773
            ],
            [
              30.2978736,
              55.8453616
            ],
            [
              30.2983189,
              55.8454008
            ],
            [
              30.2986783,
              55.8453556
            ],
            [
              30.2989089,
              55.8454339
            ],
            [
              30.2991342,
              55.8455634
            ],
            [
              30.2994025,
              55.8459339
            ],
            [
              30.299322,
              55.8461386
            ],
            [
              30.2990806,
              55.8462441
            ],
            [
              30.2989418,
              55.8463682
            ],
            [
              30.2988553,
              55.8466326
            ],
            [
              30.2990431,
              55.8467048
            ],
            [
              30.2991021,
              55.8467862
            ],
            [
              30.2990162,
              55.8468825
            ],
            [
              30.2987587,
              55.8470632
            ],
            [
              30.2985102,
              55.8473044
            ],
            [
              30.2984154,
              55.847518
            ],
            [
              30.2985066,
              55.8476354
            ],
            [
              30.2989304,
              55.847795
            ],
            [
              30.299027,
              55.8479155
            ]
          ]
        ]
      },
      "properties": {
        "id": 95,
        "name": "Озеро Негро",
        "type": "lake",
        "type_ru": "Озеро",
        "district": "Городокский",
        "region": "Витебская область",
        "location_description": "в 25 км на северо-восток от г. Городка, 6,5 км на восток от д. Бычиха",
        "activities": "подводная охота",
        "coordinate_source": "osm_geometry"
      }
    },
    {
      "type": "Feature",
      "geometry": {
        "type": "Polygon",
        "coordinates": [
          [
            [
              29.5590519,
              55.7556038
            ],
            [
              29.5600661,
              55.75567
            ],
            [
              29.5604467,
              55.7559985
            ],
            [
              29.5602234,
              55.7567133
            ],
            [
              29.560078,
              55.7573279
            ],
            [
              29.5603451,
              55.7580064
            ],
            [
              29.5613107,
              55.7589361
            ],
            [
              29.5612744,
              55.7593979
            ],
            [
              29.5596164,
              55.7599616
            ],
            [
              29.5585406,
              55.7596598
            ],
            [
              29.558371,
              55.7593828
            ],
            [
              29.5584032,
              55.7591111
            ],
            [
              29.5581156,
              55.7588297
            ],
            [
              29.5572444,
              55.7585497
            ],
            [
              29.5568427,
              55.7582004
            ],
            [
              29.5568673,
              55.7578869
            ],
            [
              29.5573932,
              55.7573934
            ],
            [
              29.5580276,
              55.7573484
            ],
            [
              29.5581027,
              55.7569258
            ],
            [
              29.5582647,
              55.7567989
            ],
            [
              29.5585534,
              55.7565635
            ],
            [
              29.5585426,
              55.7559055
            ],
            [
              29.5590519,
              55.7556038
            ]
          ]
        ]
      },
      "properties": {
        "id": 96,
        "name": "Озеро Оболь",
        "type": "lake",
        "type_ru": "Озеро",
        "district": "Городокский",
        "region": "Витебская область",
        "location_description": "в 28 км на северо-запад от г. Городка, 1,5 км на юго-запад от д. Оболь",
        "activities": "подводная охота",
        "coordinate_source": "osm_geometry"
      }
    },
    {
      "type": "Feature",
      "geometry": {
        "type": "Polygon",
        "coordinates": [
          [
            [
              30.5311044,
              55.7848383
            ],
            [
              30.5310075,
              55.78403
            ],
            [
              30.5296557,
              55.7828782
            ],
            [
              30.530388,
              55.7821118
            ],
            [
              30.5306798,
              55.7811175
            ],
            [
              30.5301797,
              55.7802295
            ],
            [
              30.5297311,
              55.7800118
            ],
            [
              30.5288386,
              55.7787483
            ],
            [
              30.5284973,
              55.7779663
            ],
            [
              30.5279539,
              55.7773682
            ],
            [
              30.527344,
              55.7766885
            ],
            [
              30.5268867,
              55.7765808
            ],
            [
              30.5264407,
              55.776665
            ],
            [
              30.5262416,
              55.7768866
            ],
            [
              30.5260786,
              55.7770633
            ],
            [
              30.5264945,
              55.7777618
            ],
            [
              30.5260189,
              55.7785456
            ],
            [
              30.5264025,
              55.7789677
            ],
            [
              30.5264695,
              55.7791429
            ],
            [
              30.5263382,
              55.7794746
            ],
            [
              30.5257829,
              55.7799152
            ],
            [
              30.5248799,
              55.7808468
            ],
            [
              30.5257474,
              55.781398
            ],
            [
              30.5258017,
              55.7816647
            ],
            [
              30.5256191,
              55.7818204
            ],
            [
              30.525069,
              55.7818487
            ],
            [
              30.5242841,
              55.7812858
            ],
            [
              30.5237973,
              55.7814425
            ],
            [
              30.5234313,
              55.7817017
            ],
            [
              30.5233821,
              55.7822252
            ],
            [
              30.5234827,
              55.7833235
            ],
            [
              30.5245389,
              55.7840591
            ],
            [
              30.5241407,
              55.7845988
            ],
            [
              30.5243707,
              55.7851189
            ],
            [
              30.5252106,
              55.785627
            ],
            [
              30.5264948,
              55.785951
            ],
            [
              30.5268446,
              55.7864145
            ],
            [
              30.5290444,
              55.7873479
            ],
            [
              30.5300253,
              55.7881729
            ],
            [
              30.5311047,
              55.7881098
            ],
            [
              30.5316883,
              55.7884052
            ],
            [
              30.5319801,
              55.7881208
            ],
            [
              30.5316422,
              55.7876574
            ],
            [
              30.5306573,
              55.7871583
            ],
            [
              30.5304821,
              55.7863948
            ],
            [
              30.5311044,
              55.7848383
            ]
          ]
        ]
      },
      "properties": {
        "id": 97,
        "name": "Озеро Сесито",
        "type": "lake",
        "type_ru": "Озеро",
        "district": "Городокский",
        "region": "Витебская область",
        "location_description": "в 43 км на северо-восток от г. Городка, 0,3 км на восток от д. Зайково",
        "activities": "подводная охота, лов рыбы на дорожку с судов с двигателями",
        "coordinate_source": "osm_geometry"
      }
    },
    {
      "type": "Feature",
      "geometry": {
        "type": "Polygon",
        "coordinates": [
          [
            [
              29.540053,
              55.7352748
            ],
            [
              29.5398745,
              55.7350847
            ],
            [
              29.5394077,
              55.7349035
            ],
            [
              29.5392422,
              55.7348333
            ],
            [
              29.539052,
              55.7343696
            ],
            [
              29.5392844,
              55.7340034
            ],
            [
              29.5395408,
              55.733942
            ],
            [
              29.5402458,
              55.7339657
            ],
            [
              29.5413003,
              55.7342285
            ],
            [
              29.5419934,
              55.7343598
            ],
            [
              29.5425232,
              55.7346875
            ],
            [
              29.5429697,
              55.7348491
            ],
            [
              29.5437905,
              55.7353475
            ],
            [
              29.5443867,
              55.7355238
            ],
            [
              29.5445683,
              55.7356676
            ],
            [
              29.5444516,
              55.7359149
            ],
            [
              29.5441541,
              55.7360569
            ],
            [
              29.5436908,
              55.7360897
            ],
            [
              29.5432379,
              55.7359878
            ],
            [
              29.5424869,
              55.7356646
            ],
            [
              29.5419856,
              55.7355625
            ],
            [
              29.54125,
              55.73562
            ],
            [
              29.540637,
              55.7355444
            ],
            [
              29.540053,
              55.7352748
            ]
          ]
        ]
      },
      "properties": {
        "id": 98,
        "name": "Озеро Стерник",
        "type": "lake",
        "type_ru": "Озеро",
        "district": "Городокский",
        "region": "Витебская область",
        "location_description": "в 36 км на северо-запад от г. Городка, 1,2 км на северо-запад от д. Ключегорская",
        "activities": "подводная охота",
        "coordinate_source": "osm_geometry"
      }
    },
    {
      "type": "Feature",
      "geometry": {
        "type": "Polygon",
        "coordinates": [
          [
            [
              30.3710381,
              55.5682293
            ],
            [
              30.3727909,
              55.5686022
            ],
            [
              30.3741098,
              55.5687886
            ],
            [
              30.3752031,
              55.5687003
            ],
            [
              30.3757725,
              55.5686309
            ],
            [
              30.3760882,
              55.5685924
            ],
            [
              30.3763465,
              55.5685091
            ],
            [
              30.376548,
              55.5677954
            ],
            [
              30.3770087,
              55.5672263
            ],
            [
              30.3777021,
              55.5670322
            ],
            [
              30.3780492,
              55.5666004
            ],
            [
              30.3788648,
              55.5662668
            ],
            [
              30.3792153,
              55.56628
            ],
            [
              30.3794664,
              55.5662587
            ],
            [
              30.3795415,
              55.5661179
            ],
            [
              30.3796672,
              55.5657832
            ],
            [
              30.3796741,
              55.5652797
            ],
            [
              30.3794915,
              55.564527
            ],
            [
              30.3790903,
              55.5639398
            ],
            [
              30.3786631,
              55.5635192
            ],
            [
              30.3779188,
              55.5633298
            ],
            [
              30.3769071,
              55.5625168
            ],
            [
              30.3765796,
              55.5622474
            ],
            [
              30.3763214,
              55.562035
            ],
            [
              30.3758244,
              55.5616134
            ],
            [
              30.3749857,
              55.561255
            ],
            [
              30.3742452,
              55.5610918
            ],
            [
              30.3734419,
              55.561035
            ],
            [
              30.3723877,
              55.5609782
            ],
            [
              30.371986,
              55.5610634
            ],
            [
              30.3716221,
              55.5612621
            ],
            [
              30.3714463,
              55.561397
            ],
            [
              30.3712455,
              55.5614041
            ],
            [
              30.3710949,
              55.5614963
            ],
            [
              30.370618,
              55.5619222
            ],
            [
              30.3703321,
              55.5624143
            ],
            [
              30.3698378,
              55.5625303
            ],
            [
              30.3693317,
              55.5624776
            ],
            [
              30.3687879,
              55.5622236
            ],
            [
              30.3686104,
              55.5621835
            ],
            [
              30.3666547,
              55.5624776
            ],
            [
              30.3663562,
              55.5627757
            ],
            [
              30.3658148,
              55.5632976
            ],
            [
              30.3658592,
              55.563403
            ],
            [
              30.3657971,
              55.5635084
            ],
            [
              30.3654954,
              55.563679
            ],
            [
              30.3652824,
              55.5640855
            ],
            [
              30.3652478,
              55.5643833
            ],
            [
              30.3653356,
              55.5647681
            ],
            [
              30.3653179,
              55.5650792
            ],
            [
              30.3654421,
              55.5652498
            ],
            [
              30.3655752,
              55.5653653
            ],
            [
              30.3655486,
              55.5655258
            ],
            [
              30.3657084,
              55.5657717
            ],
            [
              30.365948,
              55.5660026
            ],
            [
              30.3661075,
              55.5662485
            ],
            [
              30.3661431,
              55.566394
            ],
            [
              30.3660164,
              55.5663582
            ],
            [
              30.3659253,
              55.5664455
            ],
            [
              30.3660006,
              55.5665418
            ],
            [
              30.3663015,
              55.5665015
            ],
            [
              30.3674206,
              55.5671499
            ],
            [
              30.3683309,
              55.5675326
            ],
            [
              30.3687647,
              55.5678172
            ],
            [
              30.3697365,
              55.5678957
            ],
            [
              30.3710381,
              55.5682293
            ]
          ]
        ]
      },
      "properties": {
        "id": 99,
        "name": "Озеро Танай",
        "type": "lake",
        "type_ru": "Озеро",
        "district": "Городокский",
        "region": "Витебская область",
        "location_description": "в 26 км на северо-восток от г. Городка, 1 км на юг от д. Веречье",
        "activities": "лов рыбы на дорожку с судов с двигателями",
        "coordinate_source": "osm_geometry"
      }
    },
    {
      "type": "Feature",
      "geometry": {
        "type": "Polygon",
        "coordinates": [
          [
            [
              29.99158103229822,
              55.8437763963964
            ],
            [
              30.00441896770178,
              55.8437763963964
            ],
            [
              30.00441896770178,
              55.8509836036036
            ],
            [
              29.99158103229822,
              55.8509836036036
            ],
            [
              29.99158103229822,
              55.8437763963964
            ]
          ]
        ]
      },
      "properties": {
        "id": 100,
        "name": "Озеро Ужо",
        "type": "lake",
        "type_ru": "Озеро",
        "district": "Городокский",
        "region": "Витебская область",
        "location_description": "в 42 км на север от г. Городка, около д. Марченки",
        "activities": "подводная охота, лов рыбы на дорожку с судов с двигателями",
        "coordinate_source": "calculated_from_decree_description"
      }
    },
    {
      "type": "Feature",
      "geometry": {
        "type": "Polygon",
        "coordinates": [
          [
            [
              29.845559392771708,
              55.5481963963964
            ],
            [
              29.85830060722829,
              55.5481963963964
            ],
            [
              29.85830060722829,
              55.5554036036036
            ],
            [
              29.845559392771708,
              55.5554036036036
            ],
            [
              29.845559392771708,
              55.5481963963964
            ]
          ]
        ]
      },
      "properties": {
        "id": 101,
        "name": "Озеро Черново",
        "type": "lake",
        "type_ru": "Озеро",
        "district": "Городокский",
        "region": "Витебская область",
        "location_description": "в 13 км на северо-запад от г. Городка",
        "activities": "подводная охота",
        "coordinate_source": "calculated_from_decree_description"
      }
    },
    {
      "type": "Feature",
      "geometry": {
        "type": "Polygon",
        "coordinates": [
          [
            [
              29.9244493,
              55.8696789
            ],
            [
              29.9244296,
              55.8698724
            ],
            [
              29.9238319,
              55.8699211
            ],
            [
              29.9226269,
              55.8700365
            ],
            [
              29.9216147,
              55.8699107
            ],
            [
              29.9206834,
              55.8695809
            ],
            [
              29.9196738,
              55.8687621
            ],
            [
              29.919335,
              55.8683538
            ],
            [
              29.9187732,
              55.8678583
            ],
            [
              29.9184536,
              55.867002
            ],
            [
              29.9188197,
              55.8666095
            ],
            [
              29.918191,
              55.8658319
            ],
            [
              29.9180129,
              55.8652874
            ],
            [
              29.9178366,
              55.8646938
            ],
            [
              29.9173371,
              55.8640838
            ],
            [
              29.9164263,
              55.8636881
            ],
            [
              29.9163381,
              55.8631275
            ],
            [
              29.9167495,
              55.8627153
            ],
            [
              29.9181304,
              55.8623196
            ],
            [
              29.9185637,
              55.8624312
            ],
            [
              29.9192285,
              55.8628375
            ],
            [
              29.9203373,
              55.8633243
            ],
            [
              29.9210891,
              55.8636505
            ],
            [
              29.9219089,
              55.8636881
            ],
            [
              29.9219585,
              55.8638565
            ],
            [
              29.923031,
              55.8643543
            ],
            [
              29.923405,
              55.8653772
            ],
            [
              29.9236107,
              55.8660201
            ],
            [
              29.9240606,
              55.8667577
            ],
            [
              29.9244414,
              55.8672305
            ],
            [
              29.9243588,
              55.8675654
            ],
            [
              29.9242959,
              55.8680495
            ],
            [
              29.9235226,
              55.8682999
            ],
            [
              29.9235333,
              55.8686582
            ],
            [
              29.92396,
              55.8690002
            ],
            [
              29.9241217,
              55.8694199
            ],
            [
              29.9243623,
              55.869474
            ],
            [
              29.9244493,
              55.8696789
            ]
          ]
        ]
      },
      "properties": {
        "id": 102,
        "name": "Озеро Черное",
        "type": "lake",
        "type_ru": "Озеро",
        "district": "Городокский",
        "region": "Витебская область",
        "location_description": "в 40 км на север от г. Городка, 4,5 км на запад от п.г.т. Езерище",
        "activities": "подводная охота",
        "coordinate_source": "osm_geometry"
      }
    },
    {
      "type": "Feature",
      "geometry": {
        "type": "Polygon",
        "coordinates": [
          [
            [
              30.5311044,
              55.7848383
            ],
            [
              30.5310075,
              55.78403
            ],
            [
              30.5296557,
              55.7828782
            ],
            [
              30.530388,
              55.7821118
            ],
            [
              30.5306798,
              55.7811175
            ],
            [
              30.5301797,
              55.7802295
            ],
            [
              30.5297311,
              55.7800118
            ],
            [
              30.5288386,
              55.7787483
            ],
            [
              30.5284973,
              55.7779663
            ],
            [
              30.5279539,
              55.7773682
            ],
            [
              30.527344,
              55.7766885
            ],
            [
              30.5268867,
              55.7765808
            ],
            [
              30.5264407,
              55.776665
            ],
            [
              30.5262416,
              55.7768866
            ],
            [
              30.5260786,
              55.7770633
            ],
            [
              30.5264945,
              55.7777618
            ],
            [
              30.5260189,
              55.7785456
            ],
            [
              30.5264025,
              55.7789677
            ],
            [
              30.5264695,
              55.7791429
            ],
            [
              30.5263382,
              55.7794746
            ],
            [
              30.5257829,
              55.7799152
            ],
            [
              30.5248799,
              55.7808468
            ],
            [
              30.5257474,
              55.781398
            ],
            [
              30.5258017,
              55.7816647
            ],
            [
              30.5256191,
              55.7818204
            ],
            [
              30.525069,
              55.7818487
            ],
            [
              30.5242841,
              55.7812858
            ],
            [
              30.5237973,
              55.7814425
            ],
            [
              30.5234313,
              55.7817017
            ],
            [
              30.5233821,
              55.7822252
            ],
            [
              30.5234827,
              55.7833235
            ],
            [
              30.5245389,
              55.7840591
            ],
            [
              30.5241407,
              55.7845988
            ],
            [
              30.5243707,
              55.7851189
            ],
            [
              30.5252106,
              55.785627
            ],
            [
              30.5264948,
              55.785951
            ],
            [
              30.5268446,
              55.7864145
            ],
            [
              30.5290444,
              55.7873479
            ],
            [
              30.5300253,
              55.7881729
            ],
            [
              30.5311047,
              55.7881098
            ],
            [
              30.5316883,
              55.7884052
            ],
            [
              30.5319801,
              55.7881208
            ],
            [
              30.5316422,
              55.7876574
            ],
            [
              30.5306573,
              55.7871583
            ],
            [
              30.5304821,
              55.7863948
            ],
            [
              30.5311044,
              55.7848383
            ]
          ]
        ]
      },
      "properties": {
        "id": 103,
        "name": "Озеро Чернясто",
        "type": "lake",
        "type_ru": "Озеро",
        "district": "Городокский",
        "region": "Витебская область",
        "location_description": "в 40 км на северо-восток от г. Городка, 2 км на северо-восток от аг. Межа",
        "activities": "подводная охота, лов рыбы на дорожку с судов с двигателями",
        "coordinate_source": "osm_geometry"
      }
    },
    {
      "type": "Feature",
      "geometry": {
        "type": "Polygon",
        "coordinates": [
          [
            [
              28.1276059,
              55.1519031
            ],
            [
              28.1275535,
              55.1520651
            ],
            [
              28.1276232,
              55.1521387
            ],
            [
              28.1280202,
              55.1521111
            ],
            [
              28.1284599,
              55.1520622
            ],
            [
              28.1289055,
              55.1519243
            ],
            [
              28.1293076,
              55.1516911
            ],
            [
              28.1299081,
              55.1511605
            ],
            [
              28.1302142,
              55.151026
            ],
            [
              28.1303805,
              55.1508543
            ],
            [
              28.1305093,
              55.1505723
            ],
            [
              28.1306112,
              55.150416
            ],
            [
              28.1307238,
              55.1502229
            ],
            [
              28.1307077,
              55.1500941
            ],
            [
              28.13052,
              55.1500267
            ],
            [
              28.1303483,
              55.1500481
            ],
            [
              28.1300009,
              55.1504072
            ],
            [
              28.1296853,
              55.1505558
            ],
            [
              28.1293511,
              55.150821
            ],
            [
              28.1292593,
              55.151026
            ],
            [
              28.1291789,
              55.1512375
            ],
            [
              28.1288684,
              55.1514045
            ],
            [
              28.1284922,
              55.1515011
            ],
            [
              28.1280738,
              55.1515808
            ],
            [
              28.1278753,
              55.1516881
            ],
            [
              28.1276802,
              55.1517758
            ],
            [
              28.1276059,
              55.1519031
            ]
          ]
        ]
      },
      "properties": {
        "id": 104,
        "name": "Озеро Вишневское (Вишневцы)",
        "type": "lake",
        "type_ru": "Озеро",
        "district": "Докшицкий",
        "region": "Витебская область",
        "location_description": "в 32 км на северо-восток от г. Докшицы",
        "activities": "подводная охота",
        "coordinate_source": "osm_geometry"
      }
    },
    {
      "type": "Feature",
      "geometry": {
        "type": "MultiPolygon",
        "coordinates": [
          [
            [
              [
                28.0732763,
                54.9882766
              ],
              [
                28.0730267,
                54.9883355
              ],
              [
                28.0726942,
                54.9893653
              ],
              [
                28.0712418,
                54.9900443
              ],
              [
                28.0703405,
                54.9906755
              ],
              [
                28.0699511,
                54.9914975
              ],
              [
                28.0688174,
                54.9927756
              ],
              [
                28.0686373,
                54.9935927
              ],
              [
                28.0690846,
                54.9948755
              ],
              [
                28.070755,
                54.9964812
              ],
              [
                28.0723858,
                54.9978474
              ],
              [
                28.0727506,
                54.9982536
              ],
              [
                28.0727184,
                54.998869
              ],
              [
                28.072419,
                54.9996382
              ],
              [
                28.0722892,
                55.0002782
              ],
              [
                28.071506,
                55.0012259
              ],
              [
                28.0705404,
                55.0018413
              ],
              [
                28.0700683,
                55.0020136
              ],
              [
                28.0695332,
                55.0024763
              ],
              [
                28.0691993,
                55.003115
              ],
              [
                28.0686092,
                55.0045364
              ],
              [
                28.0680084,
                55.0051763
              ],
              [
                28.0676758,
                55.0059208
              ],
              [
                28.0678046,
                55.0066776
              ],
              [
                28.0676865,
                55.0068684
              ],
              [
                28.0645215,
                55.0075452
              ],
              [
                28.063804,
                55.0078048
              ],
              [
                28.0610883,
                55.0087019
              ],
              [
                28.0590404,
                55.0090599
              ],
              [
                28.0581177,
                55.0095398
              ],
              [
                28.0558647,
                55.0113731
              ],
              [
                28.0555737,
                55.0121471
              ],
              [
                28.0551875,
                55.0124301
              ],
              [
                28.055048,
                55.0134636
              ],
              [
                28.0548119,
                55.0138265
              ],
              [
                28.0546832,
                55.0146016
              ],
              [
                28.0546939,
                55.0151491
              ],
              [
                28.0549085,
                55.0156905
              ],
              [
                28.0555093,
                55.016078
              ],
              [
                28.056786,
                55.0166009
              ],
              [
                28.0585241,
                55.0173205
              ],
              [
                28.0585563,
                55.0174866
              ],
              [
                28.0583417,
                55.0176896
              ],
              [
                28.0587494,
                55.0177634
              ],
              [
                28.060627,
                55.0178495
              ],
              [
                28.0619037,
                55.0178926
              ],
              [
                28.0634594,
                55.0183662
              ],
              [
                28.0648756,
                55.0186615
              ],
              [
                28.0654549,
                55.0187783
              ],
              [
                28.0660021,
                55.018723
              ],
              [
                28.0670857,
                55.0183847
              ],
              [
                28.0676544,
                55.0182432
              ],
              [
                28.0681693,
                55.0180033
              ],
              [
                28.0690277,
                55.0174497
              ],
              [
                28.0702829,
                55.017093
              ],
              [
                28.0713236,
                55.0167608
              ],
              [
                28.0720317,
                55.0163671
              ],
              [
                28.0720854,
                55.0159119
              ],
              [
                28.0721068,
                55.0152106
              ],
              [
                28.0731583,
                55.0142756
              ],
              [
                28.0748333,
                55.012542
              ],
              [
                28.0756795,
                55.0116242
              ],
              [
                28.0760564,
                55.0107825
              ],
              [
                28.0766357,
                55.0100689
              ],
              [
                28.0766237,
                55.0094217
              ],
              [
                28.0768932,
                55.0084816
              ],
              [
                28.0768382,
                55.0079266
              ],
              [
                28.0764855,
                55.0075833
              ],
              [
                28.0766572,
                55.006365
              ],
              [
                28.0771507,
                55.0051468
              ],
              [
                28.0783738,
                55.0040269
              ],
              [
                28.0788673,
                55.0027716
              ],
              [
                28.0796612,
                55.0014179
              ],
              [
                28.0800769,
                54.9999004
              ],
              [
                28.0797191,
                54.999397
              ],
              [
                28.0801745,
                54.9972607
              ],
              [
                28.0812049,
                54.9962904
              ],
              [
                28.081349,
                54.9959945
              ],
              [
                28.0810527,
                54.9957868
              ],
              [
                28.0809388,
                54.995451
              ],
              [
                28.0812641,
                54.9951805
              ],
              [
                28.081634,
                54.994998
              ],
              [
                28.0814946,
                54.993767
              ],
              [
                28.08089,
                54.9929695
              ],
              [
                28.0811405,
                54.9921606
              ],
              [
                28.0732763,
                54.9882766
              ]
            ]
          ],
          [
            [
              [
                28.0811405,
                54.9921606
              ],
              [
                28.0810852,
                54.9912996
              ],
              [
                28.0802558,
                54.9896389
              ],
              [
                28.0798209,
                54.9893723
              ],
              [
                28.0791664,
                54.9891445
              ],
              [
                28.0786192,
                54.9888306
              ],
              [
                28.0780077,
                54.9884305
              ],
              [
                28.0773318,
                54.9882704
              ],
              [
                28.0769777,
                54.9882458
              ],
              [
                28.0765164,
                54.9884243
              ],
              [
                28.0758834,
                54.9884982
              ],
              [
                28.0752396,
                54.9883812
              ],
              [
                28.0747139,
                54.9885105
              ],
              [
                28.0738985,
                54.9885721
              ],
              [
                28.0734694,
                54.9884736
              ],
              [
                28.0732763,
                54.9882766
              ],
              [
                28.0811405,
                54.9921606
              ]
            ]
          ]
        ]
      },
      "properties": {
        "id": 105,
        "name": "Озеро Межужол",
        "type": "lake",
        "type_ru": "Озеро",
        "district": "Докшицкий",
        "region": "Витебская область",
        "location_description": "в 22 км на северо-восток от г. Докшицы",
        "activities": "подводная охота, лов рыбы на дорожку с судов с двигателями",
        "coordinate_source": "osm_geometry"
      }
    },
    {
      "type": "Feature",
      "geometry": {
        "type": "Polygon",
        "coordinates": [
          [
            [
              27.3780615,
              54.9266326
            ],
            [
              27.3777813,
              54.9265446
            ],
            [
              27.3777402,
              54.9264158
            ],
            [
              27.3780615,
              54.9261518
            ],
            [
              27.3782221,
              54.9261303
            ],
            [
              27.3783603,
              54.9263493
            ],
            [
              27.3784201,
              54.9264072
            ],
            [
              27.3783118,
              54.9265919
            ],
            [
              27.3780615,
              54.9266326
            ]
          ]
        ]
      },
      "properties": {
        "id": 106,
        "name": "Озеро Станиславское",
        "type": "lake",
        "type_ru": "Озеро",
        "district": "Докшицкий",
        "region": "Витебская область",
        "location_description": "в 23 км на запад от г. Докшицы, 0,1 км от д. Станиславцы",
        "activities": "подводная охота, лов рыбы на дорожку с судов с двигателями",
        "coordinate_source": "osm_geometry"
      }
    },
    {
      "type": "Feature",
      "geometry": {
        "type": "Polygon",
        "coordinates": [
          [
            [
              27.3535041,
              54.9230484
            ],
            [
              27.3532324,
              54.9228634
            ],
            [
              27.3531217,
              54.9226841
            ],
            [
              27.3531821,
              54.9225511
            ],
            [
              27.3534337,
              54.9225164
            ],
            [
              27.3536148,
              54.9227015
            ],
            [
              27.3537959,
              54.9228923
            ],
            [
              27.3537054,
              54.9230137
            ],
            [
              27.3535041,
              54.9230484
            ]
          ]
        ]
      },
      "properties": {
        "id": 107,
        "name": "Озеро Черное",
        "type": "lake",
        "type_ru": "Озеро",
        "district": "Докшицкий",
        "region": "Витебская область",
        "location_description": "в 26 км на запад от г. Докшицы",
        "activities": "подводная охота, лов рыбы на дорожку с судов с двигателями",
        "coordinate_source": "osm_geometry"
      }
    },
    {
      "type": "Feature",
      "geometry": {
        "type": "Point",
        "coordinates": [
          27.76,
          54.898
        ]
      },
      "properties": {
        "id": 108,
        "name": "Река Поня",
        "type": "river",
        "type_ru": "Река",
        "district": "Докшицкий",
        "region": "Витебская область",
        "location_description": "в пределах Докшицкого района",
        "activities": "подводная охота",
        "coordinate_source": "calculated_from_decree_description"
      }
    },
    {
      "type": "Feature",
      "geometry": {
        "type": "Polygon",
        "coordinates": [
          [
            [
              30.693783759634535,
              54.5663963963964
            ],
            [
              30.706216240365464,
              54.5663963963964
            ],
            [
              30.706216240365464,
              54.5736036036036
            ],
            [
              30.693783759634535,
              54.5736036036036
            ],
            [
              30.693783759634535,
              54.5663963963964
            ]
          ]
        ]
      },
      "properties": {
        "id": 109,
        "name": "Озеро Березки",
        "type": "reservoir",
        "type_ru": "Водохранилище",
        "district": "Дубровенский",
        "region": "Витебская область",
        "location_description": "водохранилище в пределах г. Дубровно",
        "activities": "подводная охота",
        "coordinate_source": "calculated_from_decree_description"
      }
    },
    {
      "type": "Feature",
      "geometry": {
        "type": "Polygon",
        "coordinates": [
          [
            [
              30.9120887,
              54.4732484
            ],
            [
              30.9121719,
              54.4732344
            ],
            [
              30.9133548,
              54.4734822
            ],
            [
              30.9134138,
              54.4735087
            ],
            [
              30.9134084,
              54.4735477
            ],
            [
              30.9132984,
              54.4737144
            ],
            [
              30.9132528,
              54.4737378
            ],
            [
              30.9131911,
              54.4737394
            ],
            [
              30.912011,
              54.4734573
            ],
            [
              30.91196,
              54.4734292
            ],
            [
              30.9119439,
              54.4733918
            ],
            [
              30.9120324,
              54.4732812
            ],
            [
              30.9120887,
              54.4732484
            ]
          ]
        ]
      },
      "properties": {
        "id": 110,
        "name": "Пруд Быстриёвка",
        "type": "pond",
        "type_ru": "Пруд",
        "district": "Дубровенский",
        "region": "Витебская область",
        "location_description": "17 км на юго-восток от г. Дубровно, 0,4 км от д. Быстриевка на реке Россасенка",
        "activities": "подводная охота",
        "coordinate_source": "osm_geometry"
      }
    },
    {
      "type": "Feature",
      "geometry": {
        "type": "Point",
        "coordinates": [
          30.7,
          54.47991
        ]
      },
      "properties": {
        "id": 111,
        "name": "Река Днепр",
        "type": "river",
        "type_ru": "Река",
        "district": "Дубровенский",
        "region": "Витебская область",
        "location_description": "в пределах Дубровенского района, за исключением участка в г. Дубровно",
        "activities": "подводная охота, лов рыбы на дорожку с судов с двигателями",
        "coordinate_source": "calculated_from_decree_description"
      }
    },
    {
      "type": "Feature",
      "geometry": {
        "type": "Polygon",
        "coordinates": [
          [
            [
              28.6713982,
              54.8033719
            ],
            [
              28.6713284,
              54.8036131
            ],
            [
              28.6713821,
              54.8037924
            ],
            [
              28.6715108,
              54.8039655
            ],
            [
              28.6716825,
              54.8040521
            ],
            [
              28.6719346,
              54.8040707
            ],
            [
              28.672197,
              54.8040509
            ],
            [
              28.6726529,
              54.8038216
            ],
            [
              28.6727929,
              54.8036378
            ],
            [
              28.6728412,
              54.8033873
            ],
            [
              28.6728412,
              54.8032204
            ],
            [
              28.67275,
              54.803041
            ],
            [
              28.6725193,
              54.8028184
            ],
            [
              28.672412,
              54.8025834
            ],
            [
              28.6724764,
              54.8023886
            ],
            [
              28.6724067,
              54.8022928
            ],
            [
              28.6722189,
              54.8021598
            ],
            [
              28.6718702,
              54.8021413
            ],
            [
              28.6716342,
              54.8022155
            ],
            [
              28.6715484,
              54.8023237
            ],
            [
              28.6716074,
              54.8025834
            ],
            [
              28.6715054,
              54.8030905
            ],
            [
              28.6713982,
              54.8033719
            ]
          ]
        ]
      },
      "properties": {
        "id": 112,
        "name": "Озеро Волосно",
        "type": "lake",
        "type_ru": "Озеро",
        "district": "Лепельский",
        "region": "Витебская область",
        "location_description": "в 13 км на северо-восток от г. Лепеля, 4,6 км на запад от д. Матырино",
        "activities": "подводная охота, лов рыбы на дорожку с судов с двигателями",
        "coordinate_source": "osm_geometry"
      }
    },
    {
      "type": "Feature",
      "geometry": {
        "type": "Polygon",
        "coordinates": [
          [
            [
              28.6713982,
              54.8033719
            ],
            [
              28.6713284,
              54.8036131
            ],
            [
              28.6713821,
              54.8037924
            ],
            [
              28.6715108,
              54.8039655
            ],
            [
              28.6716825,
              54.8040521
            ],
            [
              28.6719346,
              54.8040707
            ],
            [
              28.672197,
              54.8040509
            ],
            [
              28.6726529,
              54.8038216
            ],
            [
              28.6727929,
              54.8036378
            ],
            [
              28.6728412,
              54.8033873
            ],
            [
              28.6728412,
              54.8032204
            ],
            [
              28.67275,
              54.803041
            ],
            [
              28.6725193,
              54.8028184
            ],
            [
              28.672412,
              54.8025834
            ],
            [
              28.6724764,
              54.8023886
            ],
            [
              28.6724067,
              54.8022928
            ],
            [
              28.6722189,
              54.8021598
            ],
            [
              28.6718702,
              54.8021413
            ],
            [
              28.6716342,
              54.8022155
            ],
            [
              28.6715484,
              54.8023237
            ],
            [
              28.6716074,
              54.8025834
            ],
            [
              28.6715054,
              54.8030905
            ],
            [
              28.6713982,
              54.8033719
            ]
          ]
        ]
      },
      "properties": {
        "id": 113,
        "name": "Озеро Воронь",
        "type": "lake",
        "type_ru": "Озеро",
        "district": "Лепельский",
        "region": "Витебская область",
        "location_description": "в 14 км на северо-запад от г. Лепеля, 0,1 км на восток от д. Воронь",
        "activities": "подводная охота",
        "coordinate_source": "osm_geometry"
      }
    },
    {
      "type": "Feature",
      "geometry": {
        "type": "Polygon",
        "coordinates": [
          [
            [
              28.875939143548404,
              54.9846763963964
            ],
            [
              28.888500856451596,
              54.9846763963964
            ],
            [
              28.888500856451596,
              54.991883603603604
            ],
            [
              28.875939143548404,
              54.991883603603604
            ],
            [
              28.875939143548404,
              54.9846763963964
            ]
          ]
        ]
      },
      "properties": {
        "id": 114,
        "name": "Озеро Девичье",
        "type": "lake",
        "type_ru": "Озеро",
        "district": "Лепельский",
        "region": "Витебская область",
        "location_description": "в 17 км на северо-восток от г. Лепеля, 0,7 км на юго-восток от д. Камень",
        "activities": "подводная охота, лов рыбы на дорожку с судов с двигателями",
        "coordinate_source": "calculated_from_decree_description"
      }
    },
    {
      "type": "Feature",
      "geometry": {
        "type": "Polygon",
        "coordinates": [
          [
            [
              28.6713982,
              54.8033719
            ],
            [
              28.6713284,
              54.8036131
            ],
            [
              28.6713821,
              54.8037924
            ],
            [
              28.6715108,
              54.8039655
            ],
            [
              28.6716825,
              54.8040521
            ],
            [
              28.6719346,
              54.8040707
            ],
            [
              28.672197,
              54.8040509
            ],
            [
              28.6726529,
              54.8038216
            ],
            [
              28.6727929,
              54.8036378
            ],
            [
              28.6728412,
              54.8033873
            ],
            [
              28.6728412,
              54.8032204
            ],
            [
              28.67275,
              54.803041
            ],
            [
              28.6725193,
              54.8028184
            ],
            [
              28.672412,
              54.8025834
            ],
            [
              28.6724764,
              54.8023886
            ],
            [
              28.6724067,
              54.8022928
            ],
            [
              28.6722189,
              54.8021598
            ],
            [
              28.6718702,
              54.8021413
            ],
            [
              28.6716342,
              54.8022155
            ],
            [
              28.6715484,
              54.8023237
            ],
            [
              28.6716074,
              54.8025834
            ],
            [
              28.6715054,
              54.8030905
            ],
            [
              28.6713982,
              54.8033719
            ]
          ]
        ]
      },
      "properties": {
        "id": 115,
        "name": "Озеро Жежлино",
        "type": "lake",
        "type_ru": "Озеро",
        "district": "Лепельский",
        "region": "Витебская область",
        "location_description": "в 7 км на северо-восток от г. Лепеля, 4,3 км на юго-восток от д. Старое Лядно",
        "activities": "подводная охота",
        "coordinate_source": "osm_geometry"
      }
    },
    {
      "type": "Feature",
      "geometry": {
        "type": "Polygon",
        "coordinates": [
          [
            [
              28.6713982,
              54.8033719
            ],
            [
              28.6713284,
              54.8036131
            ],
            [
              28.6713821,
              54.8037924
            ],
            [
              28.6715108,
              54.8039655
            ],
            [
              28.6716825,
              54.8040521
            ],
            [
              28.6719346,
              54.8040707
            ],
            [
              28.672197,
              54.8040509
            ],
            [
              28.6726529,
              54.8038216
            ],
            [
              28.6727929,
              54.8036378
            ],
            [
              28.6728412,
              54.8033873
            ],
            [
              28.6728412,
              54.8032204
            ],
            [
              28.67275,
              54.803041
            ],
            [
              28.6725193,
              54.8028184
            ],
            [
              28.672412,
              54.8025834
            ],
            [
              28.6724764,
              54.8023886
            ],
            [
              28.6724067,
              54.8022928
            ],
            [
              28.6722189,
              54.8021598
            ],
            [
              28.6718702,
              54.8021413
            ],
            [
              28.6716342,
              54.8022155
            ],
            [
              28.6715484,
              54.8023237
            ],
            [
              28.6716074,
              54.8025834
            ],
            [
              28.6715054,
              54.8030905
            ],
            [
              28.6713982,
              54.8033719
            ]
          ]
        ]
      },
      "properties": {
        "id": 116,
        "name": "Озеро Заднее",
        "type": "lake",
        "type_ru": "Озеро",
        "district": "Лепельский",
        "region": "Витебская область",
        "location_description": "в 6 км на юг от г. Лепеля, 0,5 км на юг от д. Козлы",
        "activities": "подводная охота, лов рыбы на дорожку с судов с двигателями",
        "coordinate_source": "osm_geometry"
      }
    },
    {
      "type": "Feature",
      "geometry": {
        "type": "Polygon",
        "coordinates": [
          [
            [
              28.909146151293026,
              55.0037863963964
            ],
            [
              28.921713848706975,
              55.0037863963964
            ],
            [
              28.921713848706975,
              55.0109936036036
            ],
            [
              28.909146151293026,
              55.0109936036036
            ],
            [
              28.909146151293026,
              55.0037863963964
            ]
          ]
        ]
      },
      "properties": {
        "id": 117,
        "name": "Озеро Заруженье",
        "type": "lake",
        "type_ru": "Озеро",
        "district": "Лепельский",
        "region": "Витебская область",
        "location_description": "в 20 км на северо-восток от г. Лепеля, 3 км на восток от д. Матырино",
        "activities": "подводная охота, лов рыбы на дорожку с судов с двигателями",
        "coordinate_source": "calculated_from_decree_description"
      }
    },
    {
      "type": "Feature",
      "geometry": {
        "type": "Polygon",
        "coordinates": [
          [
            [
              28.5157549,
              54.9434757
            ],
            [
              28.5153687,
              54.9432416
            ],
            [
              28.5146713,
              54.9430567
            ],
            [
              28.5141027,
              54.9430259
            ],
            [
              28.5139418,
              54.942915
            ],
            [
              28.5138184,
              54.9427362
            ],
            [
              28.5138559,
              54.9425575
            ],
            [
              28.5140544,
              54.9421785
            ],
            [
              28.5142744,
              54.9419074
            ],
            [
              28.5143173,
              54.9417533
            ],
            [
              28.5140115,
              54.9413712
            ],
            [
              28.5134751,
              54.9411093
            ],
            [
              28.5126919,
              54.9409244
            ],
            [
              28.5119569,
              54.9408689
            ],
            [
              28.5110182,
              54.9408196
            ],
            [
              28.5105348,
              54.9407787
            ],
            [
              28.5101438,
              54.9407457
            ],
            [
              28.5094625,
              54.9405176
            ],
            [
              28.5086578,
              54.940268
            ],
            [
              28.508175,
              54.9403019
            ],
            [
              28.5075581,
              54.9402896
            ],
            [
              28.5066676,
              54.940567
            ],
            [
              28.5056591,
              54.9410723
            ],
            [
              28.5047901,
              54.9412325
            ],
            [
              28.5031485,
              54.9414359
            ],
            [
              28.502816,
              54.9417564
            ],
            [
              28.503052,
              54.9422247
            ],
            [
              28.5037601,
              54.9426068
            ],
            [
              28.5051763,
              54.9430752
            ],
            [
              28.5059166,
              54.943334
            ],
            [
              28.5061097,
              54.9436298
            ],
            [
              28.5065496,
              54.9439626
            ],
            [
              28.5070753,
              54.9441967
            ],
            [
              28.5075796,
              54.9442645
            ],
            [
              28.5081589,
              54.9443077
            ],
            [
              28.5086632,
              54.9442769
            ],
            [
              28.5091567,
              54.9441783
            ],
            [
              28.5095537,
              54.9440982
            ],
            [
              28.5103583,
              54.9441659
            ],
            [
              28.5114097,
              54.9447205
            ],
            [
              28.5124719,
              54.9452998
            ],
            [
              28.5133195,
              54.9458297
            ],
            [
              28.5141671,
              54.946218
            ],
            [
              28.5148215,
              54.9466678
            ],
            [
              28.5153901,
              54.9467232
            ],
            [
              28.5159266,
              54.9465692
            ],
            [
              28.5163879,
              54.9462857
            ],
            [
              28.5168278,
              54.9460208
            ],
            [
              28.5170424,
              54.9456942
            ],
            [
              28.5171336,
              54.9454908
            ],
            [
              28.5171443,
              54.9452135
            ],
            [
              28.5163718,
              54.9442306
            ],
            [
              28.5160983,
              54.9439194
            ],
            [
              28.5157549,
              54.9434757
            ]
          ]
        ]
      },
      "properties": {
        "id": 118,
        "name": "Озеро Луконец",
        "type": "lake",
        "type_ru": "Озеро",
        "district": "Лепельский",
        "region": "Витебская область",
        "location_description": "в 13 км на северо-запад от г. Лепеля, 2 км на юг от д. Пышно",
        "activities": "подводная охота",
        "coordinate_source": "osm_geometry"
      }
    },
    {
      "type": "Feature",
      "geometry": {
        "type": "Polygon",
        "coordinates": [
          [
            [
              28.6713982,
              54.8033719
            ],
            [
              28.6713284,
              54.8036131
            ],
            [
              28.6713821,
              54.8037924
            ],
            [
              28.6715108,
              54.8039655
            ],
            [
              28.6716825,
              54.8040521
            ],
            [
              28.6719346,
              54.8040707
            ],
            [
              28.672197,
              54.8040509
            ],
            [
              28.6726529,
              54.8038216
            ],
            [
              28.6727929,
              54.8036378
            ],
            [
              28.6728412,
              54.8033873
            ],
            [
              28.6728412,
              54.8032204
            ],
            [
              28.67275,
              54.803041
            ],
            [
              28.6725193,
              54.8028184
            ],
            [
              28.672412,
              54.8025834
            ],
            [
              28.6724764,
              54.8023886
            ],
            [
              28.6724067,
              54.8022928
            ],
            [
              28.6722189,
              54.8021598
            ],
            [
              28.6718702,
              54.8021413
            ],
            [
              28.6716342,
              54.8022155
            ],
            [
              28.6715484,
              54.8023237
            ],
            [
              28.6716074,
              54.8025834
            ],
            [
              28.6715054,
              54.8030905
            ],
            [
              28.6713982,
              54.8033719
            ]
          ]
        ]
      },
      "properties": {
        "id": 119,
        "name": "Озеро Люкшино",
        "type": "lake",
        "type_ru": "Озеро",
        "district": "Лепельский",
        "region": "Витебская область",
        "location_description": "в 8 км на северо-восток от г. Лепеля, 3,3 км на юго-восток от д. Старое Лядно",
        "activities": "подводная охота",
        "coordinate_source": "osm_geometry"
      }
    },
    {
      "type": "Feature",
      "geometry": {
        "type": "Polygon",
        "coordinates": [
          [
            [
              28.6713982,
              54.8033719
            ],
            [
              28.6713284,
              54.8036131
            ],
            [
              28.6713821,
              54.8037924
            ],
            [
              28.6715108,
              54.8039655
            ],
            [
              28.6716825,
              54.8040521
            ],
            [
              28.6719346,
              54.8040707
            ],
            [
              28.672197,
              54.8040509
            ],
            [
              28.6726529,
              54.8038216
            ],
            [
              28.6727929,
              54.8036378
            ],
            [
              28.6728412,
              54.8033873
            ],
            [
              28.6728412,
              54.8032204
            ],
            [
              28.67275,
              54.803041
            ],
            [
              28.6725193,
              54.8028184
            ],
            [
              28.672412,
              54.8025834
            ],
            [
              28.6724764,
              54.8023886
            ],
            [
              28.6724067,
              54.8022928
            ],
            [
              28.6722189,
              54.8021598
            ],
            [
              28.6718702,
              54.8021413
            ],
            [
              28.6716342,
              54.8022155
            ],
            [
              28.6715484,
              54.8023237
            ],
            [
              28.6716074,
              54.8025834
            ],
            [
              28.6715054,
              54.8030905
            ],
            [
              28.6713982,
              54.8033719
            ]
          ]
        ]
      },
      "properties": {
        "id": 120,
        "name": "Озеро Лядно",
        "type": "lake",
        "type_ru": "Озеро",
        "district": "Лепельский",
        "region": "Витебская область",
        "location_description": "в 8 км на северо-восток от г. Лепеля, 0,3 км от д. Старое Лядно",
        "activities": "подводная охота, лов рыбы на дорожку с судов с двигателями",
        "coordinate_source": "osm_geometry"
      }
    },
    {
      "type": "Feature",
      "geometry": {
        "type": "Polygon",
        "coordinates": [
          [
            [
              28.953432157661858,
              55.0292563963964
            ],
            [
              28.966007842338144,
              55.0292563963964
            ],
            [
              28.966007842338144,
              55.0364636036036
            ],
            [
              28.953432157661858,
              55.0364636036036
            ],
            [
              28.953432157661858,
              55.0292563963964
            ]
          ]
        ]
      },
      "properties": {
        "id": 121,
        "name": "Озеро Макаровское",
        "type": "lake",
        "type_ru": "Озеро",
        "district": "Лепельский",
        "region": "Витебская область",
        "location_description": "в 24 км на северо-восток от г. Лепеля, 0,4 км от д. Макаровщина",
        "activities": "подводная охота, лов рыбы на дорожку с судов с двигателями",
        "coordinate_source": "calculated_from_decree_description"
      }
    },
    {
      "type": "Feature",
      "geometry": {
        "type": "Polygon",
        "coordinates": [
          [
            [
              28.875939143548404,
              54.9846763963964
            ],
            [
              28.888500856451596,
              54.9846763963964
            ],
            [
              28.888500856451596,
              54.991883603603604
            ],
            [
              28.875939143548404,
              54.991883603603604
            ],
            [
              28.875939143548404,
              54.9846763963964
            ]
          ]
        ]
      },
      "properties": {
        "id": 122,
        "name": "Озеро Матырино",
        "type": "lake",
        "type_ru": "Озеро",
        "district": "Лепельский",
        "region": "Витебская область",
        "location_description": "в 17 км на северо-восток от г. Лепеля, 0,3 км от д. Матырино",
        "activities": "подводная охота, лов рыбы на дорожку с судов с двигателями",
        "coordinate_source": "calculated_from_decree_description"
      }
    },
    {
      "type": "Feature",
      "geometry": {
        "type": "Polygon",
        "coordinates": [
          [
            [
              28.942363155485506,
              55.0228963963964
            ],
            [
              28.954936844514496,
              55.0228963963964
            ],
            [
              28.954936844514496,
              55.0301036036036
            ],
            [
              28.942363155485506,
              55.0301036036036
            ],
            [
              28.942363155485506,
              55.0228963963964
            ]
          ]
        ]
      },
      "properties": {
        "id": 123,
        "name": "Озеро Мелкое",
        "type": "lake",
        "type_ru": "Озеро",
        "district": "Лепельский",
        "region": "Витебская область",
        "location_description": "в 23 км на северо-восток от г. Лепеля, возле д. Губино",
        "activities": "подводная охота",
        "coordinate_source": "calculated_from_decree_description"
      }
    },
    {
      "type": "Feature",
      "geometry": {
        "type": "Polygon",
        "coordinates": [
          [
            [
              28.6713982,
              54.8033719
            ],
            [
              28.6713284,
              54.8036131
            ],
            [
              28.6713821,
              54.8037924
            ],
            [
              28.6715108,
              54.8039655
            ],
            [
              28.6716825,
              54.8040521
            ],
            [
              28.6719346,
              54.8040707
            ],
            [
              28.672197,
              54.8040509
            ],
            [
              28.6726529,
              54.8038216
            ],
            [
              28.6727929,
              54.8036378
            ],
            [
              28.6728412,
              54.8033873
            ],
            [
              28.6728412,
              54.8032204
            ],
            [
              28.67275,
              54.803041
            ],
            [
              28.6725193,
              54.8028184
            ],
            [
              28.672412,
              54.8025834
            ],
            [
              28.6724764,
              54.8023886
            ],
            [
              28.6724067,
              54.8022928
            ],
            [
              28.6722189,
              54.8021598
            ],
            [
              28.6718702,
              54.8021413
            ],
            [
              28.6716342,
              54.8022155
            ],
            [
              28.6715484,
              54.8023237
            ],
            [
              28.6716074,
              54.8025834
            ],
            [
              28.6715054,
              54.8030905
            ],
            [
              28.6713982,
              54.8033719
            ]
          ]
        ]
      },
      "properties": {
        "id": 124,
        "name": "Озеро Мухно",
        "type": "lake",
        "type_ru": "Озеро",
        "district": "Лепельский",
        "region": "Витебская область",
        "location_description": "в 12 км на северо-восток от г. Лепеля, 6,2 км на запад от д. Матырино",
        "activities": "подводная охота",
        "coordinate_source": "osm_geometry"
      }
    },
    {
      "type": "Feature",
      "geometry": {
        "type": "Polygon",
        "coordinates": [
          [
            [
              28.8777031,
              54.9809989
            ],
            [
              28.8775113,
              54.9809989
            ],
            [
              28.8772059,
              54.9808929
            ],
            [
              28.8764814,
              54.9803182
            ],
            [
              28.8761901,
              54.9800287
            ],
            [
              28.8761475,
              54.9798331
            ],
            [
              28.8761546,
              54.9795355
            ],
            [
              28.8763038,
              54.9792746
            ],
            [
              28.8763322,
              54.9791197
            ],
            [
              28.8765808,
              54.9790463
            ],
            [
              28.8767655,
              54.979083
            ],
            [
              28.8774616,
              54.9793562
            ],
            [
              28.8777813,
              54.9797638
            ],
            [
              28.8778239,
              54.9800817
            ],
            [
              28.8776877,
              54.9805068
            ],
            [
              28.877792,
              54.9807973
            ],
            [
              28.8777244,
              54.9809418
            ],
            [
              28.8777031,
              54.9809989
            ]
          ]
        ]
      },
      "properties": {
        "id": 125,
        "name": "Озеро Негрезо (Городище)",
        "type": "lake",
        "type_ru": "Озеро",
        "district": "Лепельский",
        "region": "Витебская область",
        "location_description": "в 16 км на северо-восток от г. Лепеля, 2 км на восток от д. Староселье",
        "activities": "подводная охота",
        "coordinate_source": "osm_geometry"
      }
    },
    {
      "type": "Feature",
      "geometry": {
        "type": "Polygon",
        "coordinates": [
          [
            [
              28.853791136414745,
              54.9719363963964
            ],
            [
              28.866348863585255,
              54.9719363963964
            ],
            [
              28.866348863585255,
              54.9791436036036
            ],
            [
              28.853791136414745,
              54.9791436036036
            ],
            [
              28.853791136414745,
              54.9719363963964
            ]
          ]
        ]
      },
      "properties": {
        "id": 126,
        "name": "Озеро Неколочь",
        "type": "lake",
        "type_ru": "Озеро",
        "district": "Лепельский",
        "region": "Витебская область",
        "location_description": "в 15 км на северо-восток от г. Лепеля, 3,8 км на северо-запад от д. Матырино",
        "activities": "подводная охота",
        "coordinate_source": "calculated_from_decree_description"
      }
    },
    {
      "type": "Feature",
      "geometry": {
        "type": "Polygon",
        "coordinates": [
          [
            [
              29.01985615299472,
              55.0674763963964
            ],
            [
              29.032443847005283,
              55.0674763963964
            ],
            [
              29.032443847005283,
              55.0746836036036
            ],
            [
              29.01985615299472,
              55.0746836036036
            ],
            [
              29.01985615299472,
              55.0674763963964
            ]
          ]
        ]
      },
      "properties": {
        "id": 127,
        "name": "Озеро Островки",
        "type": "lake",
        "type_ru": "Озеро",
        "district": "Лепельский",
        "region": "Витебская область",
        "location_description": "в 30 км на северо-восток от г. Лепеля, 0,1 км на юг от д. Суша",
        "activities": "подводная охота, лов рыбы на дорожку с судов с двигателями",
        "coordinate_source": "calculated_from_decree_description"
      }
    },
    {
      "type": "Feature",
      "geometry": {
        "type": "Polygon",
        "coordinates": [
          [
            [
              29.01985615299472,
              55.0674763963964
            ],
            [
              29.032443847005283,
              55.0674763963964
            ],
            [
              29.032443847005283,
              55.0746836036036
            ],
            [
              29.01985615299472,
              55.0746836036036
            ],
            [
              29.01985615299472,
              55.0674763963964
            ]
          ]
        ]
      },
      "properties": {
        "id": 128,
        "name": "Озеро Теменица",
        "type": "lake",
        "type_ru": "Озеро",
        "district": "Лепельский",
        "region": "Витебская область",
        "location_description": "в 30 км на северо-восток от г. Лепеля, 0,2 км от д. Суша",
        "activities": "подводная охота, лов рыбы на дорожку с судов с двигателями",
        "coordinate_source": "calculated_from_decree_description"
      }
    },
    {
      "type": "Feature",
      "geometry": {
        "type": "Polygon",
        "coordinates": [
          [
            [
              29.0700629,
              54.7849024
            ],
            [
              29.0703741,
              54.7852876
            ],
            [
              29.0706289,
              54.7854948
            ],
            [
              29.0709212,
              54.7856649
            ],
            [
              29.0714201,
              54.7858351
            ],
            [
              29.071683,
              54.7859
            ],
            [
              29.072029,
              54.7859619
            ],
            [
              29.0722758,
              54.7859619
            ],
            [
              29.0724957,
              54.7859573
            ],
            [
              29.0726164,
              54.7859093
            ],
            [
              29.0729195,
              54.78575
            ],
            [
              29.073016,
              54.7855938
            ],
            [
              29.0731046,
              54.7851979
            ],
            [
              29.0731367,
              54.7848591
            ],
            [
              29.0730026,
              54.7846658
            ],
            [
              29.07278,
              54.7844261
            ],
            [
              29.0726754,
              54.784259
            ],
            [
              29.0726539,
              54.7839945
            ],
            [
              29.0727988,
              54.7835552
            ],
            [
              29.0731394,
              54.7829365
            ],
            [
              29.0732279,
              54.782621
            ],
            [
              29.0732977,
              54.7824168
            ],
            [
              29.0732977,
              54.7822544
            ],
            [
              29.0731931,
              54.782027
            ],
            [
              29.0731555,
              54.7817734
            ],
            [
              29.0731689,
              54.781597
            ],
            [
              29.0730697,
              54.7814377
            ],
            [
              29.0728739,
              54.7812892
            ],
            [
              29.0726835,
              54.7811361
            ],
            [
              29.0724689,
              54.7808994
            ],
            [
              29.0721229,
              54.7806813
            ],
            [
              29.071801,
              54.7805885
            ],
            [
              29.0708193,
              54.7803472
            ],
            [
              29.0705886,
              54.7802265
            ],
            [
              29.0702373,
              54.779928
            ],
            [
              29.0700763,
              54.7796232
            ],
            [
              29.0700415,
              54.779218
            ],
            [
              29.0699503,
              54.7789859
            ],
            [
              29.0698618,
              54.7788096
            ],
            [
              29.0695962,
              54.778576
            ],
            [
              29.069277,
              54.7784739
            ],
            [
              29.0689203,
              54.7783641
            ],
            [
              29.0686467,
              54.7783115
            ],
            [
              29.0683302,
              54.7783285
            ],
            [
              29.0681478,
              54.7783965
            ],
            [
              29.0680245,
              54.7785945
            ],
            [
              29.0677053,
              54.7794067
            ],
            [
              29.0675631,
              54.7801554
            ],
            [
              29.0675712,
              54.7804183
            ],
            [
              29.0676811,
              54.7805746
            ],
            [
              29.0678662,
              54.7807153
            ],
            [
              29.067885,
              54.780853
            ],
            [
              29.0679976,
              54.7809891
            ],
            [
              29.068357,
              54.7813727
            ],
            [
              29.0686601,
              54.7816001
            ],
            [
              29.0690678,
              54.7817826
            ],
            [
              29.0695024,
              54.7819172
            ],
            [
              29.0699342,
              54.7820703
            ],
            [
              29.0702265,
              54.7822328
            ],
            [
              29.0703097,
              54.7823055
            ],
            [
              29.0703741,
              54.782505
            ],
            [
              29.0704009,
              54.782737
            ],
            [
              29.0701327,
              54.7830015
            ],
            [
              29.0698671,
              54.7832304
            ],
            [
              29.0697706,
              54.7835119
            ],
            [
              29.0697277,
              54.7841832
            ],
            [
              29.0697759,
              54.7844121
            ],
            [
              29.0700629,
              54.7849024
            ]
          ]
        ]
      },
      "properties": {
        "id": 129,
        "name": "Озеро Турицкое",
        "type": "lake",
        "type_ru": "Озеро",
        "district": "Лепельский",
        "region": "Витебская область",
        "location_description": "в 10 км на юго-запад от г. Чашники, Лепельский район",
        "activities": "подводная охота",
        "coordinate_source": "osm_geometry"
      }
    },
    {
      "type": "Feature",
      "geometry": {
        "type": "Point",
        "coordinates": [
          28.694,
          54.88
        ]
      },
      "properties": {
        "id": 130,
        "name": "Река Улла",
        "type": "river",
        "type_ru": "Река",
        "district": "Лепельский",
        "region": "Витебская область",
        "location_description": "в пределах Лепельского района",
        "activities": "подводная охота",
        "coordinate_source": "calculated_from_decree_description"
      }
    },
    {
      "type": "Feature",
      "geometry": {
        "type": "Polygon",
        "coordinates": [
          [
            [
              31.0403144,
              55.001389
            ],
            [
              31.0406524,
              55.0015859
            ],
            [
              31.0409474,
              55.0017182
            ],
            [
              31.041618,
              55.001829
            ],
            [
              31.0420954,
              55.0018751
            ],
            [
              31.0426372,
              55.0018813
            ],
            [
              31.0431415,
              55.0018843
            ],
            [
              31.0436833,
              55.0017551
            ],
            [
              31.0442948,
              55.001552
            ],
            [
              31.0447133,
              55.0012967
            ],
            [
              31.0450029,
              55.0010598
            ],
            [
              31.0451317,
              55.0008044
            ],
            [
              31.0451692,
              55.0004228
            ],
            [
              31.0449064,
              54.9992721
            ],
            [
              31.0447937,
              54.9990013
            ],
            [
              31.0446972,
              54.9987428
            ],
            [
              31.0446811,
              54.9985336
            ],
            [
              31.0446811,
              54.9983336
            ],
            [
              31.0450244,
              54.9978074
            ],
            [
              31.0452872,
              54.9974505
            ],
            [
              31.045416,
              54.9972505
            ],
            [
              31.0455072,
              54.9970566
            ],
            [
              31.0455447,
              54.9968135
            ],
            [
              31.0454267,
              54.996475
            ],
            [
              31.0453302,
              54.9963427
            ],
            [
              31.045137,
              54.9960935
            ],
            [
              31.0448313,
              54.9960104
            ],
            [
              31.0446221,
              54.9960965
            ],
            [
              31.044268,
              54.9960473
            ],
            [
              31.0440481,
              54.9959365
            ],
            [
              31.0437423,
              54.9961058
            ],
            [
              31.0434794,
              54.9961335
            ],
            [
              31.0432649,
              54.9959796
            ],
            [
              31.042766,
              54.9959888
            ],
            [
              31.0424441,
              54.9961088
            ],
            [
              31.0420632,
              54.9961427
            ],
            [
              31.0411835,
              54.9962319
            ],
            [
              31.0409313,
              54.9963304
            ],
            [
              31.0407919,
              54.9964843
            ],
            [
              31.040706,
              54.9967735
            ],
            [
              31.0403573,
              54.9970505
            ],
            [
              31.0402447,
              54.9974105
            ],
            [
              31.0399711,
              54.9981151
            ],
            [
              31.0398048,
              54.9983428
            ],
            [
              31.0396492,
              54.9985644
            ],
            [
              31.0395044,
              54.9987798
            ],
            [
              31.0396063,
              54.9988167
            ],
            [
              31.0398102,
              54.9988659
            ],
            [
              31.0398799,
              54.9989736
            ],
            [
              31.040132,
              54.9995059
            ],
            [
              31.0404646,
              54.9997829
            ],
            [
              31.0405451,
              55.0000567
            ],
            [
              31.0403252,
              55.0005644
            ],
            [
              31.0403091,
              55.0007613
            ],
            [
              31.040191,
              55.0009736
            ],
            [
              31.0399228,
              55.0010013
            ],
            [
              31.0396278,
              55.0009705
            ],
            [
              31.0394722,
              55.000949
            ],
            [
              31.0395205,
              55.0010351
            ],
            [
              31.0398692,
              55.0011182
            ],
            [
              31.0401696,
              55.001269
            ],
            [
              31.0403144,
              55.001389
            ]
          ]
        ]
      },
      "properties": {
        "id": 131,
        "name": "Озеро Буевское",
        "type": "lake",
        "type_ru": "Озеро",
        "district": "Лиозненский",
        "region": "Витебская область",
        "location_description": "в 2 км на юго-запад от г.п. Лиозно, 0,2 км от д. Зубки",
        "activities": "подводная охота, лов рыбы на дорожку с судов с двигателями",
        "coordinate_source": "osm_geometry"
      }
    },
    {
      "type": "Feature",
      "geometry": {
        "type": "Polygon",
        "coordinates": [
          [
            [
              31.054345,
              55.0364644
            ],
            [
              31.053586,
              55.0361632
            ],
            [
              31.0532324,
              55.0354587
            ],
            [
              31.0535972,
              55.0350307
            ],
            [
              31.053822,
              55.0342511
            ],
            [
              31.0537566,
              55.0335292
            ],
            [
              31.0540781,
              55.0328812
            ],
            [
              31.0547634,
              55.0321643
            ],
            [
              31.0551882,
              55.0321101
            ],
            [
              31.0561395,
              55.0321421
            ],
            [
              31.0564602,
              55.0318459
            ],
            [
              31.0551039,
              55.0313011
            ],
            [
              31.052956,
              55.0307131
            ],
            [
              31.0511928,
              55.0302905
            ],
            [
              31.0498784,
              55.0297944
            ],
            [
              31.048564,
              55.029041
            ],
            [
              31.0481152,
              55.0284714
            ],
            [
              31.0474932,
              55.0276628
            ],
            [
              31.0486281,
              55.0262847
            ],
            [
              31.0493975,
              55.0255497
            ],
            [
              31.0505837,
              55.0249433
            ],
            [
              31.0512569,
              55.0240612
            ],
            [
              31.0523469,
              55.023565
            ],
            [
              31.0536613,
              55.0234364
            ],
            [
              31.055136,
              55.0237304
            ],
            [
              31.0568351,
              55.0236018
            ],
            [
              31.0582777,
              55.0228115
            ],
            [
              31.059528,
              55.0221132
            ],
            [
              31.0604029,
              55.0214592
            ],
            [
              31.0603237,
              55.0204575
            ],
            [
              31.0607144,
              55.0194592
            ],
            [
              31.0614515,
              55.0194116
            ],
            [
              31.062285,
              55.0190807
            ],
            [
              31.0629844,
              55.0190551
            ],
            [
              31.0633952,
              55.0193748
            ],
            [
              31.06314,
              55.0201635
            ],
            [
              31.0622978,
              55.0208389
            ],
            [
              31.0628621,
              55.0215138
            ],
            [
              31.0638559,
              55.0217273
            ],
            [
              31.064465,
              55.0223153
            ],
            [
              31.0641444,
              55.0229034
            ],
            [
              31.0624774,
              55.0230321
            ],
            [
              31.061686,
              55.0232944
            ],
            [
              31.0618043,
              55.0238894
            ],
            [
              31.0621247,
              55.024245
            ],
            [
              31.062798,
              55.0244839
            ],
            [
              31.062798,
              55.0254027
            ],
            [
              31.0629262,
              55.026689
            ],
            [
              31.0625415,
              55.0273873
            ],
            [
              31.0615156,
              55.0279569
            ],
            [
              31.0604577,
              55.0286368
            ],
            [
              31.0606821,
              55.0296842
            ],
            [
              31.0619644,
              55.0303456
            ],
            [
              31.0625094,
              55.0311541
            ],
            [
              31.0619324,
              55.031889
            ],
            [
              31.0611656,
              55.0324341
            ],
            [
              31.0591754,
              55.0328444
            ],
            [
              31.0576365,
              55.033267
            ],
            [
              31.0572016,
              55.0334272
            ],
            [
              31.0570192,
              55.0337223
            ],
            [
              31.057384,
              55.0342019
            ],
            [
              31.0575089,
              55.0347147
            ],
            [
              31.057336,
              55.0351966
            ],
            [
              31.0566412,
              55.0360471
            ],
            [
              31.0558398,
              55.0362551
            ],
            [
              31.0551846,
              55.0365444
            ],
            [
              31.054345,
              55.0364644
            ]
          ]
        ]
      },
      "properties": {
        "id": 132,
        "name": "Озеро Гребенницкое",
        "type": "lake",
        "type_ru": "Озеро",
        "district": "Лиозненский",
        "region": "Витебская область",
        "location_description": "в 7 км на север от г.п. Лиозно, 0,4 км от д. Грибеники",
        "activities": "подводная охота, лов рыбы на дорожку с судов с двигателями",
        "coordinate_source": "osm_geometry"
      }
    },
    {
      "type": "Feature",
      "geometry": {
        "type": "Polygon",
        "coordinates": [
          [
            [
              31.0403144,
              55.001389
            ],
            [
              31.0406524,
              55.0015859
            ],
            [
              31.0409474,
              55.0017182
            ],
            [
              31.041618,
              55.001829
            ],
            [
              31.0420954,
              55.0018751
            ],
            [
              31.0426372,
              55.0018813
            ],
            [
              31.0431415,
              55.0018843
            ],
            [
              31.0436833,
              55.0017551
            ],
            [
              31.0442948,
              55.001552
            ],
            [
              31.0447133,
              55.0012967
            ],
            [
              31.0450029,
              55.0010598
            ],
            [
              31.0451317,
              55.0008044
            ],
            [
              31.0451692,
              55.0004228
            ],
            [
              31.0449064,
              54.9992721
            ],
            [
              31.0447937,
              54.9990013
            ],
            [
              31.0446972,
              54.9987428
            ],
            [
              31.0446811,
              54.9985336
            ],
            [
              31.0446811,
              54.9983336
            ],
            [
              31.0450244,
              54.9978074
            ],
            [
              31.0452872,
              54.9974505
            ],
            [
              31.045416,
              54.9972505
            ],
            [
              31.0455072,
              54.9970566
            ],
            [
              31.0455447,
              54.9968135
            ],
            [
              31.0454267,
              54.996475
            ],
            [
              31.0453302,
              54.9963427
            ],
            [
              31.045137,
              54.9960935
            ],
            [
              31.0448313,
              54.9960104
            ],
            [
              31.0446221,
              54.9960965
            ],
            [
              31.044268,
              54.9960473
            ],
            [
              31.0440481,
              54.9959365
            ],
            [
              31.0437423,
              54.9961058
            ],
            [
              31.0434794,
              54.9961335
            ],
            [
              31.0432649,
              54.9959796
            ],
            [
              31.042766,
              54.9959888
            ],
            [
              31.0424441,
              54.9961088
            ],
            [
              31.0420632,
              54.9961427
            ],
            [
              31.0411835,
              54.9962319
            ],
            [
              31.0409313,
              54.9963304
            ],
            [
              31.0407919,
              54.9964843
            ],
            [
              31.040706,
              54.9967735
            ],
            [
              31.0403573,
              54.9970505
            ],
            [
              31.0402447,
              54.9974105
            ],
            [
              31.0399711,
              54.9981151
            ],
            [
              31.0398048,
              54.9983428
            ],
            [
              31.0396492,
              54.9985644
            ],
            [
              31.0395044,
              54.9987798
            ],
            [
              31.0396063,
              54.9988167
            ],
            [
              31.0398102,
              54.9988659
            ],
            [
              31.0398799,
              54.9989736
            ],
            [
              31.040132,
              54.9995059
            ],
            [
              31.0404646,
              54.9997829
            ],
            [
              31.0405451,
              55.0000567
            ],
            [
              31.0403252,
              55.0005644
            ],
            [
              31.0403091,
              55.0007613
            ],
            [
              31.040191,
              55.0009736
            ],
            [
              31.0399228,
              55.0010013
            ],
            [
              31.0396278,
              55.0009705
            ],
            [
              31.0394722,
              55.000949
            ],
            [
              31.0395205,
              55.0010351
            ],
            [
              31.0398692,
              55.0011182
            ],
            [
              31.0401696,
              55.001269
            ],
            [
              31.0403144,
              55.001389
            ]
          ]
        ]
      },
      "properties": {
        "id": 133,
        "name": "Озеро Шелохово",
        "type": "lake",
        "type_ru": "Озеро",
        "district": "Лиозненский",
        "region": "Витебская область",
        "location_description": "в 12 км на юго-запад от г.п. Лиозно, 0,2 км от д. Зубаки",
        "activities": "подводная охота, лов рыбы на дорожку с судов с двигателями",
        "coordinate_source": "osm_geometry"
      }
    },
    {
      "type": "Feature",
      "geometry": {
        "type": "Polygon",
        "coordinates": [
          [
            [
              30.8981252,
              54.9326361
            ],
            [
              30.8981151,
              54.9326751
            ],
            [
              30.8979461,
              54.9328507
            ],
            [
              30.8979723,
              54.9329134
            ],
            [
              30.8980454,
              54.9329339
            ],
            [
              30.898278,
              54.9329504
            ],
            [
              30.898388,
              54.9329273
            ],
            [
              30.898445,
              54.9328738
            ],
            [
              30.8985302,
              54.9327039
            ],
            [
              30.8984899,
              54.9326546
            ],
            [
              30.8983404,
              54.9326473
            ],
            [
              30.8982137,
              54.9326207
            ],
            [
              30.8981252,
              54.9326361
            ]
          ]
        ]
      },
      "properties": {
        "id": 134,
        "name": "Водохранилище Добромысленское",
        "type": "reservoir",
        "type_ru": "Водохранилище",
        "district": "Лиозненский",
        "region": "Витебская область",
        "location_description": "в 10 км на юго-запад от г.п. Лиозно",
        "activities": "подводная охота",
        "coordinate_source": "osm_geometry"
      }
    },
    {
      "type": "Feature",
      "geometry": {
        "type": "Polygon",
        "coordinates": [
          [
            [
              27.477016599439715,
              55.6881963963964
            ],
            [
              27.489803400560284,
              55.6881963963964
            ],
            [
              27.489803400560284,
              55.6954036036036
            ],
            [
              27.477016599439715,
              55.6954036036036
            ],
            [
              27.477016599439715,
              55.6881963963964
            ]
          ]
        ]
      },
      "properties": {
        "id": 135,
        "name": "Озеро Заполосское",
        "type": "lake",
        "type_ru": "Озеро",
        "district": "Миорский",
        "region": "Витебская область",
        "location_description": "в 13 км на северо-запад от г. Миоры, 0,1 км от д. Заполосье",
        "activities": "подводная охота, лов рыбы на дорожку с судов с двигателями",
        "coordinate_source": "calculated_from_decree_description"
      }
    },
    {
      "type": "Feature",
      "geometry": {
        "type": "Polygon",
        "coordinates": [
          [
            [
              27.416270104333375,
              55.6053963963964
            ],
            [
              27.429029895666627,
              55.6053963963964
            ],
            [
              27.429029895666627,
              55.6126036036036
            ],
            [
              27.416270104333375,
              55.6126036036036
            ],
            [
              27.416270104333375,
              55.6053963963964
            ]
          ]
        ]
      },
      "properties": {
        "id": 136,
        "name": "Озеро Нобисто-Дедино",
        "type": "lake",
        "type_ru": "Озеро",
        "district": "Миорский",
        "region": "Витебская область",
        "location_description": "в 13 км на запад от г. Миоры, 0,4 км от д. Перебродье",
        "activities": "подводная охота, лов рыбы на дорожку с судов с двигателями",
        "coordinate_source": "calculated_from_decree_description"
      }
    },
    {
      "type": "Feature",
      "geometry": {
        "type": "Polygon",
        "coordinates": [
          [
            [
              27.713821802597025,
              55.6563463963964
            ],
            [
              27.72659819740298,
              55.6563463963964
            ],
            [
              27.72659819740298,
              55.6635536036036
            ],
            [
              27.713821802597025,
              55.6635536036036
            ],
            [
              27.713821802597025,
              55.6563463963964
            ]
          ]
        ]
      },
      "properties": {
        "id": 137,
        "name": "Озеро Орце",
        "type": "lake",
        "type_ru": "Озеро",
        "district": "Миорский",
        "region": "Витебская область",
        "location_description": "в 8 км на северо-восток от г. Миоры, между д. Орце и д. Папки",
        "activities": "подводная охота, лов рыбы на дорожку с судов с двигателями",
        "coordinate_source": "calculated_from_decree_description"
      }
    },
    {
      "type": "Feature",
      "geometry": {
        "type": "Polygon",
        "coordinates": [
          [
            [
              27.53341837948894,
              55.5544463963964
            ],
            [
              27.54616162051106,
              55.5544463963964
            ],
            [
              27.54616162051106,
              55.5616536036036
            ],
            [
              27.53341837948894,
              55.5616536036036
            ],
            [
              27.53341837948894,
              55.5544463963964
            ]
          ]
        ]
      },
      "properties": {
        "id": 138,
        "name": "Озеро Сумовка",
        "type": "lake",
        "type_ru": "Озеро",
        "district": "Миорский",
        "region": "Витебская область",
        "location_description": "в 8 км на юго-запад от г. Миоры, 0,3 км на юг от д. Яново",
        "activities": "подводная охота",
        "coordinate_source": "calculated_from_decree_description"
      }
    },
    {
      "type": "Feature",
      "geometry": {
        "type": "Polygon",
        "coordinates": [
          [
            [
              27.55196,
              55.6190853
            ],
            [
              27.5515022,
              55.6191112
            ],
            [
              27.5513077,
              55.6190401
            ],
            [
              27.5514336,
              55.6188333
            ],
            [
              27.5517311,
              55.6186717
            ],
            [
              27.5520744,
              55.6184649
            ],
            [
              27.552475,
              55.6185619
            ],
            [
              27.5526123,
              55.6187299
            ],
            [
              27.5523148,
              55.6189496
            ],
            [
              27.55196,
              55.6190853
            ]
          ]
        ]
      },
      "properties": {
        "id": 139,
        "name": "Озеро Щёлно (Щолно)",
        "type": "lake",
        "type_ru": "Озеро",
        "district": "Миорский",
        "region": "Витебская область",
        "location_description": "в 7 км на северо-запад от г. Миоры, 0,3 км от д. Русское Село",
        "activities": "подводная охота, лов рыбы на дорожку с судов с двигателями",
        "coordinate_source": "osm_geometry"
      }
    },
    {
      "type": "Feature",
      "geometry": {
        "type": "Point",
        "coordinates": [
          27.63,
          55.609
        ]
      },
      "properties": {
        "id": 140,
        "name": "Река Западная Двина",
        "type": "river",
        "type_ru": "Река",
        "district": "Миорский",
        "region": "Витебская область",
        "location_description": "в пределах Миорского района",
        "activities": "подводная охота, лов рыбы на дорожку с судов с двигателями",
        "coordinate_source": "calculated_from_decree_description"
      }
    },
    {
      "type": "Feature",
      "geometry": {
        "type": "Polygon",
        "coordinates": [
          [
            [
              30.4215101,
              54.7486055
            ],
            [
              30.4215262,
              54.7484461
            ],
            [
              30.4215798,
              54.748429
            ],
            [
              30.4216496,
              54.7484429
            ],
            [
              30.4217032,
              54.7484724
            ],
            [
              30.4216871,
              54.7485869
            ],
            [
              30.4216093,
              54.7486581
            ],
            [
              30.4215074,
              54.7486396
            ],
            [
              30.4215101,
              54.7486055
            ]
          ]
        ]
      },
      "properties": {
        "id": 141,
        "name": "Водохранилище Смольянское",
        "type": "reservoir",
        "type_ru": "Водохранилище",
        "district": "Оршанский",
        "region": "Витебская область",
        "location_description": "в 28 км на север от г. Орши, у д. Парковая",
        "activities": "подводная охота, лов рыбы на дорожку с судов с двигателями",
        "coordinate_source": "osm_geometry"
      }
    },
    {
      "type": "Feature",
      "geometry": {
        "type": "Polygon",
        "coordinates": [
          [
            [
              30.415765518291053,
              54.6855763963964
            ],
            [
              30.428234481708948,
              54.6855763963964
            ],
            [
              30.428234481708948,
              54.6927836036036
            ],
            [
              30.415765518291053,
              54.6927836036036
            ],
            [
              30.415765518291053,
              54.6855763963964
            ]
          ]
        ]
      },
      "properties": {
        "id": 142,
        "name": "Озеро Большое Ореховское",
        "type": "lake",
        "type_ru": "Озеро",
        "district": "Оршанский",
        "region": "Витебская область",
        "location_description": "в 20 км на север от г. Орши (кроме мест пользования для рекреации)",
        "activities": "лов рыбы на дорожку с судов с двигателями",
        "coordinate_source": "calculated_from_decree_description"
      }
    },
    {
      "type": "Feature",
      "geometry": {
        "type": "Polygon",
        "coordinates": [
          [
            [
              30.415751640184155,
              54.775666396396396
            ],
            [
              30.428248359815846,
              54.775666396396396
            ],
            [
              30.428248359815846,
              54.7828736036036
            ],
            [
              30.415751640184155,
              54.7828736036036
            ],
            [
              30.415751640184155,
              54.775666396396396
            ]
          ]
        ]
      },
      "properties": {
        "id": 143,
        "name": "Озеро Девинское",
        "type": "lake",
        "type_ru": "Озеро",
        "district": "Оршанский",
        "region": "Витебская область",
        "location_description": "в 30 км на север от г. Орши",
        "activities": "лов рыбы на дорожку с судов с двигателями",
        "coordinate_source": "calculated_from_decree_description"
      }
    },
    {
      "type": "Feature",
      "geometry": {
        "type": "Polygon",
        "coordinates": [
          [
            [
              30.4157599756879,
              54.7216163963964
            ],
            [
              30.4282400243121,
              54.7216163963964
            ],
            [
              30.4282400243121,
              54.7288236036036
            ],
            [
              30.4157599756879,
              54.7288236036036
            ],
            [
              30.4157599756879,
              54.7216163963964
            ]
          ]
        ]
      },
      "properties": {
        "id": 144,
        "name": "Озеро Кузьмино",
        "type": "lake",
        "type_ru": "Озеро",
        "district": "Оршанский",
        "region": "Витебская область",
        "location_description": "в 24 км на север от г. Орши, 2 км на юго-запад от д. Клюковка",
        "activities": "лов рыбы на дорожку с судов с двигателями",
        "coordinate_source": "calculated_from_decree_description"
      }
    },
    {
      "type": "Feature",
      "geometry": {
        "type": "Polygon",
        "coordinates": [
          [
            [
              30.415754422290668,
              54.757646396396396
            ],
            [
              30.428245577709333,
              54.757646396396396
            ],
            [
              30.428245577709333,
              54.7648536036036
            ],
            [
              30.415754422290668,
              54.7648536036036
            ],
            [
              30.415754422290668,
              54.757646396396396
            ]
          ]
        ]
      },
      "properties": {
        "id": 145,
        "name": "Озеро Куровское",
        "type": "lake",
        "type_ru": "Озеро",
        "district": "Оршанский",
        "region": "Витебская область",
        "location_description": "в 28 км на север от г. Орши",
        "activities": "лов рыбы на дорожку с судов с двигателями",
        "coordinate_source": "calculated_from_decree_description"
      }
    },
    {
      "type": "Feature",
      "geometry": {
        "type": "Point",
        "coordinates": [
          30.422,
          54.37386
        ]
      },
      "properties": {
        "id": 146,
        "name": "Река Днепр",
        "type": "river",
        "type_ru": "Река",
        "district": "Оршанский",
        "region": "Витебская область",
        "location_description": "в пределах Оршанского района от д. Гатьковщина до д. Копысь",
        "activities": "подводная охота, лов рыбы на дорожку с судов с двигателями",
        "coordinate_source": "calculated_from_decree_description"
      }
    },
    {
      "type": "Feature",
      "geometry": {
        "type": "Polygon",
        "coordinates": [
          [
            [
              29.220039130163013,
              55.733806396396396
            ],
            [
              29.232840869836988,
              55.733806396396396
            ],
            [
              29.232840869836988,
              55.7410136036036
            ],
            [
              29.220039130163013,
              55.7410136036036
            ],
            [
              29.220039130163013,
              55.733806396396396
            ]
          ]
        ]
      },
      "properties": {
        "id": 147,
        "name": "Озеро Белое",
        "type": "lake",
        "type_ru": "Озеро",
        "district": "Полоцкий",
        "region": "Витебская область",
        "location_description": "в 39 км на северо-восток от г. Полоцка, 8 км на северо-восток от д. Дретунь",
        "activities": "подводная охота, лов рыбы на дорожку с судов с двигателями",
        "coordinate_source": "calculated_from_decree_description"
      }
    },
    {
      "type": "Feature",
      "geometry": {
        "type": "Polygon",
        "coordinates": [
          [
            [
              28.624235114823513,
              55.5745663963964
            ],
            [
              28.63698488517649,
              55.5745663963964
            ],
            [
              28.63698488517649,
              55.5817736036036
            ],
            [
              28.624235114823513,
              55.5817736036036
            ],
            [
              28.624235114823513,
              55.5745663963964
            ]
          ]
        ]
      },
      "properties": {
        "id": 148,
        "name": "Озеро Белое",
        "type": "lake",
        "type_ru": "Озеро",
        "district": "Полоцкий",
        "region": "Витебская область",
        "location_description": "в 14 км на северо-запад от г. Полоцка, около д. Азино",
        "activities": "подводная охота",
        "coordinate_source": "calculated_from_decree_description"
      }
    },
    {
      "type": "Feature",
      "geometry": {
        "type": "Polygon",
        "coordinates": [
          [
            [
              28.781627889728018,
              55.5574663963964
            ],
            [
              28.794372110271983,
              55.5574663963964
            ],
            [
              28.794372110271983,
              55.5646736036036
            ],
            [
              28.781627889728018,
              55.5646736036036
            ],
            [
              28.781627889728018,
              55.5574663963964
            ]
          ]
        ]
      },
      "properties": {
        "id": 149,
        "name": "Озеро Белое Булавское",
        "type": "lake",
        "type_ru": "Озеро",
        "district": "Полоцкий",
        "region": "Витебская область",
        "location_description": "в 8 км на север от г. Полоцка",
        "activities": "лов рыбы на дорожку с судов с двигателями",
        "coordinate_source": "calculated_from_decree_description"
      }
    },
    {
      "type": "Feature",
      "geometry": {
        "type": "Polygon",
        "coordinates": [
          [
            [
              29.4851951,
              55.7207533
            ],
            [
              29.4872938,
              55.7214654
            ],
            [
              29.489461,
              55.7218552
            ],
            [
              29.4899331,
              55.7220697
            ],
            [
              29.491562,
              55.7222197
            ],
            [
              29.4942675,
              55.724257
            ],
            [
              29.4955442,
              55.7255259
            ],
            [
              29.4964562,
              55.7260515
            ],
            [
              29.4972823,
              55.7264624
            ],
            [
              29.4976039,
              55.7264473
            ],
            [
              29.498961,
              55.7261324
            ],
            [
              29.5005439,
              55.7257011
            ],
            [
              29.5012574,
              55.7256821
            ],
            [
              29.5018796,
              55.7258642
            ],
            [
              29.5023571,
              55.7261965
            ],
            [
              29.5028745,
              55.7263979
            ],
            [
              29.5031027,
              55.726405
            ],
            [
              29.502974,
              55.7260274
            ],
            [
              29.5032924,
              55.7255112
            ],
            [
              29.5037924,
              55.7253507
            ],
            [
              29.5045565,
              55.7254292
            ],
            [
              29.5057532,
              55.7257916
            ],
            [
              29.5081238,
              55.7268853
            ],
            [
              29.5103501,
              55.7282594
            ],
            [
              29.5133933,
              55.7289754
            ],
            [
              29.5140086,
              55.7293956
            ],
            [
              29.5140804,
              55.7298682
            ],
            [
              29.5143787,
              55.7299907
            ],
            [
              29.5142206,
              55.7302601
            ],
            [
              29.5133595,
              55.7301085
            ],
            [
              29.5123295,
              55.7302897
            ],
            [
              29.5109615,
              55.730383
            ],
            [
              29.5089607,
              55.730619
            ],
            [
              29.5069061,
              55.7305435
            ],
            [
              29.5049536,
              55.7304934
            ],
            [
              29.5031403,
              55.7304921
            ],
            [
              29.5025931,
              55.7306975
            ],
            [
              29.4998465,
              55.7304619
            ],
            [
              29.4981784,
              55.7305909
            ],
            [
              29.4952546,
              55.730033
            ],
            [
              29.4940744,
              55.7296222
            ],
            [
              29.492004,
              55.7295509
            ],
            [
              29.4908282,
              55.7292064
            ],
            [
              29.4908075,
              55.7290271
            ],
            [
              29.4910229,
              55.7285871
            ],
            [
              29.491596,
              55.7282356
            ],
            [
              29.4916873,
              55.728151
            ],
            [
              29.4915263,
              55.7281239
            ],
            [
              29.4907227,
              55.7283208
            ],
            [
              29.4895081,
              55.7286158
            ],
            [
              29.4892437,
              55.7287099
            ],
            [
              29.4886271,
              55.7286647
            ],
            [
              29.4885206,
              55.7282081
            ],
            [
              29.4884498,
              55.7279698
            ],
            [
              29.4884228,
              55.7278221
            ],
            [
              29.4873072,
              55.7274109
            ],
            [
              29.4868083,
              55.7269941
            ],
            [
              29.4858749,
              55.7267222
            ],
            [
              29.4849254,
              55.7263023
            ],
            [
              29.4844616,
              55.7259652
            ],
            [
              29.482785,
              55.725683
            ],
            [
              29.4810415,
              55.725541
            ],
            [
              29.4808413,
              55.7256148
            ],
            [
              29.4798012,
              55.725779
            ],
            [
              29.4794215,
              55.7257827
            ],
            [
              29.4788368,
              55.7256679
            ],
            [
              29.4781746,
              55.7254651
            ],
            [
              29.477949,
              55.7251936
            ],
            [
              29.4780733,
              55.7245997
            ],
            [
              29.4762797,
              55.7233729
            ],
            [
              29.4746257,
              55.7226492
            ],
            [
              29.4740812,
              55.72268
            ],
            [
              29.4738398,
              55.7229096
            ],
            [
              29.4735179,
              55.7227585
            ],
            [
              29.4733034,
              55.7224111
            ],
            [
              29.4727859,
              55.7222773
            ],
            [
              29.4727669,
              55.7220908
            ],
            [
              29.4731156,
              55.7218824
            ],
            [
              29.4735655,
              55.7205465
            ],
            [
              29.4741831,
              55.7199608
            ],
            [
              29.474778,
              55.7195688
            ],
            [
              29.4759534,
              55.7195196
            ],
            [
              29.4774071,
              55.7192568
            ],
            [
              29.4785265,
              55.7192254
            ],
            [
              29.4807384,
              55.7196526
            ],
            [
              29.4831741,
              55.7205066
            ],
            [
              29.4851951,
              55.7207533
            ]
          ]
        ]
      },
      "properties": {
        "id": 150,
        "name": "Озеро Большое Белое",
        "type": "lake",
        "type_ru": "Озеро",
        "district": "Полоцкий",
        "region": "Витебская область",
        "location_description": "в 50 км на северо-восток от г. Полоцка, на юг от д. Белая",
        "activities": "подводная охота, лов рыбы на дорожку с судов с двигателями",
        "coordinate_source": "osm_geometry"
      }
    },
    {
      "type": "Feature",
      "geometry": {
        "type": "Polygon",
        "coordinates": [
          [
            [
              28.466888185764265,
              55.3070563963964
            ],
            [
              28.479551814235737,
              55.3070563963964
            ],
            [
              28.479551814235737,
              55.3142636036036
            ],
            [
              28.466888185764265,
              55.3142636036036
            ],
            [
              28.466888185764265,
              55.3070563963964
            ]
          ]
        ]
      },
      "properties": {
        "id": 151,
        "name": "Озеро Большой Беленок",
        "type": "lake",
        "type_ru": "Озеро",
        "district": "Полоцкий",
        "region": "Витебская область",
        "location_description": "в 28 км на юго-запад от г. Полоцка, 2,2 км на восток от д. Муравьи",
        "activities": "подводная охота",
        "coordinate_source": "calculated_from_decree_description"
      }
    },
    {
      "type": "Feature",
      "geometry": {
        "type": "Polygon",
        "coordinates": [
          [
            [
              28.421922250704828,
              55.281576396396396
            ],
            [
              28.43457774929517,
              55.281576396396396
            ],
            [
              28.43457774929517,
              55.2887836036036
            ],
            [
              28.421922250704828,
              55.2887836036036
            ],
            [
              28.421922250704828,
              55.281576396396396
            ]
          ]
        ]
      },
      "properties": {
        "id": 152,
        "name": "Озеро Березинец",
        "type": "lake",
        "type_ru": "Озеро",
        "district": "Полоцкий",
        "region": "Витебская область",
        "location_description": "в 32 км на юго-запад от г. Полоцка, около д. Березинец",
        "activities": "подводная охота",
        "coordinate_source": "calculated_from_decree_description"
      }
    },
    {
      "type": "Feature",
      "geometry": {
        "type": "Polygon",
        "coordinates": [
          [
            [
              28.78164971343456,
              55.422336396396396
            ],
            [
              28.79435028656544,
              55.422336396396396
            ],
            [
              28.79435028656544,
              55.4295436036036
            ],
            [
              28.78164971343456,
              55.4295436036036
            ],
            [
              28.78164971343456,
              55.422336396396396
            ]
          ]
        ]
      },
      "properties": {
        "id": 153,
        "name": "Озеро Бецкое",
        "type": "lake",
        "type_ru": "Озеро",
        "district": "Полоцкий",
        "region": "Витебская область",
        "location_description": "в 7 км на юг от г. Полоцка, 0,2 км от д. Бецкое",
        "activities": "подводная охота, лов рыбы на дорожку с судов с двигателями",
        "coordinate_source": "calculated_from_decree_description"
      }
    },
    {
      "type": "Feature",
      "geometry": {
        "type": "Polygon",
        "coordinates": [
          [
            [
              29.3837682,
              55.7985889
            ],
            [
              29.3837901,
              55.7989466
            ],
            [
              29.3841488,
              55.7994921
            ],
            [
              29.3845357,
              55.7998753
            ],
            [
              29.3846292,
              55.8001371
            ],
            [
              29.3848707,
              55.8003948
            ],
            [
              29.38545,
              55.8015088
            ],
            [
              29.3856273,
              55.8019189
            ],
            [
              29.3857427,
              55.8020825
            ],
            [
              29.3856784,
              55.8021669
            ],
            [
              29.3853662,
              55.8023067
            ],
            [
              29.3851848,
              55.8024985
            ],
            [
              29.3852331,
              55.8027156
            ],
            [
              29.3853541,
              55.803013
            ],
            [
              29.3856945,
              55.8032855
            ],
            [
              29.3861471,
              55.8034486
            ],
            [
              29.3873467,
              55.8036171
            ],
            [
              29.3879517,
              55.8035533
            ],
            [
              29.3889205,
              55.8035832
            ],
            [
              29.3895515,
              55.8034724
            ],
            [
              29.3897482,
              55.8034064
            ],
            [
              29.3900449,
              55.8032357
            ],
            [
              29.3901738,
              55.8028121
            ],
            [
              29.3900982,
              55.8024863
            ],
            [
              29.3896773,
              55.801428
            ],
            [
              29.3894335,
              55.8010965
            ],
            [
              29.3889228,
              55.8007373
            ],
            [
              29.3886954,
              55.8004344
            ],
            [
              29.3879324,
              55.8001046
            ],
            [
              29.3877865,
              55.7998625
            ],
            [
              29.3880326,
              55.799453
            ],
            [
              29.3877787,
              55.7992188
            ],
            [
              29.3873306,
              55.7989346
            ],
            [
              29.3871154,
              55.7989132
            ],
            [
              29.3867971,
              55.798763
            ],
            [
              29.3866798,
              55.7985185
            ],
            [
              29.3861275,
              55.7983543
            ],
            [
              29.3858286,
              55.7980511
            ],
            [
              29.3854521,
              55.7979109
            ],
            [
              29.3850399,
              55.7978747
            ],
            [
              29.3845536,
              55.7979777
            ],
            [
              29.384228,
              55.7981439
            ],
            [
              29.3839233,
              55.7982945
            ],
            [
              29.3837682,
              55.7985889
            ]
          ]
        ]
      },
      "properties": {
        "id": 154,
        "name": "Озеро Болныро",
        "type": "lake",
        "type_ru": "Озеро",
        "district": "Полоцкий",
        "region": "Витебская область",
        "location_description": "в 38 км на северо-восток от г. Полоцка, 3 км на юго-восток от д. Труды",
        "activities": "подводная охота, лов рыбы на дорожку с судов с двигателями",
        "coordinate_source": "osm_geometry"
      }
    },
    {
      "type": "Feature",
      "geometry": {
        "type": "Polygon",
        "coordinates": [
          [
            [
              28.57929799663573,
              55.3707463963964
            ],
            [
              28.591982003364272,
              55.3707463963964
            ],
            [
              28.591982003364272,
              55.3779536036036
            ],
            [
              28.57929799663573,
              55.3779536036036
            ],
            [
              28.57929799663573,
              55.3707463963964
            ]
          ]
        ]
      },
      "properties": {
        "id": 155,
        "name": "Озеро Бороды",
        "type": "lake",
        "type_ru": "Озеро",
        "district": "Полоцкий",
        "region": "Витебская область",
        "location_description": "в 18 км на юго-запад от г. Полоцка, около д. Вороничи",
        "activities": "подводная охота",
        "coordinate_source": "calculated_from_decree_description"
      }
    },
    {
      "type": "Feature",
      "geometry": {
        "type": "Polygon",
        "coordinates": [
          [
            [
              29.118868515285918,
              55.676476396396396
            ],
            [
              29.131651484714084,
              55.676476396396396
            ],
            [
              29.131651484714084,
              55.6836836036036
            ],
            [
              29.118868515285918,
              55.6836836036036
            ],
            [
              29.118868515285918,
              55.676476396396396
            ]
          ]
        ]
      },
      "properties": {
        "id": 156,
        "name": "Озеро Бочевец",
        "type": "lake",
        "type_ru": "Озеро",
        "district": "Полоцкий",
        "region": "Витебская область",
        "location_description": "в 30 км на северо-восток от г. Полоцка, 7 км на восток от д. Кульки",
        "activities": "подводная охота, лов рыбы на дорожку с судов с двигателями",
        "coordinate_source": "calculated_from_decree_description"
      }
    },
    {
      "type": "Feature",
      "geometry": {
        "type": "Polygon",
        "coordinates": [
          [
            [
              28.39944428074958,
              55.2688363963964
            ],
            [
              28.41209571925042,
              55.2688363963964
            ],
            [
              28.41209571925042,
              55.276043603603604
            ],
            [
              28.39944428074958,
              55.276043603603604
            ],
            [
              28.39944428074958,
              55.2688363963964
            ]
          ]
        ]
      },
      "properties": {
        "id": 157,
        "name": "Озеро Братовно",
        "type": "lake",
        "type_ru": "Озеро",
        "district": "Полоцкий",
        "region": "Витебская область",
        "location_description": "в 34 км на юго-запад от г. Полоцка, 1 км на северо-запад от д. Лабецкие",
        "activities": "подводная охота, лов рыбы на дорожку с судов с двигателями",
        "coordinate_source": "calculated_from_decree_description"
      }
    },
    {
      "type": "Feature",
      "geometry": {
        "type": "Polygon",
        "coordinates": [
          [
            [
              29.3837682,
              55.7985889
            ],
            [
              29.3837901,
              55.7989466
            ],
            [
              29.3841488,
              55.7994921
            ],
            [
              29.3845357,
              55.7998753
            ],
            [
              29.3846292,
              55.8001371
            ],
            [
              29.3848707,
              55.8003948
            ],
            [
              29.38545,
              55.8015088
            ],
            [
              29.3856273,
              55.8019189
            ],
            [
              29.3857427,
              55.8020825
            ],
            [
              29.3856784,
              55.8021669
            ],
            [
              29.3853662,
              55.8023067
            ],
            [
              29.3851848,
              55.8024985
            ],
            [
              29.3852331,
              55.8027156
            ],
            [
              29.3853541,
              55.803013
            ],
            [
              29.3856945,
              55.8032855
            ],
            [
              29.3861471,
              55.8034486
            ],
            [
              29.3873467,
              55.8036171
            ],
            [
              29.3879517,
              55.8035533
            ],
            [
              29.3889205,
              55.8035832
            ],
            [
              29.3895515,
              55.8034724
            ],
            [
              29.3897482,
              55.8034064
            ],
            [
              29.3900449,
              55.8032357
            ],
            [
              29.3901738,
              55.8028121
            ],
            [
              29.3900982,
              55.8024863
            ],
            [
              29.3896773,
              55.801428
            ],
            [
              29.3894335,
              55.8010965
            ],
            [
              29.3889228,
              55.8007373
            ],
            [
              29.3886954,
              55.8004344
            ],
            [
              29.3879324,
              55.8001046
            ],
            [
              29.3877865,
              55.7998625
            ],
            [
              29.3880326,
              55.799453
            ],
            [
              29.3877787,
              55.7992188
            ],
            [
              29.3873306,
              55.7989346
            ],
            [
              29.3871154,
              55.7989132
            ],
            [
              29.3867971,
              55.798763
            ],
            [
              29.3866798,
              55.7985185
            ],
            [
              29.3861275,
              55.7983543
            ],
            [
              29.3858286,
              55.7980511
            ],
            [
              29.3854521,
              55.7979109
            ],
            [
              29.3850399,
              55.7978747
            ],
            [
              29.3845536,
              55.7979777
            ],
            [
              29.384228,
              55.7981439
            ],
            [
              29.3839233,
              55.7982945
            ],
            [
              29.3837682,
              55.7985889
            ]
          ]
        ]
      },
      "properties": {
        "id": 158,
        "name": "Озеро Ведето",
        "type": "lake",
        "type_ru": "Озеро",
        "district": "Полоцкий",
        "region": "Витебская область",
        "location_description": "в 45 км на северо-восток от г. Полоцка, 8 км на северо-восток от ж/д ст. Дретунь",
        "activities": "подводная охота, лов рыбы на дорожку с судов с двигателями",
        "coordinate_source": "osm_geometry"
      }
    },
    {
      "type": "Feature",
      "geometry": {
        "type": "Polygon",
        "coordinates": [
          [
            [
              28.601785953611397,
              55.3834863963964
            ],
            [
              28.6144740463886,
              55.3834863963964
            ],
            [
              28.6144740463886,
              55.3906936036036
            ],
            [
              28.601785953611397,
              55.3906936036036
            ],
            [
              28.601785953611397,
              55.3834863963964
            ]
          ]
        ]
      },
      "properties": {
        "id": 159,
        "name": "Озеро Вороничи (Воронец)",
        "type": "lake",
        "type_ru": "Озеро",
        "district": "Полоцкий",
        "region": "Витебская область",
        "location_description": "в 16 км на юго-запад от г. Полоцка, 0,3 км от д. Вороничи",
        "activities": "подводная охота, лов рыбы на дорожку с судов с двигателями",
        "coordinate_source": "calculated_from_decree_description"
      }
    },
    {
      "type": "Feature",
      "geometry": {
        "type": "Polygon",
        "coordinates": [
          [
            [
              29.3837682,
              55.7985889
            ],
            [
              29.3837901,
              55.7989466
            ],
            [
              29.3841488,
              55.7994921
            ],
            [
              29.3845357,
              55.7998753
            ],
            [
              29.3846292,
              55.8001371
            ],
            [
              29.3848707,
              55.8003948
            ],
            [
              29.38545,
              55.8015088
            ],
            [
              29.3856273,
              55.8019189
            ],
            [
              29.3857427,
              55.8020825
            ],
            [
              29.3856784,
              55.8021669
            ],
            [
              29.3853662,
              55.8023067
            ],
            [
              29.3851848,
              55.8024985
            ],
            [
              29.3852331,
              55.8027156
            ],
            [
              29.3853541,
              55.803013
            ],
            [
              29.3856945,
              55.8032855
            ],
            [
              29.3861471,
              55.8034486
            ],
            [
              29.3873467,
              55.8036171
            ],
            [
              29.3879517,
              55.8035533
            ],
            [
              29.3889205,
              55.8035832
            ],
            [
              29.3895515,
              55.8034724
            ],
            [
              29.3897482,
              55.8034064
            ],
            [
              29.3900449,
              55.8032357
            ],
            [
              29.3901738,
              55.8028121
            ],
            [
              29.3900982,
              55.8024863
            ],
            [
              29.3896773,
              55.801428
            ],
            [
              29.3894335,
              55.8010965
            ],
            [
              29.3889228,
              55.8007373
            ],
            [
              29.3886954,
              55.8004344
            ],
            [
              29.3879324,
              55.8001046
            ],
            [
              29.3877865,
              55.7998625
            ],
            [
              29.3880326,
              55.799453
            ],
            [
              29.3877787,
              55.7992188
            ],
            [
              29.3873306,
              55.7989346
            ],
            [
              29.3871154,
              55.7989132
            ],
            [
              29.3867971,
              55.798763
            ],
            [
              29.3866798,
              55.7985185
            ],
            [
              29.3861275,
              55.7983543
            ],
            [
              29.3858286,
              55.7980511
            ],
            [
              29.3854521,
              55.7979109
            ],
            [
              29.3850399,
              55.7978747
            ],
            [
              29.3845536,
              55.7979777
            ],
            [
              29.384228,
              55.7981439
            ],
            [
              29.3839233,
              55.7982945
            ],
            [
              29.3837682,
              55.7985889
            ]
          ]
        ]
      },
      "properties": {
        "id": 160,
        "name": "Озеро Вырвина",
        "type": "lake",
        "type_ru": "Озеро",
        "district": "Полоцкий",
        "region": "Витебская область",
        "location_description": "в 34 км на северо-восток от г. Полоцка, 5 км на запад от д. Труды",
        "activities": "подводная охота, лов рыбы на дорожку с судов с двигателями",
        "coordinate_source": "osm_geometry"
      }
    },
    {
      "type": "Feature",
      "geometry": {
        "type": "Polygon",
        "coordinates": [
          [
            [
              28.421922250704828,
              55.281576396396396
            ],
            [
              28.43457774929517,
              55.281576396396396
            ],
            [
              28.43457774929517,
              55.2887836036036
            ],
            [
              28.421922250704828,
              55.2887836036036
            ],
            [
              28.421922250704828,
              55.281576396396396
            ]
          ]
        ]
      },
      "properties": {
        "id": 161,
        "name": "Озеро Луничино",
        "type": "lake",
        "type_ru": "Озеро",
        "district": "Полоцкий",
        "region": "Витебская область",
        "location_description": "в 32 км на юго-запад от г. Полоцка, 1 км на восток от д. Сельцо",
        "activities": "подводная охота, лов рыбы на дорожку с судов с двигателями",
        "coordinate_source": "calculated_from_decree_description"
      }
    },
    {
      "type": "Feature",
      "geometry": {
        "type": "Polygon",
        "coordinates": [
          [
            [
              29.23127808691472,
              55.7401663963964
            ],
            [
              29.24408191308528,
              55.7401663963964
            ],
            [
              29.24408191308528,
              55.7473736036036
            ],
            [
              29.23127808691472,
              55.7473736036036
            ],
            [
              29.23127808691472,
              55.7401663963964
            ]
          ]
        ]
      },
      "properties": {
        "id": 162,
        "name": "Озеро Глубочино",
        "type": "lake",
        "type_ru": "Озеро",
        "district": "Полоцкий",
        "region": "Витебская область",
        "location_description": "в 40 км на северо-восток от г. Полоцка, 0,5 км на юго-запад от д. Ведето",
        "activities": "подводная охота, лов рыбы на дорожку с судов с двигателями",
        "coordinate_source": "calculated_from_decree_description"
      }
    },
    {
      "type": "Feature",
      "geometry": {
        "type": "Polygon",
        "coordinates": [
          [
            [
              28.57929799663573,
              55.3707463963964
            ],
            [
              28.591982003364272,
              55.3707463963964
            ],
            [
              28.591982003364272,
              55.3779536036036
            ],
            [
              28.57929799663573,
              55.3779536036036
            ],
            [
              28.57929799663573,
              55.3707463963964
            ]
          ]
        ]
      },
      "properties": {
        "id": 163,
        "name": "Озеро Глубочко",
        "type": "lake",
        "type_ru": "Озеро",
        "district": "Полоцкий",
        "region": "Витебская область",
        "location_description": "в 18 км на юго-запад от г. Полоцка, 1 км на юго-восток от д. Воробьи",
        "activities": "подводная охота, лов рыбы на дорожку с судов с двигателями",
        "coordinate_source": "calculated_from_decree_description"
      }
    },
    {
      "type": "Feature",
      "geometry": {
        "type": "Polygon",
        "coordinates": [
          [
            [
              29.073902675572562,
              55.6509963963964
            ],
            [
              29.08667732442744,
              55.6509963963964
            ],
            [
              29.08667732442744,
              55.6582036036036
            ],
            [
              29.073902675572562,
              55.6582036036036
            ],
            [
              29.073902675572562,
              55.6509963963964
            ]
          ]
        ]
      },
      "properties": {
        "id": 164,
        "name": "Озеро Головец",
        "type": "lake",
        "type_ru": "Озеро",
        "district": "Полоцкий",
        "region": "Витебская область",
        "location_description": "в 26 км на северо-восток от г. Полоцка, 2 км на северо-восток от д. Кульки",
        "activities": "подводная охота, лов рыбы на дорожку с судов с двигателями",
        "coordinate_source": "calculated_from_decree_description"
      }
    },
    {
      "type": "Feature",
      "geometry": {
        "type": "MultiPolygon",
        "coordinates": [
          [
            [
              [
                28.7511188,
                55.3046446
              ],
              [
                28.7511653,
                55.3049231
              ],
              [
                28.7520021,
                55.3063705
              ],
              [
                28.752324,
                55.3067185
              ],
              [
                28.7529266,
                55.3069957
              ],
              [
                28.7530339,
                55.3073072
              ],
              [
                28.7530124,
                55.3080461
              ],
              [
                28.7536025,
                55.3093345
              ],
              [
                28.7541282,
                55.3100978
              ],
              [
                28.7548399,
                55.3107579
              ],
              [
                28.7550116,
                55.3110266
              ],
              [
                28.7551618,
                55.311283
              ],
              [
                28.7549901,
                55.3115395
              ],
              [
                28.7542891,
                55.3115449
              ],
              [
                28.753252,
                55.3113074
              ],
              [
                28.7524331,
                55.3112946
              ],
              [
                28.7519073,
                55.3111847
              ],
              [
                28.7515747,
                55.3109771
              ],
              [
                28.7511706,
                55.3105381
              ],
              [
                28.7503409,
                55.3103848
              ],
              [
                28.7499547,
                55.3101528
              ],
              [
                28.7495685,
                55.3100245
              ],
              [
                28.7490857,
                55.3100978
              ],
              [
                28.748517,
                55.3098902
              ],
              [
                28.7480503,
                55.3098139
              ],
              [
                28.7471437,
                55.3099024
              ],
              [
                28.7466502,
                55.3102016
              ],
              [
                28.7462532,
                55.3104764
              ],
              [
                28.7462747,
                55.3106535
              ],
              [
                28.7466395,
                55.3108855
              ],
              [
                28.7467557,
                55.3112494
              ],
              [
                28.7467772,
                55.3117623
              ],
              [
                28.7473351,
                55.3123607
              ],
              [
                28.747353,
                55.3126257
              ],
              [
                28.7470257,
                55.3128149
              ],
              [
                28.746677,
                55.3129676
              ],
              [
                28.7460011,
                55.3130195
              ],
              [
                28.7454539,
                55.3130408
              ],
              [
                28.744896,
                55.3131355
              ],
              [
                28.7443703,
                55.3133736
              ],
              [
                28.7440377,
                55.3136087
              ],
              [
                28.7440377,
                55.3138895
              ],
              [
                28.7440324,
                55.3141276
              ],
              [
                28.7439412,
                55.314262
              ],
              [
                28.7433618,
                55.3144696
              ],
              [
                28.7427127,
                55.3146222
              ],
              [
                28.7413394,
                55.3148054
              ],
              [
                28.7407386,
                55.3148328
              ],
              [
                28.7403202,
                55.3147351
              ],
              [
                28.7401539,
                55.3145733
              ],
              [
                28.740136,
                55.3142779
              ],
              [
                28.7400359,
                55.3139872
              ],
              [
                28.7397301,
                55.3138895
              ],
              [
                28.7394619,
                55.3138987
              ],
              [
                28.7390864,
                55.3140819
              ],
              [
                28.7386411,
                55.3144604
              ],
              [
                28.7382495,
                55.3146588
              ],
              [
                28.7379974,
                55.3149794
              ],
              [
                28.7377989,
                55.3153213
              ],
              [
                28.7378418,
                55.3161302
              ],
              [
                28.7383121,
                55.3167444
              ],
              [
                28.7385875,
                55.3168689
              ],
              [
                28.7388021,
                55.3168384
              ],
              [
                28.7389576,
                55.3168476
              ],
              [
                28.7390059,
                55.3169727
              ],
              [
                28.7388289,
                55.3170796
              ],
              [
                28.7383729,
                55.3171101
              ],
              [
                28.7378848,
                55.31722
              ],
              [
                28.7374967,
                55.3172084
              ],
              [
                28.7371659,
                55.3171131
              ],
              [
                28.7369674,
                55.3171101
              ],
              [
                28.7367314,
                55.3171681
              ],
              [
                28.7365061,
                55.3171864
              ],
              [
                28.7362969,
                55.3172749
              ],
              [
                28.7363023,
                55.3175832
              ],
              [
                28.7367314,
                55.3178305
              ],
              [
                28.7375092,
                55.3180747
              ],
              [
                28.7380457,
                55.3183189
              ],
              [
                28.7384409,
                55.3183561
              ],
              [
                28.7392044,
                55.3183891
              ],
              [
                28.7396854,
                55.3185637
              ],
              [
                28.7400717,
                55.3189422
              ],
              [
                28.7403685,
                55.3191369
              ],
              [
                28.7406582,
                55.319256
              ],
              [
                28.7408727,
                55.3192224
              ],
              [
                28.7413394,
                55.3191522
              ],
              [
                28.7415701,
                55.3191674
              ],
              [
                28.7416595,
                55.3192352
              ],
              [
                28.7417024,
                55.319455
              ],
              [
                28.7419814,
                55.3195527
              ],
              [
                28.7424105,
                55.319455
              ],
              [
                28.7430757,
                55.3196015
              ],
              [
                28.7436551,
                55.3194672
              ],
              [
                28.7440431,
                55.3194086
              ],
              [
                28.7442416,
                55.3194574
              ],
              [
                28.7444347,
                55.3196436
              ],
              [
                28.7445098,
                55.3200465
              ],
              [
                28.7446868,
                55.3202083
              ],
              [
                28.7451142,
                55.3205905
              ],
              [
                28.7456095,
                55.3207546
              ],
              [
                28.7457007,
                55.3208462
              ],
              [
                28.7456685,
                55.3209866
              ],
              [
                28.745411,
                55.3215177
              ],
              [
                28.7452805,
                55.3221501
              ],
              [
                28.7452447,
                55.3225676
              ],
              [
                28.7453842,
                55.3227599
              ],
              [
                28.7456578,
                55.3231811
              ],
              [
                28.7457061,
                55.3235626
              ],
              [
                28.7458992,
                55.3237488
              ],
              [
                28.7459207,
                55.3238129
              ],
              [
                28.7458295,
                55.3238953
              ],
              [
                28.7454539,
                55.3239716
              ],
              [
                28.7453681,
                55.324115
              ],
              [
                28.7450892,
                55.3243226
              ],
              [
                28.7448102,
                55.324524
              ],
              [
                28.7447244,
                55.3246919
              ],
              [
                28.7447405,
                55.3250093
              ],
              [
                28.7447673,
                55.3254884
              ],
              [
                28.7447029,
                55.3259554
              ],
              [
                28.7448478,
                55.3261812
              ],
              [
                28.7453234,
                55.3265572
              ],
              [
                28.7459743,
                55.3270723
              ],
              [
                28.7465483,
                55.3272966
              ],
              [
                28.7474334,
                55.3277925
              ],
              [
                28.747986,
                55.3279573
              ],
              [
                28.7482059,
                55.328116
              ],
              [
                28.748855,
                55.3288484
              ],
              [
                28.7493592,
                55.3293473
              ],
              [
                28.7495738,
                55.3294999
              ],
              [
                28.7499151,
                55.329701
              ],
              [
                28.7510115,
                55.3298005
              ],
              [
                28.7513334,
                55.3297791
              ],
              [
                28.7517464,
                55.3297395
              ],
              [
                28.7520254,
                55.3297364
              ],
              [
                28.7536937,
                55.3293153
              ],
              [
                28.7548506,
                55.3287544
              ],
              [
                28.7552583,
                55.3280831
              ],
              [
                28.7559021,
                55.3271798
              ],
              [
                28.7558377,
                55.3264229
              ],
              [
                28.7560523,
                55.3259102
              ],
              [
                28.7565029,
                55.3245552
              ],
              [
                28.7561574,
                55.3231642
              ],
              [
                28.7558174,
                55.3228242
              ],
              [
                28.7552174,
                55.3225642
              ],
              [
                28.7539274,
                55.3226542
              ],
              [
                28.7531126,
                55.3225897
              ],
              [
                28.7525117,
                55.3225286
              ],
              [
                28.7523401,
                55.32226
              ],
              [
                28.7525976,
                55.3218449
              ],
              [
                28.7529409,
                55.3215885
              ],
              [
                28.7532474,
                55.3213642
              ],
              [
                28.7539279,
                55.3213932
              ],
              [
                28.7544429,
                55.3212467
              ],
              [
                28.7546575,
                55.3210147
              ],
              [
                28.7544474,
                55.3204142
              ],
              [
                28.7541425,
                55.3197328
              ],
              [
                28.7540174,
                55.3179341
              ],
              [
                28.7541874,
                55.3172441
              ],
              [
                28.7547219,
                55.3167658
              ],
              [
                28.7557519,
                55.3163995
              ],
              [
                28.7565074,
                55.3159541
              ],
              [
                28.7571251,
                55.3158134
              ],
              [
                28.757962,
                55.3157157
              ],
              [
                28.758477,
                55.3155081
              ],
              [
                28.758477,
                55.3150807
              ],
              [
                28.7584341,
                55.314519
              ],
              [
                28.7580907,
                55.3141405
              ],
              [
                28.757211,
                55.3139573
              ],
              [
                28.7565029,
                55.3137009
              ],
              [
                28.7565672,
                55.3132979
              ],
              [
                28.7569535,
                55.3129682
              ],
              [
                28.7566423,
                55.3127057
              ],
              [
                28.7567067,
                55.3124798
              ],
              [
                28.7572432,
                55.3124431
              ],
              [
                28.757717,
                55.3124791
              ],
              [
                28.7582624,
                55.3125164
              ],
              [
                28.7592655,
                55.3122218
              ],
              [
                28.7595876,
                55.3121873
              ],
              [
                28.7600058,
                55.3121424
              ],
              [
                28.7605637,
                55.3119531
              ],
              [
                28.7608552,
                55.311838
              ],
              [
                28.7613112,
                55.3115938
              ],
              [
                28.7615257,
                55.3115724
              ],
              [
                28.761735,
                55.3117495
              ],
              [
                28.7619764,
                55.3120029
              ],
              [
                28.7624699,
                55.3121525
              ],
              [
                28.7631673,
                55.3121616
              ],
              [
                28.7638432,
                55.3119754
              ],
              [
                28.7645513,
                55.3116182
              ],
              [
                28.7649697,
                55.3111938
              ],
              [
                28.7649429,
                55.3107969
              ],
              [
                28.7648517,
                55.3102962
              ],
              [
                28.7647927,
                55.3098383
              ],
              [
                28.7649053,
                55.3094597
              ],
              [
                28.7652272,
                55.3091391
              ],
              [
                28.7656778,
                55.3082751
              ],
              [
                28.7660479,
                55.307872
              ],
              [
                28.767373,
                55.3074782
              ],
              [
                28.770377,
                55.3063576
              ],
              [
                28.7722921,
                55.3056889
              ],
              [
                28.7729426,
                55.3050591
              ],
              [
                28.7732108,
                55.3040332
              ],
              [
                28.773007,
                55.3031293
              ],
              [
                28.772791,
                55.3026033
              ],
              [
                28.7511188,
                55.3046446
              ]
            ]
          ],
          [
            [
              [
                28.7515239,
                55.2971412
              ],
              [
                28.7513763,
                55.297282
              ],
              [
                28.7512314,
                55.2975507
              ],
              [
                28.7512422,
                55.2978164
              ],
              [
                28.7513387,
                55.2982531
              ],
              [
                28.7511831,
                55.2985219
              ],
              [
                28.7505448,
                55.29938
              ],
              [
                28.7502497,
                55.299829
              ],
              [
                28.749724,
                55.3006016
              ],
              [
                28.7493163,
                55.3010963
              ],
              [
                28.749091,
                55.3015025
              ],
              [
                28.7488764,
                55.3016674
              ],
              [
                28.7486029,
                55.3019636
              ],
              [
                28.7485492,
                55.3022201
              ],
              [
                28.7483293,
                55.3025835
              ],
              [
                28.7480503,
                55.3028705
              ],
              [
                28.7479055,
                55.303127
              ],
              [
                28.7477499,
                55.3034507
              ],
              [
                28.7477499,
                55.3035881
              ],
              [
                28.7478626,
                55.3037133
              ],
              [
                28.7480718,
                55.3037805
              ],
              [
                28.748399,
                55.303811
              ],
              [
                28.7487531,
                55.3038599
              ],
              [
                28.7492949,
                55.3038385
              ],
              [
                28.7498259,
                55.3037683
              ],
              [
                28.7502336,
                55.3037683
              ],
              [
                28.7506199,
                55.3037316
              ],
              [
                28.7509739,
                55.3037927
              ],
              [
                28.7511188,
                55.3038935
              ],
              [
                28.7512958,
                55.3040828
              ],
              [
                28.7513334,
                55.3043332
              ],
              [
                28.7511188,
                55.3046446
              ],
              [
                28.7515239,
                55.2971412
              ]
            ]
          ],
          [
            [
              [
                28.7540638,
                55.2929052
              ],
              [
                28.7539405,
                55.2929709
              ],
              [
                28.7538381,
                55.2930709
              ],
              [
                28.7536209,
                55.2933856
              ],
              [
                28.7533772,
                55.2936872
              ],
              [
                28.7530982,
                55.2940201
              ],
              [
                28.7530335,
                55.2943488
              ],
              [
                28.7529266,
                55.2948203
              ],
              [
                28.752889,
                55.2952082
              ],
              [
                28.7527174,
                55.2954617
              ],
              [
                28.7523794,
                55.296326
              ],
              [
                28.7515239,
                55.2971412
              ],
              [
                28.7540638,
                55.2929052
              ]
            ]
          ],
          [
            [
              [
                28.7560679,
                55.2975421
              ],
              [
                28.7561629,
                55.2974698
              ],
              [
                28.7564403,
                55.2973675
              ],
              [
                28.7569231,
                55.2973064
              ],
              [
                28.7574005,
                55.2972514
              ],
              [
                28.7577921,
                55.2972331
              ],
              [
                28.757996,
                55.297172
              ],
              [
                28.7581569,
                55.2970407
              ],
              [
                28.7582105,
                55.2969002
              ],
              [
                28.7581676,
                55.2967719
              ],
              [
                28.7579906,
                55.2966986
              ],
              [
                28.7576687,
                55.2967108
              ],
              [
                28.7574005,
                55.2966834
              ],
              [
                28.7573093,
                55.2965551
              ],
              [
                28.7572879,
                55.2962985
              ],
              [
                28.7574488,
                55.2961825
              ],
              [
                28.7576687,
                55.2961611
              ],
              [
                28.7580442,
                55.2961031
              ],
              [
                28.7581891,
                55.2959962
              ],
              [
                28.7583393,
                55.2958496
              ],
              [
                28.7585646,
                55.2956511
              ],
              [
                28.7588328,
                55.2953945
              ],
              [
                28.7590474,
                55.2952632
              ],
              [
                28.7592834,
                55.2951685
              ],
              [
                28.7594658,
                55.2950891
              ],
              [
                28.7597716,
                55.2950433
              ],
              [
                28.7599915,
                55.2950341
              ],
              [
                28.7600827,
                55.2949913
              ],
              [
                28.760072,
                55.2949089
              ],
              [
                28.7600023,
                55.294802
              ],
              [
                28.7599164,
                55.2947104
              ],
              [
                28.7597662,
                55.2946309
              ],
              [
                28.7595463,
                55.2945668
              ],
              [
                28.75938,
                55.294524
              ],
              [
                28.7592018,
                55.2944904
              ],
              [
                28.7589347,
                55.2944691
              ],
              [
                28.7587416,
                55.2943927
              ],
              [
                28.758586,
                55.2943438
              ],
              [
                28.758232,
                55.2943255
              ],
              [
                28.7576848,
                55.2942919
              ],
              [
                28.7571752,
                55.2942033
              ],
              [
                28.7566817,
                55.2941178
              ],
              [
                28.7564269,
                55.2939559
              ],
              [
                28.7562713,
                55.2938353
              ],
              [
                28.7560138,
                55.2937192
              ],
              [
                28.7558153,
                55.2936322
              ],
              [
                28.7557724,
                55.2935238
              ],
              [
                28.7557992,
                55.2932611
              ],
              [
                28.7557751,
                55.2931191
              ],
              [
                28.7556728,
                55.2929377
              ],
              [
                28.7555283,
                55.2928854
              ],
              [
                28.755236,
                55.2928625
              ],
              [
                28.7548095,
                55.2928289
              ],
              [
                28.7543508,
                55.2928289
              ],
              [
                28.7541819,
                55.2928625
              ],
              [
                28.7540638,
                55.2929052
              ],
              [
                28.7560679,
                55.2975421
              ]
            ]
          ],
          [
            [
              [
                28.7597891,
                55.2997034
              ],
              [
                28.7597045,
                55.2997786
              ],
              [
                28.7594712,
                55.2997801
              ],
              [
                28.7593478,
                55.299803
              ],
              [
                28.7592834,
                55.2998473
              ],
              [
                28.7592459,
                55.2999114
              ],
              [
                28.759329,
                55.2999878
              ],
              [
                28.7593746,
                55.3001359
              ],
              [
                28.7592754,
                55.3003222
              ],
              [
                28.759211,
                55.3004428
              ],
              [
                28.7590072,
                55.3005069
              ],
              [
                28.7589428,
                55.3005283
              ],
              [
                28.7589186,
                55.3005756
              ],
              [
                28.7589401,
                55.3006581
              ],
              [
                28.7589106,
                55.3007497
              ],
              [
                28.7589347,
                55.3008383
              ],
              [
                28.758916,
                55.3008871
              ],
              [
                28.7588435,
                55.3009238
              ],
              [
                28.7587255,
                55.3009161
              ],
              [
                28.7585968,
                55.3008749
              ],
              [
                28.7584519,
                55.3008902
              ],
              [
                28.7583527,
                55.300936
              ],
              [
                28.7582722,
                55.3009818
              ],
              [
                28.7581703,
                55.3009879
              ],
              [
                28.7580845,
                55.300968
              ],
              [
                28.758055,
                55.3009131
              ],
              [
                28.7579879,
                55.3008963
              ],
              [
                28.7579209,
                55.3008825
              ],
              [
                28.757776,
                55.3009115
              ],
              [
                28.7577197,
                55.3009528
              ],
              [
                28.7577251,
                55.3010001
              ],
              [
                28.7577116,
                55.3010444
              ],
              [
                28.7575802,
                55.3010765
              ],
              [
                28.7573495,
                55.301081
              ],
              [
                28.7571269,
                55.3011192
              ],
              [
                28.7569687,
                55.3010887
              ],
              [
                28.7567863,
                55.3010429
              ],
              [
                28.7565492,
                55.3009879
              ],
              [
                28.7561844,
                55.3007314
              ],
              [
                28.7561844,
                55.3003772
              ],
              [
                28.7563561,
                55.2998641
              ],
              [
                28.7561415,
                55.2995465
              ],
              [
                28.7566994,
                55.2987647
              ],
              [
                28.7567423,
                55.2984838
              ],
              [
                28.7563775,
                55.2981417
              ],
              [
                28.756113,
                55.2979783
              ],
              [
                28.7560058,
                55.2977676
              ],
              [
                28.7560165,
                55.2975813
              ],
              [
                28.7560679,
                55.2975421
              ],
              [
                28.7597891,
                55.2997034
              ]
            ]
          ],
          [
            [
              [
                28.7605049,
                55.2991651
              ],
              [
                28.7604421,
                55.2992274
              ],
              [
                28.7602007,
                55.2993373
              ],
              [
                28.7597891,
                55.2997034
              ],
              [
                28.7605049,
                55.2991651
              ]
            ]
          ],
          [
            [
              [
                28.7640379,
                55.2980929
              ],
              [
                28.7634156,
                55.298044
              ],
              [
                28.7632477,
                55.2980638
              ],
              [
                28.7628776,
                55.2982165
              ],
              [
                28.7625879,
                55.2983753
              ],
              [
                28.7623572,
                55.2984364
              ],
              [
                28.7620461,
                55.2984455
              ],
              [
                28.7617296,
                55.29847
              ],
              [
                28.7614185,
                55.2984914
              ],
              [
                28.7609625,
                55.2985616
              ],
              [
                28.7607104,
                55.298696
              ],
              [
                28.7606245,
                55.2988517
              ],
              [
                28.760587,
                55.2990838
              ],
              [
                28.7605049,
                55.2991651
              ],
              [
                28.7640379,
                55.2980929
              ]
            ]
          ],
          [
            [
              [
                28.7681793,
                55.2973873
              ],
              [
                28.7672351,
                55.2972988
              ],
              [
                28.7668258,
                55.2972163
              ],
              [
                28.7664412,
                55.2972133
              ],
              [
                28.7661016,
                55.2972789
              ],
              [
                28.7656671,
                55.2974194
              ],
              [
                28.7681793,
                55.2973873
              ]
            ]
          ],
          [
            [
              [
                28.7726033,
                55.302214
              ],
              [
                28.7722009,
                55.3022415
              ],
              [
                28.7720454,
                55.3021834
              ],
              [
                28.7720185,
                55.3020307
              ],
              [
                28.7721473,
                55.3016765
              ],
              [
                28.7722331,
                55.3014628
              ],
              [
                28.7727266,
                55.3012185
              ],
              [
                28.7730807,
                55.3010932
              ],
              [
                28.7733718,
                55.3009398
              ],
              [
                28.773522,
                55.3008146
              ],
              [
                28.7735971,
                55.3004542
              ],
              [
                28.773302,
                55.3000145
              ],
              [
                28.7727213,
                55.2995541
              ],
              [
                28.771686,
                55.2988456
              ],
              [
                28.7702644,
                55.2979722
              ],
              [
                28.7696632,
                55.2976473
              ],
              [
                28.7692559,
                55.297395
              ],
              [
                28.7687727,
                55.2973052
              ],
              [
                28.7681793,
                55.2973873
              ],
              [
                28.7726033,
                55.302214
              ]
            ]
          ]
        ]
      },
      "properties": {
        "id": 165,
        "name": "Озеро Гомель",
        "type": "lake",
        "type_ru": "Озеро",
        "district": "Полоцкий",
        "region": "Витебская область",
        "location_description": "в 18 км на юг от г. Полоцка, 0,1 км на северо-запад от д. Гомель",
        "activities": "подводная охота",
        "coordinate_source": "osm_geometry"
      }
    },
    {
      "type": "Feature",
      "geometry": {
        "type": "Polygon",
        "coordinates": [
          [
            [
              29.3837682,
              55.7985889
            ],
            [
              29.3837901,
              55.7989466
            ],
            [
              29.3841488,
              55.7994921
            ],
            [
              29.3845357,
              55.7998753
            ],
            [
              29.3846292,
              55.8001371
            ],
            [
              29.3848707,
              55.8003948
            ],
            [
              29.38545,
              55.8015088
            ],
            [
              29.3856273,
              55.8019189
            ],
            [
              29.3857427,
              55.8020825
            ],
            [
              29.3856784,
              55.8021669
            ],
            [
              29.3853662,
              55.8023067
            ],
            [
              29.3851848,
              55.8024985
            ],
            [
              29.3852331,
              55.8027156
            ],
            [
              29.3853541,
              55.803013
            ],
            [
              29.3856945,
              55.8032855
            ],
            [
              29.3861471,
              55.8034486
            ],
            [
              29.3873467,
              55.8036171
            ],
            [
              29.3879517,
              55.8035533
            ],
            [
              29.3889205,
              55.8035832
            ],
            [
              29.3895515,
              55.8034724
            ],
            [
              29.3897482,
              55.8034064
            ],
            [
              29.3900449,
              55.8032357
            ],
            [
              29.3901738,
              55.8028121
            ],
            [
              29.3900982,
              55.8024863
            ],
            [
              29.3896773,
              55.801428
            ],
            [
              29.3894335,
              55.8010965
            ],
            [
              29.3889228,
              55.8007373
            ],
            [
              29.3886954,
              55.8004344
            ],
            [
              29.3879324,
              55.8001046
            ],
            [
              29.3877865,
              55.7998625
            ],
            [
              29.3880326,
              55.799453
            ],
            [
              29.3877787,
              55.7992188
            ],
            [
              29.3873306,
              55.7989346
            ],
            [
              29.3871154,
              55.7989132
            ],
            [
              29.3867971,
              55.798763
            ],
            [
              29.3866798,
              55.7985185
            ],
            [
              29.3861275,
              55.7983543
            ],
            [
              29.3858286,
              55.7980511
            ],
            [
              29.3854521,
              55.7979109
            ],
            [
              29.3850399,
              55.7978747
            ],
            [
              29.3845536,
              55.7979777
            ],
            [
              29.384228,
              55.7981439
            ],
            [
              29.3839233,
              55.7982945
            ],
            [
              29.3837682,
              55.7985889
            ]
          ]
        ]
      },
      "properties": {
        "id": 166,
        "name": "Озеро Грибно",
        "type": "lake",
        "type_ru": "Озеро",
        "district": "Полоцкий",
        "region": "Витебская область",
        "location_description": "в 46 км на северо-восток от г. Полоцка, 0,15 км на восток от д. Грибно",
        "activities": "подводная охота, лов рыбы на дорожку с судов с двигателями",
        "coordinate_source": "osm_geometry"
      }
    },
    {
      "type": "Feature",
      "geometry": {
        "type": "Polygon",
        "coordinates": [
          [
            [
              28.781675661340124,
              55.2601663963964
            ],
            [
              28.794324338659877,
              55.2601663963964
            ],
            [
              28.794324338659877,
              55.2673736036036
            ],
            [
              28.781675661340124,
              55.2673736036036
            ],
            [
              28.781675661340124,
              55.2601663963964
            ]
          ]
        ]
      },
      "properties": {
        "id": 167,
        "name": "Озеро Долгое 3",
        "type": "lake",
        "type_ru": "Озеро",
        "district": "Полоцкий",
        "region": "Витебская область",
        "location_description": "в 25 км на юг от г. Полоцка",
        "activities": "подводная охота, лов рыбы на дорожку с судов с двигателями",
        "coordinate_source": "calculated_from_decree_description"
      }
    },
    {
      "type": "Feature",
      "geometry": {
        "type": "Polygon",
        "coordinates": [
          [
            [
              29.3837682,
              55.7985889
            ],
            [
              29.3837901,
              55.7989466
            ],
            [
              29.3841488,
              55.7994921
            ],
            [
              29.3845357,
              55.7998753
            ],
            [
              29.3846292,
              55.8001371
            ],
            [
              29.3848707,
              55.8003948
            ],
            [
              29.38545,
              55.8015088
            ],
            [
              29.3856273,
              55.8019189
            ],
            [
              29.3857427,
              55.8020825
            ],
            [
              29.3856784,
              55.8021669
            ],
            [
              29.3853662,
              55.8023067
            ],
            [
              29.3851848,
              55.8024985
            ],
            [
              29.3852331,
              55.8027156
            ],
            [
              29.3853541,
              55.803013
            ],
            [
              29.3856945,
              55.8032855
            ],
            [
              29.3861471,
              55.8034486
            ],
            [
              29.3873467,
              55.8036171
            ],
            [
              29.3879517,
              55.8035533
            ],
            [
              29.3889205,
              55.8035832
            ],
            [
              29.3895515,
              55.8034724
            ],
            [
              29.3897482,
              55.8034064
            ],
            [
              29.3900449,
              55.8032357
            ],
            [
              29.3901738,
              55.8028121
            ],
            [
              29.3900982,
              55.8024863
            ],
            [
              29.3896773,
              55.801428
            ],
            [
              29.3894335,
              55.8010965
            ],
            [
              29.3889228,
              55.8007373
            ],
            [
              29.3886954,
              55.8004344
            ],
            [
              29.3879324,
              55.8001046
            ],
            [
              29.3877865,
              55.7998625
            ],
            [
              29.3880326,
              55.799453
            ],
            [
              29.3877787,
              55.7992188
            ],
            [
              29.3873306,
              55.7989346
            ],
            [
              29.3871154,
              55.7989132
            ],
            [
              29.3867971,
              55.798763
            ],
            [
              29.3866798,
              55.7985185
            ],
            [
              29.3861275,
              55.7983543
            ],
            [
              29.3858286,
              55.7980511
            ],
            [
              29.3854521,
              55.7979109
            ],
            [
              29.3850399,
              55.7978747
            ],
            [
              29.3845536,
              55.7979777
            ],
            [
              29.384228,
              55.7981439
            ],
            [
              29.3839233,
              55.7982945
            ],
            [
              29.3837682,
              55.7985889
            ]
          ]
        ]
      },
      "properties": {
        "id": 168,
        "name": "Озеро Дретунь",
        "type": "lake",
        "type_ru": "Озеро",
        "district": "Полоцкий",
        "region": "Витебская область",
        "location_description": "в 34 км на северо-восток от г. Полоцка, 0,1 км на юго-запад от ж/д ст. Дретунь",
        "activities": "подводная охота",
        "coordinate_source": "osm_geometry"
      }
    },
    {
      "type": "Feature",
      "geometry": {
        "type": "Polygon",
        "coordinates": [
          [
            [
              29.2118941,
              55.7003751
            ],
            [
              29.2119531,
              55.7003812
            ],
            [
              29.2120121,
              55.7003766
            ],
            [
              29.2121999,
              55.700292
            ],
            [
              29.2122186,
              55.7002618
            ],
            [
              29.2121999,
              55.7002391
            ],
            [
              29.2120604,
              55.7001983
            ],
            [
              29.2120067,
              55.7002089
            ],
            [
              29.2119343,
              55.7002436
            ],
            [
              29.2118619,
              55.7003404
            ],
            [
              29.21187,
              55.7003615
            ],
            [
              29.2118941,
              55.7003751
            ]
          ]
        ]
      },
      "properties": {
        "id": 169,
        "name": "Озеро Дрочево (Дрогово)",
        "type": "lake",
        "type_ru": "Озеро",
        "district": "Полоцкий",
        "region": "Витебская область",
        "location_description": "в 36 км на северо-восток от г. Полоцка, 6 км на юго-запад от д. Труды",
        "activities": "подводная охота, лов рыбы на дорожку с судов с двигателями",
        "coordinate_source": "osm_geometry"
      }
    },
    {
      "type": "Feature",
      "geometry": {
        "type": "Polygon",
        "coordinates": [
          [
            [
              28.4270972,
              55.2901363
            ],
            [
              28.4269389,
              55.2901608
            ],
            [
              28.4268424,
              55.2901272
            ],
            [
              28.4267887,
              55.2900829
            ],
            [
              28.4267539,
              55.2900096
            ],
            [
              28.4267727,
              55.2899378
            ],
            [
              28.4267378,
              55.2898843
            ],
            [
              28.4266949,
              55.2898431
            ],
            [
              28.4267083,
              55.2897683
            ],
            [
              28.4268585,
              55.2895743
            ],
            [
              28.4269202,
              55.2894857
            ],
            [
              28.4269872,
              55.2894368
            ],
            [
              28.4270221,
              55.2893803
            ],
            [
              28.4270141,
              55.2893253
            ],
            [
              28.427057,
              55.2892841
            ],
            [
              28.427124,
              55.2892902
            ],
            [
              28.4271589,
              55.2893299
            ],
            [
              28.4272099,
              55.289365
            ],
            [
              28.4272501,
              55.2893482
            ],
            [
              28.427242,
              55.2893039
            ],
            [
              28.4272554,
              55.2892398
            ],
            [
              28.4273306,
              55.2892169
            ],
            [
              28.4273869,
              55.2892444
            ],
            [
              28.4274137,
              55.2892826
            ],
            [
              28.4275129,
              55.2893085
            ],
            [
              28.4276819,
              55.2893345
            ],
            [
              28.4277356,
              55.2893757
            ],
            [
              28.4277007,
              55.2894933
            ],
            [
              28.4275773,
              55.2897148
            ],
            [
              28.4273708,
              55.2899638
            ],
            [
              28.4272099,
              55.2900646
            ],
            [
              28.4270972,
              55.2901363
            ]
          ]
        ]
      },
      "properties": {
        "id": 170,
        "name": "Озеро Жадовно (Жадунь)",
        "type": "lake",
        "type_ru": "Озеро",
        "district": "Полоцкий",
        "region": "Витебская область",
        "location_description": "в 32 км на юго-запад от г. Полоцка, 0,1 км от д. Углы",
        "activities": "подводная охота, лов рыбы на дорожку с судов с двигателями",
        "coordinate_source": "osm_geometry"
      }
    },
    {
      "type": "Feature",
      "geometry": {
        "type": "Polygon",
        "coordinates": [
          [
            [
              29.3837682,
              55.7985889
            ],
            [
              29.3837901,
              55.7989466
            ],
            [
              29.3841488,
              55.7994921
            ],
            [
              29.3845357,
              55.7998753
            ],
            [
              29.3846292,
              55.8001371
            ],
            [
              29.3848707,
              55.8003948
            ],
            [
              29.38545,
              55.8015088
            ],
            [
              29.3856273,
              55.8019189
            ],
            [
              29.3857427,
              55.8020825
            ],
            [
              29.3856784,
              55.8021669
            ],
            [
              29.3853662,
              55.8023067
            ],
            [
              29.3851848,
              55.8024985
            ],
            [
              29.3852331,
              55.8027156
            ],
            [
              29.3853541,
              55.803013
            ],
            [
              29.3856945,
              55.8032855
            ],
            [
              29.3861471,
              55.8034486
            ],
            [
              29.3873467,
              55.8036171
            ],
            [
              29.3879517,
              55.8035533
            ],
            [
              29.3889205,
              55.8035832
            ],
            [
              29.3895515,
              55.8034724
            ],
            [
              29.3897482,
              55.8034064
            ],
            [
              29.3900449,
              55.8032357
            ],
            [
              29.3901738,
              55.8028121
            ],
            [
              29.3900982,
              55.8024863
            ],
            [
              29.3896773,
              55.801428
            ],
            [
              29.3894335,
              55.8010965
            ],
            [
              29.3889228,
              55.8007373
            ],
            [
              29.3886954,
              55.8004344
            ],
            [
              29.3879324,
              55.8001046
            ],
            [
              29.3877865,
              55.7998625
            ],
            [
              29.3880326,
              55.799453
            ],
            [
              29.3877787,
              55.7992188
            ],
            [
              29.3873306,
              55.7989346
            ],
            [
              29.3871154,
              55.7989132
            ],
            [
              29.3867971,
              55.798763
            ],
            [
              29.3866798,
              55.7985185
            ],
            [
              29.3861275,
              55.7983543
            ],
            [
              29.3858286,
              55.7980511
            ],
            [
              29.3854521,
              55.7979109
            ],
            [
              29.3850399,
              55.7978747
            ],
            [
              29.3845536,
              55.7979777
            ],
            [
              29.384228,
              55.7981439
            ],
            [
              29.3839233,
              55.7982945
            ],
            [
              29.3837682,
              55.7985889
            ]
          ]
        ]
      },
      "properties": {
        "id": 171,
        "name": "Озеро Жельцы",
        "type": "lake",
        "type_ru": "Озеро",
        "district": "Полоцкий",
        "region": "Витебская область",
        "location_description": "в 38 км на северо-восток от г. Полоцка, 0,2 км от д. Жельцы",
        "activities": "подводная охота, лов рыбы на дорожку с судов с двигателями",
        "coordinate_source": "osm_geometry"
      }
    },
    {
      "type": "Feature",
      "geometry": {
        "type": "Polygon",
        "coordinates": [
          [
            [
              28.444410219043643,
              55.2943163963964
            ],
            [
              28.457069780956356,
              55.2943163963964
            ],
            [
              28.457069780956356,
              55.3015236036036
            ],
            [
              28.444410219043643,
              55.3015236036036
            ],
            [
              28.444410219043643,
              55.2943163963964
            ]
          ]
        ]
      },
      "properties": {
        "id": 172,
        "name": "Озеро Журавно",
        "type": "lake",
        "type_ru": "Озеро",
        "district": "Полоцкий",
        "region": "Витебская область",
        "location_description": "в 30 км на юго-запад от г. Полоцка, 1,5 км на северо-запад от д. Ухвище",
        "activities": "подводная охота",
        "coordinate_source": "calculated_from_decree_description"
      }
    },
    {
      "type": "Feature",
      "geometry": {
        "type": "Polygon",
        "coordinates": [
          [
            [
              28.466888185764265,
              55.3070563963964
            ],
            [
              28.479551814235737,
              55.3070563963964
            ],
            [
              28.479551814235737,
              55.3142636036036
            ],
            [
              28.466888185764265,
              55.3142636036036
            ],
            [
              28.466888185764265,
              55.3070563963964
            ]
          ]
        ]
      },
      "properties": {
        "id": 173,
        "name": "Озеро Забелино",
        "type": "lake",
        "type_ru": "Озеро",
        "district": "Полоцкий",
        "region": "Витебская область",
        "location_description": "в 28 км на юго-запад от г. Полоцка, 0,5 км на юго-запад от д. Ореховно",
        "activities": "подводная охота, лов рыбы на дорожку с судов с двигателями",
        "coordinate_source": "calculated_from_decree_description"
      }
    },
    {
      "type": "Feature",
      "geometry": {
        "type": "Polygon",
        "coordinates": [
          [
            [
              28.635476148864782,
              55.5681963963964
            ],
            [
              28.64822385113522,
              55.5681963963964
            ],
            [
              28.64822385113522,
              55.575403603603604
            ],
            [
              28.635476148864782,
              55.575403603603604
            ],
            [
              28.635476148864782,
              55.5681963963964
            ]
          ]
        ]
      },
      "properties": {
        "id": 174,
        "name": "Озеро Завелье",
        "type": "lake",
        "type_ru": "Озеро",
        "district": "Полоцкий",
        "region": "Витебская область",
        "location_description": "в 13 км на северо-запад от г. Полоцка, около д. Тиновка",
        "activities": "подводная охота, лов рыбы на дорожку с судов с двигателями",
        "coordinate_source": "calculated_from_decree_description"
      }
    },
    {
      "type": "Feature",
      "geometry": {
        "type": "Polygon",
        "coordinates": [
          [
            [
              29.3837682,
              55.7985889
            ],
            [
              29.3837901,
              55.7989466
            ],
            [
              29.3841488,
              55.7994921
            ],
            [
              29.3845357,
              55.7998753
            ],
            [
              29.3846292,
              55.8001371
            ],
            [
              29.3848707,
              55.8003948
            ],
            [
              29.38545,
              55.8015088
            ],
            [
              29.3856273,
              55.8019189
            ],
            [
              29.3857427,
              55.8020825
            ],
            [
              29.3856784,
              55.8021669
            ],
            [
              29.3853662,
              55.8023067
            ],
            [
              29.3851848,
              55.8024985
            ],
            [
              29.3852331,
              55.8027156
            ],
            [
              29.3853541,
              55.803013
            ],
            [
              29.3856945,
              55.8032855
            ],
            [
              29.3861471,
              55.8034486
            ],
            [
              29.3873467,
              55.8036171
            ],
            [
              29.3879517,
              55.8035533
            ],
            [
              29.3889205,
              55.8035832
            ],
            [
              29.3895515,
              55.8034724
            ],
            [
              29.3897482,
              55.8034064
            ],
            [
              29.3900449,
              55.8032357
            ],
            [
              29.3901738,
              55.8028121
            ],
            [
              29.3900982,
              55.8024863
            ],
            [
              29.3896773,
              55.801428
            ],
            [
              29.3894335,
              55.8010965
            ],
            [
              29.3889228,
              55.8007373
            ],
            [
              29.3886954,
              55.8004344
            ],
            [
              29.3879324,
              55.8001046
            ],
            [
              29.3877865,
              55.7998625
            ],
            [
              29.3880326,
              55.799453
            ],
            [
              29.3877787,
              55.7992188
            ],
            [
              29.3873306,
              55.7989346
            ],
            [
              29.3871154,
              55.7989132
            ],
            [
              29.3867971,
              55.798763
            ],
            [
              29.3866798,
              55.7985185
            ],
            [
              29.3861275,
              55.7983543
            ],
            [
              29.3858286,
              55.7980511
            ],
            [
              29.3854521,
              55.7979109
            ],
            [
              29.3850399,
              55.7978747
            ],
            [
              29.3845536,
              55.7979777
            ],
            [
              29.384228,
              55.7981439
            ],
            [
              29.3839233,
              55.7982945
            ],
            [
              29.3837682,
              55.7985889
            ]
          ]
        ]
      },
      "properties": {
        "id": 175,
        "name": "Озеро Званое",
        "type": "lake",
        "type_ru": "Озеро",
        "district": "Полоцкий",
        "region": "Витебская область",
        "location_description": "в 48 км на северо-восток от г. Полоцка, 0,2 км от д. Званое",
        "activities": "подводная охота, лов рыбы на дорожку с судов с двигателями",
        "coordinate_source": "osm_geometry"
      }
    },
    {
      "type": "Feature",
      "geometry": {
        "type": "Polygon",
        "coordinates": [
          [
            [
              28.579260974512312,
              55.6000463963964
            ],
            [
              28.59201902548769,
              55.6000463963964
            ],
            [
              28.59201902548769,
              55.6072536036036
            ],
            [
              28.579260974512312,
              55.6072536036036
            ],
            [
              28.579260974512312,
              55.6000463963964
            ]
          ]
        ]
      },
      "properties": {
        "id": 176,
        "name": "Озеро Званое 1",
        "type": "lake",
        "type_ru": "Озеро",
        "district": "Полоцкий",
        "region": "Витебская область",
        "location_description": "в 18 км на северо-запад от г. Полоцка",
        "activities": "подводная охота, лов рыбы на дорожку с судов с двигателями",
        "coordinate_source": "calculated_from_decree_description"
      }
    },
    {
      "type": "Feature",
      "geometry": {
        "type": "Polygon",
        "coordinates": [
          [
            [
              29.14135643263526,
              55.6892163963964
            ],
            [
              29.154143567364738,
              55.6892163963964
            ],
            [
              29.154143567364738,
              55.6964236036036
            ],
            [
              29.14135643263526,
              55.6964236036036
            ],
            [
              29.14135643263526,
              55.6892163963964
            ]
          ]
        ]
      },
      "properties": {
        "id": 177,
        "name": "Озеро Звериное",
        "type": "lake",
        "type_ru": "Озеро",
        "district": "Полоцкий",
        "region": "Витебская область",
        "location_description": "в 32 км на северо-восток от г. Полоцка, 12 км на северо-запад от д. Дретунь",
        "activities": "подводная охота, лов рыбы на дорожку с судов с двигателями",
        "coordinate_source": "calculated_from_decree_description"
      }
    },
    {
      "type": "Feature",
      "geometry": {
        "type": "Polygon",
        "coordinates": [
          [
            [
              28.78167135467688,
              55.287196396396396
            ],
            [
              28.79432864532312,
              55.287196396396396
            ],
            [
              28.79432864532312,
              55.2944036036036
            ],
            [
              28.78167135467688,
              55.2944036036036
            ],
            [
              28.78167135467688,
              55.287196396396396
            ]
          ]
        ]
      },
      "properties": {
        "id": 178,
        "name": "Озеро Зыковское",
        "type": "lake",
        "type_ru": "Озеро",
        "district": "Полоцкий",
        "region": "Витебская область",
        "location_description": "в 22 км на юг от г. Полоцка, 0,09 км на запад от д. Зыково",
        "activities": "подводная охота, лов рыбы на дорожку с судов с двигателями",
        "coordinate_source": "calculated_from_decree_description"
      }
    },
    {
      "type": "Feature",
      "geometry": {
        "type": "Polygon",
        "coordinates": [
          [
            [
              29.3837682,
              55.7985889
            ],
            [
              29.3837901,
              55.7989466
            ],
            [
              29.3841488,
              55.7994921
            ],
            [
              29.3845357,
              55.7998753
            ],
            [
              29.3846292,
              55.8001371
            ],
            [
              29.3848707,
              55.8003948
            ],
            [
              29.38545,
              55.8015088
            ],
            [
              29.3856273,
              55.8019189
            ],
            [
              29.3857427,
              55.8020825
            ],
            [
              29.3856784,
              55.8021669
            ],
            [
              29.3853662,
              55.8023067
            ],
            [
              29.3851848,
              55.8024985
            ],
            [
              29.3852331,
              55.8027156
            ],
            [
              29.3853541,
              55.803013
            ],
            [
              29.3856945,
              55.8032855
            ],
            [
              29.3861471,
              55.8034486
            ],
            [
              29.3873467,
              55.8036171
            ],
            [
              29.3879517,
              55.8035533
            ],
            [
              29.3889205,
              55.8035832
            ],
            [
              29.3895515,
              55.8034724
            ],
            [
              29.3897482,
              55.8034064
            ],
            [
              29.3900449,
              55.8032357
            ],
            [
              29.3901738,
              55.8028121
            ],
            [
              29.3900982,
              55.8024863
            ],
            [
              29.3896773,
              55.801428
            ],
            [
              29.3894335,
              55.8010965
            ],
            [
              29.3889228,
              55.8007373
            ],
            [
              29.3886954,
              55.8004344
            ],
            [
              29.3879324,
              55.8001046
            ],
            [
              29.3877865,
              55.7998625
            ],
            [
              29.3880326,
              55.799453
            ],
            [
              29.3877787,
              55.7992188
            ],
            [
              29.3873306,
              55.7989346
            ],
            [
              29.3871154,
              55.7989132
            ],
            [
              29.3867971,
              55.798763
            ],
            [
              29.3866798,
              55.7985185
            ],
            [
              29.3861275,
              55.7983543
            ],
            [
              29.3858286,
              55.7980511
            ],
            [
              29.3854521,
              55.7979109
            ],
            [
              29.3850399,
              55.7978747
            ],
            [
              29.3845536,
              55.7979777
            ],
            [
              29.384228,
              55.7981439
            ],
            [
              29.3839233,
              55.7982945
            ],
            [
              29.3837682,
              55.7985889
            ]
          ]
        ]
      },
      "properties": {
        "id": 179,
        "name": "Озеро Измок",
        "type": "lake",
        "type_ru": "Озеро",
        "district": "Полоцкий",
        "region": "Витебская область",
        "location_description": "в 44 км на северо-восток от г. Полоцка, 0,25 км на север от д. Малое Ситно",
        "activities": "подводная охота, лов рыбы на дорожку с судов с двигателями",
        "coordinate_source": "osm_geometry"
      }
    },
    {
      "type": "Feature",
      "geometry": {
        "type": "Polygon",
        "coordinates": [
          [
            [
              28.33200035961376,
              55.230626396396396
            ],
            [
              28.344639640386237,
              55.230626396396396
            ],
            [
              28.344639640386237,
              55.2378336036036
            ],
            [
              28.33200035961376,
              55.2378336036036
            ],
            [
              28.33200035961376,
              55.230626396396396
            ]
          ]
        ]
      },
      "properties": {
        "id": 180,
        "name": "Озеро Каровайно",
        "type": "lake",
        "type_ru": "Озеро",
        "district": "Полоцкий",
        "region": "Витебская область",
        "location_description": "в 40 км на юго-запад от г. Полоцка, 4 км на северо-восток от озера Шо",
        "activities": "подводная охота, лов рыбы на дорожку с судов с двигателями",
        "coordinate_source": "calculated_from_decree_description"
      }
    },
    {
      "type": "Feature",
      "geometry": {
        "type": "Polygon",
        "coordinates": [
          [
            [
              29.3837682,
              55.7985889
            ],
            [
              29.3837901,
              55.7989466
            ],
            [
              29.3841488,
              55.7994921
            ],
            [
              29.3845357,
              55.7998753
            ],
            [
              29.3846292,
              55.8001371
            ],
            [
              29.3848707,
              55.8003948
            ],
            [
              29.38545,
              55.8015088
            ],
            [
              29.3856273,
              55.8019189
            ],
            [
              29.3857427,
              55.8020825
            ],
            [
              29.3856784,
              55.8021669
            ],
            [
              29.3853662,
              55.8023067
            ],
            [
              29.3851848,
              55.8024985
            ],
            [
              29.3852331,
              55.8027156
            ],
            [
              29.3853541,
              55.803013
            ],
            [
              29.3856945,
              55.8032855
            ],
            [
              29.3861471,
              55.8034486
            ],
            [
              29.3873467,
              55.8036171
            ],
            [
              29.3879517,
              55.8035533
            ],
            [
              29.3889205,
              55.8035832
            ],
            [
              29.3895515,
              55.8034724
            ],
            [
              29.3897482,
              55.8034064
            ],
            [
              29.3900449,
              55.8032357
            ],
            [
              29.3901738,
              55.8028121
            ],
            [
              29.3900982,
              55.8024863
            ],
            [
              29.3896773,
              55.801428
            ],
            [
              29.3894335,
              55.8010965
            ],
            [
              29.3889228,
              55.8007373
            ],
            [
              29.3886954,
              55.8004344
            ],
            [
              29.3879324,
              55.8001046
            ],
            [
              29.3877865,
              55.7998625
            ],
            [
              29.3880326,
              55.799453
            ],
            [
              29.3877787,
              55.7992188
            ],
            [
              29.3873306,
              55.7989346
            ],
            [
              29.3871154,
              55.7989132
            ],
            [
              29.3867971,
              55.798763
            ],
            [
              29.3866798,
              55.7985185
            ],
            [
              29.3861275,
              55.7983543
            ],
            [
              29.3858286,
              55.7980511
            ],
            [
              29.3854521,
              55.7979109
            ],
            [
              29.3850399,
              55.7978747
            ],
            [
              29.3845536,
              55.7979777
            ],
            [
              29.384228,
              55.7981439
            ],
            [
              29.3839233,
              55.7982945
            ],
            [
              29.3837682,
              55.7985889
            ]
          ]
        ]
      },
      "properties": {
        "id": 181,
        "name": "Озеро Клетное",
        "type": "lake",
        "type_ru": "Озеро",
        "district": "Полоцкий",
        "region": "Витебская область",
        "location_description": "в 47 км на северо-восток от г. Полоцка, 0,05 км от д. Владимировка",
        "activities": "подводная охота, лов рыбы на дорожку с судов с двигателями",
        "coordinate_source": "osm_geometry"
      }
    },
    {
      "type": "Feature",
      "geometry": {
        "type": "Polygon",
        "coordinates": [
          [
            [
              28.517088,
              55.6687724
            ],
            [
              28.5171416,
              55.6687013
            ],
            [
              28.5174581,
              55.6687437
            ],
            [
              28.5178578,
              55.6687769
            ],
            [
              28.5178256,
              55.6688359
            ],
            [
              28.5174635,
              55.6688148
            ],
            [
              28.5172945,
              55.6688057
            ],
            [
              28.5171819,
              55.6688072
            ],
            [
              28.517088,
              55.6687724
            ]
          ]
        ]
      },
      "properties": {
        "id": 182,
        "name": "Озеро Клешно (Клешня)",
        "type": "lake",
        "type_ru": "Озеро",
        "district": "Полоцкий",
        "region": "Витебская область",
        "location_description": "в 24 км на северо-запад от г. Полоцка, 0,3 км на запад от д. Лисуны",
        "activities": "подводная охота, лов рыбы на дорожку с судов с двигателями",
        "coordinate_source": "osm_geometry"
      }
    },
    {
      "type": "Feature",
      "geometry": {
        "type": "Polygon",
        "coordinates": [
          [
            [
              28.601785953611397,
              55.3834863963964
            ],
            [
              28.6144740463886,
              55.3834863963964
            ],
            [
              28.6144740463886,
              55.3906936036036
            ],
            [
              28.601785953611397,
              55.3906936036036
            ],
            [
              28.601785953611397,
              55.3834863963964
            ]
          ]
        ]
      },
      "properties": {
        "id": 183,
        "name": "Озеро Красно",
        "type": "lake",
        "type_ru": "Озеро",
        "district": "Полоцкий",
        "region": "Витебская область",
        "location_description": "в 16 км на юго-запад от г. Полоцка, 1,5 км на запад от д. Усомля",
        "activities": "подводная охота",
        "coordinate_source": "calculated_from_decree_description"
      }
    },
    {
      "type": "Feature",
      "geometry": {
        "type": "Polygon",
        "coordinates": [
          [
            [
              28.523093097074455,
              55.3388963963964
            ],
            [
              28.53576690292555,
              55.3388963963964
            ],
            [
              28.53576690292555,
              55.3461036036036
            ],
            [
              28.523093097074455,
              55.3461036036036
            ],
            [
              28.523093097074455,
              55.3388963963964
            ]
          ]
        ]
      },
      "properties": {
        "id": 184,
        "name": "Озеро Красное",
        "type": "lake",
        "type_ru": "Озеро",
        "district": "Полоцкий",
        "region": "Витебская область",
        "location_description": "в 23 км на юго-запад от г. Полоцка, 0,3 км на юго-восток от озера Островно",
        "activities": "подводная охота",
        "coordinate_source": "calculated_from_decree_description"
      }
    },
    {
      "type": "Feature",
      "geometry": {
        "type": "Polygon",
        "coordinates": [
          [
            [
              29.2853915,
              55.6838936
            ],
            [
              29.2861337,
              55.6841099
            ],
            [
              29.2866984,
              55.6842453
            ],
            [
              29.2872024,
              55.6840873
            ],
            [
              29.2871089,
              55.6838915
            ],
            [
              29.2869753,
              55.6835526
            ],
            [
              29.28767,
              55.6831911
            ],
            [
              29.2872887,
              55.6828895
            ],
            [
              29.287336,
              55.6825057
            ],
            [
              29.2876299,
              55.6821668
            ],
            [
              29.2873093,
              55.6818203
            ],
            [
              29.2874356,
              55.6816189
            ],
            [
              29.2877347,
              55.6815952
            ],
            [
              29.288138,
              55.6816095
            ],
            [
              29.2885517,
              55.6814362
            ],
            [
              29.2888315,
              55.6810637
            ],
            [
              29.287857,
              55.6810219
            ],
            [
              29.2877635,
              55.6806981
            ],
            [
              29.2884718,
              55.680331
            ],
            [
              29.2883275,
              55.6800897
            ],
            [
              29.2876433,
              55.6799674
            ],
            [
              29.2874114,
              55.6794366
            ],
            [
              29.286257,
              55.6790742
            ],
            [
              29.2855849,
              55.6796173
            ],
            [
              29.2848219,
              55.679924
            ],
            [
              29.2845038,
              55.6802612
            ],
            [
              29.2836622,
              55.680442
            ],
            [
              29.2827645,
              55.6801388
            ],
            [
              29.2815915,
              55.6801859
            ],
            [
              29.2810434,
              55.6796679
            ],
            [
              29.2801809,
              55.6794901
            ],
            [
              29.2787149,
              55.6792297
            ],
            [
              29.2776505,
              55.6793423
            ],
            [
              29.2773288,
              55.6795345
            ],
            [
              29.2767315,
              55.6800337
            ],
            [
              29.2775971,
              55.6807658
            ],
            [
              29.2781715,
              55.6809692
            ],
            [
              29.2780115,
              55.6811691
            ],
            [
              29.279016,
              55.6819011
            ],
            [
              29.2787727,
              55.682581
            ],
            [
              29.2788033,
              55.6828151
            ],
            [
              29.2787836,
              55.683173
            ],
            [
              29.2785011,
              55.6834969
            ],
            [
              29.2785315,
              55.6838936
            ],
            [
              29.2799915,
              55.6845036
            ],
            [
              29.2807052,
              55.6847481
            ],
            [
              29.2815514,
              55.6847802
            ],
            [
              29.2820916,
              55.6844064
            ],
            [
              29.2822203,
              55.6843376
            ],
            [
              29.283876,
              55.6841175
            ],
            [
              29.2844987,
              55.6839493
            ],
            [
              29.2853915,
              55.6838936
            ]
          ]
        ]
      },
      "properties": {
        "id": 185,
        "name": "Озеро Крупань",
        "type": "lake",
        "type_ru": "Озеро",
        "district": "Полоцкий",
        "region": "Витебская область",
        "location_description": "в 37 км на северо-восток от г. Полоцка",
        "activities": "подводная охота, лов рыбы на дорожку с судов с двигателями",
        "coordinate_source": "osm_geometry"
      }
    },
    {
      "type": "Feature",
      "geometry": {
        "type": "Polygon",
        "coordinates": [
          [
            [
              28.556820038031265,
              55.3580063963964
            ],
            [
              28.569499961968734,
              55.3580063963964
            ],
            [
              28.569499961968734,
              55.3652136036036
            ],
            [
              28.556820038031265,
              55.3652136036036
            ],
            [
              28.556820038031265,
              55.3580063963964
            ]
          ]
        ]
      },
      "properties": {
        "id": 186,
        "name": "Озеро Куровичи",
        "type": "lake",
        "type_ru": "Озеро",
        "district": "Полоцкий",
        "region": "Витебская область",
        "location_description": "в 20 км на юго-запад от г. Полоцка, 1,7 км на юго-восток от г.п. Ветрино",
        "activities": "подводная охота",
        "coordinate_source": "calculated_from_decree_description"
      }
    },
    {
      "type": "Feature",
      "geometry": {
        "type": "Polygon",
        "coordinates": [
          [
            [
              29.118868515285918,
              55.676476396396396
            ],
            [
              29.131651484714084,
              55.676476396396396
            ],
            [
              29.131651484714084,
              55.6836836036036
            ],
            [
              29.118868515285918,
              55.6836836036036
            ],
            [
              29.118868515285918,
              55.676476396396396
            ]
          ]
        ]
      },
      "properties": {
        "id": 187,
        "name": "Озеро Лешно (Сосно)",
        "type": "lake",
        "type_ru": "Озеро",
        "district": "Полоцкий",
        "region": "Витебская область",
        "location_description": "в 30 км на северо-восток от г. Полоцка, 10 км на юго-восток от д. Труды",
        "activities": "подводная охота, лов рыбы на дорожку с судов с двигателями",
        "coordinate_source": "calculated_from_decree_description"
      }
    },
    {
      "type": "Feature",
      "geometry": {
        "type": "Polygon",
        "coordinates": [
          [
            [
              28.78167135467688,
              55.287196396396396
            ],
            [
              28.79432864532312,
              55.287196396396396
            ],
            [
              28.79432864532312,
              55.2944036036036
            ],
            [
              28.78167135467688,
              55.2944036036036
            ],
            [
              28.78167135467688,
              55.287196396396396
            ]
          ]
        ]
      },
      "properties": {
        "id": 188,
        "name": "Озеро Лещиново",
        "type": "lake",
        "type_ru": "Озеро",
        "district": "Полоцкий",
        "region": "Витебская область",
        "location_description": "в 22 км на юг от г. Полоцка, 0,8 км на восток от д. Зыково",
        "activities": "подводная охота",
        "coordinate_source": "calculated_from_decree_description"
      }
    },
    {
      "type": "Feature",
      "geometry": {
        "type": "Polygon",
        "coordinates": [
          [
            [
              29.3837682,
              55.7985889
            ],
            [
              29.3837901,
              55.7989466
            ],
            [
              29.3841488,
              55.7994921
            ],
            [
              29.3845357,
              55.7998753
            ],
            [
              29.3846292,
              55.8001371
            ],
            [
              29.3848707,
              55.8003948
            ],
            [
              29.38545,
              55.8015088
            ],
            [
              29.3856273,
              55.8019189
            ],
            [
              29.3857427,
              55.8020825
            ],
            [
              29.3856784,
              55.8021669
            ],
            [
              29.3853662,
              55.8023067
            ],
            [
              29.3851848,
              55.8024985
            ],
            [
              29.3852331,
              55.8027156
            ],
            [
              29.3853541,
              55.803013
            ],
            [
              29.3856945,
              55.8032855
            ],
            [
              29.3861471,
              55.8034486
            ],
            [
              29.3873467,
              55.8036171
            ],
            [
              29.3879517,
              55.8035533
            ],
            [
              29.3889205,
              55.8035832
            ],
            [
              29.3895515,
              55.8034724
            ],
            [
              29.3897482,
              55.8034064
            ],
            [
              29.3900449,
              55.8032357
            ],
            [
              29.3901738,
              55.8028121
            ],
            [
              29.3900982,
              55.8024863
            ],
            [
              29.3896773,
              55.801428
            ],
            [
              29.3894335,
              55.8010965
            ],
            [
              29.3889228,
              55.8007373
            ],
            [
              29.3886954,
              55.8004344
            ],
            [
              29.3879324,
              55.8001046
            ],
            [
              29.3877865,
              55.7998625
            ],
            [
              29.3880326,
              55.799453
            ],
            [
              29.3877787,
              55.7992188
            ],
            [
              29.3873306,
              55.7989346
            ],
            [
              29.3871154,
              55.7989132
            ],
            [
              29.3867971,
              55.798763
            ],
            [
              29.3866798,
              55.7985185
            ],
            [
              29.3861275,
              55.7983543
            ],
            [
              29.3858286,
              55.7980511
            ],
            [
              29.3854521,
              55.7979109
            ],
            [
              29.3850399,
              55.7978747
            ],
            [
              29.3845536,
              55.7979777
            ],
            [
              29.384228,
              55.7981439
            ],
            [
              29.3839233,
              55.7982945
            ],
            [
              29.3837682,
              55.7985889
            ]
          ]
        ]
      },
      "properties": {
        "id": 189,
        "name": "Озеро Ловжа",
        "type": "lake",
        "type_ru": "Озеро",
        "district": "Полоцкий",
        "region": "Витебская область",
        "location_description": "в 34 км на северо-восток от г. Полоцка, 7 км на юго-запад от д. Труды",
        "activities": "подводная охота, лов рыбы на дорожку с судов с двигателями",
        "coordinate_source": "osm_geometry"
      }
    },
    {
      "type": "Feature",
      "geometry": {
        "type": "Polygon",
        "coordinates": [
          [
            [
              28.523045789777445,
              55.6318963963964
            ],
            [
              28.535814210222558,
              55.6318963963964
            ],
            [
              28.535814210222558,
              55.6391036036036
            ],
            [
              28.523045789777445,
              55.6391036036036
            ],
            [
              28.523045789777445,
              55.6318963963964
            ]
          ]
        ]
      },
      "properties": {
        "id": 190,
        "name": "Озеро Лонье",
        "type": "lake",
        "type_ru": "Озеро",
        "district": "Полоцкий",
        "region": "Витебская область",
        "location_description": "в 23 км на северо-запад от г. Полоцка, 0,3 км на восток от д. Лисуны",
        "activities": "подводная охота, лов рыбы на дорожку с судов с двигателями",
        "coordinate_source": "calculated_from_decree_description"
      }
    },
    {
      "type": "Feature",
      "geometry": {
        "type": "Polygon",
        "coordinates": [
          [
            [
              28.51185411434388,
              55.3325363963964
            ],
            [
              28.52452588565612,
              55.3325363963964
            ],
            [
              28.52452588565612,
              55.3397436036036
            ],
            [
              28.51185411434388,
              55.3397436036036
            ],
            [
              28.51185411434388,
              55.3325363963964
            ]
          ]
        ]
      },
      "properties": {
        "id": 191,
        "name": "Озеро Людвище",
        "type": "lake",
        "type_ru": "Озеро",
        "district": "Полоцкий",
        "region": "Витебская область",
        "location_description": "в 24 км на юго-запад от г. Полоцка, 0,5 км на запад от д. Гуры",
        "activities": "подводная охота, лов рыбы на дорожку с судов с двигателями",
        "coordinate_source": "calculated_from_decree_description"
      }
    },
    {
      "type": "Feature",
      "geometry": {
        "type": "Polygon",
        "coordinates": [
          [
            [
              28.669229814747833,
              55.4217063963964
            ],
            [
              28.681930185252167,
              55.4217063963964
            ],
            [
              28.681930185252167,
              55.428913603603604
            ],
            [
              28.669229814747833,
              55.428913603603604
            ],
            [
              28.669229814747833,
              55.4217063963964
            ]
          ]
        ]
      },
      "properties": {
        "id": 192,
        "name": "Озеро Люхово",
        "type": "lake",
        "type_ru": "Озеро",
        "district": "Полоцкий",
        "region": "Витебская область",
        "location_description": "в 10 км на юго-запад от г. Полоцка, 1,3 км на юго-запад от г. Новополоцка",
        "activities": "подводная охота",
        "coordinate_source": "calculated_from_decree_description"
      }
    },
    {
      "type": "Feature",
      "geometry": {
        "type": "Polygon",
        "coordinates": [
          [
            [
              29.3837682,
              55.7985889
            ],
            [
              29.3837901,
              55.7989466
            ],
            [
              29.3841488,
              55.7994921
            ],
            [
              29.3845357,
              55.7998753
            ],
            [
              29.3846292,
              55.8001371
            ],
            [
              29.3848707,
              55.8003948
            ],
            [
              29.38545,
              55.8015088
            ],
            [
              29.3856273,
              55.8019189
            ],
            [
              29.3857427,
              55.8020825
            ],
            [
              29.3856784,
              55.8021669
            ],
            [
              29.3853662,
              55.8023067
            ],
            [
              29.3851848,
              55.8024985
            ],
            [
              29.3852331,
              55.8027156
            ],
            [
              29.3853541,
              55.803013
            ],
            [
              29.3856945,
              55.8032855
            ],
            [
              29.3861471,
              55.8034486
            ],
            [
              29.3873467,
              55.8036171
            ],
            [
              29.3879517,
              55.8035533
            ],
            [
              29.3889205,
              55.8035832
            ],
            [
              29.3895515,
              55.8034724
            ],
            [
              29.3897482,
              55.8034064
            ],
            [
              29.3900449,
              55.8032357
            ],
            [
              29.3901738,
              55.8028121
            ],
            [
              29.3900982,
              55.8024863
            ],
            [
              29.3896773,
              55.801428
            ],
            [
              29.3894335,
              55.8010965
            ],
            [
              29.3889228,
              55.8007373
            ],
            [
              29.3886954,
              55.8004344
            ],
            [
              29.3879324,
              55.8001046
            ],
            [
              29.3877865,
              55.7998625
            ],
            [
              29.3880326,
              55.799453
            ],
            [
              29.3877787,
              55.7992188
            ],
            [
              29.3873306,
              55.7989346
            ],
            [
              29.3871154,
              55.7989132
            ],
            [
              29.3867971,
              55.798763
            ],
            [
              29.3866798,
              55.7985185
            ],
            [
              29.3861275,
              55.7983543
            ],
            [
              29.3858286,
              55.7980511
            ],
            [
              29.3854521,
              55.7979109
            ],
            [
              29.3850399,
              55.7978747
            ],
            [
              29.3845536,
              55.7979777
            ],
            [
              29.384228,
              55.7981439
            ],
            [
              29.3839233,
              55.7982945
            ],
            [
              29.3837682,
              55.7985889
            ]
          ]
        ]
      },
      "properties": {
        "id": 193,
        "name": "Озеро Макачи",
        "type": "lake",
        "type_ru": "Озеро",
        "district": "Полоцкий",
        "region": "Витебская область",
        "location_description": "в 46 км на северо-восток от г. Полоцка, 1,5 км на юг от д. Булыги",
        "activities": "подводная охота, лов рыбы на дорожку с судов с двигателями",
        "coordinate_source": "osm_geometry"
      }
    },
    {
      "type": "Feature",
      "geometry": {
        "type": "Polygon",
        "coordinates": [
          [
            [
              29.4851951,
              55.7207533
            ],
            [
              29.4872938,
              55.7214654
            ],
            [
              29.489461,
              55.7218552
            ],
            [
              29.4899331,
              55.7220697
            ],
            [
              29.491562,
              55.7222197
            ],
            [
              29.4942675,
              55.724257
            ],
            [
              29.4955442,
              55.7255259
            ],
            [
              29.4964562,
              55.7260515
            ],
            [
              29.4972823,
              55.7264624
            ],
            [
              29.4976039,
              55.7264473
            ],
            [
              29.498961,
              55.7261324
            ],
            [
              29.5005439,
              55.7257011
            ],
            [
              29.5012574,
              55.7256821
            ],
            [
              29.5018796,
              55.7258642
            ],
            [
              29.5023571,
              55.7261965
            ],
            [
              29.5028745,
              55.7263979
            ],
            [
              29.5031027,
              55.726405
            ],
            [
              29.502974,
              55.7260274
            ],
            [
              29.5032924,
              55.7255112
            ],
            [
              29.5037924,
              55.7253507
            ],
            [
              29.5045565,
              55.7254292
            ],
            [
              29.5057532,
              55.7257916
            ],
            [
              29.5081238,
              55.7268853
            ],
            [
              29.5103501,
              55.7282594
            ],
            [
              29.5133933,
              55.7289754
            ],
            [
              29.5140086,
              55.7293956
            ],
            [
              29.5140804,
              55.7298682
            ],
            [
              29.5143787,
              55.7299907
            ],
            [
              29.5142206,
              55.7302601
            ],
            [
              29.5133595,
              55.7301085
            ],
            [
              29.5123295,
              55.7302897
            ],
            [
              29.5109615,
              55.730383
            ],
            [
              29.5089607,
              55.730619
            ],
            [
              29.5069061,
              55.7305435
            ],
            [
              29.5049536,
              55.7304934
            ],
            [
              29.5031403,
              55.7304921
            ],
            [
              29.5025931,
              55.7306975
            ],
            [
              29.4998465,
              55.7304619
            ],
            [
              29.4981784,
              55.7305909
            ],
            [
              29.4952546,
              55.730033
            ],
            [
              29.4940744,
              55.7296222
            ],
            [
              29.492004,
              55.7295509
            ],
            [
              29.4908282,
              55.7292064
            ],
            [
              29.4908075,
              55.7290271
            ],
            [
              29.4910229,
              55.7285871
            ],
            [
              29.491596,
              55.7282356
            ],
            [
              29.4916873,
              55.728151
            ],
            [
              29.4915263,
              55.7281239
            ],
            [
              29.4907227,
              55.7283208
            ],
            [
              29.4895081,
              55.7286158
            ],
            [
              29.4892437,
              55.7287099
            ],
            [
              29.4886271,
              55.7286647
            ],
            [
              29.4885206,
              55.7282081
            ],
            [
              29.4884498,
              55.7279698
            ],
            [
              29.4884228,
              55.7278221
            ],
            [
              29.4873072,
              55.7274109
            ],
            [
              29.4868083,
              55.7269941
            ],
            [
              29.4858749,
              55.7267222
            ],
            [
              29.4849254,
              55.7263023
            ],
            [
              29.4844616,
              55.7259652
            ],
            [
              29.482785,
              55.725683
            ],
            [
              29.4810415,
              55.725541
            ],
            [
              29.4808413,
              55.7256148
            ],
            [
              29.4798012,
              55.725779
            ],
            [
              29.4794215,
              55.7257827
            ],
            [
              29.4788368,
              55.7256679
            ],
            [
              29.4781746,
              55.7254651
            ],
            [
              29.477949,
              55.7251936
            ],
            [
              29.4780733,
              55.7245997
            ],
            [
              29.4762797,
              55.7233729
            ],
            [
              29.4746257,
              55.7226492
            ],
            [
              29.4740812,
              55.72268
            ],
            [
              29.4738398,
              55.7229096
            ],
            [
              29.4735179,
              55.7227585
            ],
            [
              29.4733034,
              55.7224111
            ],
            [
              29.4727859,
              55.7222773
            ],
            [
              29.4727669,
              55.7220908
            ],
            [
              29.4731156,
              55.7218824
            ],
            [
              29.4735655,
              55.7205465
            ],
            [
              29.4741831,
              55.7199608
            ],
            [
              29.474778,
              55.7195688
            ],
            [
              29.4759534,
              55.7195196
            ],
            [
              29.4774071,
              55.7192568
            ],
            [
              29.4785265,
              55.7192254
            ],
            [
              29.4807384,
              55.7196526
            ],
            [
              29.4831741,
              55.7205066
            ],
            [
              29.4851951,
              55.7207533
            ]
          ]
        ]
      },
      "properties": {
        "id": 194,
        "name": "Озеро Малое Белое",
        "type": "lake",
        "type_ru": "Озеро",
        "district": "Полоцкий",
        "region": "Витебская область",
        "location_description": "в 52 км на северо-восток от г. Полоцка",
        "activities": "подводная охота, лов рыбы на дорожку с судов с двигателями",
        "coordinate_source": "osm_geometry"
      }
    },
    {
      "type": "Feature",
      "geometry": {
        "type": "Polygon",
        "coordinates": [
          [
            [
              28.78160145463996,
              55.7196263963964
            ],
            [
              28.79439854536004,
              55.7196263963964
            ],
            [
              28.79439854536004,
              55.7268336036036
            ],
            [
              28.78160145463996,
              55.7268336036036
            ],
            [
              28.78160145463996,
              55.7196263963964
            ]
          ]
        ]
      },
      "properties": {
        "id": 195,
        "name": "Озеро Мещецкое",
        "type": "lake",
        "type_ru": "Озеро",
        "district": "Полоцкий",
        "region": "Витебская область",
        "location_description": "в 26 км на север от г. Полоцка, 0,4 км от д. Вороново",
        "activities": "подводная охота, лов рыбы на дорожку с судов с двигателями",
        "coordinate_source": "calculated_from_decree_description"
      }
    },
    {
      "type": "Feature",
      "geometry": {
        "type": "Polygon",
        "coordinates": [
          [
            [
              28.781659836207535,
              55.3592663963964
            ],
            [
              28.794340163792466,
              55.3592663963964
            ],
            [
              28.794340163792466,
              55.3664736036036
            ],
            [
              28.781659836207535,
              55.3664736036036
            ],
            [
              28.781659836207535,
              55.3592663963964
            ]
          ]
        ]
      },
      "properties": {
        "id": 196,
        "name": "Озеро Моховое",
        "type": "lake",
        "type_ru": "Озеро",
        "district": "Полоцкий",
        "region": "Витебская область",
        "location_description": "в 14 км на юг от г. Полоцка, 1,5 км на юг от д. Межно",
        "activities": "подводная охота",
        "coordinate_source": "calculated_from_decree_description"
      }
    },
    {
      "type": "Feature",
      "geometry": {
        "type": "Polygon",
        "coordinates": [
          [
            [
              28.5690169,
              55.3739274
            ],
            [
              28.569041,
              55.3739563
            ],
            [
              28.5690813,
              55.3739693
            ],
            [
              28.5691389,
              55.373967
            ],
            [
              28.569198,
              55.3739259
            ],
            [
              28.5693187,
              55.3738542
            ],
            [
              28.5694045,
              55.3737986
            ],
            [
              28.5694192,
              55.373775
            ],
            [
              28.5694018,
              55.3737437
            ],
            [
              28.5692878,
              55.3736752
            ],
            [
              28.5692422,
              55.3736683
            ],
            [
              28.569143,
              55.3736851
            ],
            [
              28.5690075,
              55.3737354
            ],
            [
              28.5689861,
              55.373759
            ],
            [
              28.5689713,
              55.3738017
            ],
            [
              28.5690169,
              55.3739274
            ]
          ]
        ]
      },
      "properties": {
        "id": 197,
        "name": "Озеро Навлицкое (Навлицы)",
        "type": "lake",
        "type_ru": "Озеро",
        "district": "Полоцкий",
        "region": "Витебская область",
        "location_description": "в 20 км на юго-запад от г. Полоцка, 0,25 км на юго-восток от д. Навлицы",
        "activities": "подводная охота",
        "coordinate_source": "osm_geometry"
      }
    },
    {
      "type": "Feature",
      "geometry": {
        "type": "MultiPolygon",
        "coordinates": [
          [
            [
              [
                29.3113349,
                55.6155525
              ],
              [
                29.3115108,
                55.615385
              ],
              [
                29.3117779,
                55.6146701
              ],
              [
                29.3118012,
                55.6141257
              ],
              [
                29.3114992,
                55.6138896
              ],
              [
                29.3105934,
                55.6135157
              ],
              [
                29.3102682,
                55.6133518
              ],
              [
                29.3101457,
                55.6132624
              ],
              [
                29.3101288,
                55.6131681
              ],
              [
                29.3103843,
                55.6129451
              ],
              [
                29.3108953,
                55.6126172
              ],
              [
                29.310814,
                55.6124466
              ],
              [
                29.3110695,
                55.6122892
              ],
              [
                29.3113482,
                55.6122498
              ],
              [
                29.3115224,
                55.6123286
              ],
              [
                29.3116558,
                55.6123151
              ],
              [
                29.3118244,
                55.612217
              ],
              [
                29.3122192,
                55.6118957
              ],
              [
                29.3122541,
                55.611653
              ],
              [
                29.3118708,
                55.6112266
              ],
              [
                29.3119289,
                55.6110954
              ],
              [
                29.312138,
                55.6109414
              ],
              [
                29.312347,
                55.6109118
              ],
              [
                29.3125781,
                55.6109205
              ],
              [
                29.3127651,
                55.6109839
              ],
              [
                29.3129509,
                55.611266
              ],
              [
                29.313187,
                55.6113352
              ],
              [
                29.3135199,
                55.6113447
              ],
              [
                29.3139961,
                55.6112463
              ],
              [
                29.3145071,
                55.6109314
              ],
              [
                29.3148903,
                55.6104657
              ],
              [
                29.3154477,
                55.6096458
              ],
              [
                29.3154477,
                55.6091604
              ],
              [
                29.3155058,
                55.6087734
              ],
              [
                29.3158194,
                55.6085241
              ],
              [
                29.3160284,
                55.6081174
              ],
              [
                29.3160516,
                55.607363
              ],
              [
                29.3156916,
                55.6067857
              ],
              [
                29.3155377,
                55.6065364
              ],
              [
                29.3155609,
                55.6064659
              ],
              [
                29.315831,
                55.6061756
              ],
              [
                29.3158978,
                55.6060182
              ],
              [
                29.3159007,
                55.6058542
              ],
              [
                29.3155407,
                55.6054147
              ],
              [
                29.3150877,
                55.6051326
              ],
              [
                29.3148816,
                55.6050735
              ],
              [
                29.3146232,
                55.6050801
              ],
              [
                29.3142646,
                55.6051835
              ],
              [
                29.3141499,
                55.6051851
              ],
              [
                29.3138335,
                55.6050735
              ],
              [
                29.3125096,
                55.6050539
              ],
              [
                29.3105092,
                55.6052277
              ],
              [
                29.3102335,
                55.6052195
              ],
              [
                29.3095946,
                55.6051129
              ],
              [
                29.3084446,
                55.6050325
              ],
              [
                29.3082939,
                55.6050473
              ],
              [
                29.3077713,
                55.6052507
              ],
              [
                29.3070281,
                55.6054671
              ],
              [
                29.3065491,
                55.6055294
              ],
              [
                29.3060642,
                55.6055327
              ],
              [
                29.3054457,
                55.6054786
              ],
              [
                29.3049957,
                55.6054081
              ],
              [
                29.3044614,
                55.6051883
              ],
              [
                29.3041828,
                55.605126
              ],
              [
                29.3038692,
                55.605126
              ],
              [
                29.30277,
                55.6052887
              ],
              [
                29.3020363,
                55.60539
              ],
              [
                29.3014779,
                55.6054364
              ],
              [
                29.3008209,
                55.6056498
              ],
              [
                29.3003775,
                55.6059003
              ],
              [
                29.299507,
                55.6061508
              ],
              [
                29.2992818,
                55.6061813
              ],
              [
                29.3113349,
                55.6155525
              ]
            ]
          ],
          [
            [
              [
                29.3091765,
                55.6169262
              ],
              [
                29.3095568,
                55.616636
              ],
              [
                29.309734,
                55.6163622
              ],
              [
                29.3098658,
                55.6162282
              ],
              [
                29.3105121,
                55.6160802
              ],
              [
                29.3111044,
                55.6157719
              ],
              [
                29.3113349,
                55.6155525
              ],
              [
                29.3091765,
                55.6169262
              ]
            ]
          ],
          [
            [
              [
                29.2992278,
                55.6072548
              ],
              [
                29.2990472,
                55.6074125
              ],
              [
                29.299022,
                55.6075309
              ],
              [
                29.2990529,
                55.6077509
              ],
              [
                29.2991129,
                55.6078856
              ],
              [
                29.2994578,
                55.6083216
              ],
              [
                29.3002954,
                55.608869
              ],
              [
                29.3012644,
                55.6094812
              ],
              [
                29.3012315,
                55.609741
              ],
              [
                29.3015272,
                55.6100193
              ],
              [
                29.3018885,
                55.6102419
              ],
              [
                29.3023155,
                55.610446
              ],
              [
                29.3025275,
                55.6104848
              ],
              [
                29.3027918,
                55.6104645
              ],
              [
                29.3031038,
                55.6104367
              ],
              [
                29.3036294,
                55.6104645
              ],
              [
                29.303714,
                55.6105022
              ],
              [
                29.3037115,
                55.6105759
              ],
              [
                29.3035144,
                55.610817
              ],
              [
                29.3032516,
                55.6111324
              ],
              [
                29.3031367,
                55.6115962
              ],
              [
                29.3029724,
                55.6119116
              ],
              [
                29.3030546,
                55.6122734
              ],
              [
                29.3032404,
                55.6124145
              ],
              [
                29.3035308,
                55.6125424
              ],
              [
                29.3038971,
                55.6126663
              ],
              [
                29.304059,
                55.6127648
              ],
              [
                29.3041193,
                55.6129173
              ],
              [
                29.3040372,
                55.613279
              ],
              [
                29.3036923,
                55.6136315
              ],
              [
                29.3032817,
                55.6139283
              ],
              [
                29.30324,
                55.6140716
              ],
              [
                29.3033145,
                55.6143364
              ],
              [
                29.3030846,
                55.6149393
              ],
              [
                29.3032,
                55.61554
              ],
              [
                29.3033716,
                55.6158101
              ],
              [
                29.3036594,
                55.6160802
              ],
              [
                29.3042999,
                55.6164883
              ],
              [
                29.3056795,
                55.6171746
              ],
              [
                29.3060709,
                55.617309
              ],
              [
                29.3063693,
                55.6173416
              ],
              [
                29.3071617,
                55.6173556
              ],
              [
                29.3074486,
                55.6173237
              ],
              [
                29.3078146,
                55.6171654
              ],
              [
                29.3080471,
                55.6171541
              ],
              [
                29.3083329,
                55.6171156
              ],
              [
                29.3091765,
                55.6169262
              ],
              [
                29.2992278,
                55.6072548
              ]
            ]
          ],
          [
            [
              [
                29.2992818,
                55.6061813
              ],
              [
                29.2991316,
                55.6063176
              ],
              [
                29.2990136,
                55.6064358
              ],
              [
                29.2990082,
                55.6066146
              ],
              [
                29.2990941,
                55.6070418
              ],
              [
                29.2991261,
                55.6071499
              ],
              [
                29.2992278,
                55.6072548
              ],
              [
                29.2992818,
                55.6061813
              ]
            ]
          ]
        ]
      },
      "properties": {
        "id": 198,
        "name": "Озеро Невежа",
        "type": "lake",
        "type_ru": "Озеро",
        "district": "Полоцкий",
        "region": "Витебская область",
        "location_description": "в 35 км на северо-восток от г. Полоцка, 5 км на юго-запад от д. Труды",
        "activities": "подводная охота, лов рыбы на дорожку с судов с двигателями",
        "coordinate_source": "osm_geometry"
      }
    },
    {
      "type": "Feature",
      "geometry": {
        "type": "Polygon",
        "coordinates": [
          [
            [
              28.466888185764265,
              55.3070563963964
            ],
            [
              28.479551814235737,
              55.3070563963964
            ],
            [
              28.479551814235737,
              55.3142636036036
            ],
            [
              28.466888185764265,
              55.3142636036036
            ],
            [
              28.466888185764265,
              55.3070563963964
            ]
          ]
        ]
      },
      "properties": {
        "id": 199,
        "name": "Озеро Невидо",
        "type": "lake",
        "type_ru": "Озеро",
        "district": "Полоцкий",
        "region": "Витебская область",
        "location_description": "в 28 км на юго-запад от г. Полоцка, 2,4 км на север от д. Бобыничи",
        "activities": "подводная охота",
        "coordinate_source": "calculated_from_decree_description"
      }
    },
    {
      "type": "Feature",
      "geometry": {
        "type": "Polygon",
        "coordinates": [
          [
            [
              29.073902675572562,
              55.6509963963964
            ],
            [
              29.08667732442744,
              55.6509963963964
            ],
            [
              29.08667732442744,
              55.6582036036036
            ],
            [
              29.073902675572562,
              55.6582036036036
            ],
            [
              29.073902675572562,
              55.6509963963964
            ]
          ]
        ]
      },
      "properties": {
        "id": 200,
        "name": "Озеро Недружно",
        "type": "lake",
        "type_ru": "Озеро",
        "district": "Полоцкий",
        "region": "Витебская область",
        "location_description": "в 26 км на северо-восток от г. Полоцка, 5 км на юго-восток от д. Полата",
        "activities": "подводная охота, лов рыбы на дорожку с судов с двигателями",
        "coordinate_source": "calculated_from_decree_description"
      }
    },
    {
      "type": "Feature",
      "geometry": {
        "type": "Polygon",
        "coordinates": [
          [
            [
              28.33191808691472,
              55.7401663963964
            ],
            [
              28.34472191308528,
              55.7401663963964
            ],
            [
              28.34472191308528,
              55.7473736036036
            ],
            [
              28.33191808691472,
              55.7473736036036
            ],
            [
              28.33191808691472,
              55.7401663963964
            ]
          ]
        ]
      },
      "properties": {
        "id": 201,
        "name": "Озеро Недружно-1",
        "type": "lake",
        "type_ru": "Озеро",
        "district": "Полоцкий",
        "region": "Витебская область",
        "location_description": "в 40 км на северо-запад от г. Полоцка, 6 км на восток от д. Дретунь",
        "activities": "подводная охота",
        "coordinate_source": "calculated_from_decree_description"
      }
    },
    {
      "type": "Feature",
      "geometry": {
        "type": "Polygon",
        "coordinates": [
          [
            [
              29.3837682,
              55.7985889
            ],
            [
              29.3837901,
              55.7989466
            ],
            [
              29.3841488,
              55.7994921
            ],
            [
              29.3845357,
              55.7998753
            ],
            [
              29.3846292,
              55.8001371
            ],
            [
              29.3848707,
              55.8003948
            ],
            [
              29.38545,
              55.8015088
            ],
            [
              29.3856273,
              55.8019189
            ],
            [
              29.3857427,
              55.8020825
            ],
            [
              29.3856784,
              55.8021669
            ],
            [
              29.3853662,
              55.8023067
            ],
            [
              29.3851848,
              55.8024985
            ],
            [
              29.3852331,
              55.8027156
            ],
            [
              29.3853541,
              55.803013
            ],
            [
              29.3856945,
              55.8032855
            ],
            [
              29.3861471,
              55.8034486
            ],
            [
              29.3873467,
              55.8036171
            ],
            [
              29.3879517,
              55.8035533
            ],
            [
              29.3889205,
              55.8035832
            ],
            [
              29.3895515,
              55.8034724
            ],
            [
              29.3897482,
              55.8034064
            ],
            [
              29.3900449,
              55.8032357
            ],
            [
              29.3901738,
              55.8028121
            ],
            [
              29.3900982,
              55.8024863
            ],
            [
              29.3896773,
              55.801428
            ],
            [
              29.3894335,
              55.8010965
            ],
            [
              29.3889228,
              55.8007373
            ],
            [
              29.3886954,
              55.8004344
            ],
            [
              29.3879324,
              55.8001046
            ],
            [
              29.3877865,
              55.7998625
            ],
            [
              29.3880326,
              55.799453
            ],
            [
              29.3877787,
              55.7992188
            ],
            [
              29.3873306,
              55.7989346
            ],
            [
              29.3871154,
              55.7989132
            ],
            [
              29.3867971,
              55.798763
            ],
            [
              29.3866798,
              55.7985185
            ],
            [
              29.3861275,
              55.7983543
            ],
            [
              29.3858286,
              55.7980511
            ],
            [
              29.3854521,
              55.7979109
            ],
            [
              29.3850399,
              55.7978747
            ],
            [
              29.3845536,
              55.7979777
            ],
            [
              29.384228,
              55.7981439
            ],
            [
              29.3839233,
              55.7982945
            ],
            [
              29.3837682,
              55.7985889
            ]
          ]
        ]
      },
      "properties": {
        "id": 202,
        "name": "Озеро Недружно 3",
        "type": "lake",
        "type_ru": "Озеро",
        "district": "Полоцкий",
        "region": "Витебская область",
        "location_description": "в 38 км на северо-восток от г. Полоцка",
        "activities": "подводная охота, лов рыбы на дорожку с судов с двигателями",
        "coordinate_source": "osm_geometry"
      }
    },
    {
      "type": "Feature",
      "geometry": {
        "type": "Polygon",
        "coordinates": [
          [
            [
              28.5890597,
              55.3662209
            ],
            [
              28.5889953,
              55.3661294
            ],
            [
              28.5890168,
              55.3660502
            ],
            [
              28.5891348,
              55.3660197
            ],
            [
              28.5892984,
              55.366038
            ],
            [
              28.5894111,
              55.3660532
            ],
            [
              28.5895425,
              55.3660502
            ],
            [
              28.5896471,
              55.3660654
            ],
            [
              28.5897356,
              55.3661355
            ],
            [
              28.5897544,
              55.366198
            ],
            [
              28.5897142,
              55.3662605
            ],
            [
              28.5896015,
              55.3663627
            ],
            [
              28.5895103,
              55.3664328
            ],
            [
              28.5894003,
              55.366448
            ],
            [
              28.5893038,
              55.3664343
            ],
            [
              28.5891992,
              55.3663642
            ],
            [
              28.5891777,
              55.3662864
            ],
            [
              28.5890597,
              55.3662209
            ]
          ]
        ]
      },
      "properties": {
        "id": 203,
        "name": "Озеро Нежелево (Нежлево)",
        "type": "lake",
        "type_ru": "Озеро",
        "district": "Полоцкий",
        "region": "Витебская область",
        "location_description": "в 18 км на юго-запад от г. Полоцка",
        "activities": "подводная охота, лов рыбы на дорожку с судов с двигателями",
        "coordinate_source": "osm_geometry"
      }
    },
    {
      "type": "Feature",
      "geometry": {
        "type": "Polygon",
        "coordinates": [
          [
            [
              29.3837682,
              55.7985889
            ],
            [
              29.3837901,
              55.7989466
            ],
            [
              29.3841488,
              55.7994921
            ],
            [
              29.3845357,
              55.7998753
            ],
            [
              29.3846292,
              55.8001371
            ],
            [
              29.3848707,
              55.8003948
            ],
            [
              29.38545,
              55.8015088
            ],
            [
              29.3856273,
              55.8019189
            ],
            [
              29.3857427,
              55.8020825
            ],
            [
              29.3856784,
              55.8021669
            ],
            [
              29.3853662,
              55.8023067
            ],
            [
              29.3851848,
              55.8024985
            ],
            [
              29.3852331,
              55.8027156
            ],
            [
              29.3853541,
              55.803013
            ],
            [
              29.3856945,
              55.8032855
            ],
            [
              29.3861471,
              55.8034486
            ],
            [
              29.3873467,
              55.8036171
            ],
            [
              29.3879517,
              55.8035533
            ],
            [
              29.3889205,
              55.8035832
            ],
            [
              29.3895515,
              55.8034724
            ],
            [
              29.3897482,
              55.8034064
            ],
            [
              29.3900449,
              55.8032357
            ],
            [
              29.3901738,
              55.8028121
            ],
            [
              29.3900982,
              55.8024863
            ],
            [
              29.3896773,
              55.801428
            ],
            [
              29.3894335,
              55.8010965
            ],
            [
              29.3889228,
              55.8007373
            ],
            [
              29.3886954,
              55.8004344
            ],
            [
              29.3879324,
              55.8001046
            ],
            [
              29.3877865,
              55.7998625
            ],
            [
              29.3880326,
              55.799453
            ],
            [
              29.3877787,
              55.7992188
            ],
            [
              29.3873306,
              55.7989346
            ],
            [
              29.3871154,
              55.7989132
            ],
            [
              29.3867971,
              55.798763
            ],
            [
              29.3866798,
              55.7985185
            ],
            [
              29.3861275,
              55.7983543
            ],
            [
              29.3858286,
              55.7980511
            ],
            [
              29.3854521,
              55.7979109
            ],
            [
              29.3850399,
              55.7978747
            ],
            [
              29.3845536,
              55.7979777
            ],
            [
              29.384228,
              55.7981439
            ],
            [
              29.3839233,
              55.7982945
            ],
            [
              29.3837682,
              55.7985889
            ]
          ]
        ]
      },
      "properties": {
        "id": 204,
        "name": "Озеро Неклея",
        "type": "lake",
        "type_ru": "Озеро",
        "district": "Полоцкий",
        "region": "Витебская область",
        "location_description": "в 37 км на северо-восток от г. Полоцка, 0,25 км на запад от д. Труды",
        "activities": "подводная охота, лов рыбы на дорожку с судов с двигателями",
        "coordinate_source": "osm_geometry"
      }
    },
    {
      "type": "Feature",
      "geometry": {
        "type": "Polygon",
        "coordinates": [
          [
            [
              28.4331712350764,
              55.2879463963964
            ],
            [
              28.445828764923597,
              55.2879463963964
            ],
            [
              28.445828764923597,
              55.2951536036036
            ],
            [
              28.4331712350764,
              55.2951536036036
            ],
            [
              28.4331712350764,
              55.2879463963964
            ]
          ]
        ]
      },
      "properties": {
        "id": 205,
        "name": "Озеро Несито",
        "type": "lake",
        "type_ru": "Озеро",
        "district": "Полоцкий",
        "region": "Витебская область",
        "location_description": "в 31 км на юго-запад от г. Полоцка, около д. Бабыничи",
        "activities": "подводная охота",
        "coordinate_source": "calculated_from_decree_description"
      }
    },
    {
      "type": "Feature",
      "geometry": {
        "type": "Polygon",
        "coordinates": [
          [
            [
              28.489376150864928,
              55.3197963963964
            ],
            [
              28.50204384913507,
              55.3197963963964
            ],
            [
              28.50204384913507,
              55.3270036036036
            ],
            [
              28.489376150864928,
              55.3270036036036
            ],
            [
              28.489376150864928,
              55.3197963963964
            ]
          ]
        ]
      },
      "properties": {
        "id": 206,
        "name": "Озеро Ореховно",
        "type": "lake",
        "type_ru": "Озеро",
        "district": "Полоцкий",
        "region": "Витебская область",
        "location_description": "в 26 км на юго-запад от г. Полоцка, 0,15 км от д. Ореховно",
        "activities": "подводная охота, лов рыбы на дорожку с судов с двигателями",
        "coordinate_source": "calculated_from_decree_description"
      }
    },
    {
      "type": "Feature",
      "geometry": {
        "type": "Polygon",
        "coordinates": [
          [
            [
              28.489376150864928,
              55.3197963963964
            ],
            [
              28.50204384913507,
              55.3197963963964
            ],
            [
              28.50204384913507,
              55.3270036036036
            ],
            [
              28.489376150864928,
              55.3270036036036
            ],
            [
              28.489376150864928,
              55.3197963963964
            ]
          ]
        ]
      },
      "properties": {
        "id": 207,
        "name": "Озеро Островно",
        "type": "lake",
        "type_ru": "Озеро",
        "district": "Полоцкий",
        "region": "Витебская область",
        "location_description": "в 26 км на юго-запад от г. Полоцка, 1,5 км на восток от д. Шендялы",
        "activities": "подводная охота, лов рыбы на дорожку с судов с двигателями",
        "coordinate_source": "calculated_from_decree_description"
      }
    },
    {
      "type": "Feature",
      "geometry": {
        "type": "Polygon",
        "coordinates": [
          [
            [
              28.51185411434388,
              55.3325363963964
            ],
            [
              28.52452588565612,
              55.3325363963964
            ],
            [
              28.52452588565612,
              55.3397436036036
            ],
            [
              28.51185411434388,
              55.3397436036036
            ],
            [
              28.51185411434388,
              55.3325363963964
            ]
          ]
        ]
      },
      "properties": {
        "id": 208,
        "name": "Озеро Отводы",
        "type": "lake",
        "type_ru": "Озеро",
        "district": "Полоцкий",
        "region": "Витебская область",
        "location_description": "в 24 км на юго-запад от г. Полоцка",
        "activities": "подводная охота, лов рыбы на дорожку с судов с двигателями",
        "coordinate_source": "calculated_from_decree_description"
      }
    },
    {
      "type": "Feature",
      "geometry": {
        "type": "Polygon",
        "coordinates": [
          [
            [
              29.1699258,
              55.6740204
            ],
            [
              29.1692955,
              55.673974
            ],
            [
              29.1688662,
              55.6738504
            ],
            [
              29.1686835,
              55.6737474
            ],
            [
              29.1686196,
              55.6735517
            ],
            [
              29.1687931,
              55.6733611
            ],
            [
              29.1692681,
              55.6733611
            ],
            [
              29.1697249,
              55.6734538
            ],
            [
              29.1701542,
              55.6734589
            ],
            [
              29.1705287,
              55.6734023
            ],
            [
              29.1707753,
              55.6733765
            ],
            [
              29.1710128,
              55.6734435
            ],
            [
              29.1711316,
              55.6735774
            ],
            [
              29.1710494,
              55.6737577
            ],
            [
              29.1708575,
              55.6739328
            ],
            [
              29.1706018,
              55.6739998
            ],
            [
              29.1703277,
              55.674005
            ],
            [
              29.1699258,
              55.6740204
            ]
          ]
        ]
      },
      "properties": {
        "id": 209,
        "name": "Озеро Отрадань (Страдань)",
        "type": "lake",
        "type_ru": "Озеро",
        "district": "Полоцкий",
        "region": "Витебская область",
        "location_description": "в 32 км на северо-восток от г. Полоцка, 5 км на север от д. Конный Бор",
        "activities": "подводная охота, лов рыбы на дорожку с судов с двигателями",
        "coordinate_source": "osm_geometry"
      }
    },
    {
      "type": "Feature",
      "geometry": {
        "type": "MultiPolygon",
        "coordinates": [
          [
            [
              [
                29.115399,
                55.6775234
              ],
              [
                29.1149443,
                55.6777084
              ],
              [
                29.1140431,
                55.6782257
              ],
              [
                29.1140592,
                55.6784616
              ],
              [
                29.1138822,
                55.6787368
              ],
              [
                29.1135764,
                55.6792117
              ],
              [
                29.1135496,
                55.6793236
              ],
              [
                29.113655,
                55.6794614
              ],
              [
                29.1139205,
                55.6796136
              ],
              [
                29.115399,
                55.6775234
              ]
            ]
          ],
          [
            [
              [
                29.1139205,
                55.6796136
              ],
              [
                29.114306,
                55.6798347
              ],
              [
                29.1145474,
                55.6800918
              ],
              [
                29.1150624,
                55.6803822
              ],
              [
                29.1160065,
                55.6806877
              ],
              [
                29.116677,
                55.6809931
              ],
              [
                29.1170096,
                55.6813379
              ],
              [
                29.1174066,
                55.6816192
              ],
              [
                29.1181633,
                55.6818664
              ],
              [
                29.1191018,
                55.6821878
              ],
              [
                29.1196597,
                55.6823329
              ],
              [
                29.1201478,
                55.6823844
              ],
              [
                29.1206145,
                55.6823481
              ],
              [
                29.1211,
                55.6822167
              ],
              [
                29.1216606,
                55.6819065
              ],
              [
                29.1219342,
                55.6816162
              ],
              [
                29.1219574,
                55.6814125
              ],
              [
                29.1218054,
                55.6812139
              ],
              [
                29.1213119,
                55.6808873
              ],
              [
                29.1207486,
                55.6806453
              ],
              [
                29.1205126,
                55.6804185
              ],
              [
                29.1203946,
                55.6801432
              ],
              [
                29.1204375,
                55.679871
              ],
              [
                29.1209632,
                55.6794385
              ],
              [
                29.1211349,
                55.679124
              ],
              [
                29.1213384,
                55.6790114
              ],
              [
                29.1214943,
                55.6788518
              ],
              [
                29.1215265,
                55.678395
              ],
              [
                29.1214836,
                55.6781531
              ],
              [
                29.1212743,
                55.6779565
              ],
              [
                29.1210061,
                55.6777901
              ],
              [
                29.1206789,
                55.6776994
              ],
              [
                29.1201746,
                55.6776237
              ],
              [
                29.1195148,
                55.6775511
              ],
              [
                29.1177875,
                55.6774816
              ],
              [
                29.1168987,
                55.6773619
              ],
              [
                29.1164571,
                55.6773303
              ],
              [
                29.1155612,
                55.6774574
              ],
              [
                29.115399,
                55.6775234
              ],
              [
                29.1139205,
                55.6796136
              ]
            ]
          ]
        ]
      },
      "properties": {
        "id": 210,
        "name": "Озеро Пасужа (Посужье)",
        "type": "lake",
        "type_ru": "Озеро",
        "district": "Полоцкий",
        "region": "Витебская область",
        "location_description": "в 30 км на северо-восток от г. Полоцка, 5 км на юго-запад от д. Дретунь",
        "activities": "подводная охота",
        "coordinate_source": "osm_geometry"
      }
    },
    {
      "type": "Feature",
      "geometry": {
        "type": "Polygon",
        "coordinates": [
          [
            [
              28.51180475321222,
              55.6382563963964
            ],
            [
              28.52457524678778,
              55.6382563963964
            ],
            [
              28.52457524678778,
              55.6454636036036
            ],
            [
              28.51180475321222,
              55.6454636036036
            ],
            [
              28.51180475321222,
              55.6382563963964
            ]
          ]
        ]
      },
      "properties": {
        "id": 211,
        "name": "Озеро Сердово",
        "type": "lake",
        "type_ru": "Озеро",
        "district": "Полоцкий",
        "region": "Витебская область",
        "location_description": "в 24 км на северо-запад от г. Полоцка, 0,1 км на запад от г.п. Ветрино",
        "activities": "подводная охота",
        "coordinate_source": "calculated_from_decree_description"
      }
    },
    {
      "type": "Feature",
      "geometry": {
        "type": "Polygon",
        "coordinates": [
          [
            [
              28.4672718,
              55.4930144
            ],
            [
              28.4667044,
              55.4934546
            ],
            [
              28.4665632,
              55.4937318
            ],
            [
              28.4665954,
              55.4939536
            ],
            [
              28.466692,
              55.4941785
            ],
            [
              28.4671265,
              55.4944885
            ],
            [
              28.4675181,
              55.4946739
            ],
            [
              28.4677595,
              55.4948805
            ],
            [
              28.4680518,
              55.4950233
            ],
            [
              28.4681672,
              55.4951175
            ],
            [
              28.4681404,
              55.495271
            ],
            [
              28.4679553,
              55.4953773
            ],
            [
              28.4679379,
              55.4954601
            ],
            [
              28.4680143,
              55.4955217
            ],
            [
              28.4682101,
              55.4956432
            ],
            [
              28.4685051,
              55.4958013
            ],
            [
              28.4686312,
              55.4958256
            ],
            [
              28.4687546,
              55.4958058
            ],
            [
              28.4689155,
              55.495704
            ],
            [
              28.4690389,
              55.4956493
            ],
            [
              28.469122,
              55.4955445
            ],
            [
              28.4690765,
              55.4954062
            ],
            [
              28.4689477,
              55.4953166
            ],
            [
              28.4688137,
              55.4952225
            ],
            [
              28.4687653,
              55.4951282
            ],
            [
              28.4688109,
              55.4949884
            ],
            [
              28.4690481,
              55.4947264
            ],
            [
              28.4693688,
              55.4942373
            ],
            [
              28.4696907,
              55.4938777
            ],
            [
              28.4701091,
              55.49351
            ],
            [
              28.4703934,
              55.4930572
            ],
            [
              28.4705114,
              55.4927745
            ],
            [
              28.4704667,
              55.492658
            ],
            [
              28.4703022,
              55.4925436
            ],
            [
              28.4700473,
              55.4925042
            ],
            [
              28.4694675,
              55.4925322
            ],
            [
              28.4687891,
              55.4925881
            ],
            [
              28.4680366,
              55.4927279
            ],
            [
              28.4675185,
              55.4928746
            ],
            [
              28.4672718,
              55.4930144
            ]
          ]
        ]
      },
      "properties": {
        "id": 212,
        "name": "Озеро Солонец (Бездедовское)",
        "type": "lake",
        "type_ru": "Озеро",
        "district": "Полоцкий",
        "region": "Витебская область",
        "location_description": "в 20 км на запад от г. Полоцка, 1 км на север от д. Бездедовичи",
        "activities": "подводная охота, лов рыбы на дорожку с судов с двигателями",
        "coordinate_source": "osm_geometry"
      }
    },
    {
      "type": "Feature",
      "geometry": {
        "type": "Polygon",
        "coordinates": [
          [
            [
              29.118868515285918,
              55.676476396396396
            ],
            [
              29.131651484714084,
              55.676476396396396
            ],
            [
              29.131651484714084,
              55.6836836036036
            ],
            [
              29.118868515285918,
              55.6836836036036
            ],
            [
              29.118868515285918,
              55.676476396396396
            ]
          ]
        ]
      },
      "properties": {
        "id": 213,
        "name": "Озеро Сосно",
        "type": "lake",
        "type_ru": "Озеро",
        "district": "Полоцкий",
        "region": "Витебская область",
        "location_description": "в 30 км на северо-восток от г. Полоцка",
        "activities": "подводная охота, лов рыбы на дорожку с судов с двигателями",
        "coordinate_source": "calculated_from_decree_description"
      }
    },
    {
      "type": "Feature",
      "geometry": {
        "type": "Polygon",
        "coordinates": [
          [
            [
              28.466888185764265,
              55.3070563963964
            ],
            [
              28.479551814235737,
              55.3070563963964
            ],
            [
              28.479551814235737,
              55.3142636036036
            ],
            [
              28.466888185764265,
              55.3142636036036
            ],
            [
              28.466888185764265,
              55.3070563963964
            ]
          ]
        ]
      },
      "properties": {
        "id": 214,
        "name": "Озеро Сушино",
        "type": "lake",
        "type_ru": "Озеро",
        "district": "Полоцкий",
        "region": "Витебская область",
        "location_description": "в 28 км на юго-запад от г. Полоцка, 3,1 км на север от д. Ухвище",
        "activities": "подводная охота",
        "coordinate_source": "calculated_from_decree_description"
      }
    },
    {
      "type": "Feature",
      "geometry": {
        "type": "Polygon",
        "coordinates": [
          [
            [
              28.781665601132175,
              55.323236396396396
            ],
            [
              28.794334398867825,
              55.323236396396396
            ],
            [
              28.794334398867825,
              55.3304436036036
            ],
            [
              28.781665601132175,
              55.3304436036036
            ],
            [
              28.781665601132175,
              55.323236396396396
            ]
          ]
        ]
      },
      "properties": {
        "id": 215,
        "name": "Озеро Суя",
        "type": "lake",
        "type_ru": "Озеро",
        "district": "Полоцкий",
        "region": "Витебская область",
        "location_description": "в 18 км на юг от г. Полоцка, 1,8 км на север от аг. Гомель",
        "activities": "подводная охота",
        "coordinate_source": "calculated_from_decree_description"
      }
    },
    {
      "type": "Feature",
      "geometry": {
        "type": "Polygon",
        "coordinates": [
          [
            [
              28.534286827556375,
              55.6255263963964
            ],
            [
              28.547053172443622,
              55.6255263963964
            ],
            [
              28.547053172443622,
              55.632733603603604
            ],
            [
              28.534286827556375,
              55.632733603603604
            ],
            [
              28.534286827556375,
              55.6255263963964
            ]
          ]
        ]
      },
      "properties": {
        "id": 216,
        "name": "Озеро Торкли",
        "type": "lake",
        "type_ru": "Озеро",
        "district": "Полоцкий",
        "region": "Витебская область",
        "location_description": "в 22 км на северо-запад от г. Полоцка, 4,5 км на северо-запад от д. Боровуха",
        "activities": "подводная охота",
        "coordinate_source": "calculated_from_decree_description"
      }
    },
    {
      "type": "Feature",
      "geometry": {
        "type": "Polygon",
        "coordinates": [
          [
            [
              29.3837682,
              55.7985889
            ],
            [
              29.3837901,
              55.7989466
            ],
            [
              29.3841488,
              55.7994921
            ],
            [
              29.3845357,
              55.7998753
            ],
            [
              29.3846292,
              55.8001371
            ],
            [
              29.3848707,
              55.8003948
            ],
            [
              29.38545,
              55.8015088
            ],
            [
              29.3856273,
              55.8019189
            ],
            [
              29.3857427,
              55.8020825
            ],
            [
              29.3856784,
              55.8021669
            ],
            [
              29.3853662,
              55.8023067
            ],
            [
              29.3851848,
              55.8024985
            ],
            [
              29.3852331,
              55.8027156
            ],
            [
              29.3853541,
              55.803013
            ],
            [
              29.3856945,
              55.8032855
            ],
            [
              29.3861471,
              55.8034486
            ],
            [
              29.3873467,
              55.8036171
            ],
            [
              29.3879517,
              55.8035533
            ],
            [
              29.3889205,
              55.8035832
            ],
            [
              29.3895515,
              55.8034724
            ],
            [
              29.3897482,
              55.8034064
            ],
            [
              29.3900449,
              55.8032357
            ],
            [
              29.3901738,
              55.8028121
            ],
            [
              29.3900982,
              55.8024863
            ],
            [
              29.3896773,
              55.801428
            ],
            [
              29.3894335,
              55.8010965
            ],
            [
              29.3889228,
              55.8007373
            ],
            [
              29.3886954,
              55.8004344
            ],
            [
              29.3879324,
              55.8001046
            ],
            [
              29.3877865,
              55.7998625
            ],
            [
              29.3880326,
              55.799453
            ],
            [
              29.3877787,
              55.7992188
            ],
            [
              29.3873306,
              55.7989346
            ],
            [
              29.3871154,
              55.7989132
            ],
            [
              29.3867971,
              55.798763
            ],
            [
              29.3866798,
              55.7985185
            ],
            [
              29.3861275,
              55.7983543
            ],
            [
              29.3858286,
              55.7980511
            ],
            [
              29.3854521,
              55.7979109
            ],
            [
              29.3850399,
              55.7978747
            ],
            [
              29.3845536,
              55.7979777
            ],
            [
              29.384228,
              55.7981439
            ],
            [
              29.3839233,
              55.7982945
            ],
            [
              29.3837682,
              55.7985889
            ]
          ]
        ]
      },
      "properties": {
        "id": 217,
        "name": "Озеро Тросно 1",
        "type": "lake",
        "type_ru": "Озеро",
        "district": "Полоцкий",
        "region": "Витебская область",
        "location_description": "в 34 км на северо-восток от г. Полоцка, 6 км на юг от д. Дретунь",
        "activities": "подводная охота, лов рыбы на дорожку с судов с двигателями",
        "coordinate_source": "osm_geometry"
      }
    },
    {
      "type": "Feature",
      "geometry": {
        "type": "Polygon",
        "coordinates": [
          [
            [
              29.006458901865848,
              55.6127863963964
            ],
            [
              29.019221098134153,
              55.6127863963964
            ],
            [
              29.019221098134153,
              55.619993603603604
            ],
            [
              29.006458901865848,
              55.619993603603604
            ],
            [
              29.006458901865848,
              55.6127863963964
            ]
          ]
        ]
      },
      "properties": {
        "id": 218,
        "name": "Озеро Тросно-3",
        "type": "lake",
        "type_ru": "Озеро",
        "district": "Полоцкий",
        "region": "Витебская область",
        "location_description": "в 20 км на северо-восток от г. Полоцка",
        "activities": "подводная охота, лов рыбы на дорожку с судов с двигателями",
        "coordinate_source": "calculated_from_decree_description"
      }
    },
    {
      "type": "Feature",
      "geometry": {
        "type": "Polygon",
        "coordinates": [
          [
            [
              28.781662719494157,
              55.341256396396396
            ],
            [
              28.794337280505843,
              55.341256396396396
            ],
            [
              28.794337280505843,
              55.3484636036036
            ],
            [
              28.781662719494157,
              55.3484636036036
            ],
            [
              28.781662719494157,
              55.341256396396396
            ]
          ]
        ]
      },
      "properties": {
        "id": 219,
        "name": "Озеро Туровля",
        "type": "lake",
        "type_ru": "Озеро",
        "district": "Полоцкий",
        "region": "Витебская область",
        "location_description": "в 16 км на юг от г. Полоцка, 5 км на северо-восток от д. Гомель",
        "activities": "подводная охота",
        "coordinate_source": "calculated_from_decree_description"
      }
    },
    {
      "type": "Feature",
      "geometry": {
        "type": "Polygon",
        "coordinates": [
          [
            [
              28.421922250704828,
              55.281576396396396
            ],
            [
              28.43457774929517,
              55.281576396396396
            ],
            [
              28.43457774929517,
              55.2887836036036
            ],
            [
              28.421922250704828,
              55.2887836036036
            ],
            [
              28.421922250704828,
              55.281576396396396
            ]
          ]
        ]
      },
      "properties": {
        "id": 220,
        "name": "Озеро Ухвище",
        "type": "lake",
        "type_ru": "Озеро",
        "district": "Полоцкий",
        "region": "Витебская область",
        "location_description": "в 32 км на юго-запад от г. Полоцка, 4,9 км на запад от д. Матырино",
        "activities": "подводная охота",
        "coordinate_source": "calculated_from_decree_description"
      }
    },
    {
      "type": "Feature",
      "geometry": {
        "type": "Polygon",
        "coordinates": [
          [
            [
              29.05142475321222,
              55.6382563963964
            ],
            [
              29.06419524678778,
              55.6382563963964
            ],
            [
              29.06419524678778,
              55.6454636036036
            ],
            [
              29.05142475321222,
              55.6454636036036
            ],
            [
              29.05142475321222,
              55.6382563963964
            ]
          ]
        ]
      },
      "properties": {
        "id": 221,
        "name": "Озеро Червятка",
        "type": "lake",
        "type_ru": "Озеро",
        "district": "Полоцкий",
        "region": "Витебская область",
        "location_description": "в 24 км на северо-восток от г. Полоцка, 1,5 км на север от д. Кульки",
        "activities": "подводная охота, лов рыбы на дорожку с судов с двигателями",
        "coordinate_source": "calculated_from_decree_description"
      }
    },
    {
      "type": "Feature",
      "geometry": {
        "type": "Polygon",
        "coordinates": [
          [
            [
              28.534286827556375,
              55.6255263963964
            ],
            [
              28.547053172443622,
              55.6255263963964
            ],
            [
              28.547053172443622,
              55.632733603603604
            ],
            [
              28.534286827556375,
              55.632733603603604
            ],
            [
              28.534286827556375,
              55.6255263963964
            ]
          ]
        ]
      },
      "properties": {
        "id": 222,
        "name": "Озеро Черное",
        "type": "lake",
        "type_ru": "Озеро",
        "district": "Полоцкий",
        "region": "Витебская область",
        "location_description": "в 22 км на северо-запад от г. Полоцка, около д. Лагуны",
        "activities": "подводная охота",
        "coordinate_source": "calculated_from_decree_description"
      }
    },
    {
      "type": "Feature",
      "geometry": {
        "type": "Polygon",
        "coordinates": [
          [
            [
              28.534332077799778,
              55.3452663963964
            ],
            [
              28.54700792220022,
              55.3452663963964
            ],
            [
              28.54700792220022,
              55.3524736036036
            ],
            [
              28.534332077799778,
              55.3524736036036
            ],
            [
              28.534332077799778,
              55.3452663963964
            ]
          ]
        ]
      },
      "properties": {
        "id": 223,
        "name": "Озеро Шилово",
        "type": "lake",
        "type_ru": "Озеро",
        "district": "Полоцкий",
        "region": "Витебская область",
        "location_description": "в 22 км на юго-запад от г. Полоцка, 3 км на юг от г.п. Ветрино",
        "activities": "подводная охота",
        "coordinate_source": "calculated_from_decree_description"
      }
    },
    {
      "type": "Feature",
      "geometry": {
        "type": "Polygon",
        "coordinates": [
          [
            [
              28.781672791039334,
              55.2781863963964
            ],
            [
              28.794327208960667,
              55.2781863963964
            ],
            [
              28.794327208960667,
              55.2853936036036
            ],
            [
              28.781672791039334,
              55.2853936036036
            ],
            [
              28.781672791039334,
              55.2781863963964
            ]
          ]
        ]
      },
      "properties": {
        "id": 224,
        "name": "Озеро Яново",
        "type": "lake",
        "type_ru": "Озеро",
        "district": "Полоцкий",
        "region": "Витебская область",
        "location_description": "в 23 км на юг от г. Полоцка, 3 км на юго-восток от д. Гомель",
        "activities": "подводная охота",
        "coordinate_source": "calculated_from_decree_description"
      }
    },
    {
      "type": "Feature",
      "geometry": {
        "type": "Point",
        "coordinates": [
          28.788,
          55.489
        ]
      },
      "properties": {
        "id": 225,
        "name": "Река Западная Двина",
        "type": "river",
        "type_ru": "Река",
        "district": "Полоцкий",
        "region": "Витебская область",
        "location_description": "в пределах Полоцкого района",
        "activities": "подводная охота, лов рыбы на дорожку с судов с двигателями",
        "coordinate_source": "calculated_from_decree_description"
      }
    },
    {
      "type": "Feature",
      "geometry": {
        "type": "Polygon",
        "coordinates": [
          [
            [
              27.15751063060957,
              55.2917363963964
            ],
            [
              27.170169369390432,
              55.2917363963964
            ],
            [
              27.170169369390432,
              55.298943603603604
            ],
            [
              27.15751063060957,
              55.298943603603604
            ],
            [
              27.15751063060957,
              55.2917363963964
            ]
          ]
        ]
      },
      "properties": {
        "id": 226,
        "name": "Озеро Белое",
        "type": "lake",
        "type_ru": "Озеро",
        "district": "Поставский",
        "region": "Витебская область",
        "location_description": "в 28 км на северо-восток от г. Поставы, 3 км на северо-восток от г.п. Воропаево",
        "activities": "подводная охота",
        "coordinate_source": "calculated_from_decree_description"
      }
    },
    {
      "type": "Feature",
      "geometry": {
        "type": "Polygon",
        "coordinates": [
          [
            [
              26.83736,
              55.0704813
            ],
            [
              26.8370853,
              55.0706976
            ],
            [
              26.8365017,
              55.0708696
            ],
            [
              26.8360897,
              55.0711595
            ],
            [
              26.8358579,
              55.0715084
            ],
            [
              26.8372484,
              55.071759
            ],
            [
              26.8384329,
              55.0709629
            ],
            [
              26.8379179,
              55.0707172
            ],
            [
              26.837875,
              55.0707811
            ],
            [
              26.8373256,
              55.0708794
            ],
            [
              26.8370596,
              55.0711398
            ],
            [
              26.836948,
              55.0713413
            ],
            [
              26.8371196,
              55.0713708
            ],
            [
              26.8374115,
              55.0711693
            ],
            [
              26.837772,
              55.0708499
            ],
            [
              26.8379436,
              55.0708745
            ],
            [
              26.8378664,
              55.0710907
            ],
            [
              26.8371111,
              55.0716067
            ],
            [
              26.836124,
              55.0713856
            ],
            [
              26.8366562,
              55.0709629
            ],
            [
              26.8371025,
              55.070845
            ],
            [
              26.8376518,
              55.0706337
            ],
            [
              26.83736,
              55.0704813
            ]
          ]
        ]
      },
      "properties": {
        "id": 227,
        "name": "Озеро Глодово",
        "type": "lake",
        "type_ru": "Озеро",
        "district": "Поставский",
        "region": "Витебская область",
        "location_description": "в 6 км на юг от г. Поставы, 3,6 км на юго-восток от д. Дворганы",
        "activities": "подводная охота",
        "coordinate_source": "osm_geometry"
      }
    },
    {
      "type": "Feature",
      "geometry": {
        "type": "Polygon",
        "coordinates": [
          [
            [
              26.8080172,
              55.1173828
            ],
            [
              26.8078968,
              55.1175933
            ],
            [
              26.807734,
              55.1176095
            ],
            [
              26.807504,
              55.1175326
            ],
            [
              26.8066935,
              55.1170751
            ],
            [
              26.8066935,
              55.1170023
            ],
            [
              26.806736,
              55.1169456
            ],
            [
              26.8068705,
              55.116897
            ],
            [
              26.8070333,
              55.1168849
            ],
            [
              26.8071324,
              55.1169253
            ],
            [
              26.8078544,
              55.1172613
            ],
            [
              26.8080172,
              55.1173828
            ]
          ]
        ]
      },
      "properties": {
        "id": 228,
        "name": "Озеро Задевское",
        "type": "lake",
        "type_ru": "Озеро",
        "district": "Поставский",
        "region": "Витебская область",
        "location_description": "в 3 км на запад от г. Поставы",
        "activities": "подводная охота",
        "coordinate_source": "osm_geometry"
      }
    },
    {
      "type": "Feature",
      "geometry": {
        "type": "Polygon",
        "coordinates": [
          [
            [
              26.805726,
              55.1415454
            ],
            [
              26.8058561,
              55.1415392
            ],
            [
              26.8059044,
              55.1415262
            ],
            [
              26.8059325,
              55.1414342
            ],
            [
              26.8058775,
              55.1414128
            ],
            [
              26.8057837,
              55.1414043
            ],
            [
              26.8057112,
              55.1414105
            ],
            [
              26.8056683,
              55.1414312
            ],
            [
              26.805675,
              55.1415109
            ],
            [
              26.805726,
              55.1415454
            ]
          ]
        ]
      },
      "properties": {
        "id": 229,
        "name": "Озеро Ксендзское",
        "type": "lake",
        "type_ru": "Озеро",
        "district": "Поставский",
        "region": "Витебская область",
        "location_description": "в 4,2 км на северо-запад от г. Поставы",
        "activities": "подводная охота",
        "coordinate_source": "osm_geometry"
      }
    },
    {
      "type": "Feature",
      "geometry": {
        "type": "Polygon",
        "coordinates": [
          [
            [
              26.59679,
              54.9897016
            ],
            [
              26.59657,
              54.9894385
            ],
            [
              26.5966041,
              54.989399
            ],
            [
              26.5967202,
              54.9893738
            ],
            [
              26.5967712,
              54.9893846
            ],
            [
              26.5969455,
              54.9894769
            ],
            [
              26.5970555,
              54.9895492
            ],
            [
              26.5970474,
              54.9895923
            ],
            [
              26.5968382,
              54.9897001
            ],
            [
              26.59679,
              54.9897016
            ]
          ]
        ]
      },
      "properties": {
        "id": 230,
        "name": "Озеро Лодоси",
        "type": "lake",
        "type_ru": "Озеро",
        "district": "Поставский",
        "region": "Витебская область",
        "location_description": "в 22 км на юго-запад от г. Поставы, 1,3 км на северо-запад от д. Новоселки",
        "activities": "подводная охота",
        "coordinate_source": "osm_geometry"
      }
    },
    {
      "type": "Feature",
      "geometry": {
        "type": "Polygon",
        "coordinates": [
          [
            [
              26.8457088475895,
              55.050336396396396
            ],
            [
              26.8582911524105,
              55.050336396396396
            ],
            [
              26.8582911524105,
              55.0575436036036
            ],
            [
              26.8457088475895,
              55.0575436036036
            ],
            [
              26.8457088475895,
              55.050336396396396
            ]
          ]
        ]
      },
      "properties": {
        "id": 231,
        "name": "Озеро Малое Свито",
        "type": "lake",
        "type_ru": "Озеро",
        "district": "Поставский",
        "region": "Витебская область",
        "location_description": "в 7 км на юг от г. Поставы, около д. Симоньки",
        "activities": "подводная охота",
        "coordinate_source": "calculated_from_decree_description"
      }
    },
    {
      "type": "Feature",
      "geometry": {
        "type": "MultiPolygon",
        "coordinates": [
          [
            [
              [
                26.5181927,
                55.0920288
              ],
              [
                26.518102,
                55.0918984
              ],
              [
                26.5180778,
                55.0917863
              ],
              [
                26.5181047,
                55.091642
              ],
              [
                26.5181771,
                55.0914962
              ],
              [
                26.5183675,
                55.0912644
              ],
              [
                26.5184909,
                55.0911263
              ],
              [
                26.5186384,
                55.0909958
              ],
              [
                26.5188289,
                55.0909006
              ],
              [
                26.5181927,
                55.0920288
              ]
            ]
          ],
          [
            [
              [
                26.5185445,
                55.0906704
              ],
              [
                26.5183353,
                55.0908792
              ],
              [
                26.5180939,
                55.0911401
              ],
              [
                26.5178901,
                55.0914103
              ],
              [
                26.5177882,
                55.0917878
              ],
              [
                26.5177721,
                55.0918907
              ],
              [
                26.5177721,
                55.0919536
              ],
              [
                26.5178491,
                55.0920858
              ],
              [
                26.5185445,
                55.0906704
              ]
            ]
          ]
        ]
      },
      "properties": {
        "id": 232,
        "name": "Озеро Малые Сурвилишки",
        "type": "lake",
        "type_ru": "Озеро",
        "district": "Поставский",
        "region": "Витебская область",
        "location_description": "в 20 км от г. Поставы, около д. Сурвилишки",
        "activities": "лов рыбы на дорожку с судов с двигателями",
        "coordinate_source": "osm_geometry"
      }
    },
    {
      "type": "Feature",
      "geometry": {
        "type": "Polygon",
        "coordinates": [
          [
            [
              26.8039155,
              55.1473459
            ],
            [
              26.8039826,
              55.1471727
            ],
            [
              26.8044868,
              55.147257
            ],
            [
              26.8051574,
              55.1470945
            ],
            [
              26.80608,
              55.1473505
            ],
            [
              26.8059379,
              55.1474996
            ],
            [
              26.8052184,
              55.1473382
            ],
            [
              26.805093,
              55.1473279
            ],
            [
              26.8047302,
              55.1473953
            ],
            [
              26.8045183,
              55.1474543
            ],
            [
              26.8043896,
              55.1474551
            ],
            [
              26.8039155,
              55.1473459
            ]
          ]
        ]
      },
      "properties": {
        "id": 233,
        "name": "Озеро Можейское",
        "type": "lake",
        "type_ru": "Озеро",
        "district": "Поставский",
        "region": "Витебская область",
        "location_description": "в 4,6 км на северо-запад от г. Поставы",
        "activities": "подводная охота",
        "coordinate_source": "osm_geometry"
      }
    },
    {
      "type": "Feature",
      "geometry": {
        "type": "Polygon",
        "coordinates": [
          [
            [
              27.4276632,
              55.1199899
            ],
            [
              27.4276122,
              55.119973
            ],
            [
              27.4276069,
              55.119927
            ],
            [
              27.4276444,
              55.1198166
            ],
            [
              27.4277195,
              55.1196586
            ],
            [
              27.4277839,
              55.1194883
            ],
            [
              27.4278429,
              55.1193733
            ],
            [
              27.4277759,
              55.1192613
            ],
            [
              27.4274969,
              55.1191555
            ],
            [
              27.427277,
              55.1191033
            ],
            [
              27.4270141,
              55.119111
            ],
            [
              27.4268827,
              55.119134
            ],
            [
              27.4264938,
              55.1191171
            ],
            [
              27.426247,
              55.1191171
            ],
            [
              27.4258956,
              55.1191632
            ],
            [
              27.4258307,
              55.1191871
            ],
            [
              27.4257374,
              55.1192214
            ],
            [
              27.4255604,
              55.1193825
            ],
            [
              27.4254692,
              55.1196509
            ],
            [
              27.4253082,
              55.1197905
            ],
            [
              27.4251795,
              55.11995
            ],
            [
              27.4251527,
              55.1200344
            ],
            [
              27.4252009,
              55.1201111
            ],
            [
              27.425386,
              55.1201648
            ],
            [
              27.4255121,
              55.120154
            ],
            [
              27.4256033,
              55.1200835
            ],
            [
              27.4256784,
              55.119973
            ],
            [
              27.4257535,
              55.1198902
            ],
            [
              27.425842,
              55.1198442
            ],
            [
              27.4260002,
              55.1198166
            ],
            [
              27.4261075,
              55.1198427
            ],
            [
              27.4263382,
              55.1200114
            ],
            [
              27.4265029,
              55.1201397
            ],
            [
              27.4264077,
              55.1202956
            ],
            [
              27.4258945,
              55.1204545
            ],
            [
              27.4256355,
              55.1205912
            ],
            [
              27.4252008,
              55.1206864
            ],
            [
              27.4247342,
              55.1206464
            ],
            [
              27.4241712,
              55.12068
            ],
            [
              27.4238074,
              55.1207669
            ],
            [
              27.4237746,
              55.1209296
            ],
            [
              27.4241583,
              55.1212903
            ],
            [
              27.4245761,
              55.1215341
            ],
            [
              27.425062,
              55.1215341
            ],
            [
              27.4255906,
              55.1215926
            ],
            [
              27.4259999,
              55.1217145
            ],
            [
              27.426358,
              55.1218608
            ],
            [
              27.4267075,
              55.1220509
            ],
            [
              27.4269633,
              55.1220509
            ],
            [
              27.4273022,
              55.1219718
            ],
            [
              27.4273811,
              55.1219534
            ],
            [
              27.4277988,
              55.1219339
            ],
            [
              27.428353,
              55.1219778
            ],
            [
              27.4288134,
              55.1220119
            ],
            [
              27.4290777,
              55.1221338
            ],
            [
              27.4292482,
              55.1220899
            ],
            [
              27.4292823,
              55.1219436
            ],
            [
              27.4289754,
              55.121812
            ],
            [
              27.4288809,
              55.1215697
            ],
            [
              27.4286166,
              55.1214333
            ],
            [
              27.4284127,
              55.1211538
            ],
            [
              27.4283445,
              55.1208272
            ],
            [
              27.4284468,
              55.1205785
            ],
            [
              27.4285321,
              55.1203396
            ],
            [
              27.4285578,
              55.1202775
            ],
            [
              27.4286503,
              55.1200543
            ],
            [
              27.4285622,
              55.1200322
            ],
            [
              27.4280658,
              55.1200387
            ],
            [
              27.4278237,
              55.1200238
            ],
            [
              27.4276632,
              55.1199899
            ]
          ]
        ]
      },
      "properties": {
        "id": 234,
        "name": "Озеро Надозерское",
        "type": "lake",
        "type_ru": "Озеро",
        "district": "Поставский",
        "region": "Витебская область",
        "location_description": "в 36 км на восток от г. Поставы, около д. Коловцы",
        "activities": "подводная охота",
        "coordinate_source": "osm_geometry"
      }
    },
    {
      "type": "Feature",
      "geometry": {
        "type": "Polygon",
        "coordinates": [
          [
            [
              26.7815137,
              55.0787265
            ],
            [
              26.7815539,
              55.0787465
            ],
            [
              26.7816022,
              55.0787434
            ],
            [
              26.7816451,
              55.0787112
            ],
            [
              26.7816558,
              55.0786713
            ],
            [
              26.7816371,
              55.0785592
            ],
            [
              26.78157,
              55.0783933
            ],
            [
              26.7815056,
              55.0783457
            ],
            [
              26.7814493,
              55.0783442
            ],
            [
              26.7814225,
              55.0783703
            ],
            [
              26.7814198,
              55.0785008
            ],
            [
              26.7814466,
              55.0786267
            ],
            [
              26.7815137,
              55.0787265
            ]
          ]
        ]
      },
      "properties": {
        "id": 235,
        "name": "Озеро Свито",
        "type": "lake",
        "type_ru": "Озеро",
        "district": "Поставский",
        "region": "Витебская область",
        "location_description": "в 7 км на юго-запад от г. Поставы, 0,4 км от д. Симоньки",
        "activities": "подводная охота",
        "coordinate_source": "osm_geometry"
      }
    },
    {
      "type": "Feature",
      "geometry": {
        "type": "MultiPolygon",
        "coordinates": [
          [
            [
              [
                26.7945492,
                55.0749676
              ],
              [
                26.7949301,
                55.0750137
              ],
              [
                26.7952037,
                55.0749738
              ],
              [
                26.7955248,
                55.0747688
              ],
              [
                26.7957218,
                55.0745318
              ],
              [
                26.7957798,
                55.0742702
              ],
              [
                26.7956906,
                55.0740326
              ],
              [
                26.7954968,
                55.0738534
              ],
              [
                26.7950254,
                55.0730242
              ],
              [
                26.7957343,
                55.07206
              ],
              [
                26.7962898,
                55.0707364
              ],
              [
                26.7945492,
                55.0749676
              ]
            ]
          ],
          [
            [
              [
                26.7963336,
                55.070513
              ],
              [
                26.7963647,
                55.0703543
              ],
              [
                26.7964326,
                55.0701481
              ],
              [
                26.7964651,
                55.0700253
              ],
              [
                26.796426,
                55.0699455
              ],
              [
                26.7962964,
                55.0699349
              ],
              [
                26.7961815,
                55.069972
              ],
              [
                26.7959875,
                55.0700281
              ],
              [
                26.7957683,
                55.0701482
              ],
              [
                26.7957189,
                55.0703204
              ],
              [
                26.7957056,
                55.0704859
              ],
              [
                26.7955275,
                55.0705854
              ],
              [
                26.7953602,
                55.0706563
              ],
              [
                26.7950852,
                55.0706757
              ],
              [
                26.7947252,
                55.0706753
              ],
              [
                26.7944245,
                55.0706455
              ],
              [
                26.7941577,
                55.0706208
              ],
              [
                26.79383,
                55.0706762
              ],
              [
                26.7935568,
                55.0707323
              ],
              [
                26.7963336,
                55.070513
              ]
            ]
          ],
          [
            [
              [
                26.7935568,
                55.0707323
              ],
              [
                26.7934549,
                55.0708398
              ],
              [
                26.7933744,
                55.0709442
              ],
              [
                26.793251,
                55.0710302
              ],
              [
                26.7930901,
                55.0710456
              ],
              [
                26.7928219,
                55.0710271
              ],
              [
                26.7925698,
                55.0709473
              ],
              [
                26.792382,
                55.0708428
              ],
              [
                26.7922747,
                55.0707108
              ],
              [
                26.7922103,
                55.0706125
              ],
              [
                26.7921674,
                55.0704773
              ],
              [
                26.7922479,
                55.0703053
              ],
              [
                26.7923176,
                55.0699091
              ],
              [
                26.7922479,
                55.0694453
              ],
              [
                26.7921406,
                55.0691443
              ],
              [
                26.792205,
                55.0690982
              ],
              [
                26.7923444,
                55.0690337
              ],
              [
                26.7924946,
                55.0689969
              ],
              [
                26.7927897,
                55.0690306
              ],
              [
                26.7929935,
                55.0690184
              ],
              [
                26.7932725,
                55.0689661
              ],
              [
                26.7935085,
                55.068874
              ],
              [
                26.793677,
                55.0686439
              ],
              [
                26.7937968,
                55.0684166
              ],
              [
                26.7939046,
                55.0682858
              ],
              [
                26.7939702,
                55.06821
              ],
              [
                26.7939701,
                55.0681065
              ],
              [
                26.7939573,
                55.0680184
              ],
              [
                26.7937981,
                55.0679336
              ],
              [
                26.7936431,
                55.0679101
              ],
              [
                26.7934875,
                55.0678477
              ],
              [
                26.7933791,
                55.0677757
              ],
              [
                26.7932248,
                55.0676476
              ],
              [
                26.7931988,
                55.0675335
              ],
              [
                26.7932249,
                55.0674192
              ],
              [
                26.7933226,
                55.0673414
              ],
              [
                26.7934774,
                55.0672761
              ],
              [
                26.7935322,
                55.0671501
              ],
              [
                26.793554,
                55.0669885
              ],
              [
                26.7935568,
                55.0707323
              ]
            ]
          ],
          [
            [
              [
                26.793554,
                55.0669885
              ],
              [
                26.7935139,
                55.0668528
              ],
              [
                26.7929686,
                55.066398
              ],
              [
                26.792897,
                55.066263
              ],
              [
                26.7928702,
                55.0660541
              ],
              [
                26.7930525,
                55.065879
              ],
              [
                26.7934173,
                55.0655903
              ],
              [
                26.7935193,
                55.065363
              ],
              [
                26.7937392,
                55.0647762
              ],
              [
                26.7937085,
                55.0645222
              ],
              [
                26.793556,
                55.0644156
              ],
              [
                26.7931294,
                55.0642821
              ],
              [
                26.7928117,
                55.064224
              ],
              [
                26.7924782,
                55.0642274
              ],
              [
                26.7922452,
                55.06432
              ],
              [
                26.7920199,
                55.0643523
              ],
              [
                26.7918751,
                55.064317
              ],
              [
                26.7916991,
                55.0642463
              ],
              [
                26.791544,
                55.0642017
              ],
              [
                26.7913085,
                55.0641186
              ],
              [
                26.7910147,
                55.0640945
              ],
              [
                26.7907698,
                55.064188
              ],
              [
                26.7902845,
                55.0644076
              ],
              [
                26.7896569,
                55.0648684
              ],
              [
                26.7893779,
                55.0651019
              ],
              [
                26.7892545,
                55.06528
              ],
              [
                26.7892224,
                55.0655258
              ],
              [
                26.7891741,
                55.0659436
              ],
              [
                26.7892599,
                55.0662231
              ],
              [
                26.7892224,
                55.0665026
              ],
              [
                26.7891473,
                55.066604
              ],
              [
                26.793554,
                55.0669885
              ]
            ]
          ],
          [
            [
              [
                26.7891473,
                55.066604
              ],
              [
                26.7889756,
                55.0666992
              ],
              [
                26.7887717,
                55.0667238
              ],
              [
                26.7884177,
                55.0668221
              ],
              [
                26.7882192,
                55.066819
              ],
              [
                26.7878866,
                55.0667607
              ],
              [
                26.787774,
                55.0666716
              ],
              [
                26.7874851,
                55.0659685
              ],
              [
                26.7869201,
                55.0654644
              ],
              [
                26.7867217,
                55.0653488
              ],
              [
                26.7865616,
                55.065277
              ],
              [
                26.7863309,
                55.0651909
              ],
              [
                26.7860176,
                55.064869
              ],
              [
                26.7858106,
                55.0647916
              ],
              [
                26.7852312,
                55.0647609
              ],
              [
                26.7847216,
                55.0647486
              ],
              [
                26.7843729,
                55.0648131
              ],
              [
                26.7841691,
                55.0649145
              ],
              [
                26.7839545,
                55.0651326
              ],
              [
                26.783815,
                55.0653691
              ],
              [
                26.7836916,
                55.0656302
              ],
              [
                26.7834556,
                55.0658883
              ],
              [
                26.7833054,
                55.0661678
              ],
              [
                26.7830855,
                55.0665702
              ],
              [
                26.7827797,
                55.0668405
              ],
              [
                26.7824846,
                55.0671078
              ],
              [
                26.7822915,
                55.0673627
              ],
              [
                26.782195,
                55.0676453
              ],
              [
                26.7822325,
                55.0679279
              ],
              [
                26.7823452,
                55.0680784
              ],
              [
                26.7825007,
                55.0681737
              ],
              [
                26.7827797,
                55.0682474
              ],
              [
                26.7829889,
                55.0683211
              ],
              [
                26.7830425,
                55.0684071
              ],
              [
                26.7828224,
                55.0686383
              ],
              [
                26.7825733,
                55.0688529
              ],
              [
                26.7821946,
                55.0693249
              ],
              [
                26.782138,
                55.070067
              ],
              [
                26.7821097,
                55.0705964
              ],
              [
                26.7823354,
                55.0709733
              ],
              [
                26.7827653,
                55.0711724
              ],
              [
                26.7833882,
                55.0714199
              ],
              [
                26.7838493,
                55.0716563
              ],
              [
                26.7845562,
                55.0718819
              ],
              [
                26.7850137,
                55.0720385
              ],
              [
                26.7857355,
                55.0722342
              ],
              [
                26.7891473,
                55.066604
              ]
            ]
          ],
          [
            [
              [
                26.7857355,
                55.0722342
              ],
              [
                26.7861807,
                55.0722311
              ],
              [
                26.7867279,
                55.0722434
              ],
              [
                26.787259,
                55.0722465
              ],
              [
                26.7879081,
                55.0721666
              ],
              [
                26.7884177,
                55.0721175
              ],
              [
                26.7889059,
                55.0720868
              ],
              [
                26.7891258,
                55.0720929
              ],
              [
                26.7895013,
                55.0720868
              ],
              [
                26.7896515,
                55.0721052
              ],
              [
                26.7898446,
                55.0722188
              ],
              [
                26.7900377,
                55.0724492
              ],
              [
                26.7900968,
                55.0726427
              ],
              [
                26.7901772,
                55.072787
              ],
              [
                26.7903489,
                55.0728976
              ],
              [
                26.7904884,
                55.0730082
              ],
              [
                26.7907995,
                55.0731495
              ],
              [
                26.7912501,
                55.0732539
              ],
              [
                26.791808,
                55.0734259
              ],
              [
                26.7921835,
                55.0734996
              ],
              [
                26.7922801,
                55.0735733
              ],
              [
                26.792264,
                55.0737054
              ],
              [
                26.792146,
                55.0739142
              ],
              [
                26.7921352,
                55.0740463
              ],
              [
                26.7922479,
                55.0741384
              ],
              [
                26.7924356,
                55.0742981
              ],
              [
                26.792736,
                55.0743994
              ],
              [
                26.793471,
                55.0746329
              ],
              [
                26.7938894,
                55.0747987
              ],
              [
                26.7945492,
                55.0749676
              ],
              [
                26.7857355,
                55.0722342
              ]
            ]
          ]
        ]
      },
      "properties": {
        "id": 236,
        "name": "Озеро Споры",
        "type": "lake",
        "type_ru": "Озеро",
        "district": "Поставский",
        "region": "Витебская область",
        "location_description": "в 5 км на юго-запад от г. Поставы, 0,4 км д. Ширки",
        "activities": "подводная охота",
        "coordinate_source": "osm_geometry"
      }
    },
    {
      "type": "Feature",
      "geometry": {
        "type": "Polygon",
        "coordinates": [
          [
            [
              28.471,
              56.207
            ],
            [
              28.4711654,
              56.2068309
            ],
            [
              28.47025,
              56.20675
            ],
            [
              28.47025,
              56.2065
            ],
            [
              28.47,
              56.206
            ],
            [
              28.4665,
              56.2055
            ],
            [
              28.466,
              56.2055
            ],
            [
              28.463,
              56.2025
            ],
            [
              28.4620572,
              56.2008029
            ],
            [
              28.46175,
              56.20025
            ],
            [
              28.4612222,
              56.1996545
            ],
            [
              28.457,
              56.19825
            ],
            [
              28.4565,
              56.198
            ],
            [
              28.4515,
              56.19875
            ],
            [
              28.4506251,
              56.1998273
            ],
            [
              28.4503751,
              56.2002415
            ],
            [
              28.4525,
              56.202
            ],
            [
              28.4533092,
              56.2030999
            ],
            [
              28.4529236,
              56.2039669
            ],
            [
              28.4466805,
              56.2013682
            ],
            [
              28.4432681,
              56.2008212
            ],
            [
              28.43925,
              56.20075
            ],
            [
              28.4382388,
              56.2011693
            ],
            [
              28.4346787,
              56.2018825
            ],
            [
              28.4339577,
              56.2020232
            ],
            [
              28.4333438,
              56.2026461
            ],
            [
              28.4329376,
              56.2041188
            ],
            [
              28.434,
              56.20525
            ],
            [
              28.4345,
              56.2065
            ],
            [
              28.4348884,
              56.2071229
            ],
            [
              28.4348349,
              56.2081912
            ],
            [
              28.43325,
              56.21075
            ],
            [
              28.4315,
              56.214
            ],
            [
              28.43425,
              56.2155
            ],
            [
              28.4345,
              56.21575
            ],
            [
              28.435,
              56.2165
            ],
            [
              28.435,
              56.2175
            ],
            [
              28.43425,
              56.218
            ],
            [
              28.4345,
              56.2195
            ],
            [
              28.437,
              56.2205
            ],
            [
              28.44225,
              56.221
            ],
            [
              28.44275,
              56.221
            ],
            [
              28.4445,
              56.22225
            ],
            [
              28.44625,
              56.2225
            ],
            [
              28.4475,
              56.223
            ],
            [
              28.4515,
              56.2225
            ],
            [
              28.45175,
              56.22175
            ],
            [
              28.45125,
              56.221
            ],
            [
              28.451,
              56.22075
            ],
            [
              28.451,
              56.22025
            ],
            [
              28.45175,
              56.2195
            ],
            [
              28.451,
              56.219
            ],
            [
              28.44875,
              56.21925
            ],
            [
              28.44825,
              56.21925
            ],
            [
              28.44825,
              56.22075
            ],
            [
              28.44975,
              56.22075
            ],
            [
              28.45,
              56.221
            ],
            [
              28.44875,
              56.22175
            ],
            [
              28.448,
              56.222
            ],
            [
              28.445,
              56.2215
            ],
            [
              28.44475,
              56.22025
            ],
            [
              28.444,
              56.21925
            ],
            [
              28.4465,
              56.21875
            ],
            [
              28.44725,
              56.218
            ],
            [
              28.447,
              56.2175
            ],
            [
              28.448,
              56.21775
            ],
            [
              28.448,
              56.21825
            ],
            [
              28.4485,
              56.2185
            ],
            [
              28.4505,
              56.2185
            ],
            [
              28.45125,
              56.21825
            ],
            [
              28.452,
              56.21775
            ],
            [
              28.45275,
              56.2175
            ],
            [
              28.45475,
              56.216
            ],
            [
              28.4556621,
              56.2150353
            ],
            [
              28.45675,
              56.21475
            ],
            [
              28.4575,
              56.21525
            ],
            [
              28.45775,
              56.2155
            ],
            [
              28.4582345,
              56.2164511
            ],
            [
              28.4569552,
              56.2173152
            ],
            [
              28.4568957,
              56.2176141
            ],
            [
              28.45725,
              56.218
            ],
            [
              28.45825,
              56.21825
            ],
            [
              28.4655,
              56.2185
            ],
            [
              28.467,
              56.218
            ],
            [
              28.4685,
              56.2175
            ],
            [
              28.47,
              56.2165
            ],
            [
              28.47125,
              56.2145
            ],
            [
              28.47125,
              56.2135
            ],
            [
              28.47125,
              56.213
            ],
            [
              28.47225,
              56.2125
            ],
            [
              28.47025,
              56.211
            ],
            [
              28.47,
              56.21125
            ],
            [
              28.46975,
              56.21075
            ],
            [
              28.4695,
              56.21025
            ],
            [
              28.469,
              56.21025
            ],
            [
              28.4685,
              56.21025
            ],
            [
              28.47025,
              56.20975
            ],
            [
              28.471,
              56.207
            ]
          ]
        ]
      },
      "properties": {
        "id": 237,
        "name": "Озеро Белое (Юховское)",
        "type": "lake",
        "type_ru": "Озеро",
        "district": "Россонский",
        "region": "Витебская область",
        "location_description": "в 24 км на северо-запад от г.п. Россоны, 3,5 км на северо-восток от д. Лисно",
        "activities": "подводная охота",
        "coordinate_source": "osm_geometry"
      }
    },
    {
      "type": "Feature",
      "geometry": {
        "type": "Polygon",
        "coordinates": [
          [
            [
              28.5521525,
              56.1208631
            ],
            [
              28.5522276,
              56.1210664
            ],
            [
              28.5524154,
              56.1211471
            ],
            [
              28.5526353,
              56.1211501
            ],
            [
              28.5528231,
              56.1210754
            ],
            [
              28.5528767,
              56.1209259
            ],
            [
              28.5528123,
              56.1205491
            ],
            [
              28.5527962,
              56.1204265
            ],
            [
              28.5528284,
              56.1202889
            ],
            [
              28.5528016,
              56.1201962
            ],
            [
              28.552646,
              56.1201693
            ],
            [
              28.5524851,
              56.1202142
            ],
            [
              28.5523993,
              56.1203098
            ],
            [
              28.5522866,
              56.1203786
            ],
            [
              28.5521686,
              56.1204205
            ],
            [
              28.552115,
              56.1204863
            ],
            [
              28.552115,
              56.1205551
            ],
            [
              28.5521579,
              56.1206567
            ],
            [
              28.5521203,
              56.1207435
            ],
            [
              28.5521525,
              56.1208631
            ]
          ]
        ]
      },
      "properties": {
        "id": 238,
        "name": "Озеро Бредно",
        "type": "lake",
        "type_ru": "Озеро",
        "district": "Россонский",
        "region": "Витебская область",
        "location_description": "в 26 км на северо-запад от г.п. Россоны, 5 км на юго-восток от д. Лисно",
        "activities": "подводная охота",
        "coordinate_source": "osm_geometry"
      }
    },
    {
      "type": "Feature",
      "geometry": {
        "type": "Polygon",
        "coordinates": [
          [
            [
              29.1281033,
              56.0276306
            ],
            [
              29.128291,
              56.0280233
            ],
            [
              29.1285914,
              56.028356
            ],
            [
              29.129616,
              56.0290724
            ],
            [
              29.1301471,
              56.0293272
            ],
            [
              29.1305709,
              56.0294831
            ],
            [
              29.1310483,
              56.029543
            ],
            [
              29.1316438,
              56.0295011
            ],
            [
              29.1319066,
              56.0293602
            ],
            [
              29.1321909,
              56.0292163
            ],
            [
              29.1325128,
              56.0291084
            ],
            [
              29.13284,
              56.0291054
            ],
            [
              29.1330546,
              56.0291234
            ],
            [
              29.1332531,
              56.0292553
            ],
            [
              29.1334194,
              56.0294411
            ],
            [
              29.1333818,
              56.029606
            ],
            [
              29.1331726,
              56.0297648
            ],
            [
              29.1329527,
              56.0299837
            ],
            [
              29.1329527,
              56.0301935
            ],
            [
              29.1329044,
              56.0303553
            ],
            [
              29.1330171,
              56.0305682
            ],
            [
              29.1332155,
              56.0309368
            ],
            [
              29.1331565,
              56.0311646
            ],
            [
              29.1331136,
              56.0315123
            ],
            [
              29.1331297,
              56.0317581
            ],
            [
              29.1332048,
              56.031911
            ],
            [
              29.1334462,
              56.0321118
            ],
            [
              29.13387,
              56.0322466
            ],
            [
              29.1342723,
              56.0324145
            ],
            [
              29.1343313,
              56.0324714
            ],
            [
              29.1342616,
              56.0325314
            ],
            [
              29.1340256,
              56.0325913
            ],
            [
              29.1336608,
              56.0326273
            ],
            [
              29.133473,
              56.0326842
            ],
            [
              29.1332316,
              56.0327412
            ],
            [
              29.1328937,
              56.032906
            ],
            [
              29.1327167,
              56.0331308
            ],
            [
              29.132604,
              56.0333946
            ],
            [
              29.1324109,
              56.0338232
            ],
            [
              29.1323787,
              56.033988
            ],
            [
              29.132427,
              56.0342517
            ],
            [
              29.1326791,
              56.0343926
            ],
            [
              29.1330546,
              56.0345724
            ],
            [
              29.1336715,
              56.0347493
            ],
            [
              29.1341436,
              56.0348542
            ],
            [
              29.1344279,
              56.035028
            ],
            [
              29.134503,
              56.0352468
            ],
            [
              29.134562,
              56.0354566
            ],
            [
              29.1347659,
              56.0357622
            ],
            [
              29.1348517,
              56.0359331
            ],
            [
              29.1351092,
              56.036038
            ],
            [
              29.1353667,
              56.036014
            ],
            [
              29.1355491,
              56.0358042
            ],
            [
              29.1357368,
              56.0355674
            ],
            [
              29.1359749,
              56.0353459
            ],
            [
              29.136284,
              56.035028
            ],
            [
              29.136343,
              56.0348092
            ],
            [
              29.1362786,
              56.0346024
            ],
            [
              29.1360909,
              56.0343776
            ],
            [
              29.136048,
              56.034012
            ],
            [
              29.1362035,
              56.0338831
            ],
            [
              29.1362464,
              56.0337243
            ],
            [
              29.1361606,
              56.0335564
            ],
            [
              29.1362411,
              56.0333316
            ],
            [
              29.1365844,
              56.0331368
            ],
            [
              29.1369706,
              56.032912
            ],
            [
              29.1372013,
              56.0326962
            ],
            [
              29.1373354,
              56.0325134
            ],
            [
              29.1372979,
              56.0322826
            ],
            [
              29.1370672,
              56.0320398
            ],
            [
              29.1368312,
              56.031806
            ],
            [
              29.1366219,
              56.0317191
            ],
            [
              29.1363859,
              56.0316922
            ],
            [
              29.1362411,
              56.0315842
            ],
            [
              29.1362572,
              56.0314404
            ],
            [
              29.1363752,
              56.0313535
            ],
            [
              29.1364556,
              56.0309069
            ],
            [
              29.1366273,
              56.030781
            ],
            [
              29.1369331,
              56.0305412
            ],
            [
              29.136976,
              56.0303553
            ],
            [
              29.1368741,
              56.0301935
            ],
            [
              29.13674,
              56.0301545
            ],
            [
              29.1364396,
              56.0301245
            ],
            [
              29.1361982,
              56.0300706
            ],
            [
              29.1359889,
              56.0298548
            ],
            [
              29.135887,
              56.02954
            ],
            [
              29.1356993,
              56.0292193
            ],
            [
              29.1352808,
              56.0289585
            ],
            [
              29.1350555,
              56.0287397
            ],
            [
              29.1347712,
              56.0285089
            ],
            [
              29.1344869,
              56.0281732
            ],
            [
              29.134106,
              56.0280683
            ],
            [
              29.1336393,
              56.0280083
            ],
            [
              29.13284,
              56.0278824
            ],
            [
              29.1324001,
              56.0277775
            ],
            [
              29.1320139,
              56.0277775
            ],
            [
              29.1317296,
              56.0277865
            ],
            [
              29.1314185,
              56.0277295
            ],
            [
              29.1311449,
              56.0275887
            ],
            [
              29.1307747,
              56.0273398
            ],
            [
              29.1303134,
              56.0269771
            ],
            [
              29.1300613,
              56.0267103
            ],
            [
              29.129734,
              56.0265964
            ],
            [
              29.1295731,
              56.0264855
            ],
            [
              29.1294229,
              56.0262757
            ],
            [
              29.1292566,
              56.0262097
            ],
            [
              29.1290957,
              56.0261917
            ],
            [
              29.1289042,
              56.0262722
            ],
            [
              29.1287202,
              56.0263296
            ],
            [
              29.128468,
              56.0264316
            ],
            [
              29.1283017,
              56.0265185
            ],
            [
              29.128055,
              56.0266024
            ],
            [
              29.1280013,
              56.0266864
            ],
            [
              29.1280067,
              56.0267613
            ],
            [
              29.1281033,
              56.0268752
            ],
            [
              29.1280067,
              56.0270401
            ],
            [
              29.1279477,
              56.027145
            ],
            [
              29.1280174,
              56.0273788
            ],
            [
              29.1281033,
              56.0276306
            ]
          ]
        ]
      },
      "properties": {
        "id": 239,
        "name": "Озеро Бродно",
        "type": "lake",
        "type_ru": "Озеро",
        "district": "Россонский",
        "region": "Витебская область",
        "location_description": "в 13 км на северо-восток от г.п. Россоны, 3 км на юго-запад от д. Горбачево",
        "activities": "подводная охота",
        "coordinate_source": "osm_geometry"
      }
    },
    {
      "type": "Feature",
      "geometry": {
        "type": "Polygon",
        "coordinates": [
          [
            [
              28.8275725,
              56.0103006
            ],
            [
              28.8273954,
              56.0096648
            ],
            [
              28.8269448,
              56.009167
            ],
            [
              28.8266712,
              56.0088161
            ],
            [
              28.8260651,
              56.0082643
            ],
            [
              28.8257217,
              56.0077814
            ],
            [
              28.8252443,
              56.0074425
            ],
            [
              28.8245362,
              56.0069416
            ],
            [
              28.8243914,
              56.0067587
            ],
            [
              28.8239783,
              56.0066237
            ],
            [
              28.8236028,
              56.0065068
            ],
            [
              28.823458,
              56.0063778
            ],
            [
              28.8233614,
              56.0062098
            ],
            [
              28.8235223,
              56.0060419
            ],
            [
              28.8236457,
              56.0058499
            ],
            [
              28.8236672,
              56.005559
            ],
            [
              28.8234955,
              56.005268
            ],
            [
              28.8232863,
              56.0049381
            ],
            [
              28.8230449,
              56.0046742
            ],
            [
              28.8226587,
              56.0043892
            ],
            [
              28.8221651,
              56.0041523
            ],
            [
              28.8214731,
              56.0039243
            ],
            [
              28.8208884,
              56.0038403
            ],
            [
              28.8202447,
              56.0038343
            ],
            [
              28.819778,
              56.0038703
            ],
            [
              28.8193434,
              56.0039393
            ],
            [
              28.8189679,
              56.0041433
            ],
            [
              28.8187426,
              56.0044132
            ],
            [
              28.8186085,
              56.0046562
            ],
            [
              28.8185871,
              56.0052021
            ],
            [
              28.8186622,
              56.005517
            ],
            [
              28.8187909,
              56.0058589
            ],
            [
              28.8187319,
              56.0064258
            ],
            [
              28.8187104,
              56.0070496
            ],
            [
              28.8186514,
              56.0073285
            ],
            [
              28.8186836,
              56.0073975
            ],
            [
              28.818807,
              56.0075025
            ],
            [
              28.8188928,
              56.0076434
            ],
            [
              28.818866,
              56.0078444
            ],
            [
              28.8186943,
              56.0080003
            ],
            [
              28.8185656,
              56.0081833
            ],
            [
              28.8185549,
              56.0084622
            ],
            [
              28.8188767,
              56.0092959
            ],
            [
              28.8189089,
              56.0095059
            ],
            [
              28.8189143,
              56.0096768
            ],
            [
              28.8187534,
              56.0098268
            ],
            [
              28.8184422,
              56.0098927
            ],
            [
              28.8182491,
              56.0099887
            ],
            [
              28.8182116,
              56.0101627
            ],
            [
              28.8182813,
              56.0103426
            ],
            [
              28.8185012,
              56.0104985
            ],
            [
              28.8189089,
              56.0106305
            ],
            [
              28.8193166,
              56.0108374
            ],
            [
              28.819558,
              56.0111373
            ],
            [
              28.819778,
              56.0115661
            ],
            [
              28.8205397,
              56.0123428
            ],
            [
              28.8210922,
              56.0126067
            ],
            [
              28.8215429,
              56.0127777
            ],
            [
              28.8219988,
              56.0128046
            ],
            [
              28.8224709,
              56.0127387
            ],
            [
              28.8230449,
              56.0126067
            ],
            [
              28.8233989,
              56.0125947
            ],
            [
              28.823694,
              56.0126367
            ],
            [
              28.8240212,
              56.0125617
            ],
            [
              28.8243163,
              56.0123578
            ],
            [
              28.8245737,
              56.0122409
            ],
            [
              28.8251209,
              56.0121599
            ],
            [
              28.825314,
              56.012034
            ],
            [
              28.8253952,
              56.0117595
            ],
            [
              28.8255233,
              56.0115571
            ],
            [
              28.8258237,
              56.0114372
            ],
            [
              28.8262099,
              56.0114522
            ],
            [
              28.8265157,
              56.0115421
            ],
            [
              28.8268858,
              56.0115122
            ],
            [
              28.8271326,
              56.0113592
            ],
            [
              28.8273954,
              56.0112213
            ],
            [
              28.8275886,
              56.0110443
            ],
            [
              28.8276046,
              56.0106725
            ],
            [
              28.8275725,
              56.0103006
            ]
          ]
        ]
      },
      "properties": {
        "id": 240,
        "name": "Озеро Валуйское",
        "type": "lake",
        "type_ru": "Озеро",
        "district": "Россонский",
        "region": "Витебская область",
        "location_description": "в 5,4 км на юго-восток от г.п. Россоны",
        "activities": "подводная охота",
        "coordinate_source": "osm_geometry"
      }
    },
    {
      "type": "Feature",
      "geometry": {
        "type": "Polygon",
        "coordinates": [
          [
            [
              28.7095392,
              55.9993439
            ],
            [
              28.7098342,
              55.9994099
            ],
            [
              28.7099791,
              55.9994999
            ],
            [
              28.7100971,
              55.9996229
            ],
            [
              28.7103438,
              55.9997399
            ],
            [
              28.7105477,
              55.9997999
            ],
            [
              28.7107462,
              55.9997909
            ],
            [
              28.7109232,
              55.9997339
            ],
            [
              28.7110627,
              55.9996649
            ],
            [
              28.7111056,
              55.9995659
            ],
            [
              28.7111056,
              55.9994009
            ],
            [
              28.711009,
              55.9986599
            ],
            [
              28.7111688,
              55.9978341
            ],
            [
              28.7111187,
              55.9973579
            ],
            [
              28.7110788,
              55.997148
            ],
            [
              28.7109016,
              55.9969936
            ],
            [
              28.7104618,
              55.996875
            ],
            [
              28.7100112,
              55.996824
            ],
            [
              28.7095714,
              55.996836
            ],
            [
              28.7093514,
              55.996926
            ],
            [
              28.7091905,
              55.997139
            ],
            [
              28.7085414,
              55.997718
            ],
            [
              28.7077789,
              55.9981423
            ],
            [
              28.7068838,
              55.9985804
            ],
            [
              28.7059058,
              55.9991878
            ],
            [
              28.7054944,
              55.9994609
            ],
            [
              28.7053241,
              55.9996644
            ],
            [
              28.7050903,
              56.0002621
            ],
            [
              28.7052208,
              56.0006578
            ],
            [
              28.7056339,
              56.0011677
            ],
            [
              28.7058377,
              56.0017017
            ],
            [
              28.7060094,
              56.0023796
            ],
            [
              28.7059504,
              56.0025835
            ],
            [
              28.7059504,
              56.0027515
            ],
            [
              28.7060422,
              56.0029886
            ],
            [
              28.7060791,
              56.0032254
            ],
            [
              28.7061864,
              56.0034444
            ],
            [
              28.7062615,
              56.0036034
            ],
            [
              28.7063742,
              56.0037923
            ],
            [
              28.7065995,
              56.0039543
            ],
            [
              28.7068194,
              56.0040533
            ],
            [
              28.7070233,
              56.0040473
            ],
            [
              28.7071896,
              56.0039573
            ],
            [
              28.7072861,
              56.0038733
            ],
            [
              28.7072593,
              56.0036694
            ],
            [
              28.7073237,
              56.0034264
            ],
            [
              28.7072539,
              56.0031085
            ],
            [
              28.7073022,
              56.0029825
            ],
            [
              28.7072271,
              56.0027515
            ],
            [
              28.707034,
              56.0024606
            ],
            [
              28.7070775,
              56.0020082
            ],
            [
              28.7073781,
              56.0011305
            ],
            [
              28.7076241,
              56.0008528
            ],
            [
              28.7079352,
              56.0006698
            ],
            [
              28.7081712,
              56.0004118
            ],
            [
              28.7082946,
              56.0002288
            ],
            [
              28.7083697,
              55.9999649
            ],
            [
              28.7084019,
              55.9997579
            ],
            [
              28.7086004,
              55.9995029
            ],
            [
              28.708874,
              55.9993979
            ],
            [
              28.7091851,
              55.9993259
            ],
            [
              28.7095392,
              55.9993439
            ]
          ]
        ]
      },
      "properties": {
        "id": 241,
        "name": "Озеро Велье",
        "type": "lake",
        "type_ru": "Озеро",
        "district": "Россонский",
        "region": "Витебская область",
        "location_description": "в 7 км на запад от г.п. Россоны, 3 км на восток от д. Клястицы",
        "activities": "подводная охота",
        "coordinate_source": "osm_geometry"
      }
    },
    {
      "type": "Feature",
      "geometry": {
        "type": "Polygon",
        "coordinates": [
          [
            [
              29.3156977,
              56.0059171
            ],
            [
              29.3146018,
              56.0059814
            ],
            [
              29.3129028,
              56.0064008
            ],
            [
              29.3125755,
              56.0064732
            ],
            [
              29.31162,
              56.0061378
            ],
            [
              29.3116451,
              56.0055075
            ],
            [
              29.3116307,
              56.0051121
            ],
            [
              29.3109333,
              56.0047762
            ],
            [
              29.3107945,
              56.0043385
            ],
            [
              29.3111301,
              56.0039512
            ],
            [
              29.3120206,
              56.0028799
            ],
            [
              29.311924,
              56.0020914
            ],
            [
              29.3119419,
              56.0017047
            ],
            [
              29.3116635,
              56.0011452
            ],
            [
              29.3113738,
              56.0005436
            ],
            [
              29.3103806,
              55.9999882
            ],
            [
              29.3103325,
              55.9998539
            ],
            [
              29.3095332,
              55.9997579
            ],
            [
              29.3090987,
              55.9996589
            ],
            [
              29.308477,
              55.9996873
            ],
            [
              29.3077576,
              55.9997789
            ],
            [
              29.3073949,
              55.9997366
            ],
            [
              29.3052391,
              56.0002958
            ],
            [
              29.3042436,
              56.0008581
            ],
            [
              29.3037684,
              56.0012562
            ],
            [
              29.3021518,
              56.0020406
            ],
            [
              29.3021299,
              56.0023147
            ],
            [
              29.3016402,
              56.0030046
            ],
            [
              29.3016701,
              56.0040424
            ],
            [
              29.3022913,
              56.0050971
            ],
            [
              29.3027261,
              56.0052615
            ],
            [
              29.3027848,
              56.0053665
            ],
            [
              29.30264,
              56.005487
            ],
            [
              29.3013789,
              56.0058352
            ],
            [
              29.3008375,
              56.0062098
            ],
            [
              29.3010999,
              56.0063482
            ],
            [
              29.301067,
              56.0064562
            ],
            [
              29.2999419,
              56.0078674
            ],
            [
              29.2993891,
              56.0080183
            ],
            [
              29.2994829,
              56.0082754
            ],
            [
              29.2999363,
              56.0089421
            ],
            [
              29.3002474,
              56.0089451
            ],
            [
              29.3003334,
              56.0091725
            ],
            [
              29.301073,
              56.00989
            ],
            [
              29.301728,
              56.0105075
            ],
            [
              29.3021987,
              56.0106682
            ],
            [
              29.3032802,
              56.0114715
            ],
            [
              29.3041133,
              56.011741
            ],
            [
              29.3045638,
              56.012124
            ],
            [
              29.3049678,
              56.0123831
            ],
            [
              29.306159,
              56.0125228
            ],
            [
              29.3075466,
              56.0119642
            ],
            [
              29.3090011,
              56.0116365
            ],
            [
              29.3098909,
              56.0112676
            ],
            [
              29.3103299,
              56.0112078
            ],
            [
              29.3106893,
              56.0110818
            ],
            [
              29.3110428,
              56.0108863
            ],
            [
              29.3118131,
              56.010632
            ],
            [
              29.3121329,
              56.010595
            ],
            [
              29.3130657,
              56.0103351
            ],
            [
              29.3131947,
              56.0103773
            ],
            [
              29.3136907,
              56.0104086
            ],
            [
              29.3143646,
              56.0105211
            ],
            [
              29.3147314,
              56.0104086
            ],
            [
              29.314608,
              56.0101627
            ],
            [
              29.3147904,
              56.0096618
            ],
            [
              29.3152233,
              56.00914
            ],
            [
              29.315941,
              56.0088041
            ],
            [
              29.3160702,
              56.0085421
            ],
            [
              29.3164372,
              56.0083257
            ],
            [
              29.3174431,
              56.008074
            ],
            [
              29.3176711,
              56.0077019
            ],
            [
              29.3174726,
              56.007447
            ],
            [
              29.3177623,
              56.007324
            ],
            [
              29.3178634,
              56.0071027
            ],
            [
              29.3174052,
              56.0068263
            ],
            [
              29.3171561,
              56.0066432
            ],
            [
              29.3170515,
              56.0063673
            ],
            [
              29.3167078,
              56.0062795
            ],
            [
              29.3156977,
              56.0059171
            ]
          ]
        ]
      },
      "properties": {
        "id": 242,
        "name": "Озеро Верховно",
        "type": "lake",
        "type_ru": "Озеро",
        "district": "Россонский",
        "region": "Витебская область",
        "location_description": "в 25 км на восток от г.п. Россоны, 0,8 км на северо-восток у д. Голубово",
        "activities": "подводная охота",
        "coordinate_source": "osm_geometry"
      }
    },
    {
      "type": "Feature",
      "geometry": {
        "type": "Polygon",
        "coordinates": [
          [
            [
              29.4651014,
              56.0983361
            ],
            [
              29.4652301,
              56.098013
            ],
            [
              29.4661099,
              56.0974504
            ],
            [
              29.4669199,
              56.0973487
            ],
            [
              29.4674724,
              56.0973726
            ],
            [
              29.4677138,
              56.0974444
            ],
            [
              29.4679338,
              56.0976868
            ],
            [
              29.4678104,
              56.0979681
            ],
            [
              29.4675904,
              56.0982942
            ],
            [
              29.4671398,
              56.0985665
            ],
            [
              29.4664237,
              56.0987505
            ],
            [
              29.4658685,
              56.0987939
            ],
            [
              29.4652623,
              56.0985515
            ],
            [
              29.4651014,
              56.0983361
            ]
          ]
        ]
      },
      "properties": {
        "id": 243,
        "name": "Озеро Глубо (Глыба)",
        "type": "lake",
        "type_ru": "Озеро",
        "district": "Россонский",
        "region": "Витебская область",
        "location_description": "в 32 км на северо-восток от г.п. Россоны, 5 км на север от д. Заборье",
        "activities": "подводная охота",
        "coordinate_source": "osm_geometry"
      }
    },
    {
      "type": "Feature",
      "geometry": {
        "type": "Polygon",
        "coordinates": [
          [
            [
              29.007598708434603,
              55.7972263963964
            ],
            [
              29.020421291565395,
              55.7972263963964
            ],
            [
              29.020421291565395,
              55.8044336036036
            ],
            [
              29.007598708434603,
              55.8044336036036
            ],
            [
              29.007598708434603,
              55.7972263963964
            ]
          ]
        ]
      },
      "properties": {
        "id": 244,
        "name": "Озеро Глыбочено",
        "type": "lake",
        "type_ru": "Озеро",
        "district": "Россонский",
        "region": "Витебская область",
        "location_description": "в 14 км на юго-восток от г.п. Россоны, 3,1 км на северо-запад от д. Триполье",
        "activities": "подводная охота",
        "coordinate_source": "calculated_from_decree_description"
      }
    },
    {
      "type": "Feature",
      "geometry": {
        "type": "Polygon",
        "coordinates": [
          [
            [
              29.041645992559836,
              55.9946763963964
            ],
            [
              29.05453400744016,
              55.9946763963964
            ],
            [
              29.05453400744016,
              56.0018836036036
            ],
            [
              29.041645992559836,
              56.0018836036036
            ],
            [
              29.041645992559836,
              55.9946763963964
            ]
          ]
        ]
      },
      "properties": {
        "id": 245,
        "name": "Озеро Городно",
        "type": "lake",
        "type_ru": "Озеро",
        "district": "Россонский",
        "region": "Витебская область",
        "location_description": "в 17 км на северо-восток от г.п. Россоны, 1,5 км на север от д. Горбачево",
        "activities": "подводная охота",
        "coordinate_source": "calculated_from_decree_description"
      }
    },
    {
      "type": "Feature",
      "geometry": {
        "type": "Polygon",
        "coordinates": [
          [
            [
              29.1281033,
              56.0276306
            ],
            [
              29.128291,
              56.0280233
            ],
            [
              29.1285914,
              56.028356
            ],
            [
              29.129616,
              56.0290724
            ],
            [
              29.1301471,
              56.0293272
            ],
            [
              29.1305709,
              56.0294831
            ],
            [
              29.1310483,
              56.029543
            ],
            [
              29.1316438,
              56.0295011
            ],
            [
              29.1319066,
              56.0293602
            ],
            [
              29.1321909,
              56.0292163
            ],
            [
              29.1325128,
              56.0291084
            ],
            [
              29.13284,
              56.0291054
            ],
            [
              29.1330546,
              56.0291234
            ],
            [
              29.1332531,
              56.0292553
            ],
            [
              29.1334194,
              56.0294411
            ],
            [
              29.1333818,
              56.029606
            ],
            [
              29.1331726,
              56.0297648
            ],
            [
              29.1329527,
              56.0299837
            ],
            [
              29.1329527,
              56.0301935
            ],
            [
              29.1329044,
              56.0303553
            ],
            [
              29.1330171,
              56.0305682
            ],
            [
              29.1332155,
              56.0309368
            ],
            [
              29.1331565,
              56.0311646
            ],
            [
              29.1331136,
              56.0315123
            ],
            [
              29.1331297,
              56.0317581
            ],
            [
              29.1332048,
              56.031911
            ],
            [
              29.1334462,
              56.0321118
            ],
            [
              29.13387,
              56.0322466
            ],
            [
              29.1342723,
              56.0324145
            ],
            [
              29.1343313,
              56.0324714
            ],
            [
              29.1342616,
              56.0325314
            ],
            [
              29.1340256,
              56.0325913
            ],
            [
              29.1336608,
              56.0326273
            ],
            [
              29.133473,
              56.0326842
            ],
            [
              29.1332316,
              56.0327412
            ],
            [
              29.1328937,
              56.032906
            ],
            [
              29.1327167,
              56.0331308
            ],
            [
              29.132604,
              56.0333946
            ],
            [
              29.1324109,
              56.0338232
            ],
            [
              29.1323787,
              56.033988
            ],
            [
              29.132427,
              56.0342517
            ],
            [
              29.1326791,
              56.0343926
            ],
            [
              29.1330546,
              56.0345724
            ],
            [
              29.1336715,
              56.0347493
            ],
            [
              29.1341436,
              56.0348542
            ],
            [
              29.1344279,
              56.035028
            ],
            [
              29.134503,
              56.0352468
            ],
            [
              29.134562,
              56.0354566
            ],
            [
              29.1347659,
              56.0357622
            ],
            [
              29.1348517,
              56.0359331
            ],
            [
              29.1351092,
              56.036038
            ],
            [
              29.1353667,
              56.036014
            ],
            [
              29.1355491,
              56.0358042
            ],
            [
              29.1357368,
              56.0355674
            ],
            [
              29.1359749,
              56.0353459
            ],
            [
              29.136284,
              56.035028
            ],
            [
              29.136343,
              56.0348092
            ],
            [
              29.1362786,
              56.0346024
            ],
            [
              29.1360909,
              56.0343776
            ],
            [
              29.136048,
              56.034012
            ],
            [
              29.1362035,
              56.0338831
            ],
            [
              29.1362464,
              56.0337243
            ],
            [
              29.1361606,
              56.0335564
            ],
            [
              29.1362411,
              56.0333316
            ],
            [
              29.1365844,
              56.0331368
            ],
            [
              29.1369706,
              56.032912
            ],
            [
              29.1372013,
              56.0326962
            ],
            [
              29.1373354,
              56.0325134
            ],
            [
              29.1372979,
              56.0322826
            ],
            [
              29.1370672,
              56.0320398
            ],
            [
              29.1368312,
              56.031806
            ],
            [
              29.1366219,
              56.0317191
            ],
            [
              29.1363859,
              56.0316922
            ],
            [
              29.1362411,
              56.0315842
            ],
            [
              29.1362572,
              56.0314404
            ],
            [
              29.1363752,
              56.0313535
            ],
            [
              29.1364556,
              56.0309069
            ],
            [
              29.1366273,
              56.030781
            ],
            [
              29.1369331,
              56.0305412
            ],
            [
              29.136976,
              56.0303553
            ],
            [
              29.1368741,
              56.0301935
            ],
            [
              29.13674,
              56.0301545
            ],
            [
              29.1364396,
              56.0301245
            ],
            [
              29.1361982,
              56.0300706
            ],
            [
              29.1359889,
              56.0298548
            ],
            [
              29.135887,
              56.02954
            ],
            [
              29.1356993,
              56.0292193
            ],
            [
              29.1352808,
              56.0289585
            ],
            [
              29.1350555,
              56.0287397
            ],
            [
              29.1347712,
              56.0285089
            ],
            [
              29.1344869,
              56.0281732
            ],
            [
              29.134106,
              56.0280683
            ],
            [
              29.1336393,
              56.0280083
            ],
            [
              29.13284,
              56.0278824
            ],
            [
              29.1324001,
              56.0277775
            ],
            [
              29.1320139,
              56.0277775
            ],
            [
              29.1317296,
              56.0277865
            ],
            [
              29.1314185,
              56.0277295
            ],
            [
              29.1311449,
              56.0275887
            ],
            [
              29.1307747,
              56.0273398
            ],
            [
              29.1303134,
              56.0269771
            ],
            [
              29.1300613,
              56.0267103
            ],
            [
              29.129734,
              56.0265964
            ],
            [
              29.1295731,
              56.0264855
            ],
            [
              29.1294229,
              56.0262757
            ],
            [
              29.1292566,
              56.0262097
            ],
            [
              29.1290957,
              56.0261917
            ],
            [
              29.1289042,
              56.0262722
            ],
            [
              29.1287202,
              56.0263296
            ],
            [
              29.128468,
              56.0264316
            ],
            [
              29.1283017,
              56.0265185
            ],
            [
              29.128055,
              56.0266024
            ],
            [
              29.1280013,
              56.0266864
            ],
            [
              29.1280067,
              56.0267613
            ],
            [
              29.1281033,
              56.0268752
            ],
            [
              29.1280067,
              56.0270401
            ],
            [
              29.1279477,
              56.027145
            ],
            [
              29.1280174,
              56.0273788
            ],
            [
              29.1281033,
              56.0276306
            ]
          ]
        ]
      },
      "properties": {
        "id": 246,
        "name": "Озеро Гостинец",
        "type": "lake",
        "type_ru": "Озеро",
        "district": "Россонский",
        "region": "Витебская область",
        "location_description": "в 16 км на северо-восток от г.п. Россоны, 1,5 км на север от д. Горбачево",
        "activities": "подводная охота",
        "coordinate_source": "osm_geometry"
      }
    },
    {
      "type": "Feature",
      "geometry": {
        "type": "Polygon",
        "coordinates": [
          [
            [
              28.610887,
              56.1042517
            ],
            [
              28.6099401,
              56.1036097
            ],
            [
              28.6097545,
              56.1030092
            ],
            [
              28.6104043,
              56.1023776
            ],
            [
              28.6112954,
              56.1023051
            ],
            [
              28.6119824,
              56.1026571
            ],
            [
              28.6123166,
              56.1034027
            ],
            [
              28.6120752,
              56.10391
            ],
            [
              28.611741,
              56.1041689
            ],
            [
              28.610887,
              56.1042517
            ]
          ]
        ]
      },
      "properties": {
        "id": 247,
        "name": "Озеро Демя",
        "type": "lake",
        "type_ru": "Озеро",
        "district": "Россонский",
        "region": "Витебская область",
        "location_description": "в 23 км на северо-запад от г.п. Россоны, 3,1 км на юго-восток от д. Лисно",
        "activities": "подводная охота",
        "coordinate_source": "osm_geometry"
      }
    },
    {
      "type": "Feature",
      "geometry": {
        "type": "Polygon",
        "coordinates": [
          [
            [
              29.098477085921264,
              55.7462663963964
            ],
            [
              29.11128291407874,
              55.7462663963964
            ],
            [
              29.11128291407874,
              55.7534736036036
            ],
            [
              29.098477085921264,
              55.7534736036036
            ],
            [
              29.098477085921264,
              55.7462663963964
            ]
          ]
        ]
      },
      "properties": {
        "id": 248,
        "name": "Озеро Долгое (Должно)",
        "type": "lake",
        "type_ru": "Озеро",
        "district": "Россонский",
        "region": "Витебская область",
        "location_description": "в 22 км на юго-восток от г.п. Россоны, около д. Прудок",
        "activities": "подводная охота",
        "coordinate_source": "calculated_from_decree_description"
      }
    },
    {
      "type": "Feature",
      "geometry": {
        "type": "Polygon",
        "coordinates": [
          [
            [
              28.8275725,
              56.0103006
            ],
            [
              28.8273954,
              56.0096648
            ],
            [
              28.8269448,
              56.009167
            ],
            [
              28.8266712,
              56.0088161
            ],
            [
              28.8260651,
              56.0082643
            ],
            [
              28.8257217,
              56.0077814
            ],
            [
              28.8252443,
              56.0074425
            ],
            [
              28.8245362,
              56.0069416
            ],
            [
              28.8243914,
              56.0067587
            ],
            [
              28.8239783,
              56.0066237
            ],
            [
              28.8236028,
              56.0065068
            ],
            [
              28.823458,
              56.0063778
            ],
            [
              28.8233614,
              56.0062098
            ],
            [
              28.8235223,
              56.0060419
            ],
            [
              28.8236457,
              56.0058499
            ],
            [
              28.8236672,
              56.005559
            ],
            [
              28.8234955,
              56.005268
            ],
            [
              28.8232863,
              56.0049381
            ],
            [
              28.8230449,
              56.0046742
            ],
            [
              28.8226587,
              56.0043892
            ],
            [
              28.8221651,
              56.0041523
            ],
            [
              28.8214731,
              56.0039243
            ],
            [
              28.8208884,
              56.0038403
            ],
            [
              28.8202447,
              56.0038343
            ],
            [
              28.819778,
              56.0038703
            ],
            [
              28.8193434,
              56.0039393
            ],
            [
              28.8189679,
              56.0041433
            ],
            [
              28.8187426,
              56.0044132
            ],
            [
              28.8186085,
              56.0046562
            ],
            [
              28.8185871,
              56.0052021
            ],
            [
              28.8186622,
              56.005517
            ],
            [
              28.8187909,
              56.0058589
            ],
            [
              28.8187319,
              56.0064258
            ],
            [
              28.8187104,
              56.0070496
            ],
            [
              28.8186514,
              56.0073285
            ],
            [
              28.8186836,
              56.0073975
            ],
            [
              28.818807,
              56.0075025
            ],
            [
              28.8188928,
              56.0076434
            ],
            [
              28.818866,
              56.0078444
            ],
            [
              28.8186943,
              56.0080003
            ],
            [
              28.8185656,
              56.0081833
            ],
            [
              28.8185549,
              56.0084622
            ],
            [
              28.8188767,
              56.0092959
            ],
            [
              28.8189089,
              56.0095059
            ],
            [
              28.8189143,
              56.0096768
            ],
            [
              28.8187534,
              56.0098268
            ],
            [
              28.8184422,
              56.0098927
            ],
            [
              28.8182491,
              56.0099887
            ],
            [
              28.8182116,
              56.0101627
            ],
            [
              28.8182813,
              56.0103426
            ],
            [
              28.8185012,
              56.0104985
            ],
            [
              28.8189089,
              56.0106305
            ],
            [
              28.8193166,
              56.0108374
            ],
            [
              28.819558,
              56.0111373
            ],
            [
              28.819778,
              56.0115661
            ],
            [
              28.8205397,
              56.0123428
            ],
            [
              28.8210922,
              56.0126067
            ],
            [
              28.8215429,
              56.0127777
            ],
            [
              28.8219988,
              56.0128046
            ],
            [
              28.8224709,
              56.0127387
            ],
            [
              28.8230449,
              56.0126067
            ],
            [
              28.8233989,
              56.0125947
            ],
            [
              28.823694,
              56.0126367
            ],
            [
              28.8240212,
              56.0125617
            ],
            [
              28.8243163,
              56.0123578
            ],
            [
              28.8245737,
              56.0122409
            ],
            [
              28.8251209,
              56.0121599
            ],
            [
              28.825314,
              56.012034
            ],
            [
              28.8253952,
              56.0117595
            ],
            [
              28.8255233,
              56.0115571
            ],
            [
              28.8258237,
              56.0114372
            ],
            [
              28.8262099,
              56.0114522
            ],
            [
              28.8265157,
              56.0115421
            ],
            [
              28.8268858,
              56.0115122
            ],
            [
              28.8271326,
              56.0113592
            ],
            [
              28.8273954,
              56.0112213
            ],
            [
              28.8275886,
              56.0110443
            ],
            [
              28.8276046,
              56.0106725
            ],
            [
              28.8275725,
              56.0103006
            ]
          ]
        ]
      },
      "properties": {
        "id": 249,
        "name": "Озеро Межево",
        "type": "lake",
        "type_ru": "Озеро",
        "district": "Россонский",
        "region": "Витебская область",
        "location_description": "в 8 км на северо-восток от г.п. Россоны",
        "activities": "подводная охота",
        "coordinate_source": "osm_geometry"
      }
    },
    {
      "type": "Feature",
      "geometry": {
        "type": "Polygon",
        "coordinates": [
          [
            [
              29.053032900549944,
              55.7717463963964
            ],
            [
              29.065847099450053,
              55.7717463963964
            ],
            [
              29.065847099450053,
              55.778953603603604
            ],
            [
              29.053032900549944,
              55.778953603603604
            ],
            [
              29.053032900549944,
              55.7717463963964
            ]
          ]
        ]
      },
      "properties": {
        "id": 250,
        "name": "Озеро Межно",
        "type": "lake",
        "type_ru": "Озеро",
        "district": "Россонский",
        "region": "Витебская область",
        "location_description": "в 18 км на юго-восток от г.п. Россоны, 0,5 км на север от д. Межно",
        "activities": "подводная охота",
        "coordinate_source": "calculated_from_decree_description"
      }
    },
    {
      "type": "Feature",
      "geometry": {
        "type": "Polygon",
        "coordinates": [
          [
            [
              29.1281033,
              56.0276306
            ],
            [
              29.128291,
              56.0280233
            ],
            [
              29.1285914,
              56.028356
            ],
            [
              29.129616,
              56.0290724
            ],
            [
              29.1301471,
              56.0293272
            ],
            [
              29.1305709,
              56.0294831
            ],
            [
              29.1310483,
              56.029543
            ],
            [
              29.1316438,
              56.0295011
            ],
            [
              29.1319066,
              56.0293602
            ],
            [
              29.1321909,
              56.0292163
            ],
            [
              29.1325128,
              56.0291084
            ],
            [
              29.13284,
              56.0291054
            ],
            [
              29.1330546,
              56.0291234
            ],
            [
              29.1332531,
              56.0292553
            ],
            [
              29.1334194,
              56.0294411
            ],
            [
              29.1333818,
              56.029606
            ],
            [
              29.1331726,
              56.0297648
            ],
            [
              29.1329527,
              56.0299837
            ],
            [
              29.1329527,
              56.0301935
            ],
            [
              29.1329044,
              56.0303553
            ],
            [
              29.1330171,
              56.0305682
            ],
            [
              29.1332155,
              56.0309368
            ],
            [
              29.1331565,
              56.0311646
            ],
            [
              29.1331136,
              56.0315123
            ],
            [
              29.1331297,
              56.0317581
            ],
            [
              29.1332048,
              56.031911
            ],
            [
              29.1334462,
              56.0321118
            ],
            [
              29.13387,
              56.0322466
            ],
            [
              29.1342723,
              56.0324145
            ],
            [
              29.1343313,
              56.0324714
            ],
            [
              29.1342616,
              56.0325314
            ],
            [
              29.1340256,
              56.0325913
            ],
            [
              29.1336608,
              56.0326273
            ],
            [
              29.133473,
              56.0326842
            ],
            [
              29.1332316,
              56.0327412
            ],
            [
              29.1328937,
              56.032906
            ],
            [
              29.1327167,
              56.0331308
            ],
            [
              29.132604,
              56.0333946
            ],
            [
              29.1324109,
              56.0338232
            ],
            [
              29.1323787,
              56.033988
            ],
            [
              29.132427,
              56.0342517
            ],
            [
              29.1326791,
              56.0343926
            ],
            [
              29.1330546,
              56.0345724
            ],
            [
              29.1336715,
              56.0347493
            ],
            [
              29.1341436,
              56.0348542
            ],
            [
              29.1344279,
              56.035028
            ],
            [
              29.134503,
              56.0352468
            ],
            [
              29.134562,
              56.0354566
            ],
            [
              29.1347659,
              56.0357622
            ],
            [
              29.1348517,
              56.0359331
            ],
            [
              29.1351092,
              56.036038
            ],
            [
              29.1353667,
              56.036014
            ],
            [
              29.1355491,
              56.0358042
            ],
            [
              29.1357368,
              56.0355674
            ],
            [
              29.1359749,
              56.0353459
            ],
            [
              29.136284,
              56.035028
            ],
            [
              29.136343,
              56.0348092
            ],
            [
              29.1362786,
              56.0346024
            ],
            [
              29.1360909,
              56.0343776
            ],
            [
              29.136048,
              56.034012
            ],
            [
              29.1362035,
              56.0338831
            ],
            [
              29.1362464,
              56.0337243
            ],
            [
              29.1361606,
              56.0335564
            ],
            [
              29.1362411,
              56.0333316
            ],
            [
              29.1365844,
              56.0331368
            ],
            [
              29.1369706,
              56.032912
            ],
            [
              29.1372013,
              56.0326962
            ],
            [
              29.1373354,
              56.0325134
            ],
            [
              29.1372979,
              56.0322826
            ],
            [
              29.1370672,
              56.0320398
            ],
            [
              29.1368312,
              56.031806
            ],
            [
              29.1366219,
              56.0317191
            ],
            [
              29.1363859,
              56.0316922
            ],
            [
              29.1362411,
              56.0315842
            ],
            [
              29.1362572,
              56.0314404
            ],
            [
              29.1363752,
              56.0313535
            ],
            [
              29.1364556,
              56.0309069
            ],
            [
              29.1366273,
              56.030781
            ],
            [
              29.1369331,
              56.0305412
            ],
            [
              29.136976,
              56.0303553
            ],
            [
              29.1368741,
              56.0301935
            ],
            [
              29.13674,
              56.0301545
            ],
            [
              29.1364396,
              56.0301245
            ],
            [
              29.1361982,
              56.0300706
            ],
            [
              29.1359889,
              56.0298548
            ],
            [
              29.135887,
              56.02954
            ],
            [
              29.1356993,
              56.0292193
            ],
            [
              29.1352808,
              56.0289585
            ],
            [
              29.1350555,
              56.0287397
            ],
            [
              29.1347712,
              56.0285089
            ],
            [
              29.1344869,
              56.0281732
            ],
            [
              29.134106,
              56.0280683
            ],
            [
              29.1336393,
              56.0280083
            ],
            [
              29.13284,
              56.0278824
            ],
            [
              29.1324001,
              56.0277775
            ],
            [
              29.1320139,
              56.0277775
            ],
            [
              29.1317296,
              56.0277865
            ],
            [
              29.1314185,
              56.0277295
            ],
            [
              29.1311449,
              56.0275887
            ],
            [
              29.1307747,
              56.0273398
            ],
            [
              29.1303134,
              56.0269771
            ],
            [
              29.1300613,
              56.0267103
            ],
            [
              29.129734,
              56.0265964
            ],
            [
              29.1295731,
              56.0264855
            ],
            [
              29.1294229,
              56.0262757
            ],
            [
              29.1292566,
              56.0262097
            ],
            [
              29.1290957,
              56.0261917
            ],
            [
              29.1289042,
              56.0262722
            ],
            [
              29.1287202,
              56.0263296
            ],
            [
              29.128468,
              56.0264316
            ],
            [
              29.1283017,
              56.0265185
            ],
            [
              29.128055,
              56.0266024
            ],
            [
              29.1280013,
              56.0266864
            ],
            [
              29.1280067,
              56.0267613
            ],
            [
              29.1281033,
              56.0268752
            ],
            [
              29.1280067,
              56.0270401
            ],
            [
              29.1279477,
              56.027145
            ],
            [
              29.1280174,
              56.0273788
            ],
            [
              29.1281033,
              56.0276306
            ]
          ]
        ]
      },
      "properties": {
        "id": 251,
        "name": "Озеро Нещердо",
        "type": "lake",
        "type_ru": "Озеро",
        "district": "Россонский",
        "region": "Витебская область",
        "location_description": "в 15 км на восток от г.п. Россоны, между д. Горбачево и д. Байдино",
        "activities": "подводная охота, лов рыбы на дорожку с судов с двигателями",
        "coordinate_source": "osm_geometry"
      }
    },
    {
      "type": "Feature",
      "geometry": {
        "type": "Polygon",
        "coordinates": [
          [
            [
              28.610887,
              56.1042517
            ],
            [
              28.6099401,
              56.1036097
            ],
            [
              28.6097545,
              56.1030092
            ],
            [
              28.6104043,
              56.1023776
            ],
            [
              28.6112954,
              56.1023051
            ],
            [
              28.6119824,
              56.1026571
            ],
            [
              28.6123166,
              56.1034027
            ],
            [
              28.6120752,
              56.10391
            ],
            [
              28.611741,
              56.1041689
            ],
            [
              28.610887,
              56.1042517
            ]
          ]
        ]
      },
      "properties": {
        "id": 252,
        "name": "Озеро Плотичное",
        "type": "lake",
        "type_ru": "Озеро",
        "district": "Россонский",
        "region": "Витебская область",
        "location_description": "в 24 км на северо-запад от г.п. Россоны, 2 км на запад от д. Красный Бор",
        "activities": "подводная охота",
        "coordinate_source": "osm_geometry"
      }
    },
    {
      "type": "Feature",
      "geometry": {
        "type": "Polygon",
        "coordinates": [
          [
            [
              28.8275725,
              56.0103006
            ],
            [
              28.8273954,
              56.0096648
            ],
            [
              28.8269448,
              56.009167
            ],
            [
              28.8266712,
              56.0088161
            ],
            [
              28.8260651,
              56.0082643
            ],
            [
              28.8257217,
              56.0077814
            ],
            [
              28.8252443,
              56.0074425
            ],
            [
              28.8245362,
              56.0069416
            ],
            [
              28.8243914,
              56.0067587
            ],
            [
              28.8239783,
              56.0066237
            ],
            [
              28.8236028,
              56.0065068
            ],
            [
              28.823458,
              56.0063778
            ],
            [
              28.8233614,
              56.0062098
            ],
            [
              28.8235223,
              56.0060419
            ],
            [
              28.8236457,
              56.0058499
            ],
            [
              28.8236672,
              56.005559
            ],
            [
              28.8234955,
              56.005268
            ],
            [
              28.8232863,
              56.0049381
            ],
            [
              28.8230449,
              56.0046742
            ],
            [
              28.8226587,
              56.0043892
            ],
            [
              28.8221651,
              56.0041523
            ],
            [
              28.8214731,
              56.0039243
            ],
            [
              28.8208884,
              56.0038403
            ],
            [
              28.8202447,
              56.0038343
            ],
            [
              28.819778,
              56.0038703
            ],
            [
              28.8193434,
              56.0039393
            ],
            [
              28.8189679,
              56.0041433
            ],
            [
              28.8187426,
              56.0044132
            ],
            [
              28.8186085,
              56.0046562
            ],
            [
              28.8185871,
              56.0052021
            ],
            [
              28.8186622,
              56.005517
            ],
            [
              28.8187909,
              56.0058589
            ],
            [
              28.8187319,
              56.0064258
            ],
            [
              28.8187104,
              56.0070496
            ],
            [
              28.8186514,
              56.0073285
            ],
            [
              28.8186836,
              56.0073975
            ],
            [
              28.818807,
              56.0075025
            ],
            [
              28.8188928,
              56.0076434
            ],
            [
              28.818866,
              56.0078444
            ],
            [
              28.8186943,
              56.0080003
            ],
            [
              28.8185656,
              56.0081833
            ],
            [
              28.8185549,
              56.0084622
            ],
            [
              28.8188767,
              56.0092959
            ],
            [
              28.8189089,
              56.0095059
            ],
            [
              28.8189143,
              56.0096768
            ],
            [
              28.8187534,
              56.0098268
            ],
            [
              28.8184422,
              56.0098927
            ],
            [
              28.8182491,
              56.0099887
            ],
            [
              28.8182116,
              56.0101627
            ],
            [
              28.8182813,
              56.0103426
            ],
            [
              28.8185012,
              56.0104985
            ],
            [
              28.8189089,
              56.0106305
            ],
            [
              28.8193166,
              56.0108374
            ],
            [
              28.819558,
              56.0111373
            ],
            [
              28.819778,
              56.0115661
            ],
            [
              28.8205397,
              56.0123428
            ],
            [
              28.8210922,
              56.0126067
            ],
            [
              28.8215429,
              56.0127777
            ],
            [
              28.8219988,
              56.0128046
            ],
            [
              28.8224709,
              56.0127387
            ],
            [
              28.8230449,
              56.0126067
            ],
            [
              28.8233989,
              56.0125947
            ],
            [
              28.823694,
              56.0126367
            ],
            [
              28.8240212,
              56.0125617
            ],
            [
              28.8243163,
              56.0123578
            ],
            [
              28.8245737,
              56.0122409
            ],
            [
              28.8251209,
              56.0121599
            ],
            [
              28.825314,
              56.012034
            ],
            [
              28.8253952,
              56.0117595
            ],
            [
              28.8255233,
              56.0115571
            ],
            [
              28.8258237,
              56.0114372
            ],
            [
              28.8262099,
              56.0114522
            ],
            [
              28.8265157,
              56.0115421
            ],
            [
              28.8268858,
              56.0115122
            ],
            [
              28.8271326,
              56.0113592
            ],
            [
              28.8273954,
              56.0112213
            ],
            [
              28.8275886,
              56.0110443
            ],
            [
              28.8276046,
              56.0106725
            ],
            [
              28.8275725,
              56.0103006
            ]
          ]
        ]
      },
      "properties": {
        "id": 253,
        "name": "Озеро Россомачинское",
        "type": "lake",
        "type_ru": "Озеро",
        "district": "Россонский",
        "region": "Витебская область",
        "location_description": "в 10 км на юго-восток от г.п. Россоны, 2 км на северо-восток от д. Долгоборье",
        "activities": "подводная охота",
        "coordinate_source": "osm_geometry"
      }
    },
    {
      "type": "Feature",
      "geometry": {
        "type": "Polygon",
        "coordinates": [
          [
            [
              28.8275725,
              56.0103006
            ],
            [
              28.8273954,
              56.0096648
            ],
            [
              28.8269448,
              56.009167
            ],
            [
              28.8266712,
              56.0088161
            ],
            [
              28.8260651,
              56.0082643
            ],
            [
              28.8257217,
              56.0077814
            ],
            [
              28.8252443,
              56.0074425
            ],
            [
              28.8245362,
              56.0069416
            ],
            [
              28.8243914,
              56.0067587
            ],
            [
              28.8239783,
              56.0066237
            ],
            [
              28.8236028,
              56.0065068
            ],
            [
              28.823458,
              56.0063778
            ],
            [
              28.8233614,
              56.0062098
            ],
            [
              28.8235223,
              56.0060419
            ],
            [
              28.8236457,
              56.0058499
            ],
            [
              28.8236672,
              56.005559
            ],
            [
              28.8234955,
              56.005268
            ],
            [
              28.8232863,
              56.0049381
            ],
            [
              28.8230449,
              56.0046742
            ],
            [
              28.8226587,
              56.0043892
            ],
            [
              28.8221651,
              56.0041523
            ],
            [
              28.8214731,
              56.0039243
            ],
            [
              28.8208884,
              56.0038403
            ],
            [
              28.8202447,
              56.0038343
            ],
            [
              28.819778,
              56.0038703
            ],
            [
              28.8193434,
              56.0039393
            ],
            [
              28.8189679,
              56.0041433
            ],
            [
              28.8187426,
              56.0044132
            ],
            [
              28.8186085,
              56.0046562
            ],
            [
              28.8185871,
              56.0052021
            ],
            [
              28.8186622,
              56.005517
            ],
            [
              28.8187909,
              56.0058589
            ],
            [
              28.8187319,
              56.0064258
            ],
            [
              28.8187104,
              56.0070496
            ],
            [
              28.8186514,
              56.0073285
            ],
            [
              28.8186836,
              56.0073975
            ],
            [
              28.818807,
              56.0075025
            ],
            [
              28.8188928,
              56.0076434
            ],
            [
              28.818866,
              56.0078444
            ],
            [
              28.8186943,
              56.0080003
            ],
            [
              28.8185656,
              56.0081833
            ],
            [
              28.8185549,
              56.0084622
            ],
            [
              28.8188767,
              56.0092959
            ],
            [
              28.8189089,
              56.0095059
            ],
            [
              28.8189143,
              56.0096768
            ],
            [
              28.8187534,
              56.0098268
            ],
            [
              28.8184422,
              56.0098927
            ],
            [
              28.8182491,
              56.0099887
            ],
            [
              28.8182116,
              56.0101627
            ],
            [
              28.8182813,
              56.0103426
            ],
            [
              28.8185012,
              56.0104985
            ],
            [
              28.8189089,
              56.0106305
            ],
            [
              28.8193166,
              56.0108374
            ],
            [
              28.819558,
              56.0111373
            ],
            [
              28.819778,
              56.0115661
            ],
            [
              28.8205397,
              56.0123428
            ],
            [
              28.8210922,
              56.0126067
            ],
            [
              28.8215429,
              56.0127777
            ],
            [
              28.8219988,
              56.0128046
            ],
            [
              28.8224709,
              56.0127387
            ],
            [
              28.8230449,
              56.0126067
            ],
            [
              28.8233989,
              56.0125947
            ],
            [
              28.823694,
              56.0126367
            ],
            [
              28.8240212,
              56.0125617
            ],
            [
              28.8243163,
              56.0123578
            ],
            [
              28.8245737,
              56.0122409
            ],
            [
              28.8251209,
              56.0121599
            ],
            [
              28.825314,
              56.012034
            ],
            [
              28.8253952,
              56.0117595
            ],
            [
              28.8255233,
              56.0115571
            ],
            [
              28.8258237,
              56.0114372
            ],
            [
              28.8262099,
              56.0114522
            ],
            [
              28.8265157,
              56.0115421
            ],
            [
              28.8268858,
              56.0115122
            ],
            [
              28.8271326,
              56.0113592
            ],
            [
              28.8273954,
              56.0112213
            ],
            [
              28.8275886,
              56.0110443
            ],
            [
              28.8276046,
              56.0106725
            ],
            [
              28.8275725,
              56.0103006
            ]
          ]
        ]
      },
      "properties": {
        "id": 254,
        "name": "Озеро Свериновское",
        "type": "lake",
        "type_ru": "Озеро",
        "district": "Россонский",
        "region": "Витебская область",
        "location_description": "в 1,9 км на северо-запад около д. Селявщина Россонского района",
        "activities": "подводная охота",
        "coordinate_source": "osm_geometry"
      }
    },
    {
      "type": "Feature",
      "geometry": {
        "type": "Polygon",
        "coordinates": [
          [
            [
              28.8275725,
              56.0103006
            ],
            [
              28.8273954,
              56.0096648
            ],
            [
              28.8269448,
              56.009167
            ],
            [
              28.8266712,
              56.0088161
            ],
            [
              28.8260651,
              56.0082643
            ],
            [
              28.8257217,
              56.0077814
            ],
            [
              28.8252443,
              56.0074425
            ],
            [
              28.8245362,
              56.0069416
            ],
            [
              28.8243914,
              56.0067587
            ],
            [
              28.8239783,
              56.0066237
            ],
            [
              28.8236028,
              56.0065068
            ],
            [
              28.823458,
              56.0063778
            ],
            [
              28.8233614,
              56.0062098
            ],
            [
              28.8235223,
              56.0060419
            ],
            [
              28.8236457,
              56.0058499
            ],
            [
              28.8236672,
              56.005559
            ],
            [
              28.8234955,
              56.005268
            ],
            [
              28.8232863,
              56.0049381
            ],
            [
              28.8230449,
              56.0046742
            ],
            [
              28.8226587,
              56.0043892
            ],
            [
              28.8221651,
              56.0041523
            ],
            [
              28.8214731,
              56.0039243
            ],
            [
              28.8208884,
              56.0038403
            ],
            [
              28.8202447,
              56.0038343
            ],
            [
              28.819778,
              56.0038703
            ],
            [
              28.8193434,
              56.0039393
            ],
            [
              28.8189679,
              56.0041433
            ],
            [
              28.8187426,
              56.0044132
            ],
            [
              28.8186085,
              56.0046562
            ],
            [
              28.8185871,
              56.0052021
            ],
            [
              28.8186622,
              56.005517
            ],
            [
              28.8187909,
              56.0058589
            ],
            [
              28.8187319,
              56.0064258
            ],
            [
              28.8187104,
              56.0070496
            ],
            [
              28.8186514,
              56.0073285
            ],
            [
              28.8186836,
              56.0073975
            ],
            [
              28.818807,
              56.0075025
            ],
            [
              28.8188928,
              56.0076434
            ],
            [
              28.818866,
              56.0078444
            ],
            [
              28.8186943,
              56.0080003
            ],
            [
              28.8185656,
              56.0081833
            ],
            [
              28.8185549,
              56.0084622
            ],
            [
              28.8188767,
              56.0092959
            ],
            [
              28.8189089,
              56.0095059
            ],
            [
              28.8189143,
              56.0096768
            ],
            [
              28.8187534,
              56.0098268
            ],
            [
              28.8184422,
              56.0098927
            ],
            [
              28.8182491,
              56.0099887
            ],
            [
              28.8182116,
              56.0101627
            ],
            [
              28.8182813,
              56.0103426
            ],
            [
              28.8185012,
              56.0104985
            ],
            [
              28.8189089,
              56.0106305
            ],
            [
              28.8193166,
              56.0108374
            ],
            [
              28.819558,
              56.0111373
            ],
            [
              28.819778,
              56.0115661
            ],
            [
              28.8205397,
              56.0123428
            ],
            [
              28.8210922,
              56.0126067
            ],
            [
              28.8215429,
              56.0127777
            ],
            [
              28.8219988,
              56.0128046
            ],
            [
              28.8224709,
              56.0127387
            ],
            [
              28.8230449,
              56.0126067
            ],
            [
              28.8233989,
              56.0125947
            ],
            [
              28.823694,
              56.0126367
            ],
            [
              28.8240212,
              56.0125617
            ],
            [
              28.8243163,
              56.0123578
            ],
            [
              28.8245737,
              56.0122409
            ],
            [
              28.8251209,
              56.0121599
            ],
            [
              28.825314,
              56.012034
            ],
            [
              28.8253952,
              56.0117595
            ],
            [
              28.8255233,
              56.0115571
            ],
            [
              28.8258237,
              56.0114372
            ],
            [
              28.8262099,
              56.0114522
            ],
            [
              28.8265157,
              56.0115421
            ],
            [
              28.8268858,
              56.0115122
            ],
            [
              28.8271326,
              56.0113592
            ],
            [
              28.8273954,
              56.0112213
            ],
            [
              28.8275886,
              56.0110443
            ],
            [
              28.8276046,
              56.0106725
            ],
            [
              28.8275725,
              56.0103006
            ]
          ]
        ]
      },
      "properties": {
        "id": 255,
        "name": "Озеро Селявское",
        "type": "lake",
        "type_ru": "Озеро",
        "district": "Россонский",
        "region": "Витебская область",
        "location_description": "в 10 км на юг от г.п. Россоны, 3,5 км на север от д. Янковичи",
        "activities": "подводная охота",
        "coordinate_source": "osm_geometry"
      }
    },
    {
      "type": "Feature",
      "geometry": {
        "type": "Polygon",
        "coordinates": [
          [
            [
              29.1281033,
              56.0276306
            ],
            [
              29.128291,
              56.0280233
            ],
            [
              29.1285914,
              56.028356
            ],
            [
              29.129616,
              56.0290724
            ],
            [
              29.1301471,
              56.0293272
            ],
            [
              29.1305709,
              56.0294831
            ],
            [
              29.1310483,
              56.029543
            ],
            [
              29.1316438,
              56.0295011
            ],
            [
              29.1319066,
              56.0293602
            ],
            [
              29.1321909,
              56.0292163
            ],
            [
              29.1325128,
              56.0291084
            ],
            [
              29.13284,
              56.0291054
            ],
            [
              29.1330546,
              56.0291234
            ],
            [
              29.1332531,
              56.0292553
            ],
            [
              29.1334194,
              56.0294411
            ],
            [
              29.1333818,
              56.029606
            ],
            [
              29.1331726,
              56.0297648
            ],
            [
              29.1329527,
              56.0299837
            ],
            [
              29.1329527,
              56.0301935
            ],
            [
              29.1329044,
              56.0303553
            ],
            [
              29.1330171,
              56.0305682
            ],
            [
              29.1332155,
              56.0309368
            ],
            [
              29.1331565,
              56.0311646
            ],
            [
              29.1331136,
              56.0315123
            ],
            [
              29.1331297,
              56.0317581
            ],
            [
              29.1332048,
              56.031911
            ],
            [
              29.1334462,
              56.0321118
            ],
            [
              29.13387,
              56.0322466
            ],
            [
              29.1342723,
              56.0324145
            ],
            [
              29.1343313,
              56.0324714
            ],
            [
              29.1342616,
              56.0325314
            ],
            [
              29.1340256,
              56.0325913
            ],
            [
              29.1336608,
              56.0326273
            ],
            [
              29.133473,
              56.0326842
            ],
            [
              29.1332316,
              56.0327412
            ],
            [
              29.1328937,
              56.032906
            ],
            [
              29.1327167,
              56.0331308
            ],
            [
              29.132604,
              56.0333946
            ],
            [
              29.1324109,
              56.0338232
            ],
            [
              29.1323787,
              56.033988
            ],
            [
              29.132427,
              56.0342517
            ],
            [
              29.1326791,
              56.0343926
            ],
            [
              29.1330546,
              56.0345724
            ],
            [
              29.1336715,
              56.0347493
            ],
            [
              29.1341436,
              56.0348542
            ],
            [
              29.1344279,
              56.035028
            ],
            [
              29.134503,
              56.0352468
            ],
            [
              29.134562,
              56.0354566
            ],
            [
              29.1347659,
              56.0357622
            ],
            [
              29.1348517,
              56.0359331
            ],
            [
              29.1351092,
              56.036038
            ],
            [
              29.1353667,
              56.036014
            ],
            [
              29.1355491,
              56.0358042
            ],
            [
              29.1357368,
              56.0355674
            ],
            [
              29.1359749,
              56.0353459
            ],
            [
              29.136284,
              56.035028
            ],
            [
              29.136343,
              56.0348092
            ],
            [
              29.1362786,
              56.0346024
            ],
            [
              29.1360909,
              56.0343776
            ],
            [
              29.136048,
              56.034012
            ],
            [
              29.1362035,
              56.0338831
            ],
            [
              29.1362464,
              56.0337243
            ],
            [
              29.1361606,
              56.0335564
            ],
            [
              29.1362411,
              56.0333316
            ],
            [
              29.1365844,
              56.0331368
            ],
            [
              29.1369706,
              56.032912
            ],
            [
              29.1372013,
              56.0326962
            ],
            [
              29.1373354,
              56.0325134
            ],
            [
              29.1372979,
              56.0322826
            ],
            [
              29.1370672,
              56.0320398
            ],
            [
              29.1368312,
              56.031806
            ],
            [
              29.1366219,
              56.0317191
            ],
            [
              29.1363859,
              56.0316922
            ],
            [
              29.1362411,
              56.0315842
            ],
            [
              29.1362572,
              56.0314404
            ],
            [
              29.1363752,
              56.0313535
            ],
            [
              29.1364556,
              56.0309069
            ],
            [
              29.1366273,
              56.030781
            ],
            [
              29.1369331,
              56.0305412
            ],
            [
              29.136976,
              56.0303553
            ],
            [
              29.1368741,
              56.0301935
            ],
            [
              29.13674,
              56.0301545
            ],
            [
              29.1364396,
              56.0301245
            ],
            [
              29.1361982,
              56.0300706
            ],
            [
              29.1359889,
              56.0298548
            ],
            [
              29.135887,
              56.02954
            ],
            [
              29.1356993,
              56.0292193
            ],
            [
              29.1352808,
              56.0289585
            ],
            [
              29.1350555,
              56.0287397
            ],
            [
              29.1347712,
              56.0285089
            ],
            [
              29.1344869,
              56.0281732
            ],
            [
              29.134106,
              56.0280683
            ],
            [
              29.1336393,
              56.0280083
            ],
            [
              29.13284,
              56.0278824
            ],
            [
              29.1324001,
              56.0277775
            ],
            [
              29.1320139,
              56.0277775
            ],
            [
              29.1317296,
              56.0277865
            ],
            [
              29.1314185,
              56.0277295
            ],
            [
              29.1311449,
              56.0275887
            ],
            [
              29.1307747,
              56.0273398
            ],
            [
              29.1303134,
              56.0269771
            ],
            [
              29.1300613,
              56.0267103
            ],
            [
              29.129734,
              56.0265964
            ],
            [
              29.1295731,
              56.0264855
            ],
            [
              29.1294229,
              56.0262757
            ],
            [
              29.1292566,
              56.0262097
            ],
            [
              29.1290957,
              56.0261917
            ],
            [
              29.1289042,
              56.0262722
            ],
            [
              29.1287202,
              56.0263296
            ],
            [
              29.128468,
              56.0264316
            ],
            [
              29.1283017,
              56.0265185
            ],
            [
              29.128055,
              56.0266024
            ],
            [
              29.1280013,
              56.0266864
            ],
            [
              29.1280067,
              56.0267613
            ],
            [
              29.1281033,
              56.0268752
            ],
            [
              29.1280067,
              56.0270401
            ],
            [
              29.1279477,
              56.027145
            ],
            [
              29.1280174,
              56.0273788
            ],
            [
              29.1281033,
              56.0276306
            ]
          ]
        ]
      },
      "properties": {
        "id": 256,
        "name": "Озеро Шевино",
        "type": "lake",
        "type_ru": "Озеро",
        "district": "Россонский",
        "region": "Витебская область",
        "location_description": "в 12 км на северо-восток от г.п. Россоны, 0,5 км на запад от д. Горбачево",
        "activities": "подводная охота",
        "coordinate_source": "osm_geometry"
      }
    },
    {
      "type": "Feature",
      "geometry": {
        "type": "Polygon",
        "coordinates": [
          [
            [
              29.4128913,
              55.8267784
            ],
            [
              29.4143846,
              55.8270084
            ],
            [
              29.4150741,
              55.8272349
            ],
            [
              29.4153628,
              55.827425
            ],
            [
              29.415479,
              55.8277764
            ],
            [
              29.4159531,
              55.8280287
            ],
            [
              29.4159714,
              55.8281989
            ],
            [
              29.4154073,
              55.8287597
            ],
            [
              29.4145379,
              55.8287882
            ],
            [
              29.4140206,
              55.8287794
            ],
            [
              29.4130879,
              55.8284855
            ],
            [
              29.4124509,
              55.8281405
            ],
            [
              29.411914,
              55.8278657
            ],
            [
              29.4117453,
              55.8274491
            ],
            [
              29.4120642,
              55.8269266
            ],
            [
              29.4128913,
              55.8267784
            ]
          ]
        ]
      },
      "properties": {
        "id": 257,
        "name": "Озеро Шепельно",
        "type": "lake",
        "type_ru": "Озеро",
        "district": "Россонский",
        "region": "Витебская область",
        "location_description": "в 30 км на восток от г.п. Россоны, 0,1 км от д. Крашуты",
        "activities": "подводная охота",
        "coordinate_source": "osm_geometry"
      }
    },
    {
      "type": "Feature",
      "geometry": {
        "type": "Polygon",
        "coordinates": [
          [
            [
              29.1667485,
              56.0789903
            ],
            [
              29.1669309,
              56.0788376
            ],
            [
              29.1672727,
              56.0783417
            ],
            [
              29.1673386,
              56.0782179
            ],
            [
              29.1676431,
              56.0780237
            ],
            [
              29.1681486,
              56.077715
            ],
            [
              29.1684061,
              56.0775264
            ],
            [
              29.168508,
              56.0773437
            ],
            [
              29.1684812,
              56.0770773
            ],
            [
              29.168272,
              56.0769396
            ],
            [
              29.1680135,
              56.0768788
            ],
            [
              29.1676229,
              56.0767839
            ],
            [
              29.1673654,
              56.076721
            ],
            [
              29.1669202,
              56.076745
            ],
            [
              29.1665888,
              56.0768151
            ],
            [
              29.1662335,
              56.0769785
            ],
            [
              29.1659975,
              56.0771312
            ],
            [
              29.1658097,
              56.0773737
            ],
            [
              29.1657239,
              56.0777479
            ],
            [
              29.165563,
              56.0781191
            ],
            [
              29.1651607,
              56.0785113
            ],
            [
              29.1650319,
              56.0787777
            ],
            [
              29.1650212,
              56.0789813
            ],
            [
              29.1651928,
              56.079107
            ],
            [
              29.1656166,
              56.0792417
            ],
            [
              29.1660458,
              56.0792597
            ],
            [
              29.1663569,
              56.0791878
            ],
            [
              29.1667485,
              56.0789903
            ]
          ]
        ]
      },
      "properties": {
        "id": 258,
        "name": "Озеро Ямно",
        "type": "lake",
        "type_ru": "Озеро",
        "district": "Россонский",
        "region": "Витебская область",
        "location_description": "в 27 км на северо-восток от г.п. Россоны, 11 км на северо-восток от д. Горбачево",
        "activities": "подводная охота",
        "coordinate_source": "osm_geometry"
      }
    },
    {
      "type": "Feature",
      "geometry": {
        "type": "Point",
        "coordinates": [
          28.855,
          55.81793
        ]
      },
      "properties": {
        "id": 259,
        "name": "Река Дрисса",
        "type": "river",
        "type_ru": "Река",
        "district": "Россонский",
        "region": "Витебская область",
        "location_description": "в границах Россонского района, за исключением участка на территории заказника «Синьша»",
        "activities": "подводная охота",
        "coordinate_source": "calculated_from_decree_description"
      }
    },
    {
      "type": "Feature",
      "geometry": {
        "type": "Point",
        "coordinates": [
          28.93533,
          55.89
        ]
      },
      "properties": {
        "id": 260,
        "name": "Река Ершовка",
        "type": "river",
        "type_ru": "Река",
        "district": "Россонский",
        "region": "Витебская область",
        "location_description": "в границах Россонского района",
        "activities": "подводная охота",
        "coordinate_source": "calculated_from_decree_description"
      }
    },
    {
      "type": "Feature",
      "geometry": {
        "type": "Point",
        "coordinates": [
          28.96858,
          55.82631
        ]
      },
      "properties": {
        "id": 261,
        "name": "Река Межева (Дмитровка)",
        "type": "river",
        "type_ru": "Река",
        "district": "Россонский",
        "region": "Витебская область",
        "location_description": "в границах Россонского района",
        "activities": "подводная охота",
        "coordinate_source": "calculated_from_decree_description"
      }
    },
    {
      "type": "Feature",
      "geometry": {
        "type": "Point",
        "coordinates": [
          28.61402,
          55.89
        ]
      },
      "properties": {
        "id": 262,
        "name": "Река Нища",
        "type": "river",
        "type_ru": "Река",
        "district": "Россонский",
        "region": "Витебская область",
        "location_description": "в границах Россонского района, за исключением заказника «Красный Бор»",
        "activities": "подводная охота",
        "coordinate_source": "calculated_from_decree_description"
      }
    },
    {
      "type": "Feature",
      "geometry": {
        "type": "Point",
        "coordinates": [
          28.855,
          55.99811
        ]
      },
      "properties": {
        "id": 263,
        "name": "Река Свольна",
        "type": "river",
        "type_ru": "Река",
        "district": "Россонский",
        "region": "Витебская область",
        "location_description": "в границах Россонского района, за исключением заказника «Красный Бор»",
        "activities": "подводная охота",
        "coordinate_source": "calculated_from_decree_description"
      }
    },
    {
      "type": "Feature",
      "geometry": {
        "type": "Polygon",
        "coordinates": [
          [
            [
              29.790257011929565,
              54.8700863963964
            ],
            [
              29.802782988070437,
              54.8700863963964
            ],
            [
              29.802782988070437,
              54.877293603603604
            ],
            [
              29.790257011929565,
              54.877293603603604
            ],
            [
              29.790257011929565,
              54.8700863963964
            ]
          ]
        ]
      },
      "properties": {
        "id": 264,
        "name": "Озеро Березовское",
        "type": "lake",
        "type_ru": "Озеро",
        "district": "Сенненский",
        "region": "Витебская область",
        "location_description": "в 10 км на северо-восток от г. Сенно, 0,1 км на север от д. Студенка",
        "activities": "подводная охота",
        "coordinate_source": "calculated_from_decree_description"
      }
    },
    {
      "type": "Feature",
      "geometry": {
        "type": "Polygon",
        "coordinates": [
          [
            [
              29.539046888632136,
              54.8063963963964
            ],
            [
              29.551553111367866,
              54.8063963963964
            ],
            [
              29.551553111367866,
              54.8136036036036
            ],
            [
              29.539046888632136,
              54.8136036036036
            ],
            [
              29.539046888632136,
              54.8063963963964
            ]
          ]
        ]
      },
      "properties": {
        "id": 265,
        "name": "Озеро Большое Святое",
        "type": "lake",
        "type_ru": "Озеро",
        "district": "Сенненский",
        "region": "Витебская область",
        "location_description": "в 9 км на запад от г. Сенно, 1,8 км на северо-восток от д. Ульяновичи",
        "activities": "подводная охота",
        "coordinate_source": "calculated_from_decree_description"
      }
    },
    {
      "type": "Feature",
      "geometry": {
        "type": "Polygon",
        "coordinates": [
          [
            [
              29.790257011929565,
              54.8700863963964
            ],
            [
              29.802782988070437,
              54.8700863963964
            ],
            [
              29.802782988070437,
              54.877293603603604
            ],
            [
              29.790257011929565,
              54.877293603603604
            ],
            [
              29.790257011929565,
              54.8700863963964
            ]
          ]
        ]
      },
      "properties": {
        "id": 266,
        "name": "Озеро Добрино",
        "type": "lake",
        "type_ru": "Озеро",
        "district": "Сенненский",
        "region": "Витебская область",
        "location_description": "в 10 км на северо-восток от г. Сенно, 0,13 км на северо-восток от д. Цыганки",
        "activities": "подводная охота, лов рыбы на дорожку с судов с двигателями",
        "coordinate_source": "calculated_from_decree_description"
      }
    },
    {
      "type": "Feature",
      "geometry": {
        "type": "Polygon",
        "coordinates": [
          [
            [
              29.679748282716613,
              54.7973863963964
            ],
            [
              29.692251717283387,
              54.7973863963964
            ],
            [
              29.692251717283387,
              54.8045936036036
            ],
            [
              29.679748282716613,
              54.8045936036036
            ],
            [
              29.679748282716613,
              54.7973863963964
            ]
          ]
        ]
      },
      "properties": {
        "id": 267,
        "name": "Озеро Крыльцово",
        "type": "lake",
        "type_ru": "Озеро",
        "district": "Сенненский",
        "region": "Витебская область",
        "location_description": "в 1 км на юг от г. Сенно, 0,12 км на север от д. Крыльцово",
        "activities": "подводная охота",
        "coordinate_source": "calculated_from_decree_description"
      }
    },
    {
      "type": "Feature",
      "geometry": {
        "type": "Polygon",
        "coordinates": [
          [
            [
              29.882976888632136,
              54.8063963963964
            ],
            [
              29.895483111367867,
              54.8063963963964
            ],
            [
              29.895483111367867,
              54.8136036036036
            ],
            [
              29.882976888632136,
              54.8136036036036
            ],
            [
              29.882976888632136,
              54.8063963963964
            ]
          ]
        ]
      },
      "properties": {
        "id": 268,
        "name": "Озеро Леваново",
        "type": "lake",
        "type_ru": "Озеро",
        "district": "Сенненский",
        "region": "Витебская область",
        "location_description": "в 13 км на восток от г. Сенно, 1 км на северо-запад от д. Адамово",
        "activities": "подводная охота",
        "coordinate_source": "calculated_from_decree_description"
      }
    },
    {
      "type": "Feature",
      "geometry": {
        "type": "Polygon",
        "coordinates": [
          [
            [
              29.867620073946842,
              54.9146763963964
            ],
            [
              29.880159926053157,
              54.9146763963964
            ],
            [
              29.880159926053157,
              54.921883603603604
            ],
            [
              29.867620073946842,
              54.921883603603604
            ],
            [
              29.867620073946842,
              54.9146763963964
            ]
          ]
        ]
      },
      "properties": {
        "id": 269,
        "name": "Озеро Липно",
        "type": "lake",
        "type_ru": "Озеро",
        "district": "Сенненский",
        "region": "Витебская область",
        "location_description": "в 17 км на северо-восток от г. Сенно, 0,1 км на юг от д. Ходцы",
        "activities": "подводная охота",
        "coordinate_source": "calculated_from_decree_description"
      }
    },
    {
      "type": "Feature",
      "geometry": {
        "type": "Polygon",
        "coordinates": [
          [
            [
              29.48082457027842,
              54.6917463963964
            ],
            [
              29.49329542972158,
              54.6917463963964
            ],
            [
              29.49329542972158,
              54.6989536036036
            ],
            [
              29.48082457027842,
              54.6989536036036
            ],
            [
              29.48082457027842,
              54.6917463963964
            ]
          ]
        ]
      },
      "properties": {
        "id": 270,
        "name": "Озеро Маевское",
        "type": "lake",
        "type_ru": "Озеро",
        "district": "Сенненский",
        "region": "Витебская область",
        "location_description": "в 18 км на юго-запад от г. Сенно, 0,83 км на северо-запад от д. Малый Озерецк",
        "activities": "подводная охота",
        "coordinate_source": "calculated_from_decree_description"
      }
    },
    {
      "type": "Feature",
      "geometry": {
        "type": "Polygon",
        "coordinates": [
          [
            [
              29.845522058183075,
              54.9019363963964
            ],
            [
              29.858057941816927,
              54.9019363963964
            ],
            [
              29.858057941816927,
              54.9091436036036
            ],
            [
              29.845522058183075,
              54.9091436036036
            ],
            [
              29.845522058183075,
              54.9019363963964
            ]
          ]
        ]
      },
      "properties": {
        "id": 271,
        "name": "Озеро Образцы",
        "type": "lake",
        "type_ru": "Озеро",
        "district": "Сенненский",
        "region": "Витебская область",
        "location_description": "в 15 км на северо-восток от г. Сенно, 0,5 км на восток от д. Мелихово",
        "activities": "подводная охота",
        "coordinate_source": "calculated_from_decree_description"
      }
    },
    {
      "type": "Feature",
      "geometry": {
        "type": "Polygon",
        "coordinates": [
          [
            [
              29.8234140408541,
              54.8891963963964
            ],
            [
              29.8359459591459,
              54.8891963963964
            ],
            [
              29.8359459591459,
              54.8964036036036
            ],
            [
              29.8234140408541,
              54.8964036036036
            ],
            [
              29.8234140408541,
              54.8891963963964
            ]
          ]
        ]
      },
      "properties": {
        "id": 272,
        "name": "Озеро Ольшанка",
        "type": "lake",
        "type_ru": "Озеро",
        "district": "Сенненский",
        "region": "Витебская область",
        "location_description": "в 13 км на северо-восток от г. Сенно, 1 км на юго-запад от д. Ходцы",
        "activities": "подводная охота",
        "coordinate_source": "calculated_from_decree_description"
      }
    },
    {
      "type": "Feature",
      "geometry": {
        "type": "Polygon",
        "coordinates": [
          [
            [
              29.469728088143725,
              54.927416396396396
            ],
            [
              29.482271911856273,
              54.927416396396396
            ],
            [
              29.482271911856273,
              54.9346236036036
            ],
            [
              29.469728088143725,
              54.9346236036036
            ],
            [
              29.469728088143725,
              54.927416396396396
            ]
          ]
        ]
      },
      "properties": {
        "id": 273,
        "name": "Озеро Рубовское",
        "type": "lake",
        "type_ru": "Озеро",
        "district": "Сенненский",
        "region": "Витебская область",
        "location_description": "в 19 км на северо-запад от г. Сенно, 1 км на северо-восток от д. Запрудье",
        "activities": "подводная охота",
        "coordinate_source": "calculated_from_decree_description"
      }
    },
    {
      "type": "Feature",
      "geometry": {
        "type": "Polygon",
        "coordinates": [
          [
            [
              30.211256888632136,
              54.8063963963964
            ],
            [
              30.223763111367866,
              54.8063963963964
            ],
            [
              30.223763111367866,
              54.8136036036036
            ],
            [
              30.211256888632136,
              54.8136036036036
            ],
            [
              30.211256888632136,
              54.8063963963964
            ]
          ]
        ]
      },
      "properties": {
        "id": 274,
        "name": "Озеро Серокоротня",
        "type": "lake",
        "type_ru": "Озеро",
        "district": "Сенненский",
        "region": "Витебская область",
        "location_description": "в 34 км на восток от г. Сенно, 1 км на юго-восток от г.п. Богушевск",
        "activities": "подводная охота, лов рыбы на дорожку с судов с двигателями",
        "coordinate_source": "calculated_from_decree_description"
      }
    },
    {
      "type": "Feature",
      "geometry": {
        "type": "Polygon",
        "coordinates": [
          [
            [
              29.679721664870044,
              54.9685563963964
            ],
            [
              29.692278335129956,
              54.9685563963964
            ],
            [
              29.692278335129956,
              54.9757636036036
            ],
            [
              29.679721664870044,
              54.9757636036036
            ],
            [
              29.679721664870044,
              54.9685563963964
            ]
          ]
        ]
      },
      "properties": {
        "id": 275,
        "name": "Озеро Сосно",
        "type": "lake",
        "type_ru": "Озеро",
        "district": "Сенненский",
        "region": "Витебская область",
        "location_description": "в 18 км на север от г. Сенно, 2 км на северо-запад от д. Ходцы",
        "activities": "подводная охота, лов рыбы на дорожку с судов с двигателями",
        "coordinate_source": "calculated_from_decree_description"
      }
    },
    {
      "type": "Feature",
      "geometry": {
        "type": "Polygon",
        "coordinates": [
          [
            [
              29.684436888632135,
              54.8063963963964
            ],
            [
              29.696943111367865,
              54.8063963963964
            ],
            [
              29.696943111367865,
              54.8136036036036
            ],
            [
              29.684436888632135,
              54.8136036036036
            ],
            [
              29.684436888632135,
              54.8063963963964
            ]
          ]
        ]
      },
      "properties": {
        "id": 276,
        "name": "Озеро Тухинское",
        "type": "lake",
        "type_ru": "Озеро",
        "district": "Сенненский",
        "region": "Витебская область",
        "location_description": "в 0,3 км на восток от г. Сенно",
        "activities": "подводная охота",
        "coordinate_source": "calculated_from_decree_description"
      }
    },
    {
      "type": "Feature",
      "geometry": {
        "type": "MultiPolygon",
        "coordinates": [
          [
            [
              [
                29.8220752,
                54.9795294
              ],
              [
                29.8230018,
                54.9789106
              ],
              [
                29.8231242,
                54.978614
              ],
              [
                29.823295,
                54.9784765
              ],
              [
                29.8234677,
                54.9781847
              ],
              [
                29.8236988,
                54.9779032
              ],
              [
                29.8243163,
                54.9777004
              ],
              [
                29.8248837,
                54.9772011
              ],
              [
                29.8249695,
                54.9766083
              ],
              [
                29.8256592,
                54.9758659
              ],
              [
                29.8260469,
                54.975562
              ],
              [
                29.8258442,
                54.9750723
              ],
              [
                29.8255838,
                54.9746106
              ],
              [
                29.8257348,
                54.9739282
              ],
              [
                29.8258861,
                54.9737274
              ],
              [
                29.8261699,
                54.9737166
              ],
              [
                29.8264157,
                54.9735374
              ],
              [
                29.8263306,
                54.973304
              ],
              [
                29.826524,
                54.9729037
              ],
              [
                29.82685,
                54.97249
              ],
              [
                29.8271723,
                54.9723922
              ],
              [
                29.8273659,
                54.9722319
              ],
              [
                29.8274785,
                54.972041
              ],
              [
                29.8275161,
                54.9719394
              ],
              [
                29.8274785,
                54.9718593
              ],
              [
                29.827323,
                54.9718193
              ],
              [
                29.8271567,
                54.9718039
              ],
              [
                29.8268697,
                54.9718819
              ],
              [
                29.8267007,
                54.9719794
              ],
              [
                29.8265397,
                54.9720225
              ],
              [
                29.8264164,
                54.9719671
              ],
              [
                29.8263574,
                54.9717823
              ],
              [
                29.82651,
                54.97138
              ],
              [
                29.8262171,
                54.9708343
              ],
              [
                29.8261696,
                54.9706492
              ],
              [
                29.8263037,
                54.9704953
              ],
              [
                29.8267382,
                54.9700981
              ],
              [
                29.826749,
                54.9699256
              ],
              [
                29.8266685,
                54.9697255
              ],
              [
                29.8267651,
                54.9694915
              ],
              [
                29.8270022,
                54.9688363
              ],
              [
                29.8269314,
                54.9686077
              ],
              [
                29.8267278,
                54.9679858
              ],
              [
                29.8265117,
                54.9676736
              ],
              [
                29.8264915,
                54.967533
              ],
              [
                29.8265397,
                54.9673975
              ],
              [
                29.8264754,
                54.9672559
              ],
              [
                29.826293,
                54.9671727
              ],
              [
                29.8258746,
                54.9669325
              ],
              [
                29.8257619,
                54.9666831
              ],
              [
                29.8259228,
                54.9662704
              ],
              [
                29.8259235,
                54.9660229
              ],
              [
                29.8257165,
                54.9657916
              ],
              [
                29.8251718,
                54.9656083
              ],
              [
                29.8249465,
                54.9655531
              ],
              [
                29.824512,
                54.9655406
              ],
              [
                29.8241043,
                54.965596
              ],
              [
                29.8233318,
                54.9659933
              ],
              [
                29.8231494,
                54.9659902
              ],
              [
                29.822967,
                54.9659255
              ],
              [
                29.8228383,
                54.9659009
              ],
              [
                29.8226881,
                54.9659717
              ],
              [
                29.8223836,
                54.9660792
              ],
              [
                29.8216863,
                54.9660678
              ],
              [
                29.8210789,
                54.9663507
              ],
              [
                29.8207233,
                54.96692
              ],
              [
                29.8198674,
                54.9672502
              ],
              [
                29.81938,
                54.96786
              ],
              [
                29.8190248,
                54.9694765
              ],
              [
                29.8187172,
                54.9697836
              ],
              [
                29.818547,
                54.9701328
              ],
              [
                29.8188396,
                54.9703522
              ],
              [
                29.8198808,
                54.9705973
              ],
              [
                29.8207635,
                54.9711193
              ],
              [
                29.8212984,
                54.9716337
              ],
              [
                29.821927,
                54.9718486
              ],
              [
                29.82265,
                54.97189
              ],
              [
                29.8231441,
                54.9718563
              ],
              [
                29.823679,
                54.9714341
              ],
              [
                29.8242087,
                54.971274
              ],
              [
                29.8249323,
                54.9714491
              ],
              [
                29.8251665,
                54.9716869
              ],
              [
                29.8251128,
                54.9717823
              ],
              [
                29.8248982,
                54.9718255
              ],
              [
                29.8244208,
                54.9718101
              ],
              [
                29.823997,
                54.9719024
              ],
              [
                29.8237453,
                54.972034
              ],
              [
                29.823717,
                54.9722402
              ],
              [
                29.8238307,
                54.9725613
              ],
              [
                29.8238468,
                54.9726506
              ],
              [
                29.8239756,
                54.9727276
              ],
              [
                29.8247266,
                54.9729955
              ],
              [
                29.8247909,
                54.9730755
              ],
              [
                29.8247427,
                54.9731802
              ],
              [
                29.8246032,
                54.9732818
              ],
              [
                29.8243082,
                54.9732849
              ],
              [
                29.8239156,
                54.973163
              ],
              [
                29.8236602,
                54.9731793
              ],
              [
                29.8232138,
                54.973365
              ],
              [
                29.8229939,
                54.9733803
              ],
              [
                29.8227793,
                54.973365
              ],
              [
                29.822613,
                54.9733095
              ],
              [
                29.8225325,
                54.973251
              ],
              [
                29.8226398,
                54.973134
              ],
              [
                29.8227149,
                54.9730755
              ],
              [
                29.8227471,
                54.9729647
              ],
              [
                29.8226935,
                54.9728261
              ],
              [
                29.8225701,
                54.9727276
              ],
              [
                29.8220015,
                54.9726383
              ],
              [
                29.8214865,
                54.9725613
              ],
              [
                29.8209555,
                54.9724302
              ],
              [
                29.8206624,
                54.9724736
              ],
              [
                29.8203598,
                54.9727287
              ],
              [
                29.8202473,
                54.9728508
              ],
              [
                29.8202274,
                54.9730273
              ],
              [
                29.8204243,
                54.9732418
              ],
              [
                29.8203492,
                54.973485
              ],
              [
                29.8203331,
                54.9736728
              ],
              [
                29.8200649,
                54.9741993
              ],
              [
                29.8200166,
                54.9743163
              ],
              [
                29.8199952,
                54.9743871
              ],
              [
                29.8200864,
                54.9745041
              ],
              [
                29.8201507,
                54.9746796
              ],
              [
                29.820199,
                54.9747751
              ],
              [
                29.8200971,
                54.9748274
              ],
              [
                29.8198718,
                54.9748551
              ],
              [
                29.8194534,
                54.9749167
              ],
              [
                29.8192602,
                54.9749259
              ],
              [
                29.8191529,
                54.9748705
              ],
              [
                29.8190925,
                54.9747479
              ],
              [
                29.8189062,
                54.9746642
              ],
              [
                29.8186386,
                54.9746339
              ],
              [
                29.8183697,
                54.9746858
              ],
              [
                29.818213,
                54.9747479
              ],
              [
                29.8179835,
                54.9748305
              ],
              [
                29.8178655,
                54.9750214
              ],
              [
                29.817549,
                54.9751907
              ],
              [
                29.817116,
                54.975448
              ],
              [
                29.8169535,
                54.9755756
              ],
              [
                29.8169696,
                54.9757357
              ],
              [
                29.8171467,
                54.9758742
              ],
              [
                29.8173714,
                54.9761048
              ],
              [
                29.8175234,
                54.9764824
              ],
              [
                29.8177475,
                54.9768101
              ],
              [
                29.8178601,
                54.9773735
              ],
              [
                29.8177216,
                54.9775097
              ],
              [
                29.8174256,
                54.977666
              ],
              [
                29.81727,
                54.9778076
              ],
              [
                29.8172539,
                54.9779462
              ],
              [
                29.8173988,
                54.9781093
              ],
              [
                29.817667,
                54.9783341
              ],
              [
                29.8180369,
                54.978585
              ],
              [
                29.8181391,
                54.9788913
              ],
              [
                29.8182464,
                54.9789282
              ],
              [
                29.8183376,
                54.9790421
              ],
              [
                29.8183054,
                54.9792392
              ],
              [
                29.8183858,
                54.9793346
              ],
              [
                29.818536,
                54.9794085
              ],
              [
                29.8189974,
                54.9795809
              ],
              [
                29.8192388,
                54.9796486
              ],
              [
                29.8194933,
                54.9796541
              ],
              [
                29.819845,
                54.9795901
              ],
              [
                29.8201458,
                54.9794208
              ],
              [
                29.8203984,
                54.9793807
              ],
              [
                29.8220752,
                54.9795294
              ]
            ]
          ],
          [
            [
              [
                29.8203984,
                54.9793807
              ],
              [
                29.8205903,
                54.9793502
              ],
              [
                29.82084,
                54.97936
              ],
              [
                29.821076,
                54.9794837
              ],
              [
                29.8213454,
                54.9796876
              ],
              [
                29.8217493,
                54.9796486
              ],
              [
                29.8220752,
                54.9795294
              ],
              [
                29.8203984,
                54.9793807
              ]
            ]
          ]
        ]
      },
      "properties": {
        "id": 277,
        "name": "Озеро Ходцы",
        "type": "lake",
        "type_ru": "Озеро",
        "district": "Сенненский",
        "region": "Витебская область",
        "location_description": "в 25 км на северо-восток от г. Сенно, 0,01 км на восток от д. Ходцы",
        "activities": "подводная охота",
        "coordinate_source": "osm_geometry"
      }
    },
    {
      "type": "Feature",
      "geometry": {
        "type": "Point",
        "coordinates": [
          29.56094,
          54.81
        ]
      },
      "properties": {
        "id": 278,
        "name": "Река Кривинка",
        "type": "river",
        "type_ru": "Река",
        "district": "Сенненский",
        "region": "Витебская область",
        "location_description": "в пределах Сенненского района",
        "activities": "подводная охота",
        "coordinate_source": "calculated_from_decree_description"
      }
    },
    {
      "type": "Feature",
      "geometry": {
        "type": "Point",
        "coordinates": [
          29.686,
          54.91811
        ]
      },
      "properties": {
        "id": 279,
        "name": "Река Оболянка",
        "type": "river",
        "type_ru": "Река",
        "district": "Сенненский",
        "region": "Витебская область",
        "location_description": "в пределах Сенненского района",
        "activities": "подводная охота",
        "coordinate_source": "calculated_from_decree_description"
      }
    },
    {
      "type": "Feature",
      "geometry": {
        "type": "Point",
        "coordinates": [
          [
            29.563020672387836,
            54.48719864988959
          ],
          [
            29.56393857864603,
            54.483861742078204
          ],
          [
            29.587924036001425,
            54.48241880526791
          ],
          [
            29.587924609274808,
            54.47702805990633
          ],
          [
            29.58846702796285,
            54.46339430173012
          ],
          [
            29.59739185361252,
            54.463197603401284
          ],
          [
            29.606767242275396,
            54.45768428285035
          ],
          [
            29.617396652343785,
            54.456832854620444
          ],
          [
            29.62452572796684,
            54.46110855563202
          ],
          [
            29.635053742939675,
            54.46407074883254
          ],
          [
            29.636760018173675,
            54.45104499918688
          ],
          [
            29.645662098311334,
            54.44186021555595
          ],
          [
            29.634365728472687,
            54.4392323618969
          ],
          [
            29.635676924935524,
            54.4266827866218
          ],
          [
            29.659084490672626,
            54.42095939174547
          ],
          [
            29.674458452306197,
            54.40944711724802
          ],
          [
            29.69703986190447,
            54.4011087354512
          ],
          [
            29.70926086049178,
            54.39557317931241
          ],
          [
            29.720589741670523,
            54.39491974418732
          ],
          [
            29.732700582007226,
            54.385822464127074
          ],
          [
            29.75113904567212,
            54.37303463756302
          ],
          [
            29.767963930113467,
            54.371199504494854
          ],
          [
            29.764888961130055,
            54.36123020521566
          ],
          [
            29.76872937084113,
            54.35246091412313
          ],
          [
            29.762729698787524,
            54.34500988476634
          ],
          [
            29.76692207396846,
            54.340196741028876
          ],
          [
            29.76703791695985,
            54.33162183093617
          ],
          [
            29.767031178515538,
            54.323771907215104
          ],
          [
            29.762727797843837,
            54.32271770623993
          ],
          [
            29.754025501219417,
            54.32027406741997
          ],
          [
            29.755158483978676,
            54.31829355096508
          ],
          [
            29.77121263186814,
            54.317373706165796
          ],
          [
            29.77223432030297,
            54.31948371920828
          ],
          [
            29.772581249322485,
            54.324298502315315
          ],
          [
            29.77258875161681,
            54.32977448142398
          ],
          [
            29.774057644213684,
            54.33221679095382
          ],
          [
            29.777105038847225,
            54.339145698314724
          ],
          [
            29.774054558834848,
            54.34719117468455
          ],
          [
            29.775185526356324,
            54.350224689953166
          ],
          [
            29.77450484673315,
            54.36380534481856
          ],
          [
            29.77516971505034,
            54.37250328278034
          ],
          [
            29.76656543648511,
            54.37863236166294
          ],
          [
            29.755112519462955,
            54.38258612924432
          ],
          [
            29.741811882735476,
            54.38458784127613
          ],
          [
            29.735983497507306,
            54.3867054801882
          ],
          [
            29.735435529665494,
            54.39038933132619
          ],
          [
            29.733592365106915,
            54.392448663044775
          ],
          [
            29.725771369545328,
            54.3943338761114
          ],
          [
            29.72471717505647,
            54.39969349710245
          ],
          [
            29.721773965353577,
            54.39957451618136
          ],
          [
            29.718912511477185,
            54.400050437794135
          ],
          [
            29.71605105760085,
            54.398836826769184
          ],
          [
            29.71494735396226,
            54.40019321320142
          ],
          [
            29.712045022172674,
            54.40014562145436
          ],
          [
            29.70648562606968,
            54.39993145790885
          ],
          [
            29.704564364180555,
            54.40107365056369
          ],
          [
            29.70289137190082,
            54.404477194613634
          ],
          [
            29.685878750765056,
            54.411091510125175
          ],
          [
            29.681789414861328,
            54.41241793077711
          ],
          [
            29.679845741922918,
            54.41159872269219
          ],
          [
            29.67233739998227,
            54.414446573463124
          ],
          [
            29.668648860951038,
            54.42127229683541
          ],
          [
            29.65832700093614,
            54.4262633525573
          ],
          [
            29.642373752583467,
            54.4290322176341
          ],
          [
            29.639759318850594,
            54.43265868745604
          ],
          [
            29.649009084821444,
            54.437182115503134
          ],
          [
            29.652025599667553,
            54.441119456002326
          ],
          [
            29.651021303232795,
            54.44560247317341
          ],
          [
            29.644318141889443,
            54.45031860489715
          ],
          [
            29.644586282448415,
            54.451838713499455
          ],
          [
            29.64123362568401,
            54.465048229455505
          ],
          [
            29.63593561201705,
            54.46715184107026
          ],
          [
            29.61803710363398,
            54.46313910375855
          ],
          [
            29.617568125544636,
            54.4602563647623
          ],
          [
            29.60972473528045,
            54.45959434339309
          ],
          [
            29.60181402161507,
            54.466020443945865
          ],
          [
            29.591426990315227,
            54.46598083540397
          ],
          [
            29.59384101875915,
            54.47707829589402
          ],
          [
            29.59236664886612,
            54.484513518178545
          ],
          [
            29.591093518633755,
            54.48599257688198
          ],
          [
            29.57842993003453,
            54.486848764850095
          ],
          [
            29.563020672387836,
            54.48719864988959
          ]
        ]
      },
      "properties": {
        "id": 280,
        "name": "Река Друть",
        "type": "river",
        "type_ru": "Река",
        "district": "Толочинский",
        "region": "Витебская область",
        "location_description": "в пределах Толочинского района",
        "activities": "лов рыбы на дорожку с судов с двигателями",
        "coordinate_source": "calculated_from_decree_description"
      }
    },
    {
      "type": "Feature",
      "geometry": {
        "type": "Polygon",
        "coordinates": [
          [
            [
              28.521918312717077,
              55.15366768226923
            ],
            [
              28.523850581627528,
              55.15451694614785
            ],
            [
              28.526767564503103,
              55.15636403265495
            ],
            [
              28.528346822748887,
              55.156703717413365
            ],
            [
              28.529981819519747,
              55.158359639185505
            ],
            [
              28.52923863928538,
              55.16039760237882
            ],
            [
              28.525931486725483,
              55.158508244193825
            ],
            [
              28.525318362936446,
              55.15998364953481
            ],
            [
              28.52409211561107,
              55.16021716202849
            ],
            [
              28.521379507331915,
              55.15993057845111
            ],
            [
              28.51970735154285,
              55.15808365710842
            ],
            [
              28.519986044174146,
              55.15683109856275
            ],
            [
              28.52091501961263,
              55.15676740809437
            ],
            [
              28.52054342943663,
              55.1564277238779
            ],
            [
              28.519075648245376,
              55.15628972633877
            ],
            [
              28.518908432665796,
              55.15489910910506
            ],
            [
              28.52054342943663,
              55.15467618122307
            ],
            [
              28.52063632698139,
              55.154792953126275
            ],
            [
              28.52063632698139,
              55.15398615845305
            ],
            [
              28.521918312717077,
              55.15366768226923
            ]
          ]
        ]
      },
      "properties": {
        "id": 281,
        "name": "Озеро Белое",
        "type": "lake",
        "type_ru": "Озеро",
        "district": "Ушачский",
        "region": "Витебская область",
        "location_description": "в 8 км на северо-запад от г.п. Ушачи, около д. Пуща",
        "activities": "подводная охота",
        "coordinate_source": "calculated_from_decree_description"
      }
    },
    {
      "type": "Feature",
      "geometry": {
        "type": "Polygon",
        "coordinates": [
          [
            [
              28.86247235693895,
              55.11580391018305
            ],
            [
              28.8617222579677,
              55.113685153772764
            ],
            [
              28.862091562788663,
              55.11214620376052
            ],
            [
              28.865942895937025,
              55.11072790329612
            ],
            [
              28.86847527561997,
              55.1096716908954
            ],
            [
              28.86710357010236,
              55.10828348130329
            ],
            [
              28.868475275518932,
              55.104993842874705
            ],
            [
              28.87190454094491,
              55.10152281987553
            ],
            [
              28.881295450645865,
              55.10161337191113
            ],
            [
              28.884103122170472,
              55.105302217162006
            ],
            [
              28.88378656994351,
              55.10653963010452
            ],
            [
              28.881517965281233,
              55.10988950401577
            ],
            [
              28.87872178905397,
              55.11139836253878
            ],
            [
              28.879935216180428,
              55.11378224147475
            ],
            [
              28.882098276047742,
              55.119484861965674
            ],
            [
              28.8786690095516,
              55.1210235190855
            ],
            [
              28.866376444604498,
              55.11839871794302
            ],
            [
              28.86247235693895,
              55.11580391018305
            ]
          ]
        ]
      },
      "properties": {
        "id": 282,
        "name": "Озеро Белое (Бельское)",
        "type": "lake",
        "type_ru": "Озеро",
        "district": "Ушачский",
        "region": "Витебская область",
        "location_description": "в 16 км на юго-восток от г.п. Ушачи, 2,5 км на северо-восток от д. Мосар",
        "activities": "подводная охота, лов рыбы на дорожку с судов с двигателями",
        "coordinate_source": "calculated_from_decree_description"
      }
    },
    {
      "type": "Feature",
      "geometry": {
        "type": "Polygon",
        "coordinates": [
          [
            [
              28.95846990393906,
              55.2292297060136
            ],
            [
              28.95186561368115,
              55.22729206262804
            ],
            [
              28.95011701258599,
              55.22391374239598
            ],
            [
              28.95264213822162,
              55.22075617457884
            ],
            [
              28.95575008010178,
              55.216600960824394
            ],
            [
              28.960606502255814,
              55.212112627526125
            ],
            [
              28.96293775077163,
              55.205628240009844
            ],
            [
              28.971291584962756,
              55.20185881224231
            ],
            [
              28.97372001600715,
              55.19631493095284
            ],
            [
              28.978091192563426,
              55.19393082418418
            ],
            [
              28.98508507371926,
              55.192156513027896
            ],
            [
              28.987999190868123,
              55.193709039611804
            ],
            [
              28.99392456240389,
              55.19559416911258
            ],
            [
              29.000529894606444,
              55.19304367848562
            ],
            [
              29.005580275612402,
              55.19481816756456
            ],
            [
              29.00334687451715,
              55.19897608958456
            ],
            [
              28.99372971903574,
              55.20590538957569
            ],
            [
              28.98877532366052,
              55.20784533428727
            ],
            [
              28.984209130468543,
              55.21216806206692
            ],
            [
              28.979157732449863,
              55.215991349007965
            ],
            [
              28.974106878299267,
              55.21809666096928
            ],
            [
              28.973038135773947,
              55.22142045262447
            ],
            [
              28.964976895890317,
              55.22358066434569
            ],
            [
              28.964588313473115,
              55.22662681837903
            ],
            [
              28.95846990393906,
              55.2292297060136
            ]
          ]
        ]
      },
      "properties": {
        "id": 283,
        "name": "Озеро Березовское",
        "type": "lake",
        "type_ru": "Озеро",
        "district": "Ушачский",
        "region": "Витебская область",
        "location_description": "в 23 км на восток от г.п. Ушачи, 0,1 км на юго-восток от д. Тетча",
        "activities": "подводная охота, лов рыбы на дорожку с судов с двигателями",
        "coordinate_source": "calculated_from_decree_description"
      }
    },
    {
      "type": "Feature",
      "geometry": {
        "type": "Polygon",
        "coordinates": [
          [
            [
              28.35369069018003,
              55.13735063220727
            ],
            [
              28.35744597030464,
              55.13782764264778
            ],
            [
              28.361479419325377,
              55.13941763627804
            ],
            [
              28.363426601612076,
              55.14122617703089
            ],
            [
              28.368885666249042,
              55.14323336255899
            ],
            [
              28.369581088494215,
              55.14541929136686
            ],
            [
              28.372780030821048,
              55.14591607666921
            ],
            [
              28.374031790862574,
              55.14700898256274
            ],
            [
              28.371597813005224,
              55.1476845821426
            ],
            [
              28.36593012170684,
              55.14702885330183
            ],
            [
              28.358941128143897,
              55.144723781553154
            ],
            [
              28.354073172429253,
              55.14237883056214
            ],
            [
              28.3526475568261,
              55.1403517279895
            ],
            [
              28.35278664100875,
              55.13868227200888
            ],
            [
              28.35369069018003,
              55.13735063220727
            ]
          ]
        ]
      },
      "properties": {
        "id": 284,
        "name": "Озеро Большая Каморовка",
        "type": "lake",
        "type_ru": "Озеро",
        "district": "Ушачский",
        "region": "Витебская область",
        "location_description": "в 24 км на запад от г.п. Ушачи, около д. Скачихи",
        "activities": "подводная охота",
        "coordinate_source": "calculated_from_decree_description"
      }
    },
    {
      "type": "Feature",
      "geometry": {
        "type": "Polygon",
        "coordinates": [
          [
            [
              28.501799955383916,
              55.07886561934325
            ],
            [
              28.50052814617976,
              55.07704546520225
            ],
            [
              28.50093694199569,
              55.075446261433996
            ],
            [
              28.504502549944704,
              55.07506920407792
            ],
            [
              28.506591950780773,
              55.07564128970637
            ],
            [
              28.5070234574749,
              55.07657741217969
            ],
            [
              28.507273277140058,
              55.077331494908975
            ],
            [
              28.509408099734202,
              55.07738350009035
            ],
            [
              28.50997587170005,
              55.07799455590893
            ],
            [
              28.51086159596818,
              55.079853668337535
            ],
            [
              28.51181545287173,
              55.081179695736154
            ],
            [
              28.510543643666693,
              55.082583676832144
            ],
            [
              28.508340688437215,
              55.082596676427045
            ],
            [
              28.504684236973674,
              55.081270696004594
            ],
            [
              28.501799955383916,
              55.07886561934325
            ]
          ]
        ]
      },
      "properties": {
        "id": 285,
        "name": "Озеро Большое Исно",
        "type": "lake",
        "type_ru": "Озеро",
        "district": "Ушачский",
        "region": "Витебская область",
        "location_description": "в 12 км на юго-запад от г.п. Ушачи, 6 км на восток от д. Великие Дольцы",
        "activities": "подводная охота",
        "coordinate_source": "calculated_from_decree_description"
      }
    },
    {
      "type": "Feature",
      "geometry": {
        "type": "Polygon",
        "coordinates": [
          [
            [
              28.362976399716672,
              55.14585401429446
            ],
            [
              28.361058917611217,
              55.14555122107953
            ],
            [
              28.359418965294196,
              55.14484469336327
            ],
            [
              28.35757717269135,
              55.14402279844296
            ],
            [
              28.35712303204943,
              55.142825973812904
            ],
            [
              28.354171117877797,
              55.14276829461096
            ],
            [
              28.353540366986095,
              55.141773315253175
            ],
            [
              28.352606855062362,
              55.13783641400093
            ],
            [
              28.353363756131643,
              55.137331655055505
            ],
            [
              28.356996881266127,
              55.13782199240512
            ],
            [
              28.35989833536655,
              55.13894686121148
            ],
            [
              28.363279160143975,
              55.14116766295021
            ],
            [
              28.368098096954554,
              55.14282597326468
            ],
            [
              28.36898114820235,
              55.14387860405799
            ],
            [
              28.367240275741892,
              55.144556310560546
            ],
            [
              28.362976399716672,
              55.14585401429446
            ]
          ]
        ]
      },
      "properties": {
        "id": 286,
        "name": "Озеро Большое Уклейно",
        "type": "lake",
        "type_ru": "Озеро",
        "district": "Ушачский",
        "region": "Витебская область",
        "location_description": "в 16 км на юго-запад от г.п. Ушачи, 1,7 км на юго-восток от д. Кубличи",
        "activities": "подводная охота, лов рыбы на дорожку с судов с двигателями",
        "coordinate_source": "calculated_from_decree_description"
      }
    },
    {
      "type": "Feature",
      "geometry": {
        "type": "Polygon",
        "coordinates": [
          [
            [
              28.88629088039056,
              55.205031063028855
            ],
            [
              28.889107998119727,
              55.198424872282345
            ],
            [
              28.89320555316141,
              55.19594004295098
            ],
            [
              28.897917686695564,
              55.19784030715863
            ],
            [
              28.905139364421643,
              55.198425040171145
            ],
            [
              28.912207201551922,
              55.19921436665609
            ],
            [
              28.91287309286605,
              55.20316041129678
            ],
            [
              28.90846829614435,
              55.208158178342075
            ],
            [
              28.904934282744676,
              55.210671450397996
            ],
            [
              28.903141669813834,
              55.212191032957406
            ],
            [
              28.8969443289686,
              55.21335995544442
            ],
            [
              28.892898141049045,
              55.212074292449984
            ],
            [
              28.890798195563463,
              55.21052552116376
            ],
            [
              28.88434451291181,
              55.211285419865334
            ],
            [
              28.883678632591568,
              55.208655238264896
            ],
            [
              28.885061584069263,
              55.20637556158303
            ],
            [
              28.88629088039056,
              55.205031063028855
            ]
          ]
        ]
      },
      "properties": {
        "id": 287,
        "name": "Озеро Веркудское",
        "type": "lake",
        "type_ru": "Озеро",
        "district": "Ушачский",
        "region": "Витебская область",
        "location_description": "в 17 км на восток от г.п. Ушачи, 0,2 км на запад от д. Веркуды",
        "activities": "подводная охота, лов рыбы на дорожку с судов с двигателями",
        "coordinate_source": "calculated_from_decree_description"
      }
    },
    {
      "type": "Feature",
      "geometry": {
        "type": "Polygon",
        "coordinates": [
          [
            [
              28.338559986130832,
              54.96359183754626
            ],
            [
              28.341528003748067,
              54.96279378666685
            ],
            [
              28.34066389735395,
              54.96078780499357
            ],
            [
              28.342279400467618,
              54.960528961443515
            ],
            [
              28.346487222913908,
              54.96268594082812
            ],
            [
              28.348703843665845,
              54.966136866975546
            ],
            [
              28.34768945815614,
              54.96891896035842
            ],
            [
              28.343594345240263,
              54.9690483553598
            ],
            [
              28.340476048250196,
              54.966697614503744
            ],
            [
              28.34055118793654,
              54.965209459731966
            ],
            [
              28.339123533892348,
              54.96426046268439
            ],
            [
              28.338559986130832,
              54.96359183754626
            ]
          ]
        ]
      },
      "properties": {
        "id": 288,
        "name": "Озеро Ветче",
        "type": "lake",
        "type_ru": "Озеро",
        "district": "Ушачский",
        "region": "Витебская область",
        "location_description": "в 28 км на юго-запад от г.п. Ушачи, около д. Ветче",
        "activities": "подводная охота, лов рыбы на дорожку с судов с двигателями",
        "coordinate_source": "calculated_from_decree_description"
      }
    },
    {
      "type": "Feature",
      "geometry": {
        "type": "Polygon",
        "coordinates": [
          [
            [
              28.543803828186157,
              55.11288374568534
            ],
            [
              28.54723498902996,
              55.11191822110496
            ],
            [
              28.552463210580044,
              55.11235445158195
            ],
            [
              28.559107584957758,
              55.11665279028384
            ],
            [
              28.561504197058753,
              55.1213246040634
            ],
            [
              28.560306068418015,
              55.12225892971401
            ],
            [
              28.5548052492058,
              55.1209197257746
            ],
            [
              28.544294085127717,
              55.115531509027676
            ],
            [
              28.543967280198785,
              55.11419210160895
            ],
            [
              28.543803828186157,
              55.11288374568534
            ]
          ]
        ]
      },
      "properties": {
        "id": 289,
        "name": "Озеро Глубокое",
        "type": "lake",
        "type_ru": "Озеро",
        "district": "Ушачский",
        "region": "Витебская область",
        "location_description": "в 6 км на юго-запад от г.п. Ушачи",
        "activities": "подводная охота, лов рыбы на дорожку с судов с двигателями",
        "coordinate_source": "calculated_from_decree_description"
      }
    },
    {
      "type": "Feature",
      "geometry": {
        "type": "Polygon",
        "coordinates": [
          [
            [
              28.50632164959262,
              55.31946284101494
            ],
            [
              28.509603145077875,
              55.31803947970573
            ],
            [
              28.512023920437173,
              55.318422108735604
            ],
            [
              28.512346690484407,
              55.31950875504501
            ],
            [
              28.509172785014925,
              55.322033944814365
            ],
            [
              28.505945084536535,
              55.322278803145906
            ],
            [
              28.503981566745637,
              55.32163604679937
            ],
            [
              28.504573311833298,
              55.32022806790809
            ],
            [
              28.50632164959262,
              55.31946284101494
            ]
          ]
        ]
      },
      "properties": {
        "id": 290,
        "name": "Озеро Глыбочка",
        "type": "lake",
        "type_ru": "Озеро",
        "district": "Ушачский",
        "region": "Витебская область",
        "location_description": "в 6 км на север от г.п. Ушачи, около д. Глыбочка",
        "activities": "подводная охота",
        "coordinate_source": "calculated_from_decree_description"
      }
    },
    {
      "type": "Feature",
      "geometry": {
        "type": "Polygon",
        "coordinates": [
          [
            [
              28.380519130794596,
              55.14582566570812
            ],
            [
              28.38040542100532,
              55.14515957439022
            ],
            [
              28.381514091452487,
              55.1448346477612
            ],
            [
              28.385238087058667,
              55.14580941971039
            ],
            [
              28.388166114138727,
              55.14788885361733
            ],
            [
              28.389047365007315,
              55.15162506410775
            ],
            [
              28.39552882300748,
              55.15307072123369
            ],
            [
              28.39433487021779,
              55.15389910788514
            ],
            [
              28.39035502758631,
              55.15370419492626
            ],
            [
              28.386744741769377,
              55.15297326284946
            ],
            [
              28.3849822400322,
              55.151300190128666
            ],
            [
              28.384072561716806,
              55.14915595551429
            ],
            [
              28.38185522082145,
              55.14753145862673
            ],
            [
              28.380519130794596,
              55.14582566570812
            ]
          ]
        ]
      },
      "properties": {
        "id": 291,
        "name": "Озеро Городно",
        "type": "lake",
        "type_ru": "Озеро",
        "district": "Ушачский",
        "region": "Витебская область",
        "location_description": "в 15 км на юго-запад от г.п. Ушачи, 2,9 км на юго-восток от д. Кубличи",
        "activities": "подводная охота",
        "coordinate_source": "calculated_from_decree_description"
      }
    },
    {
      "type": "Feature",
      "geometry": {
        "type": "Polygon",
        "coordinates": [
          [
            [
              29.05180441777378,
              55.15632501763076
            ],
            [
              29.053523231293127,
              55.1552897939832
            ],
            [
              29.057742422255586,
              55.156145819517775
            ],
            [
              29.06428832725652,
              55.157182061026134
            ],
            [
              29.065471426552563,
              55.15860132220078
            ],
            [
              29.06480118807508,
              55.16112437649474
            ],
            [
              29.060778982850366,
              55.16243087950633
            ],
            [
              29.062198712073666,
              55.16481859814087
            ],
            [
              29.06168620285706,
              55.16781433661413
            ],
            [
              29.059990557193544,
              55.16864766577041
            ],
            [
              29.054880490013204,
              55.1665751946087
            ],
            [
              29.055629744507996,
              55.16470552557652
            ],
            [
              29.053776226377266,
              55.162835767890044
            ],
            [
              29.052593149239073,
              55.16123630348645
            ],
            [
              29.052948037877485,
              55.15866806328896
            ],
            [
              29.051962166502193,
              55.15799219863078
            ],
            [
              29.05180441777378,
              55.15632501763076
            ]
          ]
        ]
      },
      "properties": {
        "id": 292,
        "name": "Озеро Женно",
        "type": "lake",
        "type_ru": "Озеро",
        "district": "Ушачский",
        "region": "Витебская область",
        "location_description": "в 28 км на восток от г.п. Ушачи, 2 км на юго-восток от д. Дубровка",
        "activities": "подводная охота, лов рыбы на дорожку с судов с двигателями",
        "coordinate_source": "calculated_from_decree_description"
      }
    },
    {
      "type": "Feature",
      "geometry": {
        "type": "Polygon",
        "coordinates": [
          [
            [
              28.460394926067522,
              55.025680277914745
            ],
            [
              28.461738067792595,
              55.02487760693131
            ],
            [
              28.46568175957509,
              55.02430426065854
            ],
            [
              28.467339252932163,
              55.024435312091214
            ],
            [
              28.467796492264625,
              55.02518884871708
            ],
            [
              28.46933967594981,
              55.02631912686354
            ],
            [
              28.47022557769543,
              55.02761317429977
            ],
            [
              28.469939802939336,
              55.028563207844655
            ],
            [
              28.469739760609514,
              55.03010286955728
            ],
            [
              28.469253943522432,
              55.03070889039046
            ],
            [
              28.469682605658306,
              55.03090543571949
            ],
            [
              28.470425620025253,
              55.03170798580848
            ],
            [
              28.470454197500317,
              55.03377161223273
            ],
            [
              28.470168422744223,
              55.03521281209993
            ],
            [
              28.46899674624143,
              55.03524556603986
            ],
            [
              28.467939379642104,
              55.03386987750659
            ],
            [
              28.466396195956918,
              55.0322320914764
            ],
            [
              28.465824646443593,
              55.0313967948247
            ],
            [
              28.466339041005654,
              55.0303321758154
            ],
            [
              28.464395772659714,
              55.029398563561244
            ],
            [
              28.462738279072084,
              55.02851406873094
            ],
            [
              28.460452081018786,
              55.02843217007418
            ],
            [
              28.460537813445,
              55.027089008220855
            ],
            [
              28.460394926067522,
              55.025680277914745
            ]
          ]
        ]
      },
      "properties": {
        "id": 293,
        "name": "Озеро Замошье",
        "type": "lake",
        "type_ru": "Озеро",
        "district": "Ушачский",
        "region": "Витебская область",
        "location_description": "в 18 км на юго-запад от г.п. Ушачи, 4 км на юго-восток от д. Великие Дольцы",
        "activities": "подводная охота, лов рыбы на дорожку с судов с двигателями",
        "coordinate_source": "calculated_from_decree_description"
      }
    },
    {
      "type": "Feature",
      "geometry": {
        "type": "Polygon",
        "coordinates": [
          [
            [
              28.516447145861207,
              55.062078487079674
            ],
            [
              28.51511175407711,
              55.059664229075395
            ],
            [
              28.518521508053112,
              55.05740152398863
            ],
            [
              28.52176877439223,
              55.05696765142008
            ],
            [
              28.525394752083173,
              55.057463790807844
            ],
            [
              28.536434037167624,
              55.05898303744445
            ],
            [
              28.540005656060288,
              55.06195833629346
            ],
            [
              28.54330624510473,
              55.06239226994455
            ],
            [
              28.547347606334796,
              55.06709895265297
            ],
            [
              28.5449671416589,
              55.06793571499699
            ],
            [
              28.537986676344616,
              55.065797603529916
            ],
            [
              28.542099557634145,
              55.06867955334812
            ],
            [
              28.544102115876314,
              55.07131348675915
            ],
            [
              28.540422832113393,
              55.072677206935026
            ],
            [
              28.53214279436412,
              55.06979563013911
            ],
            [
              28.53170962301641,
              55.067471285005155
            ],
            [
              28.529599128788675,
              55.068865995037015
            ],
            [
              28.524565814427405,
              55.06864924710487
            ],
            [
              28.51888266149271,
              55.06604587399718
            ],
            [
              28.516447145861207,
              55.062078487079674
            ]
          ]
        ]
      },
      "properties": {
        "id": 294,
        "name": "Озеро Звонь",
        "type": "lake",
        "type_ru": "Озеро",
        "district": "Ушачский",
        "region": "Витебская область",
        "location_description": "в 12 км на юг от г.п. Ушачи, 8 км на юго-запад от д. Жары",
        "activities": "подводная охота",
        "coordinate_source": "calculated_from_decree_description"
      }
    },
    {
      "type": "Feature",
      "geometry": {
        "type": "Polygon",
        "coordinates": [
          [
            [
              28.369885985563826,
              54.97701956204938
            ],
            [
              28.36951569844993,
              54.97614590195275
            ],
            [
              28.373897429296505,
              54.975118736716325
            ],
            [
              28.376674582650338,
              54.97543751494635
            ],
            [
              28.379081448890247,
              54.97483537616526
            ],
            [
              28.380891741446675,
              54.97647647827884
            ],
            [
              28.380727169010328,
              54.978152930680636
            ],
            [
              28.381241456687206,
              54.979180018301975
            ],
            [
              28.380521453965173,
              54.9806674779326
            ],
            [
              28.37897859099175,
              54.980679282947534
            ],
            [
              28.37628372366305,
              54.979132796458885
            ],
            [
              28.3745762886376,
              54.97739735519747
            ],
            [
              28.37379457139798,
              54.97707859252594
            ],
            [
              28.37136713365058,
              54.97737374323458
            ],
            [
              28.370256272310343,
              54.97720845910496
            ],
            [
              28.369885985563826,
              54.97701956204938
            ]
          ]
        ]
      },
      "properties": {
        "id": 295,
        "name": "Озеро Логовское (Казимирово)",
        "type": "lake",
        "type_ru": "Озеро",
        "district": "Ушачский",
        "region": "Витебская область",
        "location_description": "в 35 км на юго-запад от г.п. Ушачи, около д. Казимирово",
        "activities": "подводная охота",
        "coordinate_source": "calculated_from_decree_description"
      }
    },
    {
      "type": "Feature",
      "geometry": {
        "type": "Polygon",
        "coordinates": [
          [
            [
              29.010795632350806,
              55.1090911077855
            ],
            [
              29.012846169467394,
              55.10815277198557
            ],
            [
              29.013256268158756,
              55.10669829735534
            ],
            [
              29.01219001155971,
              55.106322940469795
            ],
            [
              29.01219001155971,
              55.10496224220225
            ],
            [
              29.01243607077612,
              55.10209993255006
            ],
            [
              29.015388781358467,
              55.10247532910202
            ],
            [
              29.020063906447632,
              55.103132264584104
            ],
            [
              29.01784937351124,
              55.10510300624077
            ],
            [
              29.019571788018084,
              55.10533761186946
            ],
            [
              29.024082829973935,
              55.10895035779504
            ],
            [
              29.022688494420237,
              55.110686239690835
            ],
            [
              29.027691698464054,
              55.11415777723846
            ],
            [
              29.02424686945045,
              55.1164563320464
            ],
            [
              29.02416454701202,
              55.1188954376704
            ],
            [
              29.02317996700978,
              55.12170951947837
            ],
            [
              29.020965486291914,
              55.12306960269035
            ],
            [
              29.02252332469982,
              55.12536736902379
            ],
            [
              29.021456913178014,
              55.127430578370536
            ],
            [
              29.024819148367385,
              55.12761797529282
            ],
            [
              29.023998835097757,
              55.12972791332734
            ],
            [
              29.02030852344342,
              55.130243866011654
            ],
            [
              29.014403930754384,
              55.12869689124739
            ],
            [
              29.014404083742363,
              55.12705577909554
            ],
            [
              29.01481449874356,
              55.12344495014992
            ],
            [
              29.015060658748666,
              55.11978665639856
            ],
            [
              29.011533809995257,
              55.117769732556496
            ],
            [
              29.012600066595894,
              55.116362516071945
            ],
            [
              29.015634796916544,
              55.1146737908509
            ],
            [
              29.017111152208514,
              55.113688668170425
            ],
            [
              29.01366632319497,
              55.112422046171446
            ],
            [
              29.010795632350806,
              55.1090911077855
            ]
          ]
        ]
      },
      "properties": {
        "id": 296,
        "name": "Озеро Липно",
        "type": "lake",
        "type_ru": "Озеро",
        "district": "Ушачский",
        "region": "Витебская область",
        "location_description": "в 26 км на восток от г.п. Ушачи, 5 км на юго-восток от д. Глыбочка",
        "activities": "подводная охота, лов рыбы на дорожку с судов с двигателями",
        "coordinate_source": "calculated_from_decree_description"
      }
    },
    {
      "type": "Feature",
      "geometry": {
        "type": "Polygon",
        "coordinates": [
          [
            [
              28.63406814954695,
              55.21108726594335
            ],
            [
              28.636660182587377,
              55.20944812188307
            ],
            [
              28.6381290013108,
              55.209201628216334
            ],
            [
              28.63918741480154,
              55.20997807809823
            ],
            [
              28.63929541617756,
              55.211074941804014
            ],
            [
              28.638085800736235,
              55.21266472431003
            ],
            [
              28.636789784216887,
              55.213182314214464
            ],
            [
              28.634932160537375,
              55.21366292738503
            ],
            [
              28.632728932472787,
              55.21275098973001
            ],
            [
              28.6327289324891,
              55.21240156020389
            ],
            [
              28.63406814954695,
              55.21108726594335
            ]
          ]
        ]
      },
      "properties": {
        "id": 297,
        "name": "Озеро Лутово",
        "type": "lake",
        "type_ru": "Озеро",
        "district": "Ушачский",
        "region": "Витебская область",
        "location_description": "в 4 км на север от г.п. Ушачи, около д. Лутово",
        "activities": "подводная охота, лов рыбы на дорожку с судов с двигателями",
        "coordinate_source": "calculated_from_decree_description"
      }
    },
    {
      "type": "Feature",
      "geometry": {
        "type": "Polygon",
        "coordinates": [
          [
            [
              29.090616818271997,
              55.15434874387884
            ],
            [
              29.09157242235716,
              55.15428807827132
            ],
            [
              29.092793501706893,
              55.15501610657907
            ],
            [
              29.098898689018455,
              55.15565313430142
            ],
            [
              29.1074987864107,
              55.157109093519125
            ],
            [
              29.112382543707668,
              55.1589895418187
            ],
            [
              29.118115658430952,
              55.15956577963087
            ],
            [
              29.120345132418493,
              55.16005101715592
            ],
            [
              29.12283969826757,
              55.16265900531127
            ],
            [
              29.120928445947015,
              55.164417744657186
            ],
            [
              29.12013195723418,
              55.16638861544013
            ],
            [
              29.1174778286763,
              55.16596413182262
            ],
            [
              29.117796679152804,
              55.162962249133045
            ],
            [
              29.110948968088763,
              55.16190091218462
            ],
            [
              29.101818414980755,
              55.159505113617854
            ],
            [
              29.097093701980015,
              55.15835260875755
            ],
            [
              29.09178486726691,
              55.15641141675496
            ],
            [
              29.090616818271997,
              55.15434874387884
            ]
          ]
        ]
      },
      "properties": {
        "id": 298,
        "name": "Озеро Любженское",
        "type": "lake",
        "type_ru": "Озеро",
        "district": "Ушачский",
        "region": "Витебская область",
        "location_description": "в 30 км на восток от г.п. Ушачи, 4 км на юго-запад от д. Дубровка",
        "activities": "подводная охота, лов рыбы на дорожку с судов с двигателями",
        "coordinate_source": "calculated_from_decree_description"
      }
    },
    {
      "type": "Feature",
      "geometry": {
        "type": "Polygon",
        "coordinates": [
          [
            [
              28.74644884858344,
              55.16434089827905
            ],
            [
              28.74545250686552,
              55.16277939543528
            ],
            [
              28.745478054090427,
              55.16013783535453
            ],
            [
              28.745988998580003,
              55.15794856447425
            ],
            [
              28.748160512488624,
              55.15612408035602
            ],
            [
              28.7516093875208,
              55.1562262536724
            ],
            [
              28.752861201421524,
              55.15780260881601
            ],
            [
              28.753244409758224,
              55.159656205992945
            ],
            [
              28.75296339031121,
              55.16133458580791
            ],
            [
              28.75163493474372,
              55.162472924958706
            ],
            [
              28.75178821807819,
              55.163961473280466
            ],
            [
              28.74961670416863,
              55.165128923278786
            ],
            [
              28.74644884858344,
              55.16434089827905
            ]
          ]
        ]
      },
      "properties": {
        "id": 299,
        "name": "Озеро Люктеши (Люктош)",
        "type": "lake",
        "type_ru": "Озеро",
        "district": "Ушачский",
        "region": "Витебская область",
        "location_description": "в 8 км на восток от г.п. Ушачи, около д. Пятницы",
        "activities": "подводная охота, лов рыбы на дорожку с судов с двигателями",
        "coordinate_source": "calculated_from_decree_description"
      }
    },
    {
      "type": "Feature",
      "geometry": {
        "type": "Polygon",
        "coordinates": [
          [
            [
              28.688007348166735,
              55.22509060141479
            ],
            [
              28.69084317382817,
              55.22639871626646
            ],
            [
              28.692177709537162,
              55.22920517679492
            ],
            [
              28.694054426972514,
              55.23113155284341
            ],
            [
              28.695256156411062,
              55.234337801581546
            ],
            [
              28.692420546418646,
              55.23543161766494
            ],
            [
              28.68925136613109,
              55.23533656546829
            ],
            [
              28.686165468761942,
              55.23215013776246
            ],
            [
              28.6852063067044,
              55.23029523852867
            ],
            [
              28.681161374054994,
              55.23077084790282
            ],
            [
              28.68070268621952,
              55.23000986908755
            ],
            [
              28.681286489145265,
              55.22620479102588
            ],
            [
              28.685331389317867,
              55.225610150320875
            ],
            [
              28.688007348166735,
              55.22509060141479
            ]
          ]
        ]
      },
      "properties": {
        "id": 300,
        "name": "Озеро Мено",
        "type": "lake",
        "type_ru": "Озеро",
        "district": "Ушачский",
        "region": "Витебская область",
        "location_description": "в 6,9 км на северо-восток от г.п. Ушачи",
        "activities": "подводная охота, лов рыбы на дорожку с судов с двигателями",
        "coordinate_source": "calculated_from_decree_description"
      }
    },
    {
      "type": "Feature",
      "geometry": {
        "type": "Polygon",
        "coordinates": [
          [
            [
              29.026748233474734,
              55.12161939750459
            ],
            [
              29.0290358983585,
              55.12000751269167
            ],
            [
              29.031650372510796,
              55.11671345882229
            ],
            [
              29.033529525807438,
              55.11334903830422
            ],
            [
              29.03589889300835,
              55.111105933871244
            ],
            [
              29.03814570673279,
              55.11208730755715
            ],
            [
              29.04055592509144,
              55.111713453757545
            ],
            [
              29.04227167375396,
              55.11416680546833
            ],
            [
              29.043170399243706,
              55.11390979473495
            ],
            [
              29.047786580169088,
              55.11404998261244
            ],
            [
              29.049052966086606,
              55.11276490865288
            ],
            [
              29.05350574237778,
              55.11122276533624
            ],
            [
              29.058244476778015,
              55.11220413615243
            ],
            [
              29.05963341617209,
              55.11472755042004
            ],
            [
              29.061267462517435,
              55.116246195138984
            ],
            [
              29.06073639745543,
              55.118161941505264
            ],
            [
              29.056732983909143,
              55.116526554004736
            ],
            [
              29.057590858239564,
              55.11771805723262
            ],
            [
              29.058530434888695,
              55.12091858601406
            ],
            [
              29.0552214910403,
              55.12379183497643
            ],
            [
              29.046111682666037,
              55.12241363566102
            ],
            [
              29.04386486894157,
              55.11911978023386
            ],
            [
              29.04096443667865,
              55.11809185484293
            ],
            [
              29.0384316648435,
              55.11921322668471
            ],
            [
              29.03749208819437,
              55.12080178290364
            ],
            [
              29.031119307448733,
              55.12472618033988
            ],
            [
              29.026748233474734,
              55.12161939750459
            ]
          ]
        ]
      },
      "properties": {
        "id": 301,
        "name": "Озеро Мугирино (Мугиринко)",
        "type": "lake",
        "type_ru": "Озеро",
        "district": "Ушачский",
        "region": "Витебская область",
        "location_description": "в 27 км на восток от г.п. Ушачи, 2,5 км на юго-восток от д. Поло",
        "activities": "подводная охота, лов рыбы на дорожку с судов с двигателями",
        "coordinate_source": "calculated_from_decree_description"
      }
    },
    {
      "type": "Feature",
      "geometry": {
        "type": "Polygon",
        "coordinates": [
          [
            [
              28.371144933453934,
              55.005266708464035
            ],
            [
              28.370946851251944,
              55.004641847680546
            ],
            [
              28.37386861246219,
              55.00262519969647
            ],
            [
              28.37832583563022,
              55.003221771392816
            ],
            [
              28.382931873623562,
              55.00262529756205
            ],
            [
              28.385259748446003,
              54.99870494306953
            ],
            [
              28.390064169601175,
              54.99722755724031
            ],
            [
              28.394224630332133,
              54.99725599210808
            ],
            [
              28.399326049999473,
              54.998562899504606
            ],
            [
              28.404674855779035,
              55.000523132412724
            ],
            [
              28.403832926422012,
              55.00137536323322
            ],
            [
              28.398731726803533,
              54.999784501218386
            ],
            [
              28.393531277854237,
              54.99913106602605
            ],
            [
              28.393135058574643,
              54.99975607607982
            ],
            [
              28.39363035857457,
              55.0008072138198
            ],
            [
              28.39120343488949,
              55.00177310801155
            ],
            [
              28.38981658697685,
              55.00316509329295
            ],
            [
              28.38545786212208,
              55.006119180541674
            ],
            [
              28.37570108576972,
              55.007198198887664
            ],
            [
              28.371392589572338,
              55.006573207469614
            ],
            [
              28.371144933453934,
              55.005266708464035
            ]
          ]
        ]
      },
      "properties": {
        "id": 302,
        "name": "Озеро Муроги",
        "type": "lake",
        "type_ru": "Озеро",
        "district": "Ушачский",
        "region": "Витебская область",
        "location_description": "в 30 км на юго-восток от г.п. Ушачи, 1,3 км на север от д. Малые Дольцы",
        "activities": "подводная охота, лов рыбы на дорожку с судов с двигателями",
        "coordinate_source": "calculated_from_decree_description"
      }
    },
    {
      "type": "Feature",
      "geometry": {
        "type": "Polygon",
        "coordinates": [
          [
            [
              29.00103785054577,
              55.22597617979915
            ],
            [
              29.002783354906683,
              55.22380585845616
            ],
            [
              29.003935387784253,
              55.22346735729869
            ],
            [
              29.005750712318132,
              55.224801433403826
            ],
            [
              29.006902745195646,
              55.226911969902005
            ],
            [
              29.008962440340184,
              55.22812647316883
            ],
            [
              29.009067170602265,
              55.22916175815297
            ],
            [
              29.005995082928735,
              55.23035628426908
            ],
            [
              29.007670767114064,
              55.2318294837429
            ],
            [
              29.00774058728831,
              55.23240680379041
            ],
            [
              29.005401611446757,
              55.233103558205045
            ],
            [
              29.002853175080986,
              55.234297965947434
            ],
            [
              29.00026982862738,
              55.234457217602994
            ],
            [
              28.999257436098333,
              55.23397946072325
            ],
            [
              28.99911779574981,
              55.23278504341587
            ],
            [
              28.999955637842476,
              55.23125215531593
            ],
            [
              28.998663964616327,
              55.22977893445878
            ],
            [
              28.997162830866074,
              55.22874366553745
            ],
            [
              28.997372291390235,
              55.22818620188099
            ],
            [
              29.000444379063765,
              55.22794728649393
            ],
            [
              29.002573894382493,
              55.2276884598721
            ],
            [
              29.0028880851674,
              55.22687214949505
            ],
            [
              29.00152659176706,
              55.226951790269055
            ],
            [
              29.000898210197192,
              55.226374391044004
            ],
            [
              29.00103785054577,
              55.22597617979915
            ]
          ]
        ]
      },
      "properties": {
        "id": 303,
        "name": "Озеро Островито",
        "type": "lake",
        "type_ru": "Озеро",
        "district": "Ушачский",
        "region": "Витебская область",
        "location_description": "в 25 км на северо-восток от г.п. Ушачи, 4 км на юго-восток от д. Глыбочка",
        "activities": "подводная охота, лов рыбы на дорожку с судов с двигателями",
        "coordinate_source": "calculated_from_decree_description"
      }
    },
    {
      "type": "Feature",
      "geometry": {
        "type": "Polygon",
        "coordinates": [
          [
            [
              28.98390770157033,
              55.14437714095553
            ],
            [
              28.98095029734759,
              55.14829417230143
            ],
            [
              28.971409820893115,
              55.14913881133097
            ],
            [
              28.96872238222852,
              55.14598981989161
            ],
            [
              28.95998655318874,
              55.14483770725826
            ],
            [
              28.95138512151854,
              55.1425333821943
            ],
            [
              28.949503558340183,
              55.146066626218015
            ],
            [
              28.943455676696345,
              55.14614343239617
            ],
            [
              28.935929423985556,
              55.1474491148077
            ],
            [
              28.9331070792187,
              55.14913875803393
            ],
            [
              28.925043237028234,
              55.14598981989161
            ],
            [
              28.918995355384368,
              55.14376237212056
            ],
            [
              28.90394885028965,
              55.14844824263173
            ],
            [
              28.89602558384877,
              55.15098235717278
            ],
            [
              28.9020661606543,
              55.15535872718115
            ],
            [
              28.896282381273608,
              55.160426806379604
            ],
            [
              28.898695874965625,
              55.16534213609651
            ],
            [
              28.896550134139687,
              55.17478231029813
            ],
            [
              28.8894209489915,
              55.175629385190405
            ],
            [
              28.8805553982923,
              55.16687629720835
            ],
            [
              28.884211122156387,
              55.15190367715212
            ],
            [
              28.884479588803714,
              55.14983107973316
            ],
            [
              28.87736591066573,
              55.1459932874219
            ],
            [
              28.872132230464246,
              55.14031319753113
            ],
            [
              28.874547678984925,
              55.13601330578871
            ],
            [
              28.887164367296975,
              55.13501206540644
            ],
            [
              28.88931233673901,
              55.140156713138964
            ],
            [
              28.904486083229614,
              55.13639048361068
            ],
            [
              28.909724550139174,
              55.13930828662248
            ],
            [
              28.92584962040968,
              55.13592694239094
            ],
            [
              28.92920955481145,
              55.1327001295341
            ],
            [
              28.934182257727485,
              55.12424771679133
            ],
            [
              28.947890790091634,
              55.12386347369693
            ],
            [
              28.977727007588044,
              55.12363292606514
            ],
            [
              28.982968505255855,
              55.12686047178855
            ],
            [
              28.974367073184965,
              55.135312331480264
            ],
            [
              28.974367073184965,
              55.13846211236876
            ],
            [
              28.98390770157033,
              55.14437714095553
            ]
          ]
        ]
      },
      "properties": {
        "id": 304,
        "name": "Озеро Отолово",
        "type": "lake",
        "type_ru": "Озеро",
        "district": "Ушачский",
        "region": "Витебская область",
        "location_description": "в 16 км на восток от г.п. Ушачи, 6 км на юго-запад от д. Дубровка",
        "activities": "подводная охота, лов рыбы на дорожку с судов с двигателями",
        "coordinate_source": "calculated_from_decree_description"
      }
    },
    {
      "type": "Feature",
      "geometry": {
        "type": "Polygon",
        "coordinates": [
          [
            [
              28.516611309787265,
              55.19078778247888
            ],
            [
              28.513567581440583,
              55.1887095111104
            ],
            [
              28.511717446206575,
              55.180634145133695
            ],
            [
              28.515536969547156,
              55.17562459861247
            ],
            [
              28.51870012478608,
              55.17054612190012
            ],
            [
              28.523235593316457,
              55.16819432784263
            ],
            [
              28.528367127215148,
              55.167956225766915
            ],
            [
              28.53087306441438,
              55.16897901279302
            ],
            [
              28.529500778480383,
              55.17170556077335
            ],
            [
              28.526278765990554,
              55.17218250358127
            ],
            [
              28.52615942886075,
              55.17388659870119
            ],
            [
              28.524846715690416,
              55.17647665656415
            ],
            [
              28.521684184111933,
              55.17985038604107
            ],
            [
              28.520072862453503,
              55.18145201088478
            ],
            [
              28.52043095618177,
              55.18397359052324
            ],
            [
              28.519595404981857,
              55.18836891859081
            ],
            [
              28.518342083653806,
              55.190787821023406
            ],
            [
              28.516611309787265,
              55.19078778247888
            ]
          ]
        ]
      },
      "properties": {
        "id": 305,
        "name": "Озеро Плино",
        "type": "lake",
        "type_ru": "Озеро",
        "district": "Ушачский",
        "region": "Витебская область",
        "location_description": "в 5 км на восток от г.п. Ушачи, 2 км на юг от д. Двор Плино",
        "activities": "подводная охота, лов рыбы на дорожку с судов с двигателями",
        "coordinate_source": "calculated_from_decree_description"
      }
    },
    {
      "type": "Feature",
      "geometry": {
        "type": "Polygon",
        "coordinates": [
          [
            [
              28.438248312965754,
              55.010793296770146
            ],
            [
              28.439384267373185,
              55.00982259919664
            ],
            [
              28.44290349796219,
              55.00846869235332
            ],
            [
              28.444640839644563,
              55.00837928180195
            ],
            [
              28.446734558879058,
              55.00987368917146
            ],
            [
              28.446734558879058,
              55.011585164194
            ],
            [
              28.44593270887131,
              55.01304113768197
            ],
            [
              28.444640839414518,
              55.013104994958326
            ],
            [
              28.441789817165613,
              55.012747392901986
            ],
            [
              28.44043112687544,
              55.011776742673106
            ],
            [
              28.439072436584354,
              55.01176397080323
            ],
            [
              28.438248312965754,
              55.010793296770146
            ]
          ]
        ]
      },
      "properties": {
        "id": 306,
        "name": "Озеро Полозно",
        "type": "lake",
        "type_ru": "Озеро",
        "district": "Ушачский",
        "region": "Витебская область",
        "location_description": "в 21 км на юго-запад от г.п. Ушачи, 4,9 км на юго-восток от д. Великие Дольцы",
        "activities": "подводная охота",
        "coordinate_source": "calculated_from_decree_description"
      }
    },
    {
      "type": "Feature",
      "geometry": {
        "type": "Polygon",
        "coordinates": [
          [
            [
              29.04802801685932,
              55.13530552008871
            ],
            [
              29.065208005543866,
              55.13840214023267
            ],
            [
              29.068772633964556,
              55.131942598710225
            ],
            [
              29.073575866153988,
              55.12725008395276
            ],
            [
              29.08085594731341,
              55.12707243589611
            ],
            [
              29.09015131284451,
              55.12503497651991
            ],
            [
              29.084728792070166,
              55.12025352649451
            ],
            [
              29.08271487282485,
              55.11511708507976
            ],
            [
              29.084573872130676,
              55.10935910039706
            ],
            [
              29.091235892345196,
              55.10528191049397
            ],
            [
              29.102542173409205,
              55.10616773267671
            ],
            [
              29.11322870865746,
              55.108116857568405
            ],
            [
              29.116790887073023,
              55.111394716846746
            ],
            [
              29.11555186952728,
              55.11945533504007
            ],
            [
              29.11198969089486,
              55.12246657735912
            ],
            [
              29.11524211486409,
              55.127337223968965
            ],
            [
              29.10951165358503,
              55.13247289866928
            ],
            [
              29.092630024410994,
              55.135660226569286
            ],
            [
              29.094023920398257,
              55.141857080107314
            ],
            [
              29.087979273337538,
              55.145750345892765
            ],
            [
              29.083328815680858,
              55.14981882512109
            ],
            [
              29.061180662263496,
              55.14839310802557
            ],
            [
              29.048339324575096,
              55.149361806678144
            ],
            [
              29.048647980001306,
              55.14326428085528
            ],
            [
              29.05096873638277,
              55.141673182309944
            ],
            [
              29.046945064899376,
              55.13822441388632
            ],
            [
              29.04802801685932,
              55.13530552008871
            ]
          ]
        ]
      },
      "properties": {
        "id": 307,
        "name": "Озеро Полуозерье (Полозерье)",
        "type": "lake",
        "type_ru": "Озеро",
        "district": "Ушачский",
        "region": "Витебская область",
        "location_description": "в 28 км на восток от г.п. Ушачи, 2,5 км на юго-восток от д. Дубровка",
        "activities": "подводная охота",
        "coordinate_source": "calculated_from_decree_description"
      }
    },
    {
      "type": "Feature",
      "geometry": {
        "type": "Polygon",
        "coordinates": [
          [
            [
              28.978768864252288,
              55.26465348130307
            ],
            [
              28.980529916416316,
              55.261728137719786
            ],
            [
              28.982380513604795,
              55.26087770673229
            ],
            [
              28.98464898757706,
              55.25980613777003
            ],
            [
              28.987783063461336,
              55.26007828500602
            ],
            [
              28.990111234116938,
              55.261915230094104
            ],
            [
              28.990618655927477,
              55.2650446446404
            ],
            [
              28.990200779173392,
              55.265367776667745
            ],
            [
              28.98843972701053,
              55.26478953855457
            ],
            [
              28.987902456858563,
              55.265997026226756
            ],
            [
              28.98704161670952,
              55.266489552667196
            ],
            [
              28.98402693419203,
              55.26669362893449
            ],
            [
              28.98256436544611,
              55.26808812203467
            ],
            [
              28.9853104128878,
              55.268428234876694
            ],
            [
              28.985758138013807,
              55.269873681965294
            ],
            [
              28.98342996735701,
              55.27126806342463
            ],
            [
              28.980295891171096,
              55.27082594744934
            ],
            [
              28.978713929058387,
              55.269567591353024
            ],
            [
              28.976117123325764,
              55.26936352985095
            ],
            [
              28.974206829453863,
              55.26708477185849
            ],
            [
              28.974236677796114,
              55.266098403232775
            ],
            [
              28.977072270262312,
              55.26550316893679
            ],
            [
              28.978355748956886,
              55.264737854592994
            ],
            [
              28.978768864252288,
              55.26465348130307
            ]
          ]
        ]
      },
      "properties": {
        "id": 308,
        "name": "Озеро Рукшанское",
        "type": "lake",
        "type_ru": "Озеро",
        "district": "Ушачский",
        "region": "Витебская область",
        "location_description": "в 25 км на северо-восток от г.п. Ушачи, 0,2 км на восток от д. Глыбочка",
        "activities": "подводная охота, лов рыбы на дорожку с судов с двигателями",
        "coordinate_source": "calculated_from_decree_description"
      }
    },
    {
      "type": "Feature",
      "geometry": {
        "type": "Polygon",
        "coordinates": [
          [
            [
              28.430484185950178,
              55.19086164593952
            ],
            [
              28.43209095313088,
              55.18848255049619
            ],
            [
              28.434902795423795,
              55.18618931213629
            ],
            [
              28.438166540786625,
              55.18719262032192
            ],
            [
              28.440928171611063,
              55.189428473025316
            ],
            [
              28.438618444012405,
              55.193011308635306
            ],
            [
              28.444543397415828,
              55.19794076367157
            ],
            [
              28.4467527020756,
              55.20123627991592
            ],
            [
              28.446049741501668,
              55.202067280085146
            ],
            [
              28.44102859454992,
              55.200634510346845
            ],
            [
              28.437614214621902,
              55.1985998887383
            ],
            [
              28.434199834694823,
              55.19619259652947
            ],
            [
              28.43178968415731,
              55.19358453242842
            ],
            [
              28.430484185950178,
              55.19086164593952
            ]
          ]
        ]
      },
      "properties": {
        "id": 309,
        "name": "Озеро Селищанское",
        "type": "lake",
        "type_ru": "Озеро",
        "district": "Ушачский",
        "region": "Витебская область",
        "location_description": "в 10 км на запад от г.п. Ушачи, 0,8 км на запад от д. Селище",
        "activities": "подводная охота, лов рыбы на дорожку с судов с двигателями",
        "coordinate_source": "calculated_from_decree_description"
      }
    },
    {
      "type": "Feature",
      "geometry": {
        "type": "Polygon",
        "coordinates": [
          [
            [
              28.54531920382132,
              55.27782215699003
            ],
            [
              28.545476098282506,
              55.2774130226278
            ],
            [
              28.542777517734606,
              55.27424928679329
            ],
            [
              28.542181319550423,
              55.27085095149451
            ],
            [
              28.541773394420517,
              55.267114596475636
            ],
            [
              28.54368750387968,
              55.26679278870384
            ],
            [
              28.54717055551629,
              55.26799061553433
            ],
            [
              28.550967395590533,
              55.268705718810764
            ],
            [
              28.551783245523325,
              55.27010013317036
            ],
            [
              28.554011143417767,
              55.27249555124234
            ],
            [
              28.557745225803785,
              55.273103320908206
            ],
            [
              28.558780727641818,
              55.27421158282394
            ],
            [
              28.55576835865753,
              55.27578454663481
            ],
            [
              28.55595663171985,
              55.27687485998541
            ],
            [
              28.55642731437331,
              55.277911523602484
            ],
            [
              28.557933498864884,
              55.27792939687575
            ],
            [
              28.558937621860025,
              55.27984179063259
            ],
            [
              28.55686661818268,
              55.28123581401644
            ],
            [
              28.55247358008208,
              55.28105709580518
            ],
            [
              28.54588402293001,
              55.28003838663852
            ],
            [
              28.54531920382132,
              55.27782215699003
            ]
          ]
        ]
      },
      "properties": {
        "id": 310,
        "name": "Озеро Солонец",
        "type": "lake",
        "type_ru": "Озеро",
        "district": "Ушачский",
        "region": "Витебская область",
        "location_description": "в 11 км на северо-запад от г.п. Ушачи, 1,8 км на север от д. Матырино",
        "activities": "подводная охота, лов рыбы на дорожку с судов с двигателями",
        "coordinate_source": "calculated_from_decree_description"
      }
    },
    {
      "type": "Feature",
      "geometry": {
        "type": "Polygon",
        "coordinates": [
          [
            [
              28.416879674778613,
              55.007334677089375
            ],
            [
              28.42166731411146,
              55.00760709075527
            ],
            [
              28.427720837506627,
              55.00760705796367
            ],
            [
              28.431954735875564,
              55.011010331280175
            ],
            [
              28.434487279741774,
              55.014867306564526
            ],
            [
              28.436333396264246,
              55.016978032705055
            ],
            [
              28.434632538998812,
              55.019246145351644
            ],
            [
              28.431072123413372,
              55.01913268602411
            ],
            [
              28.426760005354993,
              55.0162974090625
            ],
            [
              28.422408725389005,
              55.01244153989691
            ],
            [
              28.420233242668388,
              55.01096724122195
            ],
            [
              28.417859829750114,
              55.00894850005031
            ],
            [
              28.416879674778613,
              55.007334677089375
            ]
          ]
        ]
      },
      "properties": {
        "id": 311,
        "name": "Озеро Тартак",
        "type": "lake",
        "type_ru": "Озеро",
        "district": "Ушачский",
        "region": "Витебская область",
        "location_description": "в 20 км на юго-запад от г.п. Ушачи, 4 км на юг от д. Великие Дольцы",
        "activities": "подводная охота, лов рыбы на дорожку с судов с двигателями",
        "coordinate_source": "calculated_from_decree_description"
      }
    },
    {
      "type": "Feature",
      "geometry": {
        "type": "Polygon",
        "coordinates": [
          [
            [
              28.83893791731822,
              55.1063936805557
            ],
            [
              28.839440900123776,
              55.105056544953754
            ],
            [
              28.840535626436463,
              55.10382092409819
            ],
            [
              28.844056502887724,
              55.10427793910216
            ],
            [
              28.84964848324384,
              55.10652908439471
            ],
            [
              28.85615766672595,
              55.109930950554855
            ],
            [
              28.85769620100433,
              55.11180946893012
            ],
            [
              28.85574344595966,
              55.11319714650193
            ],
            [
              28.85112784312585,
              55.11456785385511
            ],
            [
              28.84666017590456,
              55.11172485269702
            ],
            [
              28.841630352304406,
              55.109033968997636
            ],
            [
              28.83893791731822,
              55.1063936805557
            ]
          ]
        ]
      },
      "properties": {
        "id": 312,
        "name": "Озеро Троща",
        "type": "lake",
        "type_ru": "Озеро",
        "district": "Ушачский",
        "region": "Витебская область",
        "location_description": "в 16 км на юго-восток от г.п. Ушачи, 2 км на северо-запад от д. Мосар",
        "activities": "подводная охота, лов рыбы на дорожку с судов с двигателями",
        "coordinate_source": "calculated_from_decree_description"
      }
    },
    {
      "type": "Feature",
      "geometry": {
        "type": "Polygon",
        "coordinates": [
          [
            [
              29.050013740939164,
              55.17044765140744
            ],
            [
              29.054539576219042,
              55.16967218663609
            ],
            [
              29.056953438423022,
              55.170045535151246
            ],
            [
              29.05750673581238,
              55.17194103926306
            ],
            [
              29.058361548311296,
              55.17535848473074
            ],
            [
              29.059517975950456,
              55.17725371503056
            ],
            [
              29.05916592145499,
              55.17814386347243
            ],
            [
              29.054489417627792,
              55.17814388726106
            ],
            [
              29.050315718191825,
              55.17644969860163
            ],
            [
              29.048857303845722,
              55.17461181417775
            ],
            [
              29.048505227474863,
              55.17283131698284
            ],
            [
              29.047951997213232,
              55.17070613291668
            ],
            [
              29.050013740939164,
              55.17044765140744
            ]
          ]
        ]
      },
      "properties": {
        "id": 313,
        "name": "Озеро Усая",
        "type": "lake",
        "type_ru": "Озеро",
        "district": "Ушачский",
        "region": "Витебская область",
        "location_description": "в 28 км на восток от г.п. Ушачи, 0,5 км на юго-восток от д. Дубровка",
        "activities": "подводная охота, лов рыбы на дорожку с судов с двигателями",
        "coordinate_source": "calculated_from_decree_description"
      }
    },
    {
      "type": "Feature",
      "geometry": {
        "type": "Polygon",
        "coordinates": [
          [
            [
              28.437322753051973,
              55.016529113966016
            ],
            [
              28.437842751999426,
              55.01547071617094
            ],
            [
              28.438804750320998,
              55.01465081123618
            ],
            [
              28.44304274308527,
              55.0148744231835
            ],
            [
              28.446214737540288,
              55.01575395201337
            ],
            [
              28.448164734138516,
              55.01776636064767
            ],
            [
              28.44873673314069,
              55.019063192690965
            ],
            [
              28.450452730147106,
              55.01958489489891
            ],
            [
              28.449828731235755,
              55.02065808952187
            ],
            [
              28.447150735907798,
              55.02143315666001
            ],
            [
              28.444186741077687,
              55.02132882157184
            ],
            [
              28.443380742483612,
              55.02216349467261
            ],
            [
              28.440832746929118,
              55.02174616029478
            ],
            [
              28.439480749287043,
              55.02015130675235
            ],
            [
              28.438440751101155,
              55.019197345335755
            ],
            [
              28.438440751101155,
              55.018079392912654
            ],
            [
              28.437322753051973,
              55.016529113966016
            ]
          ]
        ]
      },
      "properties": {
        "id": 314,
        "name": "Озеро Церковище",
        "type": "lake",
        "type_ru": "Озеро",
        "district": "Ушачский",
        "region": "Витебская область",
        "location_description": "в 20 км на юго-запад от г.п. Ушачи, 4 км на юго-восток от д. Великие Дольцы",
        "activities": "подводная охота, лов рыбы на дорожку с судов с двигателями",
        "coordinate_source": "calculated_from_decree_description"
      }
    },
    {
      "type": "Feature",
      "geometry": {
        "type": "Polygon",
        "coordinates": [
          [
            [
              28.913282688061514,
              55.11554009546268
            ],
            [
              28.91289828667655,
              55.1145666016445
            ],
            [
              28.913612113438433,
              55.11390709446917
            ],
            [
              28.916302794959904,
              55.11425245477088
            ],
            [
              28.91729116634815,
              55.113749970593545
            ],
            [
              28.918499097011363,
              55.111111886194806
            ],
            [
              28.921189687655016,
              55.11051511477501
            ],
            [
              28.92201339660889,
              55.11148870646852
            ],
            [
              28.921080052646857,
              55.11453504064727
            ],
            [
              28.921903902834288,
              55.1182092216697
            ],
            [
              28.923057213786308,
              55.12122374397441
            ],
            [
              28.92075101393334,
              55.12392409901631
            ],
            [
              28.922673009824365,
              55.12609055718258
            ],
            [
              28.92130022146594,
              55.12762897548612
            ],
            [
              28.915479536217873,
              55.127566150674056
            ],
            [
              28.91344767773424,
              55.12549392851756
            ],
            [
              28.913447627696627,
              55.123547273632255
            ],
            [
              28.915863770757255,
              55.12244833385242
            ],
            [
              28.913996642471005,
              55.11943393114302
            ],
            [
              28.913282688061514,
              55.11554009546268
            ]
          ]
        ]
      },
      "properties": {
        "id": 315,
        "name": "Озеро Черная Урода",
        "type": "lake",
        "type_ru": "Озеро",
        "district": "Ушачский",
        "region": "Витебская область",
        "location_description": "в 22 км на юго-восток от г.п. Ушачи, 10 км на юго-запад от д. Дубровка",
        "activities": "подводная охота, лов рыбы на дорожку с судов с двигателями",
        "coordinate_source": "calculated_from_decree_description"
      }
    },
    {
      "type": "Feature",
      "geometry": {
        "type": "Polygon",
        "coordinates": [
          [
            [
              28.82784116480309,
              55.208779657692816
            ],
            [
              28.832214231311298,
              55.20387464367218
            ],
            [
              28.835499408393304,
              55.198079662680016
            ],
            [
              28.847746261941097,
              55.197227814063666
            ],
            [
              28.849986829639107,
              55.19535239114438
            ],
            [
              28.842070249753306,
              55.1937327099358
            ],
            [
              28.84251829523643,
              55.18955552300477
            ],
            [
              28.850733231699763,
              55.18358635788809
            ],
            [
              28.85979882095444,
              55.17758251374795
            ],
            [
              28.8692090651964,
              55.17630242778867
            ],
            [
              28.879814341213034,
              55.176643044748545
            ],
            [
              28.88294698816668,
              55.181761353147266
            ],
            [
              28.884589316787867,
              55.18449009231034
            ],
            [
              28.885487010624416,
              55.19003176237544
            ],
            [
              28.88131009296373,
              55.191821602465694
            ],
            [
              28.885190607013072,
              55.194294260194965
            ],
            [
              28.886684489437442,
              55.198386133731276
            ],
            [
              28.88265681337694,
              55.200432326569086
            ],
            [
              28.87653750635394,
              55.20546272032402
            ],
            [
              28.875338077647285,
              55.21023481078984
            ],
            [
              28.872947493346913,
              55.21262086802804
            ],
            [
              28.864730955252895,
              55.21321679230857
            ],
            [
              28.86368269133058,
              55.21645298223672
            ],
            [
              28.86024621064422,
              55.217814980133795
            ],
            [
              28.857857809967584,
              55.21560081666118
            ],
            [
              28.854722562955203,
              55.21100043874827
            ],
            [
              28.85248095587508,
              55.214918936283425
            ],
            [
              28.842324013185504,
              55.2178116917832
            ],
            [
              28.830976560459163,
              55.21738206259727
            ],
            [
              28.82903639622174,
              55.22410704969141
            ],
            [
              28.822619601417813,
              55.22929505183072
            ],
            [
              28.814414544842037,
              55.228352918447854
            ],
            [
              28.806956420455947,
              55.223158195467704
            ],
            [
              28.812771505838555,
              55.21754447580315
            ],
            [
              28.813964116400115,
              55.214054848887
            ],
            [
              28.82784116480309,
              55.208779657692816
            ]
          ]
        ]
      },
      "properties": {
        "id": 316,
        "name": "Озеро Черствятское (Черствяты)",
        "type": "lake",
        "type_ru": "Озеро",
        "district": "Ушачский",
        "region": "Витебская область",
        "location_description": "в 15 км на восток от г.п. Ушачи, 0,5 км на север от д. Слобода",
        "activities": "подводная охота, лов рыбы на дорожку с судов с двигателями",
        "coordinate_source": "calculated_from_decree_description"
      }
    },
    {
      "type": "Feature",
      "geometry": {
        "type": "Polygon",
        "coordinates": [
          [
            [
              28.488024074275586,
              55.13494837641829
            ],
            [
              28.490015265993748,
              55.133016718330055
            ],
            [
              28.49254952750158,
              55.132016415886
            ],
            [
              28.495807790606108,
              55.133603346938
            ],
            [
              28.496592134675495,
              55.13587992389938
            ],
            [
              28.50093626211398,
              55.13625943727027
            ],
            [
              28.504737198677105,
              55.13732870830074
            ],
            [
              28.50624569139876,
              55.138673682428475
            ],
            [
              28.510227968667465,
              55.13822530891059
            ],
            [
              28.51046944406926,
              55.139259906537404
            ],
            [
              28.50950421394228,
              55.14105318921139
            ],
            [
              28.509866592216298,
              55.144087875473446
            ],
            [
              28.511013212286002,
              55.145225864251216
            ],
            [
              28.513487267351223,
              55.14536382002436
            ],
            [
              28.514392532384875,
              55.146191449498815
            ],
            [
              28.514151300336437,
              55.14719148031969
            ],
            [
              28.516444603326704,
              55.1486053416489
            ],
            [
              28.51747084246648,
              55.15084675617794
            ],
            [
              28.51680732990789,
              55.15270877498685
            ],
            [
              28.51487619669666,
              55.15243286490744
            ],
            [
              28.51246208177062,
              55.15026043749802
            ],
            [
              28.507936144990282,
              55.14867415510497
            ],
            [
              28.504013821141285,
              55.14705340991978
            ],
            [
              28.502927564102635,
              55.14501889457924
            ],
            [
              28.504496299106904,
              55.14388093905259
            ],
            [
              28.500091572095556,
              55.14336366397541
            ],
            [
              28.497195362141554,
              55.1420187860586
            ],
            [
              28.498221060769822,
              55.141087701440995
            ],
            [
              28.492911565650218,
              55.13974269132714
            ],
            [
              28.49098074582986,
              55.13694902092891
            ],
            [
              28.488024074275586,
              55.13494837641829
            ]
          ]
        ]
      },
      "properties": {
        "id": 317,
        "name": "Озеро Язно",
        "type": "lake",
        "type_ru": "Озеро",
        "district": "Ушачский",
        "region": "Витебская область",
        "location_description": "в 7,5 км на юго-запад от г.п. Ушачи",
        "activities": "подводная охота, лов рыбы на дорожку с судов с двигателями",
        "coordinate_source": "calculated_from_decree_description"
      }
    },
    {
      "type": "Feature",
      "geometry": {
        "type": "Point",
        "coordinates": [
          [
            28.315639247296417,
            54.9230313171864
          ],
          [
            28.316147635887788,
            54.92101772489992
          ],
          [
            28.328259493333547,
            54.920406384430734
          ],
          [
            28.34698025251248,
            54.922864694776194
          ],
          [
            28.356844651264126,
            54.92638834655855
          ],
          [
            28.363791686996564,
            54.930978188551066
          ],
          [
            28.377689468889912,
            54.932955637171936
          ],
          [
            28.38929999452256,
            54.93673258813196
          ],
          [
            28.38924299120836,
            54.93957471364774
          ],
          [
            28.390256464980403,
            54.94373361461609
          ],
          [
            28.396868244873204,
            54.94906779948587
          ],
          [
            28.407067181064797,
            54.95242688871501
          ],
          [
            28.414977122504467,
            54.95850706605293
          ],
          [
            28.40460327803453,
            54.983297772050065
          ],
          [
            28.392784131277608,
            54.982078208428675
          ],
          [
            28.401876991690983,
            54.98886020864819
          ],
          [
            28.40263531456344,
            54.992598442990015
          ],
          [
            28.40020931043398,
            54.99694514411732
          ],
          [
            28.409009116601254,
            54.9989480684215
          ],
          [
            28.41750448659917,
            55.00477390934017
          ],
          [
            28.43780222782081,
            55.01293889195364
          ],
          [
            28.446738287794602,
            55.01493617182402
          ],
          [
            28.45612860052009,
            55.020146211984525
          ],
          [
            28.46491254401343,
            55.02648385980538
          ],
          [
            28.4739943265391,
            55.037156011519755
          ],
          [
            28.477328305245493,
            55.04184404751467
          ],
          [
            28.485057336657547,
            55.04974479778514
          ],
          [
            28.500355366423776,
            55.058247951372465
          ],
          [
            28.503840203860733,
            55.06414730047777
          ],
          [
            28.508695381385905,
            55.0729110200071
          ],
          [
            28.510666641234366,
            55.09009039326128
          ],
          [
            28.516123067829085,
            55.09356026702412
          ],
          [
            28.52901274586449,
            55.095730472422474
          ],
          [
            28.538714702403126,
            55.10119504914175
          ],
          [
            28.544473311045238,
            55.10709100155097
          ],
          [
            28.55916749141079,
            55.110815977699474
          ],
          [
            28.569625440194898,
            55.11289704181371
          ],
          [
            28.570538383110375,
            55.1180120277491
          ],
          [
            28.581455754590536,
            55.11940106128108
          ],
          [
            28.59902637448681,
            55.12971464814581
          ],
          [
            28.604197632768688,
            55.13837373011464
          ],
          [
            28.599049623297503,
            55.144784994936884
          ],
          [
            28.608030620351315,
            55.14807821166016
          ],
          [
            28.61108205988762,
            55.15354198792272
          ],
          [
            28.605159996694113,
            55.15995756544575
          ],
          [
            28.606828010310778,
            55.16862929643162
          ],
          [
            28.608345547658615,
            55.17287608174297
          ],
          [
            28.611229484537972,
            55.18076171656705
          ],
          [
            28.611098350448458,
            55.19505730782441
          ],
          [
            28.60898489066699,
            55.204673897884106
          ],
          [
            28.600172318291698,
            55.21377044730414
          ],
          [
            28.593791757304615,
            55.21991876656281
          ],
          [
            28.590915285675663,
            55.23853114371798
          ],
          [
            28.583930728040855,
            55.24441789491178
          ],
          [
            28.592434233959295,
            55.25142905826365
          ],
          [
            28.588486177639425,
            55.25316001934763
          ],
          [
            28.604276959359225,
            55.25662145462695
          ],
          [
            28.6018463962821,
            55.2582653677845
          ],
          [
            28.58342200083203,
            55.25482351796157
          ],
          [
            28.575612059989083,
            55.24614455209499
          ],
          [
            28.58302402142354,
            55.23679633171426
          ],
          [
            28.58575104959482,
            55.21965070398133
          ],
          [
            28.600590963134977,
            55.20094185896167
          ],
          [
            28.60486897421049,
            55.18423007820155
          ],
          [
            28.6013519046015,
            55.15993308547422
          ],
          [
            28.590388544393306,
            55.14946955512505
          ],
          [
            28.59075799990015,
            55.13632735882976
          ],
          [
            28.56853377455306,
            55.12204482334161
          ],
          [
            28.554202982957946,
            55.112142734944285
          ],
          [
            28.541954580879263,
            55.109185293654406
          ],
          [
            28.537683930650502,
            55.10558308497684
          ],
          [
            28.52655326236507,
            55.09998510558336
          ],
          [
            28.52408006168585,
            55.09882683930269
          ],
          [
            28.510921356765493,
            55.097024843296424
          ],
          [
            28.506871628696103,
            55.09541590354638
          ],
          [
            28.506077291938027,
            55.08933436266082
          ],
          [
            28.506300163504307,
            55.08142173757244
          ],
          [
            28.501802430540835,
            55.06759356187629
          ],
          [
            28.495624402413426,
            55.06463491885819
          ],
          [
            28.492703980677845,
            55.05987475147364
          ],
          [
            28.4770900071305,
            55.05060862361475
          ],
          [
            28.472146120191354,
            55.043208101195376
          ],
          [
            28.466642507326213,
            55.03567791162064
          ],
          [
            28.461374122189028,
            55.02713853521317
          ],
          [
            28.45688042221377,
            55.026043859477
          ],
          [
            28.450250295197804,
            55.02089029815963
          ],
          [
            28.438563667728516,
            55.018957544745746
          ],
          [
            28.431146018398493,
            55.0186353784747
          ],
          [
            28.41991195393922,
            55.01161521102054
          ],
          [
            28.393046536790536,
            55.000523125888236
          ],
          [
            28.39158311261906,
            54.99626516389225
          ],
          [
            28.396190994810894,
            54.99161836636452
          ],
          [
            28.385555918803988,
            54.984857812443494
          ],
          [
            28.38212964561481,
            54.98162568537637
          ],
          [
            28.38415412711592,
            54.978463160790966
          ],
          [
            28.396301312576554,
            54.978979108200065
          ],
          [
            28.40439584826791,
            54.97659185048906
          ],
          [
            28.408720059045606,
            54.96688061423026
          ],
          [
            28.4074428400217,
            54.958094111711944
          ],
          [
            28.401664418379795,
            54.95352924804831
          ],
          [
            28.3917647579716,
            54.951894012698034
          ],
          [
            28.38767884190625,
            54.946851109812286
          ],
          [
            28.38242739589623,
            54.94318921765296
          ],
          [
            28.382652755719846,
            54.941034263267625
          ],
          [
            28.382052985888805,
            54.937199604916884
          ],
          [
            28.371706737891344,
            54.93483176790983
          ],
          [
            28.357845780942597,
            54.93410262716148
          ],
          [
            28.35319781724536,
            54.92880453308118
          ],
          [
            28.348399816589165,
            54.92634906751499
          ],
          [
            28.34457694999773,
            54.92634923455651
          ],
          [
            28.338123990725364,
            54.926002655320815
          ],
          [
            28.334452864728178,
            54.923849634331845
          ],
          [
            28.326057797995617,
            54.923203268644954
          ],
          [
            28.31961203948549,
            54.92354813643752
          ],
          [
            28.315639247296417,
            54.9230313171864
          ]
        ]
      },
      "properties": {
        "id": 318,
        "name": "Река Ушача",
        "type": "river",
        "type_ru": "Река",
        "district": "Ушачский",
        "region": "Витебская область",
        "location_description": "в пределах Ушачского района",
        "activities": "подводная охота",
        "coordinate_source": "calculated_from_decree_description"
      }
    },
    {
      "type": "Feature",
      "geometry": {
        "type": "Polygon",
        "coordinates": [
          [
            [
              29.351621971496996,
              54.721264321933575
            ],
            [
              29.35722798995843,
              54.721835573430496
            ],
            [
              29.359124188670762,
              54.72352585216237
            ],
            [
              29.361886010005662,
              54.72307357518363
            ],
            [
              29.365719570290054,
              54.724644787214714
            ],
            [
              29.36609082963932,
              54.726148404681055
            ],
            [
              29.367533558543983,
              54.72645788358801
            ],
            [
              29.368646437969147,
              54.72748149456922
            ],
            [
              29.37202658390538,
              54.72948099452364
            ],
            [
              29.373840541741515,
              54.73031412145511
            ],
            [
              29.3756134838801,
              54.73300386338474
            ],
            [
              29.375696094714982,
              54.73483662108055
            ],
            [
              29.373923388993518,
              54.73540779207619
            ],
            [
              29.371078774398967,
              54.73500306687686
            ],
            [
              29.36955336776569,
              54.733527338762855
            ],
            [
              29.36794552301751,
              54.73131373868836
            ],
            [
              29.36811040102444,
              54.73100431401656
            ],
            [
              29.36584331251879,
              54.72900492755966
            ],
            [
              29.36341129488187,
              54.7285288701552
            ],
            [
              29.361226574837644,
              54.72743387986574
            ],
            [
              29.360690703048903,
              54.72660069602108
            ],
            [
              29.358052427441123,
              54.72641024090527
            ],
            [
              29.355001843818314,
              54.72529131494821
            ],
            [
              29.351827713566053,
              54.72331539110783
            ],
            [
              29.350714755058902,
              54.72260120898872
            ],
            [
              29.351621971496996,
              54.721264321933575
            ]
          ]
        ]
      },
      "properties": {
        "id": 319,
        "name": "Озеро Белое",
        "type": "lake",
        "type_ru": "Озеро",
        "district": "Чашникский",
        "region": "Витебская область",
        "location_description": "в 17 км на юго-восток от г. Чашники, 0,8 км от д. Овсяники",
        "activities": "подводная охота, лов рыбы на дорожку с судов с двигателями",
        "coordinate_source": "calculated_from_decree_description"
      }
    },
    {
      "type": "Feature",
      "geometry": {
        "type": "Polygon",
        "coordinates": [
          [
            [
              29.288141347813877,
              54.58883640853284
            ],
            [
              29.28808996007035,
              54.588243301354424
            ],
            [
              29.289780672740875,
              54.586780856079514
            ],
            [
              29.292199348975885,
              54.586235805805444
            ],
            [
              29.293865548177962,
              54.5846784791683
            ],
            [
              29.293731177277095,
              54.58352601914132
            ],
            [
              29.292521839172565,
              54.58201531270609
            ],
            [
              29.292844329333377,
              54.58139232466817
            ],
            [
              29.29354305801712,
              54.57961675650148
            ],
            [
              29.294026793259405,
              54.57942985008842
            ],
            [
              29.29475239612168,
              54.57961675650148
            ],
            [
              29.29606923094758,
              54.58027092219598
            ],
            [
              29.296848582171037,
              54.58087835236614
            ],
            [
              29.296741085450805,
              54.58229565421527
            ],
            [
              29.296902330531225,
              54.58273173717393
            ],
            [
              29.299509126002334,
              54.58461618486527
            ],
            [
              29.299965987063985,
              54.58517683016453
            ],
            [
              29.294886767022547,
              54.588867552469765
            ],
            [
              29.29359680637731,
              54.58871183254675
            ],
            [
              29.29348930965702,
              54.58779307288415
            ],
            [
              29.292521839172565,
              54.58749719671721
            ],
            [
              29.292064978110915,
              54.587839789977124
            ],
            [
              29.291608117048213,
              54.58952156964597
            ],
            [
              29.289941917880952,
              54.59093857083823
            ],
            [
              29.288383215435005,
              54.590471433034764
            ],
            [
              29.288141347813877,
              54.58883640853284
            ]
          ]
        ]
      },
      "properties": {
        "id": 320,
        "name": "Озеро Болютское (Болито)",
        "type": "lake",
        "type_ru": "Озеро",
        "district": "Чашникский",
        "region": "Витебская область",
        "location_description": "в 32 км на юго-восток от г. Чашники",
        "activities": "подводная охота, лов рыбы на дорожку с судов с двигателями",
        "coordinate_source": "calculated_from_decree_description"
      }
    },
    {
      "type": "Feature",
      "geometry": {
        "type": "Polygon",
        "coordinates": [
          [
            [
              29.29445100998447,
              54.949058685035794
            ],
            [
              29.293704649157803,
              54.94766558612446
            ],
            [
              29.293774620485692,
              54.94702260111191
            ],
            [
              29.293051583434305,
              54.94570980810869
            ],
            [
              29.29256178414107,
              54.94517396190912
            ],
            [
              29.2924684890379,
              54.94387450521356
            ],
            [
              29.290999091158966,
              54.94304390264142
            ],
            [
              29.29155886178009,
              54.9404582073619
            ],
            [
              29.292515136589486,
              54.93994908714288
            ],
            [
              29.29606035051819,
              54.93894422568772
            ],
            [
              29.2974831013442,
              54.938528875220214
            ],
            [
              29.299115765654108,
              54.93957394140594
            ],
            [
              29.300258630669987,
              54.94130226049211
            ],
            [
              29.300258630669987,
              54.94186495300036
            ],
            [
              29.29937232718845,
              54.94207930997982
            ],
            [
              29.29930235586056,
              54.9425884032255
            ],
            [
              29.298462699788246,
              54.9433788247201
            ],
            [
              29.297856281616447,
              54.943941488166246
            ],
            [
              29.296106998427888,
              54.94406205787968
            ],
            [
              29.295780465565684,
              54.94457112601873
            ],
            [
              29.295827113117298,
              54.94510698025371
            ],
            [
              29.295244018721746,
              54.945924144210636
            ],
            [
              29.295477256729697,
              54.94743786322735
            ],
            [
              29.29498745803224,
              54.948960792804286
            ],
            [
              29.29445100998447,
              54.949058685035794
            ]
          ]
        ]
      },
      "properties": {
        "id": 321,
        "name": "Озеро Боярское",
        "type": "lake",
        "type_ru": "Озеро",
        "district": "Чашникский",
        "region": "Витебская область",
        "location_description": "в 11,6 км на северо-восток от г. Чашники, около д. Бояры",
        "activities": "лов рыбы на дорожку с судов с двигателями",
        "coordinate_source": "calculated_from_decree_description"
      }
    },
    {
      "type": "Feature",
      "geometry": {
        "type": "Polygon",
        "coordinates": [
          [
            [
              29.28543702386517,
              54.92926200310609
            ],
            [
              29.285464572153387,
              54.92801941543587
            ],
            [
              29.286897083173272,
              54.9272121086091
            ],
            [
              29.28963813791154,
              54.92732291638782
            ],
            [
              29.29122216451995,
              54.927987756649884
            ],
            [
              29.291786904440784,
              54.928897936808966
            ],
            [
              29.29177313029672,
              54.930037611620776
            ],
            [
              29.290271748555142,
              54.93143841767272
            ],
            [
              29.286676696861917,
              54.93205570654848
            ],
            [
              29.285175315120426,
              54.93059952273302
            ],
            [
              29.28543702386517,
              54.92926200310609
            ]
          ]
        ]
      },
      "properties": {
        "id": 322,
        "name": "Озеро Глубочино",
        "type": "lake",
        "type_ru": "Озеро",
        "district": "Чашникский",
        "region": "Витебская область",
        "location_description": "в 11 км на северо-восток от г. Чашники, около д. Хоряково",
        "activities": "подводная охота",
        "coordinate_source": "calculated_from_decree_description"
      }
    },
    {
      "type": "Feature",
      "geometry": {
        "type": "Polygon",
        "coordinates": [
          [
            [
              29.31384677069451,
              54.6591964600496
            ],
            [
              29.315328963523115,
              54.65988005569923
            ],
            [
              29.31639614296907,
              54.66075453691258
            ],
            [
              29.315151100282492,
              54.66207479641528
            ],
            [
              29.315002880914705,
              54.663086394793424
            ],
            [
              29.315536470637767,
              54.664749476358566
            ],
            [
              29.31627756747534,
              54.66617247147744
            ],
            [
              29.317137239806698,
              54.66761256036091
            ],
            [
              29.31787833747893,
              54.66816115280497
            ],
            [
              29.318530502695666,
              54.668984026699974
            ],
            [
              29.317107596768466,
              54.66968688494987
            ],
            [
              29.313579975823274,
              54.66956688562183
            ],
            [
              29.310526656853057,
              54.66716682460526
            ],
            [
              29.309281614177166,
              54.66432313846809
            ],
            [
              29.309815203900314,
              54.662642893727735
            ],
            [
              29.30978556002748,
              54.66080826144662
            ],
            [
              29.311356685322465,
              54.66049962357579
            ],
            [
              29.31194956279117,
              54.65938507841028
            ],
            [
              29.31384677069451,
              54.6591964600496
            ]
          ]
        ]
      },
      "properties": {
        "id": 323,
        "name": "Озеро Головня",
        "type": "lake",
        "type_ru": "Озеро",
        "district": "Чашникский",
        "region": "Витебская область",
        "location_description": "в 22 км на юго-восток от г. Чашники, 0,3 км от д. Марьино",
        "activities": "подводная охота, лов рыбы на дорожку с судов с двигателями",
        "coordinate_source": "calculated_from_decree_description"
      }
    },
    {
      "type": "Feature",
      "geometry": {
        "type": "Polygon",
        "coordinates": [
          [
            [
              29.315281970707076,
              54.674149536683586
            ],
            [
              29.3156377579856,
              54.67343977792447
            ],
            [
              29.315886809080297,
              54.67260656702916
            ],
            [
              29.317292168826782,
              54.67200993637837
            ],
            [
              29.31910668394383,
              54.67214366470051
            ],
            [
              29.320102888321287,
              54.6723596864438
            ],
            [
              29.320618779874223,
              54.67297688509328
            ],
            [
              29.320725516058076,
              54.67403638756767
            ],
            [
              29.32104572460821,
              54.67481813866016
            ],
            [
              29.321223618247473,
              54.675754162932236
            ],
            [
              29.317434483737685,
              54.67618616685721
            ],
            [
              29.315993545262785,
              54.67541472805249
            ],
            [
              29.315281970707076,
              54.674149536683586
            ]
          ]
        ]
      },
      "properties": {
        "id": 324,
        "name": "Озеро Золотино",
        "type": "lake",
        "type_ru": "Озеро",
        "district": "Чашникский",
        "region": "Витебская область",
        "location_description": "в 19 км на юго-восток от г. Чашники, 0,3 км на север от д. Марьино",
        "activities": "подводная охота",
        "coordinate_source": "calculated_from_decree_description"
      }
    },
    {
      "type": "Feature",
      "geometry": {
        "type": "Polygon",
        "coordinates": [
          [
            [
              29.14278837962746,
              54.5357705600091
            ],
            [
              29.146641793622024,
              54.533666486450784
            ],
            [
              29.162282433392704,
              54.52919799141242
            ],
            [
              29.15774925163666,
              54.5186694503507
            ],
            [
              29.140970489713368,
              54.50682424673363
            ],
            [
              29.14098114576214,
              54.48813872860413
            ],
            [
              29.149137790333924,
              54.48458062595964
            ],
            [
              29.15729512051763,
              54.48944522259353
            ],
            [
              29.159561310029744,
              54.4952359811586
            ],
            [
              29.162282319660562,
              54.49997651602601
            ],
            [
              29.17112451464081,
              54.50511368516686
            ],
            [
              29.17656252674726,
              54.50985350118415
            ],
            [
              29.179284233522395,
              54.518011156435165
            ],
            [
              29.19582784017308,
              54.527613330330354
            ],
            [
              29.19492292681886,
              54.53892440954306
            ],
            [
              29.166817493781366,
              54.54538264970748
            ],
            [
              29.14278837962746,
              54.5357705600091
            ]
          ]
        ]
      },
      "properties": {
        "id": 325,
        "name": "Озеро Застаринское (Ротнинское)",
        "type": "lake",
        "type_ru": "Озеро",
        "district": "Чашникский",
        "region": "Витебская область",
        "location_description": "в 35 км на юг от г. Чашники",
        "activities": "подводная охота, лов рыбы на дорожку с судов с двигателями",
        "coordinate_source": "calculated_from_decree_description"
      }
    },
    {
      "type": "Feature",
      "geometry": {
        "type": "Polygon",
        "coordinates": [
          [
            [
              29.358391781901446,
              54.78945569230564
            ],
            [
              29.357792207221138,
              54.78903483247257
            ],
            [
              29.35766186481939,
              54.787351348847864
            ],
            [
              29.358887083393796,
              54.78467566815698
            ],
            [
              29.360086233487408,
              54.784375018813364
            ],
            [
              29.360711877014438,
              54.78487108903167
            ],
            [
              29.36006016500764,
              54.78656970762526
            ],
            [
              29.362015301030112,
              54.78697556168444
            ],
            [
              29.362979834800967,
              54.78843359636693
            ],
            [
              29.363996505532327,
              54.78873421553726
            ],
            [
              29.364804628421666,
              54.789876548001274
            ],
            [
              29.36446573817787,
              54.79082345702673
            ],
            [
              29.365977710035537,
              54.792792355589626
            ],
            [
              29.366811901404617,
              54.79419006507507
            ],
            [
              29.36673369596437,
              54.79497155899239
            ],
            [
              29.365508477389966,
              54.79465595749812
            ],
            [
              29.364231121855056,
              54.7934386143686
            ],
            [
              29.363396930118938,
              54.792491766469624
            ],
            [
              29.363162313796153,
              54.791154118324926
            ],
            [
              29.359199904790728,
              54.79062806479536
            ],
            [
              29.358391781901446,
              54.78945569230564
            ]
          ]
        ]
      },
      "properties": {
        "id": 326,
        "name": "Озеро Линное",
        "type": "lake",
        "type_ru": "Озеро",
        "district": "Чашникский",
        "region": "Витебская область",
        "location_description": "в 12 км на юго-восток от г. Чашники, 1,7 км на юго-запад от д. Запрудье",
        "activities": "подводная охота",
        "coordinate_source": "calculated_from_decree_description"
      }
    },
    {
      "type": "Feature",
      "geometry": {
        "type": "Polygon",
        "coordinates": [
          [
            [
              29.326008987059765,
              54.71637907065838
            ],
            [
              29.323879317325293,
              54.7157281039691
            ],
            [
              29.32309163133533,
              54.715289959355886
            ],
            [
              29.322829069339065,
              54.71432315342801
            ],
            [
              29.324375267760615,
              54.71337941875518
            ],
            [
              29.325950639949554,
              54.71342997642796
            ],
            [
              29.328138656586987,
              54.713345713440674
            ],
            [
              29.331143532768778,
              54.714811864431795
            ],
            [
              29.33117270632448,
              54.71567130760576
            ],
            [
              29.331406094765356,
              54.71614315101374
            ],
            [
              29.333419070072154,
              54.71622740818751
            ],
            [
              29.334002541175607,
              54.716867756984044
            ],
            [
              29.333769152734675,
              54.71814842423589
            ],
            [
              29.33260221052788,
              54.719024646941165
            ],
            [
              29.328284524363113,
              54.71809787234824
            ],
            [
              29.326008987059765,
              54.71637907065838
            ]
          ]
        ]
      },
      "properties": {
        "id": 327,
        "name": "Озеро Мелкое",
        "type": "lake",
        "type_ru": "Озеро",
        "district": "Чашникский",
        "region": "Витебская область",
        "location_description": "18 км на юго-восток от г. Чашники, 0,1 км от д. Бельняки",
        "activities": "подводная охота",
        "coordinate_source": "calculated_from_decree_description"
      }
    },
    {
      "type": "Feature",
      "geometry": {
        "type": "Polygon",
        "coordinates": [
          [
            [
              29.043867858177293,
              54.91719496761826
            ],
            [
              29.042592850833984,
              54.916678078928925
            ],
            [
              29.042400396924393,
              54.91463692027199
            ],
            [
              29.043194269383747,
              54.91274247750022
            ],
            [
              29.044878241289467,
              54.91064050942339
            ],
            [
              29.046417872698413,
              54.91019797589118
            ],
            [
              29.04899194396063,
              54.91086177436517
            ],
            [
              29.049713646183164,
              54.91238293791395
            ],
            [
              29.050074497294446,
              54.914125290977125
            ],
            [
              29.048053731070155,
              54.916005841387005
            ],
            [
              29.045696170475765,
              54.91745767681425
            ],
            [
              29.043867858177293,
              54.91719496761826
            ]
          ]
        ]
      },
      "properties": {
        "id": 328,
        "name": "Озеро Паулье",
        "type": "lake",
        "type_ru": "Озеро",
        "district": "Чашникский",
        "region": "Витебская область",
        "location_description": "в 10 км на северо-запад от г. Чашники, около д. Новоселово",
        "activities": "подводная охота, лов рыбы на дорожку с судов с двигателями",
        "coordinate_source": "calculated_from_decree_description"
      }
    },
    {
      "type": "Feature",
      "geometry": {
        "type": "Polygon",
        "coordinates": [
          [
            [
              29.13629705327827,
              54.75007548225983
            ],
            [
              29.13804214959646,
              54.7483833399813
            ],
            [
              29.139717151448508,
              54.74701375096319
            ],
            [
              29.142721144531805,
              54.74806079090743
            ],
            [
              29.145795504131087,
              54.75076066888579
            ],
            [
              29.14761053306242,
              54.751849151337666
            ],
            [
              29.148237161223562,
              54.753945194884835
            ],
            [
              29.148165955172942,
              54.75656454257299
            ],
            [
              29.15124080979868,
              54.757209274567856
            ],
            [
              29.15228925093382,
              54.757894359097634
            ],
            [
              29.15186999381487,
              54.75890177237628
            ],
            [
              29.151870155865765,
              54.76051362319461
            ],
            [
              29.15173052389008,
              54.762044817493944
            ],
            [
              29.152222087577627,
              54.76450349985433
            ],
            [
              29.148170825124282,
              54.76692101080428
            ],
            [
              29.143278090271167,
              54.76542811554103
            ],
            [
              29.141460646265585,
              54.763815717299764
            ],
            [
              29.1410407009281,
              54.760874828385596
            ],
            [
              29.1411809712001,
              54.758458010131164
            ],
            [
              29.140064578723894,
              54.75720917994465
            ],
            [
              29.140694530204883,
              54.75459009009708
            ],
            [
              29.13748311748634,
              54.75289739581589
            ],
            [
              29.13629705327827,
              54.75007548225983
            ]
          ]
        ]
      },
      "properties": {
        "id": 329,
        "name": "Озеро Слидцы",
        "type": "lake",
        "type_ru": "Озеро",
        "district": "Чашникский",
        "region": "Витебская область",
        "location_description": "в 11 км на юг от г. Чашники, 1 км на юг от д. Слидцы",
        "activities": "подводная охота, лов рыбы на дорожку с судов с двигателями",
        "coordinate_source": "calculated_from_decree_description"
      }
    },
    {
      "type": "Feature",
      "geometry": {
        "type": "Polygon",
        "coordinates": [
          [
            [
              29.069562200731326,
              54.78222847360979
            ],
            [
              29.068245606546355,
              54.782027036905845
            ],
            [
              29.066687189050867,
              54.780322528846284
            ],
            [
              29.06735892081082,
              54.77830801738949
            ],
            [
              29.0695084621957,
              54.778215037530515
            ],
            [
              29.070448886552896,
              54.778912381264604
            ],
            [
              29.070878794829213,
              54.780121081925074
            ],
            [
              29.07203417332454,
              54.780307032667025
            ],
            [
              29.07324329035444,
              54.781205782535295
            ],
            [
              29.073565721561692,
              54.7827243145193
            ],
            [
              29.073001466948455,
              54.78411883448621
            ],
            [
              29.07383441423545,
              54.785404849168344
            ],
            [
              29.073162682552095,
              54.78656687545606
            ],
            [
              29.069938370473153,
              54.78565275091171
            ],
            [
              29.069266638790765,
              54.78399487910289
            ],
            [
              29.069562200731326,
              54.78222847360979
            ]
          ]
        ]
      },
      "properties": {
        "id": 330,
        "name": "Озеро Сорочинское",
        "type": "lake",
        "type_ru": "Озеро",
        "district": "Чашникский",
        "region": "Витебская область",
        "location_description": "в 10 км на юго-восток от г. Чашники, около д. Сорочино",
        "activities": "подводная охота",
        "coordinate_source": "calculated_from_decree_description"
      }
    },
    {
      "type": "Feature",
      "geometry": {
        "type": "Polygon",
        "coordinates": [
          [
            [
              29.393763943290708,
              54.86773441219455
            ],
            [
              29.39442242454726,
              54.86675370275577
            ],
            [
              29.396412827398763,
              54.86494387764125
            ],
            [
              29.399756694743928,
              54.86350054655102
            ],
            [
              29.401508212140783,
              54.863775507611535
            ],
            [
              29.402622790939205,
              54.864508654560666
            ],
            [
              29.403777174745812,
              54.86462322171252
            ],
            [
              29.406921827914317,
              54.864394178788984
            ],
            [
              29.41026549026759,
              54.863386198840544
            ],
            [
              29.411557764905325,
              54.86280904566581
            ],
            [
              29.413627626617455,
              54.86255706922384
            ],
            [
              29.415577852699585,
              54.86365683702033
            ],
            [
              29.416652480817845,
              54.864229599378746
            ],
            [
              29.416891258078294,
              54.86597064418217
            ],
            [
              29.417846602866092,
              54.86784904025228
            ],
            [
              29.417050692820965,
              54.87167431265445
            ],
            [
              29.411915971822822,
              54.87508709023834
            ],
            [
              29.403158610250586,
              54.87675915295043
            ],
            [
              29.397227281832983,
              54.8761179419935
            ],
            [
              29.396311696328212,
              54.87476663478739
            ],
            [
              29.39611265372659,
              54.87231581880289
            ],
            [
              29.393405671792237,
              54.86961286184223
            ],
            [
              29.393763943290708,
              54.86773441219455
            ]
          ]
        ]
      },
      "properties": {
        "id": 331,
        "name": "Озеро Стержень",
        "type": "lake",
        "type_ru": "Озеро",
        "district": "Чашникский",
        "region": "Витебская область",
        "location_description": "в 18 км на юго-восток от г. Чашники, между д. Застаринье и д. Ротно",
        "activities": "подводная охота, лов рыбы на дорожку с судов с двигателями",
        "coordinate_source": "calculated_from_decree_description"
      }
    },
    {
      "type": "Feature",
      "geometry": {
        "type": "Polygon",
        "coordinates": [
          [
            [
              29.387481370888054,
              54.76043525724961
            ],
            [
              29.386988700236543,
              54.759914749571266
            ],
            [
              29.386687676204446,
              54.75901555996916
            ],
            [
              29.386370198548775,
              54.757504214037084
            ],
            [
              29.38740200143394,
              54.757114918895155
            ],
            [
              29.390060878101053,
              54.75782480722586
            ],
            [
              29.390854572628427,
              54.75894686339092
            ],
            [
              29.391291104618432,
              54.760458155189156
            ],
            [
              29.390656148996243,
              54.76114508735367
            ],
            [
              29.38990213919587,
              54.76242732953611
            ],
            [
              29.39160858242883,
              54.76249601993507
            ],
            [
              29.392481646410346,
              54.763366088233624
            ],
            [
              29.392878493673322,
              54.76490011046084
            ],
            [
              29.39383092710588,
              54.76636539082793
            ],
            [
              29.39430714382297,
              54.76659433609285
            ],
            [
              29.395497685613293,
              54.76780772437297
            ],
            [
              29.395140523075895,
              54.76913554155203
            ],
            [
              29.392203853325526,
              54.76938736403275
            ],
            [
              29.391568897703337,
              54.76849453180219
            ],
            [
              29.391529212976224,
              54.76680038572394
            ],
            [
              29.388790966858096,
              54.76618223368328
            ],
            [
              29.3867670458132,
              54.76483142414199
            ],
            [
              29.38688609999133,
              54.76311422828087
            ],
            [
              29.387481370888054,
              54.76043525724961
            ]
          ]
        ]
      },
      "properties": {
        "id": 332,
        "name": "Озеро Хотлинское",
        "type": "lake",
        "type_ru": "Озеро",
        "district": "Чашникский",
        "region": "Витебская область",
        "location_description": "в 18 км на юго-восток от г. Чашники, около д. Хотлино",
        "activities": "подводная охота, лов рыбы на дорожку с судов с двигателями",
        "coordinate_source": "calculated_from_decree_description"
      }
    },
    {
      "type": "Feature",
      "geometry": {
        "type": "Polygon",
        "coordinates": [
          [
            [
              29.334679125148313,
              54.650051110521474
            ],
            [
              29.332550301117237,
              54.64934137747585
            ],
            [
              29.33221813958224,
              54.648332440614496
            ],
            [
              29.334252641433608,
              54.647347539202
            ],
            [
              29.33358843292973,
              54.64602633636099
            ],
            [
              29.334211220130555,
              54.64559395496127
            ],
            [
              29.335954928654445,
              54.645666037921075
            ],
            [
              29.339940583333572,
              54.64689112975563
            ],
            [
              29.341850527601878,
              54.64802014987413
            ],
            [
              29.345005972142616,
              54.647996125270936
            ],
            [
              29.349531687427827,
              54.648596684764925
            ],
            [
              29.351868048509715,
              54.64949863136164
            ],
            [
              29.353694745914254,
              54.650555571479316
            ],
            [
              29.355728915698904,
              54.65185265355646
            ],
            [
              29.355313547953557,
              54.65286144421728
            ],
            [
              29.350539030638487,
              54.65295753374525
            ],
            [
              29.34759135644751,
              54.651876682172286
            ],
            [
              29.344394384101093,
              54.65257323252706
            ],
            [
              29.34040865391532,
              54.651780585410535
            ],
            [
              29.334679125148313,
              54.650051110521474
            ]
          ]
        ]
      },
      "properties": {
        "id": 333,
        "name": "Озеро Чемерица",
        "type": "lake",
        "type_ru": "Озеро",
        "district": "Чашникский",
        "region": "Витебская область",
        "location_description": "в 26 км на юго-восток от г. Чашники, 1,5 км на запад от д. Антополье",
        "activities": "подводная охота, лов рыбы на дорожку с судов с двигателями",
        "coordinate_source": "calculated_from_decree_description"
      }
    },
    {
      "type": "Feature",
      "geometry": {
        "type": "Polygon",
        "coordinates": [
          [
            [
              29.311500264269142,
              54.65884584477314
            ],
            [
              29.30574756888896,
              54.656583546293376
            ],
            [
              29.30321734361442,
              54.65591797656299
            ],
            [
              29.303333273915825,
              54.65159988269235
            ],
            [
              29.30632468907453,
              54.64841101249371
            ],
            [
              29.3031052539161,
              54.64615134645916
            ],
            [
              29.301035993262758,
              54.644224244649365
            ],
            [
              29.30402501982371,
              54.643027804163495
            ],
            [
              29.299656791334627,
              54.642363678027095
            ],
            [
              29.29862510707588,
              54.63890750477728
            ],
            [
              29.294833962933723,
              54.638442700546676
            ],
            [
              29.291618345320472,
              54.636515418152186
            ],
            [
              29.28713973036713,
              54.63412273919724
            ],
            [
              29.285993574049627,
              54.6284698179517
            ],
            [
              29.28025125768204,
              54.62600864782331
            ],
            [
              29.274393441854897,
              54.622150391750836
            ],
            [
              29.277148555204803,
              54.61930154303025
            ],
            [
              29.284495498482528,
              54.618374476088576
            ],
            [
              29.292882916288846,
              54.620426610512055
            ],
            [
              29.29793152839099,
              54.6239545264248
            ],
            [
              29.30320271388493,
              54.62549058424179
            ],
            [
              29.306189756453534,
              54.62881153787913
            ],
            [
              29.306201536265263,
              54.63239490819626
            ],
            [
              29.307695343062306,
              54.63239452750295
            ],
            [
              29.3109150561626,
              54.63292481441306
            ],
            [
              29.313104771380495,
              54.63578128479776
            ],
            [
              29.314823435210144,
              54.63658004513121
            ],
            [
              29.321122115494035,
              54.64037104085105
            ],
            [
              29.315396242941347,
              54.64568616257111
            ],
            [
              29.31528956795924,
              54.649474824947646
            ],
            [
              29.317700739266343,
              54.65219961596486
            ],
            [
              29.316322943402298,
              54.65406054520315
            ],
            [
              29.317585924605766,
              54.65731662097352
            ],
            [
              29.31528933699971,
              54.65911101829923
            ],
            [
              29.311500264269142,
              54.65884584477314
            ]
          ]
        ]
      },
      "properties": {
        "id": 334,
        "name": "Озеро Черейское",
        "type": "lake",
        "type_ru": "Озеро",
        "district": "Чашникский",
        "region": "Витебская область",
        "location_description": "в 26 км на юго-восток от г. Чашники",
        "activities": "подводная охота, лов рыбы на дорожку с судов с двигателями",
        "coordinate_source": "calculated_from_decree_description"
      }
    },
    {
      "type": "Feature",
      "geometry": {
        "type": "Polygon",
        "coordinates": [
          [
            [
              29.320463128739874,
              54.7466887958135
            ],
            [
              29.320083126642004,
              54.744829367425694
            ],
            [
              29.318445991270266,
              54.742233978930045
            ],
            [
              29.319641939147743,
              54.7381467335735
            ],
            [
              29.325122412346644,
              54.7358320852523
            ],
            [
              29.329214124441762,
              54.736444177156756
            ],
            [
              29.329951234991,
              54.73781295454043
            ],
            [
              29.33208006357765,
              54.738709208238504
            ],
            [
              29.337644163588806,
              54.739889162083784
            ],
            [
              29.34050903001946,
              54.74239156378954
            ],
            [
              29.341492075021023,
              54.746263516669046
            ],
            [
              29.34083665909938,
              54.74786892565149
            ],
            [
              29.343776710127827,
              54.749379545736616
            ],
            [
              29.34377523096842,
              54.75291975310006
            ],
            [
              29.340097985000682,
              54.754289281068225
            ],
            [
              29.339280346407122,
              54.75613032996628
            ],
            [
              29.332822189694724,
              54.758067316847445
            ],
            [
              29.32275830310067,
              54.75547030027917
            ],
            [
              29.321528485172195,
              54.75136218031062
            ],
            [
              29.320463128739874,
              54.7466887958135
            ]
          ]
        ]
      },
      "properties": {
        "id": 335,
        "name": "Озеро Ямное",
        "type": "lake",
        "type_ru": "Озеро",
        "district": "Чашникский",
        "region": "Витебская область",
        "location_description": "в 16 км на юго-восток от г. Чашники",
        "activities": "подводная охота, лов рыбы на дорожку с судов с двигателями",
        "coordinate_source": "calculated_from_decree_description"
      }
    },
    {
      "type": "Feature",
      "geometry": {
        "type": "Point",
        "coordinates": [
          [
            [
              28.983781814760363,
              54.90196435725042
            ],
            [
              28.98280297806511,
              54.898288580548325
            ],
            [
              28.99634733662984,
              54.89872888183848
            ],
            [
              29.004984177107843,
              54.904582182342665
            ],
            [
              29.004686929378153,
              54.90985240264294
            ],
            [
              29.010772526023032,
              54.91043956465799
            ],
            [
              29.01890786383683,
              54.91790648919667
            ],
            [
              29.025542812501527,
              54.91834360789204
            ],
            [
              29.042313226504263,
              54.91761803782936
            ],
            [
              29.046137334658084,
              54.911174829675645
            ],
            [
              29.057100376822405,
              54.90897737168444
            ],
            [
              29.069852062801743,
              54.91365982284617
            ],
            [
              29.07545747606622,
              54.90736495770835
            ],
            [
              29.08869584398218,
              54.90297311645304
            ],
            [
              29.09710463866307,
              54.90838908994198
            ],
            [
              29.104484150086734,
              54.90721884794118
            ],
            [
              29.108552203327577,
              54.90063016301099
            ],
            [
              29.11593851287023,
              54.8935995609163
            ],
            [
              29.117211253227055,
              54.88700656380715
            ],
            [
              29.116447038458517,
              54.88011975305861
            ],
            [
              29.127654801188214,
              54.868394576020194
            ],
            [
              29.13580601439449,
              54.865023238937056
            ],
            [
              29.15440220612024,
              54.86399442126839
            ],
            [
              29.163320152604143,
              54.86765700637747
            ],
            [
              29.17122207753215,
              54.87146479103632
            ],
            [
              29.18065804984562,
              54.87776372031581
            ],
            [
              29.177086947528068,
              54.88113743510394
            ],
            [
              29.168419012379303,
              54.887002563235825
            ],
            [
              29.17757178972579,
              54.90327400049017
            ],
            [
              29.180122928138672,
              54.91322871271714
            ],
            [
              29.17986952601882,
              54.917473962313835
            ],
            [
              29.174520444967555,
              54.92318307393728
            ],
            [
              29.174271775498198,
              54.93445242791387
            ],
            [
              29.163829633688238,
              54.937964914208635
            ],
            [
              29.165868586111685,
              54.94279426716912
            ],
            [
              29.16103064775396,
              54.9514281069811
            ],
            [
              29.15568107991689,
              54.95918243563324
            ],
            [
              29.144471399887607,
              54.9664972893803
            ],
            [
              29.136573167310843,
              54.9659130483698
            ],
            [
              29.136827955503094,
              54.95874509181482
            ],
            [
              29.143452296490608,
              54.95391656291889
            ],
            [
              29.15109484226852,
              54.94894100527296
            ],
            [
              29.147524355676296,
              54.939720850775814
            ],
            [
              29.15261796221901,
              54.93635491433207
            ],
            [
              29.161531245884646,
              54.93108650191505
            ],
            [
              29.165348287800015,
              54.923330129999556
            ],
            [
              29.17146049498743,
              54.91454738003185
            ],
            [
              29.16712352345411,
              54.907230540609106
            ],
            [
              29.16153274106358,
              54.90240115133966
            ],
            [
              29.154913119953108,
              54.89185393099311
            ],
            [
              29.157717939297584,
              54.88262119730217
            ],
            [
              29.17071860979513,
              54.87690197484167
            ],
            [
              29.16026272758839,
              54.87089655719578
            ],
            [
              29.15185224665518,
              54.870898578970696
            ],
            [
              29.140894577860962,
              54.87119402716465
            ],
            [
              29.136053013380348,
              54.875885025366046
            ],
            [
              29.129685579520014,
              54.8802810310205
            ],
            [
              29.126873765208018,
              54.89332211493658
            ],
            [
              29.11541619456358,
              54.911182753012355
            ],
            [
              29.107274433534855,
              54.91586612125104
            ],
            [
              29.092782474405965,
              54.91279150240908
            ],
            [
              29.08489388265062,
              54.909277101103186
            ],
            [
              29.07240698058345,
              54.919818157903535
            ],
            [
              29.056615337915275,
              54.91498750866748
            ],
            [
              29.052286683146463,
              54.92303830637485
            ],
            [
              29.04082559264893,
              54.92391647494932
            ],
            [
              29.014593916591963,
              54.921721341382124
            ],
            [
              29.01128013979681,
              54.916305077113634
            ],
            [
              29.001856973818008,
              54.91674424478444
            ],
            [
              28.998546279880372,
              54.91235429804854
            ],
            [
              28.996000534799805,
              54.90445353567566
            ],
            [
              28.983781814760363,
              54.90196435725042
            ]
          ]
        ]
      },
      "properties": {
        "id": 336,
        "name": "Река Улла",
        "type": "river",
        "type_ru": "Река",
        "district": "Чашникский",
        "region": "Витебская область",
        "location_description": "в пределах Чашникского района",
        "activities": "подводная охота",
        "coordinate_source": "calculated_from_decree_description"
      }
    },
    {
      "type": "Feature",
      "geometry": {
        "type": "Polygon",
        "coordinates": [
          [
            [
              27.78291749145029,
              55.47216119665572
            ],
            [
              27.78280246789751,
              55.4717179550571
            ],
            [
              27.782865044056308,
              55.47139873296163
            ],
            [
              27.78186428453759,
              55.47051094982467
            ],
            [
              27.7819894368551,
              55.470185806228926
            ],
            [
              27.78314424878647,
              55.469476718753725
            ],
            [
              27.78728739355458,
              55.47014952945847
            ],
            [
              27.78842419376565,
              55.47020273500638
            ],
            [
              27.790072032605337,
              55.47033870441459
            ],
            [
              27.791010674981464,
              55.47109539516069
            ],
            [
              27.790760369975516,
              55.47172965991183
            ],
            [
              27.790291048786628,
              55.472226222330846
            ],
            [
              27.78891437330094,
              55.47279962591378
            ],
            [
              27.78709966470575,
              55.47344986730664
            ],
            [
              27.785253668032738,
              55.47343213359267
            ],
            [
              27.78291749145029,
              55.47216119665572
            ]
          ]
        ]
      },
      "properties": {
        "id": 337,
        "name": "Озеро Волозево",
        "type": "lake",
        "type_ru": "Озеро",
        "district": "Шарковщинский",
        "region": "Витебская область",
        "location_description": "в 23 км на северо-восток от г.п. Шарковщина, между д. Васильково и д. Буды",
        "activities": "подводная охота",
        "coordinate_source": "calculated_from_decree_description"
      }
    },
    {
      "type": "Feature",
      "geometry": {
        "type": "Polygon",
        "coordinates": [
          [
            [
              27.622083846926472,
              55.36724711187287
            ],
            [
              27.621858625087413,
              55.366677387212604
            ],
            [
              27.622082679974056,
              55.365454948442135
            ],
            [
              27.629342058285488,
              55.36512386477659
            ],
            [
              27.635303085210353,
              55.36630483222106
            ],
            [
              27.64265208547701,
              55.366253897546244
            ],
            [
              27.646998750268466,
              55.363452389499855
            ],
            [
              27.654975104216135,
              55.364190988142866
            ],
            [
              27.656812354282778,
              55.365719079507244
            ],
            [
              27.655826512783648,
              55.36948811928863
            ],
            [
              27.650001085742787,
              55.3709141488404
            ],
            [
              27.64498225629322,
              55.37032846435082
            ],
            [
              27.641666243977937,
              55.36806203834408
            ],
            [
              27.63534789618751,
              55.367501778197834
            ],
            [
              27.624548450675036,
              55.36801110593137
            ],
            [
              27.622083846926472,
              55.36724711187287
            ]
          ]
        ]
      },
      "properties": {
        "id": 338,
        "name": "Озеро Корцея",
        "type": "lake",
        "type_ru": "Озеро",
        "district": "Шарковщинский",
        "region": "Витебская область",
        "location_description": "в 11 км на восток от г.п. Шарковщина, 0,6 км на запад от д. Шкунтики",
        "activities": "подводная охота",
        "coordinate_source": "calculated_from_decree_description"
      }
    },
    {
      "type": "Feature",
      "geometry": {
        "type": "Polygon",
        "coordinates": [
          [
            [
              29.71259161343076,
              55.3322013559943
            ],
            [
              29.712907107062392,
              55.33167965202861
            ],
            [
              29.713039573103487,
              55.331652741313434
            ],
            [
              29.713099715076595,
              55.331459368638576
            ],
            [
              29.715304328630907,
              55.33103955709112
            ],
            [
              29.718874288477053,
              55.33128101126712
            ],
            [
              29.719205453619367,
              55.33195377998351
            ],
            [
              29.7190919112995,
              55.33254042497808
            ],
            [
              29.717890255070472,
              55.332890255014945
            ],
            [
              29.716660213261065,
              55.332701885378924
            ],
            [
              29.71456914218524,
              55.33269112137245
            ],
            [
              29.71321609619534,
              55.33272879538163
            ],
            [
              29.71259161343076,
              55.3322013559943
            ]
          ]
        ]
      },
      "properties": {
        "id": 339,
        "name": "Озеро Белое",
        "type": "lake",
        "type_ru": "Озеро",
        "district": "Шумилинский",
        "region": "Витебская область",
        "location_description": "в 12 км на запад от г.п. Шумилино, около д. Солобода",
        "activities": "подводная охота",
        "coordinate_source": "calculated_from_decree_description"
      }
    },
    {
      "type": "Feature",
      "geometry": {
        "type": "Polygon",
        "coordinates": [
          [
            [
              29.656357351148245,
              55.2255229777889
            ],
            [
              29.653259588451647,
              55.223346298661454
            ],
            [
              29.65171568918595,
              55.22035215949418
            ],
            [
              29.651303996569055,
              55.21741676333403
            ],
            [
              29.64656997798221,
              55.21442234398708
            ],
            [
              29.644717951610517,
              55.210723758617945
            ],
            [
              29.644923953126835,
              55.20614498688951
            ],
            [
              29.648319199617333,
              55.20479411112498
            ],
            [
              29.65192031462368,
              55.20050791897759
            ],
            [
              29.655521755439565,
              55.19809980323484
            ],
            [
              29.660256779659477,
              55.198156381493305
            ],
            [
              29.664682413807384,
              55.19639379025847
            ],
            [
              29.669103573825964,
              55.190406129148954
            ],
            [
              29.673425689396254,
              55.19116919018046
            ],
            [
              29.675178195801237,
              55.19498481225091
            ],
            [
              29.67600671436037,
              55.200914813007785
            ],
            [
              29.67240666370637,
              55.20520192320001
            ],
            [
              29.668598046727567,
              55.210429357387284
            ],
            [
              29.664686493460437,
              55.21160396732978
            ],
            [
              29.664189942138478,
              55.214826595209985
            ],
            [
              29.665426505584918,
              55.21882400070646
            ],
            [
              29.669033145995712,
              55.223056110588914
            ],
            [
              29.6677957845026,
              55.227639742785385
            ],
            [
              29.663674710864427,
              55.22764038762196
            ],
            [
              29.656357351148245,
              55.2255229777889
            ]
          ]
        ]
      },
      "properties": {
        "id": 340,
        "name": "Озеро Будовесть",
        "type": "lake",
        "type_ru": "Озеро",
        "district": "Шумилинский",
        "region": "Витебская область",
        "location_description": "в 8 км на юго-восток от г.п. Шумилино, между д. Башни и д. Амбросовичи",
        "activities": "подводная охота, лов рыбы на дорожку с судов с двигателями",
        "coordinate_source": "calculated_from_decree_description"
      }
    },
    {
      "type": "Feature",
      "geometry": {
        "type": "Polygon",
        "coordinates": [
          [
            [
              29.819067093033993,
              55.146072686722675
            ],
            [
              29.818992318731773,
              55.14568810908344
            ],
            [
              29.820263387128932,
              55.14508986387679
            ],
            [
              29.8192913930871,
              55.144940310150616
            ],
            [
              29.818842781684623,
              55.14408567166893
            ],
            [
              29.820113849346342,
              55.1435942317556
            ],
            [
              29.82351585531535,
              55.14367966482834
            ],
            [
              29.828002085498127,
              55.144726583905054
            ],
            [
              29.829871371060506,
              55.14564531346085
            ],
            [
              29.83117987899817,
              55.146606761738894
            ],
            [
              29.833423050877087,
              55.14724771318208
            ],
            [
              29.837049553263313,
              55.14855096682973
            ],
            [
              29.843218365714137,
              55.149747369872415
            ],
            [
              29.845798018823928,
              55.15032419024388
            ],
            [
              29.84677002262316,
              55.151071902469084
            ],
            [
              29.846097054177505,
              55.1519691427369
            ],
            [
              29.84523716824492,
              55.15254593163169
            ],
            [
              29.8430687696046,
              55.15352859686962
            ],
            [
              29.84190978703191,
              55.15410536310145
            ],
            [
              29.844788472897278,
              55.15438302307001
            ],
            [
              29.845386600101165,
              55.15506654864424
            ],
            [
              29.84531176690976,
              55.15615589502539
            ],
            [
              29.84374158875704,
              55.15617727696784
            ],
            [
              29.84176012006614,
              55.1572238986019
            ],
            [
              29.83985346635646,
              55.1569889829907
            ],
            [
              29.83869453144942,
              55.155921031446894
            ],
            [
              29.8366382788125,
              55.15602782998653
            ],
            [
              29.832937030637282,
              55.154831614937535
            ],
            [
              29.831441582414215,
              55.15391307186346
            ],
            [
              29.830394774243445,
              55.15167004352611
            ],
            [
              29.827216991783615,
              55.149790076672616
            ],
            [
              29.825646807817265,
              55.14887143269141
            ],
            [
              29.822581238041693,
              55.149106434259124
            ],
            [
              29.8214970818253,
              55.14784595580812
            ],
            [
              29.820487699091473,
              55.14741866889108
            ],
            [
              29.819067093033993,
              55.146072686722675
            ]
          ]
        ]
      },
      "properties": {
        "id": 341,
        "name": "Озеро Городно",
        "type": "lake",
        "type_ru": "Озеро",
        "district": "Шумилинский",
        "region": "Витебская область",
        "location_description": "в 15 км на юго-восток от г.п. Шумилино, около д. Городно",
        "activities": "подводная охота",
        "coordinate_source": "calculated_from_decree_description"
      }
    },
    {
      "type": "Feature",
      "geometry": {
        "type": "Polygon",
        "coordinates": [
          [
            [
              29.7298309925026,
              55.33854018070895
            ],
            [
              29.729949283430273,
              55.33793469463629
            ],
            [
              29.730398792640358,
              55.337423388032846
            ],
            [
              29.73191292988642,
              55.33711390983504
            ],
            [
              29.73621875544697,
              55.33731574378666
            ],
            [
              29.74009872968429,
              55.33767904224908
            ],
            [
              29.740666530793078,
              55.337396477066164
            ],
            [
              29.74260651791218,
              55.33695244199225
            ],
            [
              29.745729424006072,
              55.336790973458534
            ],
            [
              29.74785867816084,
              55.33706008731548
            ],
            [
              29.749420131207756,
              55.337692497683975
            ],
            [
              29.750792317219094,
              55.33820380081431
            ],
            [
              29.752282795127115,
              55.3387016422582
            ],
            [
              29.75410449034942,
              55.338755462580025
            ],
            [
              29.75628106126311,
              55.33929366177787
            ],
            [
              29.75718007968439,
              55.339912581816236
            ],
            [
              29.757156421304416,
              55.340746763090266
            ],
            [
              29.755689601775373,
              55.341150392884686
            ],
            [
              29.75434107414398,
              55.341002395771056
            ],
            [
              29.753678639518256,
              55.340491128760334
            ],
            [
              29.752519378922585,
              55.34041040178718
            ],
            [
              29.75147841022465,
              55.340100946865334
            ],
            [
              29.750129882114322,
              55.339724215727415
            ],
            [
              29.747125267917312,
              55.3390111079664
            ],
            [
              29.744996013762517,
              55.33856709098919
            ],
            [
              29.743174318541094,
              55.33988567230591
            ],
            [
              29.74040628813961,
              55.340598764324085
            ],
            [
              29.739057760508246,
              55.340127855940295
            ],
            [
              29.738016791810367,
              55.33979148938147
            ],
            [
              29.737496307461328,
              55.33902456294837
            ],
            [
              29.736266071726902,
              55.33891692296274
            ],
            [
              29.733498041325277,
              55.33878237256894
            ],
            [
              29.73065903578498,
              55.33905147289906
            ],
            [
              29.7298309925026,
              55.33854018070895
            ]
          ]
        ]
      },
      "properties": {
        "id": 342,
        "name": "Озеро Зачерное",
        "type": "lake",
        "type_ru": "Озеро",
        "district": "Шумилинский",
        "region": "Витебская область",
        "location_description": "в 8 км на северо-восток от г.п. Шумилино",
        "activities": "подводная охота",
        "coordinate_source": "calculated_from_decree_description"
      }
    },
    {
      "type": "Feature",
      "geometry": {
        "type": "Polygon",
        "coordinates": [
          [
            [
              29.61352312648563,
              55.247114436397766
            ],
            [
              29.61544905719404,
              55.24696129316206
            ],
            [
              29.618701745185604,
              55.245912213205486
            ],
            [
              29.620627678866015,
              55.24503389241565
            ],
            [
              29.623024396334813,
              55.2438139702364
            ],
            [
              29.62550671085424,
              55.24200841671208
            ],
            [
              29.628844995899755,
              55.2423988136114
            ],
            [
              29.628631003268197,
              55.2432039951093
            ],
            [
              29.627004659273297,
              55.24461912307464
            ],
            [
              29.623794769806977,
              55.24608299555027
            ],
            [
              29.623709172753024,
              55.24679051459054
            ],
            [
              29.62460794180444,
              55.2475224175879
            ],
            [
              29.628673801795173,
              55.246522146781786
            ],
            [
              29.629230182635865,
              55.2448387073824
            ],
            [
              29.632054885366017,
              55.24354558233341
            ],
            [
              29.63453719988712,
              55.24342358723328
            ],
            [
              29.635350371884556,
              55.24305759968598
            ],
            [
              29.63654873124827,
              55.242008416571906
            ],
            [
              29.639459031030725,
              55.24120321086107
            ],
            [
              29.643567689548405,
              55.23942194029269
            ],
            [
              29.647162765750807,
              55.238470269887415
            ],
            [
              29.647633549539165,
              55.23710372896028
            ],
            [
              29.648703512693487,
              55.2368352957599
            ],
            [
              29.64973067732248,
              55.23710372896028
            ],
            [
              29.65015866258554,
              55.238250650405945
            ],
            [
              29.649003102377264,
              55.23951954622572
            ],
            [
              29.64489444386126,
              55.240666397994545
            ],
            [
              29.639844217766807,
              55.2429112035839
            ],
            [
              29.63586395482838,
              55.244838707242195
            ],
            [
              29.635050782830888,
              55.24461912293444
            ],
            [
              29.633638431465812,
              55.24474111436649
            ],
            [
              29.632568468309813,
              55.24500949419877
            ],
            [
              29.63244007273059,
              55.247595607006105
            ],
            [
              29.63149850515387,
              55.24832749518029
            ],
            [
              29.629529772948132,
              55.24883980888427
            ],
            [
              29.628074623056023,
              55.24859585080108
            ],
            [
              29.62743264516314,
              55.25010836678078
            ],
            [
              29.622425217595662,
              55.25242581993186
            ],
            [
              29.617203797396655,
              55.252206277532736
            ],
            [
              29.61365152020889,
              55.25018831402096
            ],
            [
              29.613951111322905,
              55.249749202715776
            ],
            [
              29.61386551427057,
              55.248285465246084
            ],
            [
              29.61352312648563,
              55.247114436397766
            ]
          ]
        ]
      },
      "properties": {
        "id": 343,
        "name": "Озеро Лесковичи",
        "type": "lake",
        "type_ru": "Озеро",
        "district": "Шумилинский",
        "region": "Витебская область",
        "location_description": "в 5 км на юг от г.п. Шумилино, 0,1 км на юго-запад от д. Лесковичи",
        "activities": "подводная охота",
        "coordinate_source": "calculated_from_decree_description"
      }
    },
    {
      "type": "Feature",
      "geometry": {
        "type": "Polygon",
        "coordinates": [
          [
            [
              29.969701853237495,
              55.082416430896785
            ],
            [
              29.971680824008956,
              55.08084122305965
            ],
            [
              29.97340710219558,
              55.07833274762024
            ],
            [
              29.97340710240107,
              55.077306507258385
            ],
            [
              29.975930124344444,
              55.0771164599563
            ],
            [
              29.97672686811572,
              55.077724608144905
            ],
            [
              29.978585936914868,
              55.077724608144905
            ],
            [
              29.98144093542905,
              55.0771164599563
            ],
            [
              29.982702446400737,
              55.07742053520607
            ],
            [
              29.982702446400737,
              55.07795266133206
            ],
            [
              29.98422953862908,
              55.07939696799306
            ],
            [
              29.98575663085873,
              55.07973903298537
            ],
            [
              29.98582302617288,
              55.08042315419422
            ],
            [
              29.98595581680118,
              55.082399438628386
            ],
            [
              29.98582302617288,
              55.083995597078484
            ],
            [
              29.98808046685832,
              55.08418561169853
            ],
            [
              29.98861162937291,
              55.085705696158925
            ],
            [
              29.99100186068665,
              55.086085708245975
            ],
            [
              29.99166581382954,
              55.087833717338356
            ],
            [
              29.989209187200373,
              55.088783690232646
            ],
            [
              29.987549304343702,
              55.089049678598656
            ],
            [
              29.984561515201165,
              55.089277667218454
            ],
            [
              29.983963957372424,
              55.090227605809304
            ],
            [
              29.983300004229477,
              55.09102553678517
            ],
            [
              29.98476070114367,
              55.09159547773308
            ],
            [
              29.985491049600768,
              55.09300129733566
            ],
            [
              29.985690235543274,
              55.09395114746252
            ],
            [
              29.984959887086177,
              55.095546844873724
            ],
            [
              29.98582302617288,
              55.09649663452225
            ],
            [
              29.98595581680118,
              55.098510113948066
            ],
            [
              29.98197209794364,
              55.09961178617738
            ],
            [
              29.978718727544475,
              55.09926989114865
            ],
            [
              29.979316285371965,
              55.09816820949649
            ],
            [
              29.980378610401146,
              55.09596475509932
            ],
            [
              29.98130814480072,
              55.09383716663868
            ],
            [
              29.97958186662993,
              55.09330525183131
            ],
            [
              29.978851518172803,
              55.09174746061382
            ],
            [
              29.975266171201525,
              55.090721564957875
            ],
            [
              29.975398961829853,
              55.08969564297871
            ],
            [
              29.976394891543606,
              55.08813771112008
            ],
            [
              29.976062914972772,
              55.08642771603732
            ],
            [
              29.97707173282683,
              55.085190664500544
            ],
            [
              29.978067662676978,
              55.08374656698683
            ],
            [
              29.978001267363965,
              55.082910486741866
            ],
            [
              29.976872547039562,
              55.08302449871334
            ],
            [
              29.976407779846937,
              55.08446862222411
            ],
            [
              29.97507987358466,
              55.08469663695902
            ],
            [
              29.971693712612847,
              55.08393658278683
            ],
            [
              29.969701853237495,
              55.082416430896785
            ]
          ]
        ]
      },
      "properties": {
        "id": 344,
        "name": "Озеро Мошно",
        "type": "lake",
        "type_ru": "Озеро",
        "district": "Шумилинский",
        "region": "Витебская область",
        "location_description": "в 4 км на юго-запад от г.п. Шумилино",
        "activities": "подводная охота",
        "coordinate_source": "calculated_from_decree_description"
      }
    },
    {
      "type": "Feature",
      "geometry": {
        "type": "Polygon",
        "coordinates": [
          [
            [
              29.760838449368578,
              55.25587560089096
            ],
            [
              29.764839821583593,
              55.255408180393204
            ],
            [
              29.766927494043614,
              55.255337358626235
            ],
            [
              29.768170156222794,
              55.25601724238055
            ],
            [
              29.770183268951797,
              55.25590392922922
            ],
            [
              29.77229579465589,
              55.255677301957235
            ],
            [
              29.774159787923736,
              55.256116391122674
            ],
            [
              29.77664511228025,
              55.255563987836894
            ],
            [
              29.778906757445498,
              55.255096563673845
            ],
            [
              29.781665467482213,
              55.25492658988793
            ],
            [
              29.7823613583019,
              55.25489826085297
            ],
            [
              29.78288327641735,
              55.25529486550545
            ],
            [
              29.783206368583706,
              55.25652714756265
            ],
            [
              29.782485624520007,
              55.25689540834725
            ],
            [
              29.781640614238142,
              55.256824589230746
            ],
            [
              29.7809695766625,
              55.256640458936914
            ],
            [
              29.780099713137645,
              55.2567962615488
            ],
            [
              29.780248832598772,
              55.257490283944094
            ],
            [
              29.779428675561007,
              55.257830208858394
            ],
            [
              29.77465685279526,
              55.258184294218296
            ],
            [
              29.77368757629526,
              55.25785853580325
            ],
            [
              29.771947849245578,
              55.25821262091077
            ],
            [
              29.76973591056739,
              55.257844372333324
            ],
            [
              29.767697944594403,
              55.25773106439203
            ],
            [
              29.766852934313505,
              55.257320320396616
            ],
            [
              29.765784244839466,
              55.257504447540214
            ],
            [
              29.7651132072628,
              55.25767441030038
            ],
            [
              29.76414393076385,
              55.25797184338103
            ],
            [
              29.761584046676347,
              55.25761775612767
            ],
            [
              29.760739036394455,
              55.25693789975685
            ],
            [
              29.760838449368578,
              55.25587560089096
            ]
          ]
        ]
      },
      "properties": {
        "id": 345,
        "name": "Озеро Мурожницкое",
        "type": "lake",
        "type_ru": "Озеро",
        "district": "Шумилинский",
        "region": "Витебская область",
        "location_description": "в 10 км на юго-восток от г.п. Шумилино, между д. Язвино и д. Ужлятино",
        "activities": "подводная охота, лов рыбы на дорожку с судов с двигателями",
        "coordinate_source": "calculated_from_decree_description"
      }
    },
    {
      "type": "Feature",
      "geometry": {
        "type": "Polygon",
        "coordinates": [
          [
            [
              29.516472724258165,
              55.123861852236104
            ],
            [
              29.51688950203723,
              55.123272011495715
            ],
            [
              29.5168055921051,
              55.122126578074614
            ],
            [
              29.518586208743272,
              55.12101981435106
            ],
            [
              29.521744867985888,
              55.12083387500331
            ],
            [
              29.525290617801375,
              55.12123231531024
            ],
            [
              29.526838980167298,
              55.1212854403841
            ],
            [
              29.527195103510905,
              55.12160418934397
            ],
            [
              29.52662998157973,
              55.12273742893902
            ],
            [
              29.52670739949218,
              55.123507706589095
            ],
            [
              29.52565451308334,
              55.124154020030545
            ],
            [
              29.522851977203032,
              55.124897710225554
            ],
            [
              29.52045201553628,
              55.12543776228159
            ],
            [
              29.517881734010615,
              55.12465866845892
            ],
            [
              29.516472724258165,
              55.123861852236104
            ]
          ]
        ]
      },
      "properties": {
        "id": 346,
        "name": "Озеро Ольшаники",
        "type": "lake",
        "type_ru": "Озеро",
        "district": "Шумилинский",
        "region": "Витебская область",
        "location_description": "в 20 км на юго-запад от г.п. Шумилино, 3,6 км на восток от аг. Кривое Село",
        "activities": "подводная охота",
        "coordinate_source": "calculated_from_decree_description"
      }
    },
    {
      "type": "Feature",
      "geometry": {
        "type": "Polygon",
        "coordinates": [
          [
            [
              29.492333346597377,
              55.29262012100659
            ],
            [
              29.494991315863047,
              55.29142198751802
            ],
            [
              29.49787078256702,
              55.29132109041521
            ],
            [
              29.50052875183269,
              55.29048867952781
            ],
            [
              29.50201278467196,
              55.2898958914339
            ],
            [
              29.503518967256326,
              55.28974453986319
            ],
            [
              29.503917662645392,
              55.28998417958357
            ],
            [
              29.502455779549535,
              55.29052651676477
            ],
            [
              29.502632977501094,
              55.29168684119318
            ],
            [
              29.499044718992565,
              55.29371732731215
            ],
            [
              29.497737884104026,
              55.294915391502485
            ],
            [
              29.49795938154233,
              55.2955459370738
            ],
            [
              29.497006942556112,
              55.2958612061023
            ],
            [
              29.49671899588489,
              55.29649173664413
            ],
            [
              29.4970290922995,
              55.29698354351166
            ],
            [
              29.496741145748842,
              55.29808062931835
            ],
            [
              29.49428252417823,
              55.298143679296686
            ],
            [
              29.493485133398337,
              55.29750056481765
            ],
            [
              29.49286494057006,
              55.296605231224504
            ],
            [
              29.490982212339958,
              55.295192832935214
            ],
            [
              29.49096006259657,
              55.2936038247652
            ],
            [
              29.49096006259657,
              55.29349032174676
            ],
            [
              29.492333346597377,
              55.29262012100659
            ]
          ]
        ]
      },
      "properties": {
        "id": 347,
        "name": "Озеро Сосновское",
        "type": "lake",
        "type_ru": "Озеро",
        "district": "Шумилинский",
        "region": "Витебская область",
        "location_description": "в 8 км на запад от г.п. Шумилино, около д. Победа",
        "activities": "подводная охота, лов рыбы на дорожку с судов с двигателями",
        "coordinate_source": "calculated_from_decree_description"
      }
    },
    {
      "type": "Feature",
      "geometry": {
        "type": "Polygon",
        "coordinates": [
          [
            [
              29.775061960067006,
              55.33532770460951
            ],
            [
              29.776408162456136,
              55.33542462637567
            ],
            [
              29.776271838163723,
              55.33584138726937
            ],
            [
              29.77657856743906,
              55.336897808159506
            ],
            [
              29.775777661982744,
              55.337779752588204
            ],
            [
              29.772948931441505,
              55.339320685358985
            ],
            [
              29.770461013100515,
              55.34025103075703
            ],
            [
              29.768126459589496,
              55.34062897733426
            ],
            [
              29.764701311736587,
              55.34093908465283
            ],
            [
              29.76137840710234,
              55.3407937221495
            ],
            [
              29.760253731687982,
              55.34039639525216
            ],
            [
              29.760645664030335,
              55.339456362090516
            ],
            [
              29.763815203833303,
              55.33965018518609
            ],
            [
              29.766473527540455,
              55.33961142064285
            ],
            [
              29.768177581199467,
              55.33866167748246
            ],
            [
              29.770563256320486,
              55.33809957386586
            ],
            [
              29.77121079671008,
              55.337576228846444
            ],
            [
              29.772914850369062,
              55.336607053148185
            ],
            [
              29.774601863490545,
              55.335570008894365
            ],
            [
              29.775061960067006,
              55.33532770460951
            ]
          ]
        ]
      },
      "properties": {
        "id": 348,
        "name": "Озеро Филиппенское",
        "type": "lake",
        "type_ru": "Озеро",
        "district": "Шумилинский",
        "region": "Витебская область",
        "location_description": "в 10 км на северо-восток от г.п. Шумилино, около д. Филиппенки",
        "activities": "подводная охота",
        "coordinate_source": "calculated_from_decree_description"
      }
    }
  ]
}